-- Arquivo MIF da Memoria de Video (Tiles)
-- 256 tiles x 64 bytes = 16384 bytes
DEPTH = 93184;
WIDTH = 8;
ADDRESS_RADIX = HEX;
DATA_RADIX = HEX;

CONTENT BEGIN

-- Sprite 0 - Vazio / Transparente
[0000..003F] : 00;

-- Sprite 1 - bomberman.png
[0040..004F] : FF;
[0050..005F] : 03;
[0060..0067] : FF;
[0068..007F] : 00;

-- Sprite 2 - Parte do Background
[0080..00BF] : D5;

-- Sprite 3 - Parte do Background
[00C0..00FF] : DA;

-- Sprite 4 - Parte do Background
[0100..013F] : B1;

-- Sprite 5 - Parte do Background
[0140..017F] : AD;

-- Sprite 6 - Parte do Background
[0180..01BF] : 4D;

-- Sprite 7 - Parte do Background
[01C0..01C7] : 94;
[01C8..01FF] : 48;

-- Sprite 8 - Parte do Background
[0200..0217] : B1;
[0218..023F] : D5;

-- Sprite 9 - Parte do Background
[0240..0247] : 49;
[0248..027F] : 4D;

-- Sprite 10 - Parte do Background
[0280..02BD] : B1;
[02BE..02BF] : D5;

-- Sprite 11 - Parte do Background
[02C0..02C1] : B1;
[02C2..02FF] : D5;

-- Sprite 12 - Parte do Background
[0300..030F] : B1;
[0310..033F] : D5;

-- Sprite 13 - Parte do Background
[0340..037E] : D5;
037F : B1;

-- Sprite 14 - Parte do Background
[0380..039F] : 48;
[03A0..03A7] : 49;
[03A8..03BF] : 4D;

-- Sprite 15 - Parte do Background
[03C0..03CF] : AD;
[03D0..03FF] : B1;

-- Sprite 16 - Parte do Background
[0400..0427] : AD;
[0428..043F] : B1;

-- Sprite 17 - Parte do Background
[0440..0446] : D5;
0447 : B1;
[0448..047F] : D5;

-- Sprite 18 - Parte do Background
[0480..04B8] : D5;
04B9 : B1;
[04BA..04BF] : D5;

-- Sprite 19 - Parte do Background
[04C0..04F7] : D5;
[04F8..04FB] : B1;
[04FC..04FF] : D5;

-- Sprite 20 - Parte do Background
[0500..0504] : D5;
[0505..0507] : DA;
[0508..050B] : D5;
[050C..053F] : DA;

-- Sprite 21 - Parte do Background
[0540..0541] : 84;
[0542..0545] : 89;
[0546..0547] : 08;
[0548..0549] : 84;
[054A..054D] : 89;
[054E..054F] : 08;
[0550..0551] : 84;
[0552..0555] : 89;
[0556..0557] : 08;
[0558..0559] : 84;
[055A..055D] : 89;
[055E..055F] : 08;
[0560..0561] : 84;
[0562..0565] : 89;
[0566..0567] : 08;
[0568..0569] : 84;
[056A..056D] : 89;
[056E..056F] : 08;
[0570..0571] : 84;
[0572..0575] : 89;
[0576..0577] : 08;
[0578..0579] : 84;
[057A..057D] : 89;
[057E..057F] : 08;

-- Sprite 22 - Parte do Background
[0580..0581] : 84;
0582 : AD;
[0583..0585] : 89;
[0586..0589] : 84;
058A : AD;
[058B..058D] : 89;
[058E..0591] : 84;
0592 : AD;
[0593..0595] : 89;
[0596..0599] : 84;
059A : AD;
[059B..059D] : 89;
[059E..05A1] : 84;
05A2 : AD;
[05A3..05A5] : 89;
[05A6..05A9] : 84;
05AA : AD;
[05AB..05AD] : 89;
[05AE..05B1] : 84;
05B2 : AD;
[05B3..05B5] : 89;
[05B6..05B9] : 84;
05BA : AD;
[05BB..05BD] : 89;
[05BE..05BF] : 84;

-- Sprite 23 - Parte do Background
[05C0..05C7] : 94;
[05C8..05F7] : 48;
05F8 : 49;
[05F9..05FF] : 48;

-- Sprite 24 - Parte do Background
[0600..0605] : 94;
[0606..0607] : 91;
[0608..063F] : 48;

-- Sprite 25 - Parte do Background
[0640..0643] : 49;
[0644..067F] : 4D;

-- Sprite 26 - Parte do Background
0680 : AD;
[0681..0687] : B1;
[0688..068A] : AD;
[068B..068F] : B1;
[0690..0692] : AD;
[0693..0697] : B1;
[0698..069D] : AD;
[069E..069F] : B1;
[06A0..06A5] : AD;
[06A6..06A7] : B1;
[06A8..06BF] : AD;

-- Sprite 27 - Parte do Background
[06C0..06F7] : B1;
[06F8..06F9] : AD;
[06FA..06FF] : B1;

-- Sprite 28 - Parte do Background
[0700..0701] : B1;
[0702..0707] : AD;
[0708..070B] : B1;
[070C..070F] : AD;
[0710..0714] : B1;
[0715..0717] : AD;
[0718..071D] : B1;
[071E..071F] : AD;
[0720..0725] : B1;
[0726..0727] : AD;
[0728..072D] : B1;
[072E..072F] : AD;
[0730..0736] : B1;
0737 : AD;
[0738..073E] : B1;
073F : AD;

-- Sprite 29 - Parte do Background
[0740..0746] : B1;
0747 : AD;
[0748..074E] : B1;
074F : AD;
[0750..0756] : B1;
0757 : AD;
[0758..075E] : B1;
075F : AD;
[0760..0766] : B1;
0767 : AD;
[0768..076E] : B1;
076F : AD;
[0770..0776] : B1;
0777 : AD;
[0778..077E] : B1;
077F : AD;

-- Sprite 30 - Parte do Background
[0780..079F] : AD;
[07A0..07BF] : B1;

-- Sprite 31 - Parte do Background
07C0 : AD;
[07C1..07C7] : B1;
07C8 : AD;
[07C9..07F3] : B1;
[07F4..07F7] : AD;
[07F8..07FB] : B1;
[07FC..07FF] : AD;

-- Sprite 32 - Parte do Background
[0800..0806] : B1;
0807 : AD;
[0808..0816] : B1;
0817 : AD;
[0818..0822] : B1;
0823 : 89;
[0824..0827] : AD;
[0828..082A] : B1;
[082B..083F] : AD;

-- Sprite 33 - Parte do Background
[0840..0842] : AD;
[0843..0847] : B1;
[0848..084B] : AD;
[084C..084F] : B1;
[0850..0853] : AD;
[0854..0857] : B1;
[0858..085D] : AD;
[085E..085F] : B1;
[0860..087F] : AD;

-- Sprite 34 - Parte do Background
[0880..089F] : B1;
[08A0..08A1] : AD;
[08A2..08A7] : B1;
[08A8..08A9] : AD;
[08AA..08AF] : B1;
[08B0..08B2] : AD;
[08B3..08B7] : B1;
[08B8..08BB] : AD;
[08BC..08BF] : B1;

-- Sprite 35 - Parte do Background
08C0 : B1;
[08C1..08C7] : AD;
08C8 : B1;
[08C9..08CF] : AD;
[08D0..08D2] : B1;
[08D3..08D7] : AD;
[08D8..08DA] : B1;
[08DB..08DF] : AD;
[08E0..08E2] : B1;
[08E3..08E7] : AD;
[08E8..08EA] : B1;
[08EB..08EF] : AD;
[08F0..08F4] : B1;
[08F5..08F7] : AD;
[08F8..08FC] : B1;
08FD : AD;
08FE : 89;
08FF : AD;

-- Sprite 36 - Parte do Background
[0900..0937] : AD;
[0938..0939] : B1;
[093A..093F] : AD;

-- Sprite 37 - Parte do Background
[0940..095F] : B1;
0960 : AD;
[0961..0967] : B1;
0968 : AD;
[0969..096F] : B1;
[0970..0971] : AD;
[0972..0977] : B1;
[0978..0979] : AD;
[097A..097F] : B1;

-- Sprite 38 - Parte do Background
[0980..0986] : B1;
0987 : AD;
[0988..098E] : B1;
098F : AD;
[0990..0996] : B1;
0997 : AD;
[0998..099D] : B1;
[099E..099F] : AD;
[09A0..09A3] : B1;
[09A4..09A7] : AD;
[09A8..09AC] : B1;
[09AD..09AF] : AD;
[09B0..09B6] : B1;
09B7 : AD;
[09B8..09BE] : B1;
09BF : AD;

-- Sprite 39 - Parte do Background
[09C0..09CF] : B1;
[09D0..09F7] : AD;
[09F8..09FF] : B1;

-- Sprite 40 - Parte do Background
[0A00..0A05] : B1;
0A06 : 89;
0A07 : AD;
[0A08..0A0D] : B1;
[0A0E..0A33] : AD;
[0A34..0A3F] : B1;

-- Sprite 41 - Parte do Background
0A40 : AD;
0A41 : B1;
[0A42..0A62] : AD;
[0A63..0A67] : B1;
[0A68..0A6A] : AD;
[0A6B..0A7F] : B1;

-- Sprite 42 - Parte do Background
[0A80..0A8B] : AD;
[0A8C..0A8F] : B1;
[0A90..0A91] : AD;
[0A92..0A98] : B1;
0A99 : AD;
[0A9A..0ABF] : B1;

-- Sprite 43 - Parte do Background
[0AC0..0AC7] : AD;
[0AC8..0ACB] : B1;
[0ACC..0ACF] : AD;
[0AD0..0AD6] : B1;
0AD7 : AD;
[0AD8..0ADE] : B1;
0ADF : 89;
[0AE0..0AFF] : B1;

-- Sprite 44 - Parte do Background
[0B00..0B18] : AD;
0B19 : B1;
[0B1A..0B1F] : AD;
[0B20..0B24] : B1;
[0B25..0B27] : AD;
[0B28..0B2B] : B1;
[0B2C..0B2F] : AD;
0B30 : B1;
[0B31..0B37] : AD;
0B38 : B1;
[0B39..0B3F] : AD;

-- Sprite 45 - Parte do Background
[0B40..0B45] : AD;
[0B46..0B47] : B1;
[0B48..0B4D] : AD;
[0B4E..0B4F] : B1;
[0B50..0B56] : AD;
0B57 : B1;
[0B58..0B5E] : AD;
0B5F : B1;
[0B60..0B7F] : AD;

-- Sprite 46 - Parte do Background
[0B80..0B9F] : B1;
0BA0 : AD;
[0BA1..0BA7] : B1;
0BA8 : AD;
[0BA9..0BAF] : B1;
[0BB0..0BB4] : AD;
[0BB5..0BB7] : B1;
[0BB8..0BBC] : AD;
[0BBD..0BBF] : B1;

-- Sprite 47 - Parte do Background
[0BC0..0BC6] : B1;
0BC7 : AD;
[0BC8..0BFF] : B1;

-- Sprite 48 - Parte do Background
[0C00..0C0F] : AD;
[0C10..0C12] : B1;
[0C13..0C17] : AD;
[0C18..0C1A] : B1;
[0C1B..0C1F] : AD;
[0C20..0C26] : B1;
0C27 : AD;
[0C28..0C2E] : B1;
0C2F : AD;
[0C30..0C3F] : B1;

-- Sprite 49 - Parte do Background
[0C40..0C4E] : AD;
0C4F : B1;
[0C50..0C55] : AD;
[0C56..0C57] : B1;
[0C58..0C5C] : AD;
[0C5D..0C5F] : B1;
[0C60..0C63] : AD;
[0C64..0C67] : B1;
[0C68..0C6B] : AD;
[0C6C..0C7F] : B1;

-- Sprite 50 - Parte do Background
[0C80..0C81] : AD;
[0C82..0CBF] : B1;

-- Sprite 51 - Parte do Background
[0CC0..0CC1] : B1;
[0CC2..0CC7] : AD;
[0CC8..0CC9] : B1;
0CCA : AD;
0CCB : B1;
[0CCC..0CCF] : AD;
[0CD0..0CD3] : B1;
[0CD4..0CD7] : AD;
[0CD8..0CDC] : B1;
[0CDD..0CDF] : AD;
[0CE0..0CE5] : B1;
[0CE6..0CE7] : AD;
[0CE8..0CED] : B1;
[0CEE..0CEF] : AD;
[0CF0..0CFF] : B1;

-- Sprite 52 - Parte do Background
[0D00..0D1C] : AD;
[0D1D..0D1E] : B1;
[0D1F..0D22] : AD;
[0D23..0D27] : B1;
[0D28..0D29] : AD;
[0D2A..0D2E] : B1;
0D2F : 91;
[0D30..0D32] : AD;
[0D33..0D3F] : B1;

-- Sprite 53 - Parte do Background
[0D40..0D6F] : AD;
[0D70..0D7F] : B1;

-- Sprite 54 - Parte do Background
[0D80..0DA7] : AD;
0DA8 : B1;
[0DA9..0DAF] : AD;
0DB0 : B1;
[0DB1..0DB7] : AD;
[0DB8..0DBF] : B1;

-- Sprite 55 - Parte do Background
[0DC0..0DEB] : AD;
0DEC : B1;
[0DED..0DF3] : AD;
[0DF4..0DFF] : B1;

-- Sprite 56 - Parte do Background
[0E00..0E01] : AD;
[0E02..0E07] : B1;
[0E08..0E09] : AD;
[0E0A..0E0F] : B1;
[0E10..0E11] : AD;
[0E12..0E17] : B1;
[0E18..0E19] : AD;
[0E1A..0E1F] : B1;
[0E20..0E21] : AD;
[0E22..0E27] : B1;
0E28 : AD;
[0E29..0E3F] : B1;

-- Sprite 57 - Parte do Background
[0E40..0E73] : B1;
[0E74..0E75] : AD;
[0E76..0E7B] : B1;
[0E7C..0E7D] : AD;
[0E7E..0E7F] : B1;

-- Sprite 58 - Parte do Background
[0E80..0E81] : B1;
[0E82..0E87] : AD;
[0E88..0E8C] : B1;
[0E8D..0E8E] : AD;
[0E8F..0EBF] : B1;

-- Sprite 59 - Parte do Background
[0EC0..0ECB] : AD;
0ECC : 91;
[0ECD..0ECE] : B1;
0ECF : AD;
[0ED0..0ED6] : B1;
0ED7 : AD;
[0ED8..0EFF] : B1;

-- Sprite 60 - Parte do Background
[0F00..0F1F] : AD;
0F20 : B1;
[0F21..0F27] : AD;
[0F28..0F29] : B1;
[0F2A..0F2F] : AD;
[0F30..0F32] : B1;
[0F33..0F37] : AD;
[0F38..0F3F] : B1;

-- Sprite 61 - Parte do Background
[0F40..0F71] : AD;
[0F72..0F7F] : B1;

-- Sprite 62 - Parte do Background
[0F80..0FAF] : AD;
[0FB0..0FB4] : B1;
[0FB5..0FB7] : AD;
[0FB8..0FBF] : B1;

-- Sprite 63 - Parte do Background
[0FC0..0FD3] : B1;
[0FD4..0FD7] : AD;
[0FD8..0FDD] : B1;
[0FDE..0FDF] : AD;
[0FE0..0FE5] : B1;
[0FE6..0FE7] : AD;
[0FE8..0FFF] : B1;

-- Sprite 64 - Parte do Background
[1000..1001] : B1;
[1002..1007] : AD;
[1008..1009] : B1;
[100A..1027] : AD;
[1028..1029] : B1;
[102A..102F] : AD;
[1030..1031] : B1;
[1032..1037] : AD;
[1038..103F] : B1;

-- Sprite 65 - Parte do Background
[1040..1077] : AD;
[1078..107A] : B1;
[107B..107F] : AD;

-- Sprite 66 - Parte do Background
[1080..10BB] : AD;
[10BC..10BF] : B1;

-- Sprite 67 - Parte do Background
[10C0..10CB] : AD;
[10CC..10CF] : B1;
[10D0..10D3] : AD;
[10D4..10D7] : B1;
[10D8..10D9] : AD;
[10DA..10DF] : B1;
[10E0..10E1] : AD;
[10E2..10E7] : B1;
[10E8..10E9] : AD;
[10EA..10EF] : B1;
[10F0..10F1] : AD;
[10F2..10FF] : B1;

-- Sprite 68 - Parte do Background
[1100..1106] : AD;
[1107..110B] : B1;
[110C..110E] : AD;
[110F..1113] : B1;
[1114..1117] : AD;
[1118..111D] : B1;
[111E..111F] : AD;
[1120..1126] : B1;
1127 : AD;
[1128..113F] : B1;

-- Sprite 69 - Parte do Background
[1140..114F] : B1;
1150 : AD;
[1151..1157] : B1;
1158 : AD;
[1159..115F] : B1;
[1160..1162] : AD;
[1163..117F] : B1;

-- Sprite 70 - Parte do Background
[1180..11BB] : B1;
[11BC..11BF] : D5;

-- Sprite 71 - Parte do Background
[11C0..11ED] : B1;
11EE : D5;
[11EF..11F4] : B1;
[11F5..11FA] : D5;
[11FB..11FC] : B1;
[11FD..11FF] : D5;

-- Sprite 72 - Parte do Background
[1200..1228] : B1;
[1229..122A] : D5;
[122B..122F] : B1;
[1230..1232] : D5;
[1233..1237] : B1;
[1238..123A] : D5;
[123B..123F] : B1;

-- Sprite 73 - Parte do Background
[1240..1249] : B1;
124A : D5;
[124B..127F] : B1;

-- Sprite 74 - Parte do Background
[1280..1283] : B1;
[1284..1287] : AD;
[1288..128B] : B1;
[128C..128F] : AD;
[1290..1292] : B1;
[1293..1297] : AD;
[1298..129A] : B1;
[129B..129F] : AD;
[12A0..12A2] : B1;
[12A3..12A7] : AD;
[12A8..12AA] : B1;
12AB : AD;
[12AC..12B2] : B1;
12B3 : AD;
[12B4..12BF] : B1;

-- Sprite 75 - Parte do Background
[12C0..12C3] : AD;
[12C4..12C7] : B1;
[12C8..12CB] : AD;
[12CC..12CF] : B1;
[12D0..12D2] : AD;
[12D3..12D7] : B1;
[12D8..12D9] : AD;
[12DA..12DF] : B1;
12E0 : AD;
[12E1..12FF] : B1;

-- Sprite 76 - Parte do Background
[1300..1314] : B1;
[1315..1317] : AD;
[1318..131A] : B1;
[131B..131F] : AD;
[1320..1321] : B1;
[1322..1327] : AD;
[1328..132B] : B1;
[132C..132F] : AD;
[1330..1333] : B1;
[1334..1337] : AD;
[1338..133E] : B1;
133F : AD;

-- Sprite 77 - Parte do Background
[1340..134F] : B1;
1350 : AD;
[1351..1357] : B1;
1358 : AD;
[1359..135F] : B1;
[1360..137F] : AD;

-- Sprite 78 - Parte do Background
[1380..139F] : B1;
[13A0..13A2] : AD;
[13A3..13A7] : B1;
[13A8..13AA] : AD;
[13AB..13AF] : B1;
[13B0..13BF] : AD;

-- Sprite 79 - Parte do Background
[13C0..13EF] : B1;
[13F0..13F3] : AD;
[13F4..13F7] : B1;
[13F8..13FB] : AD;
[13FC..13FF] : B1;

-- Sprite 80 - Parte do Background
[1400..1402] : B1;
[1403..1407] : AD;
[1408..143E] : B1;
143F : D5;

-- Sprite 81 - Parte do Background
[1440..1447] : AD;
[1448..147F] : B1;

-- Sprite 82 - Parte do Background
[1480..1487] : AD;
[1488..14A7] : B1;
[14A8..14AF] : AD;
14B0 : B1;
[14B1..14B7] : AD;
[14B8..14BC] : B1;
[14BD..14BF] : AD;

-- Sprite 83 - Parte do Background
[14C0..14C7] : AD;
[14C8..14E7] : B1;
[14E8..14EA] : AD;
[14EB..14EF] : B1;
[14F0..14F2] : AD;
[14F3..14F7] : B1;
[14F8..14FE] : AD;
14FF : B1;

-- Sprite 84 - Parte do Background
[1500..1517] : AD;
[1518..151C] : B1;
[151D..151F] : AD;
[1520..1524] : B1;
[1525..1527] : AD;
[1528..153F] : B1;

-- Sprite 85 - Parte do Background
[1540..154D] : AD;
[154E..154F] : B1;
[1550..1555] : AD;
[1556..1557] : B1;
[1558..155C] : AD;
[155D..155F] : B1;
[1560..1564] : AD;
[1565..157F] : B1;

-- Sprite 86 - Parte do Background
[1580..1587] : AD;
[1588..15AA] : B1;
[15AB..15AF] : AD;
[15B0..15B2] : B1;
[15B3..15BF] : AD;

-- Sprite 87 - Parte do Background
[15C0..15C2] : AD;
[15C3..15E7] : B1;
[15E8..15FF] : AD;

-- Sprite 88 - Parte do Background
[1600..1627] : B1;
[1628..163F] : AD;

-- Sprite 89 - Parte do Background
[1640..165D] : B1;
165E : AD;
[165F..1665] : B1;
[1666..167F] : AD;

-- Sprite 90 - Parte do Background
[1680..169F] : B1;
[16A0..16BF] : AD;

-- Sprite 91 - Parte do Background
[16C0..16D0] : B1;
[16D1..16D2] : AD;
[16D3..16D7] : B1;
[16D8..16DA] : AD;
[16DB..16DF] : B1;
[16E0..16E3] : AD;
[16E4..16E7] : B1;
[16E8..16FF] : AD;

-- Sprite 92 - Parte do Background
[1700..1739] : B1;
[173A..173F] : D5;

-- Sprite 93 - Parte do Background
[1740..175D] : B1;
[175E..175F] : D5;
[1760..1765] : B1;
[1766..1767] : D5;
[1768..176D] : B1;
[176E..176F] : D5;
[1770..1774] : B1;
[1775..1777] : D5;
[1778..177B] : B1;
[177C..177F] : D5;

-- Sprite 94 - Parte do Background
[1780..1797] : B1;
[1798..179E] : D5;
179F : B1;
[17A0..17A6] : D5;
17A7 : B1;
[17A8..17BF] : D5;

-- Sprite 95 - Parte do Background
[17C0..17E7] : B1;
[17E8..17EA] : D5;
[17EB..17EF] : B1;
[17F0..17F2] : D5;
[17F3..17F7] : B1;
[17F8..17FE] : D5;
17FF : B1;

-- Sprite 96 - Parte do Background
[1800..181D] : B1;
[181E..181F] : D5;
[1820..1821] : B1;
[1822..1823] : D5;
[1824..1827] : B1;
[1828..182D] : D5;
[182E..182F] : B1;
[1830..1836] : D5;
1837 : B1;
[1838..183F] : D5;

-- Sprite 97 - Parte do Background
[1840..1864] : B1;
1865 : D5;
[1866..1867] : B1;
[1868..1877] : D5;
[1878..1879] : B1;
[187A..187F] : D5;

-- Sprite 98 - Parte do Background
[1880..1883] : B1;
[1884..1887] : D5;
[1888..188B] : B1;
[188C..188F] : D5;
[1890..1893] : B1;
[1894..1897] : D5;
[1898..1899] : B1;
[189A..189F] : D5;
[18A0..18A1] : B1;
[18A2..18AF] : D5;
18B0 : B1;
[18B1..18BF] : D5;

-- Sprite 99 - Parte do Background
[18C0..18C4] : D5;
[18C5..18C7] : B1;
[18C8..18FF] : D5;

-- Sprite 100 - Parte do Background
1900 : B1;
[1901..1903] : D5;
[1904..1905] : B1;
[1906..193F] : D5;

-- Sprite 101 - Parte do Background
[1940..1943] : D5;
[1944..1947] : B1;
[1948..194B] : D5;
[194C..194F] : B1;
[1950..1953] : D5;
[1954..1957] : B1;
[1958..195D] : D5;
[195E..195F] : B1;
[1960..1965] : D5;
[1966..1967] : B1;
[1968..1974] : D5;
[1975..1977] : B1;
[1978..197F] : D5;

-- Sprite 102 - Parte do Background
[1980..1999] : B1;
199A : D5;
199B : B1;
[199C..199D] : D5;
[199E..19A1] : B1;
19A2 : D5;
19A3 : B1;
[19A4..19A5] : D5;
[19A6..19A7] : B1;
[19A8..19AA] : D5;
19AB : B1;
[19AC..19B2] : D5;
19B3 : B1;
[19B4..19BA] : D5;
19BB : B1;
[19BC..19BF] : D5;

-- Sprite 103 - Parte do Background
[19C0..19DE] : B1;
19DF : D5;
[19E0..19E6] : B1;
19E7 : D5;
[19E8..19EC] : B1;
[19ED..19EF] : D5;
[19F0..19F4] : B1;
[19F5..19F9] : D5;
[19FA..19FE] : B1;
19FF : D5;

-- Sprite 104 - Parte do Background
[1A00..1A17] : B1;
1A18 : D5;
[1A19..1A1F] : B1;
1A20 : D5;
[1A21..1A27] : B1;
[1A28..1A2C] : D5;
[1A2D..1A2F] : B1;
[1A30..1A34] : D5;
[1A35..1A37] : B1;
[1A38..1A3F] : D5;

-- Sprite 105 - Parte do Background
[1A40..1A77] : B1;
[1A78..1A79] : D5;
[1A7A..1A7F] : B1;

-- Sprite 106 - Parte do Background
[1A80..1A87] : AD;
[1A88..1A8B] : B1;
[1A8C..1A8F] : AD;
[1A90..1A93] : B1;
[1A94..1A97] : AD;
[1A98..1ABF] : B1;

-- Sprite 107 - Parte do Background
[1AC0..1AD7] : AD;
1AD8 : B1;
[1AD9..1ADF] : AD;
1AE0 : B1;
[1AE1..1AE7] : AD;
[1AE8..1AFF] : B1;

-- Sprite 108 - Parte do Background
[1B00..1B07] : B1;
[1B08..1B0B] : D5;
[1B0C..1B0F] : B1;
[1B10..1B13] : D5;
[1B14..1B17] : B1;
[1B18..1B1B] : D5;
[1B1C..1B1F] : B1;
[1B20..1B23] : D5;
[1B24..1B27] : B1;
[1B28..1B2E] : D5;
1B2F : B1;
[1B30..1B3F] : D5;

-- Sprite 109 - Parte do Background
[1B40..1B4E] : B1;
[1B4F..1B52] : D5;
[1B53..1B56] : B1;
[1B57..1B7E] : D5;
1B7F : B1;

-- Sprite 110 - Parte do Background
[1B80..1B8A] : B1;
[1B8B..1B8C] : D5;
1B8D : B1;
[1B8E..1B92] : D5;
1B93 : B1;
[1B94..1BB7] : D5;
[1BB8..1BBF] : B1;

-- Sprite 111 - Parte do Background
[1BC0..1BC6] : B1;
[1BC7..1BC8] : D5;
[1BC9..1BCD] : B1;
[1BCE..1BD0] : D5;
[1BD1..1BD4] : B1;
[1BD5..1BD6] : D5;
1BD7 : B1;
[1BD8..1BF7] : D5;
[1BF8..1BFF] : B1;

-- Sprite 112 - Parte do Background
1C00 : D5;
[1C01..1C07] : B1;
[1C08..1C0A] : D5;
[1C0B..1C0F] : B1;
[1C10..1C13] : D5;
[1C14..1C17] : B1;
[1C18..1C1B] : D5;
[1C1C..1C1F] : B1;
[1C20..1C22] : D5;
[1C23..1C27] : B1;
1C28 : D5;
[1C29..1C2F] : B1;
1C30 : D5;
[1C31..1C3F] : B1;

-- Sprite 113 - Parte do Background
[1C40..1C44] : B1;
[1C45..1C47] : AD;
[1C48..1C7F] : B1;

-- Sprite 114 - Parte do Background
[1C80..1C86] : AD;
1C87 : B1;
[1C88..1C8F] : AD;
1C90 : B1;
[1C91..1C97] : AD;
[1C98..1C99] : B1;
[1C9A..1C9F] : AD;
[1CA0..1CA4] : B1;
[1CA5..1CA7] : AD;
[1CA8..1CAD] : B1;
[1CAE..1CAF] : AD;
[1CB0..1CB5] : B1;
[1CB6..1CB7] : AD;
[1CB8..1CBF] : B1;

-- Sprite 115 - Parte do Background
[1CC0..1CC7] : B1;
1CC8 : AD;
1CC9 : B1;
1CCA : AD;
[1CCB..1CCF] : B1;
[1CD0..1CD2] : AD;
[1CD3..1CD7] : B1;
[1CD8..1CF7] : AD;
[1CF8..1CF9] : B1;
[1CFA..1CFF] : AD;

-- Sprite 116 - Parte do Background
[1D00..1D17] : B1;
1D18 : 89;
[1D19..1D1E] : B1;
[1D1F..1D20] : AD;
[1D21..1D26] : B1;
[1D27..1D3F] : AD;

-- Sprite 117 - Parte do Background
[1D40..1D42] : B1;
[1D43..1D47] : AD;
[1D48..1D4A] : B1;
[1D4B..1D4F] : AD;
[1D50..1D52] : B1;
[1D53..1D7D] : AD;
[1D7E..1D7F] : B1;

-- Sprite 118 - Parte do Background
[1D80..1DA2] : AD;
[1DA3..1DA7] : B1;
[1DA8..1DA9] : AD;
[1DAA..1DAF] : B1;
1DB0 : AD;
[1DB1..1DBF] : B1;

-- Sprite 119 - Parte do Background
[1DC0..1DDF] : AD;
[1DE0..1DE1] : B1;
[1DE2..1DE7] : AD;
[1DE8..1DE9] : B1;
[1DEA..1DEF] : AD;
[1DF0..1DF2] : B1;
[1DF3..1DF7] : AD;
[1DF8..1DFB] : B1;
[1DFC..1DFF] : AD;

-- Sprite 120 - Parte do Background
[1E00..1E24] : AD;
[1E25..1E27] : B1;
[1E28..1E2C] : AD;
[1E2D..1E2F] : B1;
[1E30..1E31] : AD;
[1E32..1E37] : B1;
1E38 : AD;
[1E39..1E3F] : B1;

-- Sprite 121 - Parte do Background
[1E40..1E54] : AD;
[1E55..1E57] : B1;
[1E58..1E5C] : AD;
[1E5D..1E7F] : B1;

-- Sprite 122 - Parte do Background
[1E80..1E8B] : AD;
[1E8C..1EBF] : B1;

-- Sprite 123 - Parte do Background
[1EC0..1ECC] : B1;
[1ECD..1ECF] : D5;
[1ED0..1ED4] : B1;
[1ED5..1ED7] : D5;
[1ED8..1EDA] : B1;
[1EDB..1EDC] : D5;
1EDD : B1;
[1EDE..1EDF] : D5;
[1EE0..1EE2] : B1;
[1EE3..1EE7] : D5;
1EE8 : B1;
[1EE9..1EED] : D5;
[1EEE..1EF0] : B1;
[1EF1..1EF5] : D5;
[1EF6..1EF9] : B1;
[1EFA..1EFF] : D5;

-- Sprite 124 - Parte do Background
[1F00..1F03] : B1;
[1F04..1F3F] : D5;

-- Sprite 125 - Parte do Background
[1F40..1F45] : B1;
[1F46..1F48] : D5;
[1F49..1F4C] : B1;
[1F4D..1F50] : D5;
[1F51..1F54] : B1;
[1F55..1F7F] : D5;

-- Sprite 126 - Parte do Background
1F80 : B1;
[1F81..1F87] : D5;
[1F88..1F89] : B1;
[1F8A..1F90] : D5;
1F91 : B1;
[1F92..1F99] : D5;
1F9A : B1;
[1F9B..1FA2] : D5;
1FA3 : B1;
1FA4 : D5;
1FA5 : B1;
[1FA6..1FAB] : D5;
[1FAC..1FAD] : B1;
[1FAE..1FB3] : D5;
[1FB4..1FB5] : B1;
[1FB6..1FBD] : D5;
1FBE : B1;
1FBF : D5;

-- Sprite 127 - Parte do Background
[1FC0..1FC2] : D5;
1FC3 : B1;
[1FC4..1FCB] : D5;
1FCC : B1;
[1FCD..1FD0] : D5;
1FD1 : B1;
[1FD2..1FFF] : D5;

-- Sprite 128 - Parte do Background
[2000..2001] : D5;
[2002..2006] : B1;
[2007..200A] : D5;
[200B..200F] : B1;
[2010..2012] : D5;
[2013..2017] : B1;
[2018..201A] : D5;
[201B..201F] : B1;
[2020..2023] : D5;
[2024..2027] : B1;
[2028..202C] : D5;
[202D..202F] : B1;
[2030..2034] : D5;
[2035..2037] : B1;
[2038..203C] : D5;
[203D..203F] : B1;

-- Sprite 129 - Parte do Background
[2040..2047] : D5;
2048 : B1;
[2049..204F] : D5;
2050 : B1;
[2051..2057] : D5;
[2058..205E] : B1;
205F : D5;
[2060..2066] : B1;
2067 : D5;
[2068..207F] : B1;

-- Sprite 130 - Parte do Background
[2080..20A7] : D5;
[20A8..20AC] : B1;
[20AD..20AF] : D5;
[20B0..20B4] : B1;
[20B5..20B7] : D5;
[20B8..20BF] : B1;

-- Sprite 131 - Parte do Background
[20C0..20C1] : D5;
[20C2..20C7] : B1;
20C8 : D5;
[20C9..20CF] : B1;
[20D0..20D2] : D5;
[20D3..20D7] : B1;
20D8 : D5;
20D9 : B1;
20DA : D5;
[20DB..20DF] : B1;
20E0 : D5;
20E1 : B1;
[20E2..20E3] : D5;
[20E4..20E7] : B1;
20E8 : D5;
[20E9..20EF] : B1;
[20F0..20F1] : D5;
[20F2..20FF] : B1;

-- Sprite 132 - Parte do Background
[2100..2123] : D5;
[2124..2127] : B1;
[2128..212B] : D5;
[212C..212F] : B1;
[2130..2131] : D5;
[2132..2137] : B1;
[2138..2139] : D5;
[213A..213F] : B1;

-- Sprite 133 - Parte do Background
[2140..214F] : D5;
[2150..2151] : B1;
[2152..2153] : D5;
2154 : B1;
2155 : D5;
[2156..217F] : B1;

-- Sprite 134 - Parte do Background
[2180..21B6] : B1;
21B7 : D5;
[21B8..21BE] : B1;
21BF : D5;

-- Sprite 135 - Parte do Background
[21C0..21DE] : B1;
21DF : D5;
[21E0..21E5] : B1;
21E6 : D5;
[21E7..21E8] : B1;
[21E9..21FF] : D5;

-- Sprite 136 - Parte do Background
[2200..2207] : B1;
[2208..2209] : D5;
220A : B1;
220B : D5;
[220C..220F] : B1;
[2210..2213] : D5;
[2214..2217] : B1;
[2218..221D] : D5;
[221E..221F] : B1;
[2220..2225] : D5;
[2226..2227] : B1;
[2228..223F] : D5;

-- Sprite 137 - Parte do Background
[2240..2267] : B1;
2268 : D5;
[2269..226F] : B1;
[2270..227F] : D5;

-- Sprite 138 - Parte do Background
[2280..2286] : B1;
2287 : AD;
[2288..22AF] : B1;
22B0 : D5;
[22B1..22B7] : B1;
22B8 : D5;
[22B9..22BF] : B1;

-- Sprite 139 - Parte do Background
[22C0..22C3] : AD;
[22C4..22C7] : B1;
[22C8..22CB] : AD;
[22CC..22FF] : B1;

-- Sprite 140 - Parte do Background
[2300..2333] : B1;
[2334..2337] : D5;
[2338..233B] : B1;
[233C..233F] : D5;

-- Sprite 141 - Parte do Background
[2340..2366] : B1;
[2367..237F] : D5;

-- Sprite 142 - Parte do Background
[2380..238C] : B1;
[238D..238F] : D5;
[2390..2394] : B1;
[2395..23BA] : D5;
23BB : B1;
[23BC..23BF] : D5;

-- Sprite 143 - Parte do Background
[23C0..23C7] : B1;
[23C8..23CA] : D5;
[23CB..23CE] : B1;
[23CF..23D2] : D5;
[23D3..23D6] : B1;
[23D7..23FF] : D5;

-- Sprite 144 - Parte do Background
2400 : B1;
[2401..2408] : D5;
2409 : B1;
[240A..240F] : D5;
2410 : B1;
[2411..243B] : D5;
243C : B1;
243D : D5;
243E : B1;
243F : D5;

-- Sprite 145 - Parte do Background
[2440..245E] : D5;
245F : B1;
[2460..246F] : D5;
[2470..2473] : B1;
[2474..2477] : D5;
[2478..247B] : B1;
[247C..247F] : D5;

-- Sprite 146 - Parte do Background
[2480..24A8] : D5;
24A9 : B1;
[24AA..24B1] : D5;
[24B2..24B3] : B1;
[24B4..24BF] : D5;

-- Sprite 147 - Parte do Background
[24C0..24C5] : D5;
24C6 : B1;
[24C7..24CD] : D5;
24CE : B1;
[24CF..24FF] : D5;

-- Sprite 148 - Parte do Background
[2500..2517] : D5;
[2518..2519] : B1;
[251A..2520] : D5;
2521 : B1;
[2522..2529] : D5;
252A : B1;
[252B..2536] : D5;
2537 : B1;
[2538..253E] : D5;
253F : B1;

-- Sprite 149 - Parte do Background
[2540..256F] : D5;
[2570..257F] : B1;

-- Sprite 150 - Parte do Background
[2580..25AF] : D5;
[25B0..25B4] : B1;
[25B5..25B7] : D5;
[25B8..25BD] : B1;
[25BE..25BF] : D5;

-- Sprite 151 - Parte do Background
[25C0..25DD] : D5;
[25DE..25DF] : B1;
[25E0..25E5] : D5;
25E6 : B1;
[25E7..25ED] : D5;
[25EE..25EF] : B1;
[25F0..25F3] : D5;
[25F4..25F7] : B1;
[25F8..25FB] : D5;
[25FC..25FF] : B1;

-- Sprite 152 - Parte do Background
[2600..260F] : D5;
[2610..2611] : B1;
[2612..2617] : D5;
[2618..2619] : B1;
[261A..261F] : D5;
[2620..2621] : B1;
[2622..2623] : D5;
[2624..2625] : B1;
[2626..2627] : D5;
[2628..262D] : B1;
[262E..262F] : D5;
[2630..263F] : B1;

-- Sprite 153 - Parte do Background
[2640..2644] : D5;
[2645..2647] : B1;
[2648..264C] : D5;
[264D..264F] : B1;
[2650..2654] : D5;
[2655..2657] : B1;
[2658..265A] : D5;
[265B..265F] : B1;
[2660..2662] : D5;
[2663..2667] : B1;
[2668..2669] : D5;
[266A..267F] : B1;

-- Sprite 154 - Parte do Background
[2680..26B2] : B1;
[26B3..26B7] : D5;
[26B8..26B9] : B1;
[26BA..26BF] : D5;

-- Sprite 155 - Parte do Background
[26C0..26DE] : B1;
26DF : D5;
[26E0..26E9] : B1;
[26EA..26FF] : D5;

-- Sprite 156 - Parte do Background
[2700..2708] : B1;
[2709..270E] : D5;
[270F..2710] : B1;
[2711..273F] : D5;

-- Sprite 157 - Parte do Background
[2740..2748] : B1;
[2749..274C] : D5;
[274D..274F] : B1;
[2750..2753] : D5;
[2754..2757] : B1;
[2758..277F] : D5;

-- Sprite 158 - Parte do Background
[2780..2797] : B1;
2798 : D5;
[2799..279F] : B1;
27A0 : D5;
[27A1..27A7] : B1;
[27A8..27AA] : D5;
27AB : B1;
[27AC..27B1] : D5;
27B2 : B1;
[27B3..27B9] : D5;
27BA : B1;
[27BB..27BF] : D5;

-- Sprite 159 - Parte do Background
[27C0..27C4] : B1;
[27C5..27C7] : D5;
[27C8..27CB] : B1;
[27CC..27CF] : D5;
[27D0..27D2] : B1;
[27D3..27D7] : D5;
[27D8..27D9] : B1;
[27DA..27DF] : D5;
27E0 : B1;
[27E1..27FF] : D5;

-- Sprite 160 - Parte do Background
[2800..2801] : D5;
[2802..2807] : B1;
[2808..2809] : D5;
[280A..280F] : B1;
[2810..2811] : D5;
[2812..2817] : B1;
[2818..281B] : D5;
[281C..281F] : B1;
[2820..2824] : D5;
2825 : B1;
2826 : D5;
2827 : B1;
[2828..283F] : D5;

-- Sprite 161 - Parte do Background
[2840..285F] : B1;
[2860..2861] : D5;
[2862..2867] : B1;
[2868..2869] : D5;
[286A..286F] : B1;
[2870..2872] : D5;
2873 : B1;
[2874..287F] : D5;

-- Sprite 162 - Parte do Background
[2880..28A1] : B1;
28A2 : D5;
[28A3..28A8] : B1;
[28A9..28AA] : D5;
[28AB..28AF] : B1;
[28B0..28B3] : D5;
[28B4..28B7] : B1;
[28B8..28BF] : D5;

-- Sprite 163 - Parte do Background
[28C0..28F7] : B1;
[28F8..28FB] : D5;
[28FC..28FF] : B1;

-- Sprite 164 - Parte do Background
[2900..2907] : D5;
2908 : B1;
[2909..290F] : D5;
[2910..2916] : B1;
2917 : D5;
[2918..291D] : B1;
[291E..291F] : D5;
[2920..2933] : B1;
[2934..2937] : 08;
[2938..293B] : B1;
[293C..293F] : 08;

-- Sprite 165 - Parte do Background
[2940..295B] : D5;
295C : B1;
[295D..295E] : D5;
[295F..2963] : B1;
[2964..2967] : D5;
[2968..296C] : B1;
296D : D5;
296E : B1;
296F : D5;
[2970..2975] : 08;
[2976..2977] : B1;
[2978..297D] : 08;
[297E..297F] : B1;

-- Sprite 166 - Parte do Background
[2980..29AA] : D5;
29AB : B1;
[29AC..29AF] : D5;
[29B0..29B3] : B1;
[29B4..29B7] : D5;
[29B8..29BD] : B1;
[29BE..29BF] : D5;

-- Sprite 167 - Parte do Background
[29C0..29C4] : D5;
[29C5..29C7] : B1;
29C8 : D5;
29C9 : B1;
[29CA..29CB] : D5;
[29CC..29CF] : B1;
[29D0..29D3] : D5;
[29D4..29D5] : B1;
[29D6..29FF] : D5;

-- Sprite 168 - Parte do Background
[2A00..2A10] : B1;
2A11 : D5;
[2A12..2A17] : B1;
[2A18..2A1A] : D5;
[2A1B..2A1F] : B1;
[2A20..2A24] : D5;
[2A25..2A27] : B1;
[2A28..2A3F] : D5;

-- Sprite 169 - Parte do Background
[2A40..2A67] : B1;
[2A68..2A7D] : D5;
[2A7E..2A7F] : B1;

-- Sprite 170 - Parte do Background
[2A80..2AB9] : B1;
[2ABA..2ABB] : D5;
[2ABC..2ABF] : B1;

-- Sprite 171 - Parte do Background
[2AC0..2ACF] : D5;
[2AD0..2AD6] : B1;
2AD7 : D5;
[2AD8..2AFF] : B1;

-- Sprite 172 - Parte do Background
[2B00..2B12] : D5;
[2B13..2B16] : B1;
2B17 : D5;
[2B18..2B3F] : B1;

-- Sprite 173 - Parte do Background
[2B40..2B5D] : D5;
2B5E : B1;
2B5F : D5;
2B60 : B1;
[2B61..2B64] : D5;
[2B65..2B69] : B1;
[2B6A..2B6C] : D5;
[2B6D..2B7F] : B1;

-- Sprite 174 - Parte do Background
[2B80..2B85] : D5;
[2B86..2B87] : B1;
[2B88..2B8D] : D5;
[2B8E..2B8F] : B1;
[2B90..2B94] : D5;
[2B95..2B97] : B1;
[2B98..2B9B] : D5;
[2B9C..2BBF] : B1;

-- Sprite 175 - Parte do Background
[2BC0..2BC5] : B1;
[2BC6..2BC7] : D5;
[2BC8..2BCD] : B1;
2BCE : D5;
[2BCF..2BFF] : B1;

-- Sprite 176 - Parte do Background
[2C00..2C04] : D5;
2C05 : B1;
[2C06..2C0D] : D5;
2C0E : B1;
[2C0F..2C17] : D5;
2C18 : B1;
[2C19..2C1F] : D5;
[2C20..2C3F] : B1;

-- Sprite 177 - Parte do Background
[2C40..2C4F] : D5;
2C50 : B1;
[2C51..2C5F] : D5;
[2C60..2C62] : B1;
[2C63..2C67] : D5;
[2C68..2C6B] : B1;
[2C6C..2C6F] : D5;
[2C70..2C75] : B1;
[2C76..2C77] : D5;
[2C78..2C7D] : B1;
[2C7E..2C7F] : D5;

-- Sprite 178 - Parte do Background
[2C80..2C83] : D5;
[2C84..2C87] : B1;
[2C88..2C8B] : D5;
[2C8C..2C8F] : B1;
[2C90..2C91] : D5;
[2C92..2C97] : B1;
[2C98..2C99] : D5;
[2C9A..2C9F] : B1;
[2CA0..2CA1] : D5;
[2CA2..2CA7] : B1;
[2CA8..2CA9] : D5;
[2CAA..2CBF] : B1;

-- Sprite 179 - Parte do Background
[2CC0..2CE2] : B1;
[2CE3..2CE4] : D5;
[2CE5..2CEA] : B1;
[2CEB..2CEF] : D5;
[2CF0..2CF1] : B1;
[2CF2..2CF7] : D5;
[2CF8..2CF9] : B1;
[2CFA..2CFF] : D5;

-- Sprite 180 - Parte do Background
[2D00..2D27] : B1;
2D28 : D5;
[2D29..2D2F] : B1;
[2D30..2D33] : D5;
[2D34..2D35] : B1;
2D36 : D5;
2D37 : B1;
[2D38..2D3C] : D5;
[2D3D..2D3F] : B1;

-- Sprite 181 - Parte do Background
[2D40..2D44] : B1;
[2D45..2D47] : D5;
[2D48..2D4C] : B1;
[2D4D..2D4F] : D5;
[2D50..2D7F] : B1;

-- Sprite 182 - Parte do Background
[2D80..2D85] : D5;
[2D86..2D87] : B1;
[2D88..2D8D] : D5;
[2D8E..2DBF] : B1;

-- Sprite 183 - Parte do Background
[2DC0..2DE4] : B1;
[2DE5..2DE7] : D5;
[2DE8..2DEC] : B1;
[2DED..2DEF] : D5;
[2DF0..2DF2] : B1;
[2DF3..2DF7] : D5;
[2DF8..2DFA] : B1;
[2DFB..2DFF] : D5;

-- Sprite 184 - Parte do Background
[2E00..2E12] : B1;
[2E13..2E17] : D5;
[2E18..2E1A] : B1;
[2E1B..2E3F] : D5;

-- Sprite 185 - Parte do Background
[2E40..2E4F] : B1;
[2E50..2E52] : D5;
[2E53..2E57] : B1;
[2E58..2E5A] : D5;
[2E5B..2E5F] : B1;
[2E60..2E65] : D5;
[2E66..2E67] : B1;
[2E68..2E6D] : D5;
[2E6E..2E6F] : B1;
[2E70..2E75] : D5;
[2E76..2E77] : B1;
[2E78..2E7D] : D5;
[2E7E..2E7F] : B1;

-- Sprite 186 - Parte do Background
[2E80..2E81] : B1;
[2E82..2E87] : D5;
[2E88..2E89] : B1;
[2E8A..2E8F] : D5;
[2E90..2EBF] : B1;

-- Sprite 187 - Parte do Background
[2EC0..2ECF] : D5;
[2ED0..2ED1] : B1;
[2ED2..2ED7] : D5;
2ED8 : B1;
[2ED9..2EDF] : D5;
[2EE0..2EFF] : B1;

-- Sprite 188 - Parte do Background
[2F00..2F1D] : D5;
[2F1E..2F3F] : B1;

-- Sprite 189 - Parte do Background
[2F40..2F41] : D5;
2F42 : B1;
[2F43..2F48] : D5;
[2F49..2F4A] : B1;
[2F4B..2F53] : D5;
[2F54..2F57] : B1;
[2F58..2F5B] : D5;
[2F5C..2F7F] : B1;

-- Sprite 190 - Parte do Background
[2F80..2F84] : D5;
[2F85..2F87] : B1;
[2F88..2F8B] : D5;
[2F8C..2FBF] : B1;

-- Sprite 191 - Parte do Background
[2FC0..2FC7] : D5;
2FC8 : B1;
[2FC9..2FD1] : D5;
[2FD2..2FD5] : B1;
[2FD6..2FD7] : D5;
[2FD8..2FFF] : B1;

-- Sprite 192 - Parte do Background
[3000..3015] : D5;
[3016..3017] : B1;
[3018..301B] : D5;
301C : B1;
301D : D5;
[301E..303F] : B1;

-- Sprite 193 - Parte do Background
[3040..304F] : D5;
[3050..3051] : B1;
[3052..3057] : D5;
3058 : B1;
3059 : D5;
[305A..305B] : B1;
[305C..305F] : D5;
[3060..307F] : B1;

-- Sprite 194 - Parte do Background
[3080..3085] : D5;
[3086..3087] : B1;
[3088..309F] : D5;
30A0 : B1;
[30A1..30A7] : D5;
30A8 : B1;
30A9 : D5;
30AA : B1;
30AB : D5;
30AC : B1;
[30AD..30AF] : D5;
[30B0..30B4] : B1;
[30B5..30B7] : D5;
[30B8..30BC] : B1;
30BD : D5;
[30BE..30BF] : B1;

-- Sprite 195 - Parte do Background
[30C0..30C2] : D5;
[30C3..30C7] : B1;
[30C8..30CA] : D5;
[30CB..30CF] : B1;
[30D0..30D4] : D5;
30D5 : B1;
30D6 : 48;
30D7 : 08;
[30D8..30DB] : D5;
[30DC..30DD] : B1;
30DE : 48;
30DF : 08;
[30E0..30E1] : D5;
30E2 : B1;
[30E3..30E4] : D5;
30E5 : 08;
30E6 : 44;
30E7 : 84;
[30E8..30EA] : D5;
[30EB..30EC] : 91;
30ED : 08;
30EE : 44;
30EF : 89;
[30F0..30F2] : B1;
[30F3..30F4] : 08;
[30F5..30F6] : B1;
30F7 : AD;
[30F8..30F9] : D5;
30FA : B1;
[30FB..30FC] : 08;
[30FD..30FE] : B1;
30FF : 89;

-- Sprite 196 - Parte do Background
3100 : 49;
[3101..3103] : 08;
3104 : B1;
3105 : DA;
3106 : B1;
[3107..3108] : 89;
[3109..310B] : 08;
310C : B1;
310D : D5;
310E : 89;
310F : AD;
3110 : 44;
3111 : 84;
3112 : D5;
[3113..3114] : DA;
3115 : D5;
3116 : 91;
3117 : AD;
3118 : 44;
3119 : 89;
311A : D5;
311B : DA;
[311C..311D] : D5;
[311E..3120] : 89;
3121 : AD;
[3122..3125] : DA;
3126 : B1;
3127 : AD;
3128 : 89;
3129 : AD;
[312A..312D] : DA;
312E : B1;
312F : AD;
3130 : 89;
3131 : AD;
[3132..3135] : DA;
3136 : B1;
[3137..3139] : AD;
[313A..313D] : DA;
313E : 91;
313F : AD;

-- Sprite 197 - Parte do Background
[3140..3143] : 89;
[3144..3145] : B1;
[3146..3147] : 08;
3148 : AD;
3149 : 89;
314A : AD;
314B : 89;
[314C..314D] : B1;
[314E..314F] : 08;
3150 : 89;
[3151..3152] : AD;
3153 : 89;
3154 : D5;
[3155..3157] : DA;
3158 : 89;
[3159..315A] : AD;
315B : 89;
[315C..315F] : DA;
[3160..3161] : AD;
[3162..3163] : 89;
3164 : DA;
[3165..3166] : D5;
3167 : DA;
[3168..3169] : AD;
[316A..316B] : 89;
316C : DA;
[316D..316E] : D5;
316F : DA;
[3170..3173] : AD;
3174 : DA;
[3175..3176] : D5;
3177 : DA;
[3178..317B] : AD;
[317C..317F] : DA;

-- Sprite 198 - Parte do Background
[3180..3181] : 08;
[3182..3187] : B1;
[3188..3189] : 08;
[318A..318F] : B1;
[3190..3191] : 89;
3192 : 08;
3193 : 44;
[3194..3197] : B1;
[3198..3199] : 89;
319A : 08;
319B : 44;
[319C..319F] : B1;
31A0 : 89;
31A1 : AD;
31A2 : 89;
31A3 : 64;
[31A4..31A5] : 08;
[31A6..31A7] : B1;
[31A8..31A9] : AD;
31AA : 89;
31AB : 84;
31AC : 08;
31AD : 44;
31AE : 89;
31AF : B1;
31B0 : AD;
31B1 : 89;
31B2 : AD;
31B3 : 89;
31B4 : B1;
31B5 : 91;
31B6 : 08;
31B7 : 89;
31B8 : AD;
[31B9..31BB] : 89;
31BC : B1;
31BD : 91;
31BE : 08;
31BF : 89;

-- Sprite 199 - Parte do Background
31C0 : B1;
[31C1..31C7] : D5;
[31C8..31C9] : B1;
[31CA..31CF] : D5;
[31D0..31FF] : B1;

-- Sprite 200 - Parte do Background
[3200..320F] : D5;
[3210..323F] : B1;

-- Sprite 201 - Parte do Background
[3240..3242] : D5;
[3243..3247] : B1;
[3248..324A] : D5;
[324B..3272] : B1;
[3273..3277] : D5;
[3278..327A] : B1;
[327B..327F] : D5;

-- Sprite 202 - Parte do Background
[3280..32AE] : B1;
32AF : D5;
[32B0..32B4] : B1;
[32B5..32B7] : D5;
[32B8..32BD] : B1;
[32BE..32BF] : D5;

-- Sprite 203 - Parte do Background
[32C0..32DF] : B1;
32E0 : D5;
[32E1..32E2] : B1;
[32E3..32E4] : D5;
[32E5..32E7] : B1;
[32E8..32EC] : D5;
[32ED..32EF] : B1;
[32F0..32FF] : D5;

-- Sprite 204 - Parte do Background
[3300..3324] : B1;
[3325..3327] : D5;
[3328..332C] : B1;
[332D..333F] : D5;

-- Sprite 205 - Parte do Background
[3340..3355] : B1;
[3356..3357] : D5;
[3358..335D] : B1;
[335E..337F] : D5;

-- Sprite 206 - Parte do Background
[3380..338F] : B1;
[3390..3392] : D5;
[3393..3397] : B1;
[3398..339C] : D5;
[339D..339F] : B1;
[33A0..33A5] : D5;
[33A6..33A7] : B1;
[33A8..33AD] : D5;
[33AE..33AF] : B1;
[33B0..33B5] : D5;
[33B6..33B7] : B1;
[33B8..33BD] : D5;
[33BE..33BF] : B1;

-- Sprite 207 - Parte do Background
33C0 : B1;
[33C1..33C7] : D5;
33C8 : B1;
[33C9..33CF] : D5;
[33D0..33D2] : B1;
[33D3..33D6] : D5;
[33D7..33DA] : B1;
[33DB..33DE] : D5;
[33DF..33FE] : B1;
33FF : D5;

-- Sprite 208 - Parte do Background
[3400..340F] : D5;
[3410..3412] : B1;
[3413..3417] : D5;
[3418..341A] : B1;
[341B..341F] : D5;
[3420..3424] : B1;
[3425..3427] : D5;
[3428..342C] : B1;
[342D..342F] : D5;
[3430..3434] : B1;
[3435..3437] : D5;
[3438..343C] : B1;
[343D..343F] : D5;

-- Sprite 209 - Parte do Background
[3440..3455] : D5;
[3456..3457] : B1;
[3458..345D] : D5;
[345E..345F] : B1;
[3460..3465] : D5;
[3466..3467] : B1;
[3468..346D] : D5;
[346E..346F] : B1;
[3470..3473] : D5;
[3474..3477] : B1;
[3478..347B] : D5;
[347C..347F] : B1;

-- Sprite 210 - Parte do Background
[3480..3486] : B1;
3487 : D5;
[3488..348E] : B1;
348F : D5;
[3490..3494] : B1;
[3495..3497] : D5;
[3498..349C] : B1;
[349D..349F] : D5;
[34A0..34A4] : B1;
[34A5..34A7] : D5;
[34A8..34AC] : B1;
[34AD..34AF] : D5;
[34B0..34B4] : B1;
[34B5..34B7] : D5;
[34B8..34BC] : B1;
[34BD..34BF] : D5;

-- Sprite 211 - Parte do Background
[34C0..34C1] : D5;
[34C2..34C3] : B1;
[34C4..34C9] : D5;
[34CA..34CB] : B1;
[34CC..34D2] : D5;
34D3 : B1;
[34D4..34DA] : D5;
[34DB..34DC] : B1;
[34DD..34E4] : D5;
34E5 : B1;
34E6 : D5;
34E7 : B1;
[34E8..34EC] : D5;
34ED : B1;
[34EE..34F4] : D5;
34F5 : B1;
[34F6..34FF] : D5;

-- Sprite 212 - Parte do Background
[3500..3505] : D5;
[3506..3507] : B1;
[3508..350D] : D5;
[350E..350F] : B1;
[3510..353F] : D5;

-- Sprite 213 - Parte do Background
[3540..354F] : B1;
[3550..355D] : D5;
355E : B1;
[355F..3576] : D5;
3577 : B1;
[3578..357F] : D5;

-- Sprite 214 - Parte do Background
[3580..3581] : B1;
[3582..3587] : D5;
[3588..3589] : B1;
[358A..35AF] : D5;
35B0 : B1;
[35B1..35BF] : D5;

-- Sprite 215 - Parte do Background
[35C0..35C5] : D5;
[35C6..35C7] : B1;
[35C8..35CD] : D5;
[35CE..35CF] : B1;
[35D0..35DE] : D5;
35DF : B1;
[35E0..35ED] : D5;
35EE : B1;
[35EF..35F4] : D5;
35F5 : B1;
[35F6..35FC] : D5;
35FD : B1;
[35FE..35FF] : D5;

-- Sprite 216 - Parte do Background
[3600..361F] : B1;
[3620..3625] : D5;
[3626..3627] : B1;
[3628..362D] : D5;
[362E..362F] : B1;
[3630..363E] : D5;
363F : B1;

-- Sprite 217 - Parte do Background
[3640..3668] : B1;
3669 : D5;
[366A..366F] : B1;
[3670..367F] : D5;

-- Sprite 218 - Parte do Background
[3680..36AF] : B1;
36B0 : D5;
[36B1..36B3] : B1;
[36B4..36BF] : D5;

-- Sprite 219 - Parte do Background
[36C0..36EF] : B1;
36F0 : D5;
[36F1..36F7] : B1;
[36F8..36FA] : D5;
[36FB..36FF] : B1;

-- Sprite 220 - Parte do Background
[3700..3701] : D5;
3702 : B1;
[3703..3704] : 08;
3705 : D5;
3706 : B1;
3707 : AD;
3708 : B1;
[3709..370A] : 89;
370B : 64;
370C : 44;
370D : D5;
370E : B1;
370F : AD;
3710 : 91;
[3711..3712] : 08;
[3713..3714] : 89;
3715 : D5;
3716 : B1;
3717 : AD;
3718 : B1;
[3719..371A] : 08;
[371B..371C] : 89;
371D : D5;
371E : B1;
371F : AD;
3720 : B1;
[3721..3722] : 08;
[3723..3724] : 89;
3725 : D5;
3726 : B1;
3727 : AD;
3728 : B1;
[3729..372A] : 08;
[372B..372C] : 89;
372D : D5;
372E : B1;
372F : AD;
3730 : 91;
[3731..3732] : 08;
[3733..3734] : 89;
3735 : D5;
3736 : B1;
3737 : 89;
3738 : 91;
[3739..373A] : 08;
[373B..373C] : 89;
373D : D5;
373E : B1;
373F : AD;

-- Sprite 221 - Parte do Background
[3740..3741] : AD;
[3742..3745] : DA;
3746 : 91;
[3747..3749] : AD;
[374A..374D] : DA;
374E : 91;
[374F..3751] : AD;
[3752..3755] : DA;
3756 : 91;
[3757..3759] : AD;
[375A..375D] : DA;
375E : 91;
[375F..3761] : AD;
[3762..3765] : DA;
3766 : 91;
[3767..3769] : AD;
[376A..376D] : DA;
376E : 91;
[376F..3771] : AD;
[3772..3775] : DA;
3776 : 91;
[3777..3779] : AD;
[377A..377D] : DA;
377E : B1;
377F : AD;

-- Sprite 222 - Parte do Background
[3780..3783] : AD;
[3784..3787] : DA;
[3788..378B] : AD;
[378C..378F] : DA;
[3790..3793] : AD;
[3794..3797] : DA;
[3798..379B] : AD;
[379C..379F] : DA;
[37A0..37A3] : AD;
[37A4..37A7] : DA;
[37A8..37AB] : AD;
[37AC..37AF] : DA;
[37B0..37B3] : AD;
37B4 : DA;
[37B5..37B6] : D5;
37B7 : DA;
[37B8..37B9] : AD;
[37BA..37BB] : 89;
37BC : DA;
[37BD..37BE] : D5;
37BF : DA;

-- Sprite 223 - Parte do Background
[37C0..37C1] : AD;
[37C2..37C3] : 89;
[37C4..37C5] : D5;
37C6 : 08;
37C7 : 89;
37C8 : AD;
[37C9..37CB] : 89;
37CC : DA;
37CD : D5;
37CE : 64;
37CF : 89;
37D0 : AD;
[37D1..37D3] : 89;
37D4 : D5;
37D5 : DA;
37D6 : 89;
37D7 : 08;
37D8 : AD;
[37D9..37DB] : 89;
37DC : DA;
37DD : D5;
37DE : 89;
37DF : 08;
37E0 : AD;
[37E1..37E3] : 89;
37E4 : DA;
37E5 : D5;
37E6 : 89;
37E7 : 08;
37E8 : AD;
[37E9..37EB] : 89;
37EC : DA;
37ED : D5;
37EE : 89;
37EF : 08;
37F0 : AD;
[37F1..37F3] : 89;
37F4 : DA;
37F5 : D5;
37F6 : 89;
37F7 : 08;
37F8 : AD;
37F9 : 89;
[37FA..37FB] : AD;
[37FC..37FD] : D5;
37FE : 89;
37FF : 08;

-- Sprite 224 - Parte do Background
[3800..3807] : B1;
3808 : 44;
3809 : 89;
380A : B1;
[380B..380E] : D5;
380F : B1;
3810 : 08;
3811 : 89;
3812 : B1;
[3813..3816] : D5;
3817 : B1;
3818 : 08;
3819 : 89;
[381A..381E] : D5;
381F : B1;
3820 : 08;
3821 : 89;
[3822..3827] : D5;
3828 : 08;
3829 : 89;
[382A..382F] : D5;
3830 : 08;
3831 : 89;
[3832..3837] : D5;
3838 : 08;
3839 : 89;
[383A..383F] : D5;

-- Sprite 225 - Parte do Background
[3840..384E] : B1;
384F : D5;
[3850..3856] : B1;
[3857..3865] : D5;
3866 : B1;
[3867..387F] : D5;

-- Sprite 226 - Parte do Background
3880 : B1;
[3881..3887] : D5;
3888 : B1;
[3889..388F] : D5;
3890 : B1;
[3891..38BF] : D5;

-- Sprite 227 - Parte do Background
[38C0..38C1] : D5;
[38C2..38C7] : B1;
[38C8..38CB] : D5;
[38CC..38CF] : B1;
[38D0..38D3] : D5;
[38D4..38D7] : B1;
[38D8..38FF] : D5;

-- Sprite 228 - Parte do Background
[3900..390A] : B1;
[390B..390F] : D5;
[3910..3912] : B1;
[3913..3917] : D5;
[3918..3919] : B1;
[391A..393F] : D5;

-- Sprite 229 - Parte do Background
[3940..3944] : D5;
[3945..3947] : B1;
[3948..394C] : D5;
[394D..394F] : B1;
[3950..3954] : D5;
[3955..3957] : B1;
[3958..395E] : D5;
395F : B1;
[3960..3966] : D5;
3967 : B1;
[3968..396E] : D5;
396F : B1;
[3970..397F] : D5;

-- Sprite 230 - Parte do Background
[3980..39A7] : B1;
[39A8..39A9] : D5;
[39AA..39AF] : B1;
[39B0..39B2] : D5;
[39B3..39B7] : B1;
39B8 : D5;
[39B9..39BF] : B1;

-- Sprite 231 - Parte do Background
[39C0..39C4] : B1;
[39C5..39C7] : D5;
[39C8..39FF] : B1;

-- Sprite 232 - Parte do Background
[3A00..3A07] : D5;
[3A08..3A3F] : B1;

-- Sprite 233 - Parte do Background
[3A40..3A46] : B1;
3A47 : D5;
[3A48..3A4E] : B1;
3A4F : D5;
[3A50..3A56] : B1;
3A57 : D5;
[3A58..3A5D] : B1;
[3A5E..3A5F] : D5;
[3A60..3A64] : B1;
[3A65..3A67] : D5;
[3A68..3A69] : B1;
[3A6A..3A6F] : D5;
3A70 : B1;
[3A71..3A77] : D5;
[3A78..3A79] : B1;
[3A7A..3A7F] : D5;

-- Sprite 234 - Parte do Background
[3A80..3A88] : D5;
3A89 : B1;
[3A8A..3A90] : D5;
[3A91..3A92] : B1;
[3A93..3A9A] : D5;
3A9B : B1;
[3A9C..3AA2] : D5;
3AA3 : B1;
[3AA4..3AAA] : D5;
3AAB : B1;
[3AAC..3AB2] : D5;
3AB3 : B1;
[3AB4..3ABF] : D5;

-- Sprite 235 - Parte do Background
[3AC0..3AF7] : D5;
3AF8 : B1;
[3AF9..3AFF] : D5;

-- Sprite 236 - Parte do Background
[3B00..3B04] : D5;
3B05 : B1;
[3B06..3B0C] : D5;
3B0D : B1;
[3B0E..3B14] : D5;
3B15 : B1;
[3B16..3B1C] : D5;
3B1D : B1;
[3B1E..3B24] : D5;
3B25 : B1;
[3B26..3B2C] : D5;
3B2D : B1;
[3B2E..3B34] : D5;
3B35 : B1;
[3B36..3B3F] : D5;

-- Sprite 237 - Parte do Background
[3B40..3B47] : B1;
[3B48..3B4A] : D5;
[3B4B..3B4F] : B1;
[3B50..3B53] : D5;
[3B54..3B57] : B1;
[3B58..3B7F] : D5;

-- Sprite 238 - Parte do Background
[3B80..3B98] : B1;
[3B99..3B9A] : D5;
[3B9B..3B9C] : B1;
[3B9D..3BA1] : D5;
3BA2 : B1;
[3BA3..3BA9] : D5;
3BAA : B1;
[3BAB..3BBF] : D5;

-- Sprite 239 - Parte do Background
[3BC0..3BD7] : B1;
3BD8 : D5;
[3BD9..3BDF] : B1;
3BE0 : D5;
[3BE1..3BE7] : B1;
[3BE8..3BEA] : D5;
[3BEB..3BEF] : B1;
[3BF0..3BF2] : D5;
[3BF3..3BF7] : B1;
[3BF8..3BFC] : D5;
[3BFD..3BFF] : B1;

-- Sprite 240 - Parte do Background
[3C00..3C02] : D5;
[3C03..3C07] : B1;
[3C08..3C0C] : D5;
[3C0D..3C0F] : B1;
[3C10..3C14] : D5;
[3C15..3C17] : B1;
[3C18..3C3F] : D5;

-- Sprite 241 - Parte do Background
3C40 : 91;
[3C41..3C42] : 08;
[3C43..3C44] : 89;
3C45 : D5;
3C46 : B1;
3C47 : 89;
3C48 : 91;
[3C49..3C4A] : 08;
[3C4B..3C4C] : 89;
[3C4D..3C4E] : B1;
3C4F : 89;
3C50 : 91;
[3C51..3C52] : 08;
[3C53..3C54] : 89;
3C55 : D5;
3C56 : B1;
3C57 : 89;
[3C58..3C59] : B1;
3C5A : 91;
[3C5B..3C5C] : 08;
3C5D : D5;
3C5E : B1;
3C5F : 89;
3C60 : D5;
3C61 : B1;
3C62 : 91;
[3C63..3C64] : 08;
3C65 : D5;
3C66 : B1;
3C67 : 89;
[3C68..3C69] : D5;
3C6A : B1;
[3C6B..3C6C] : 08;
3C6D : 91;
[3C6E..3C6F] : 89;
[3C70..3C71] : D5;
3C72 : B1;
[3C73..3C74] : 08;
3C75 : B1;
3C76 : AD;
3C77 : 89;
[3C78..3C7A] : D5;
[3C7B..3C7C] : B1;
3C7D : 08;
3C7E : 44;
3C7F : 84;

-- Sprite 242 - Parte do Background
[3C80..3C81] : AD;
[3C82..3C85] : DA;
3C86 : B1;
[3C87..3C89] : AD;
3C8A : D5;
[3C8B..3C8D] : DA;
3C8E : 91;
3C8F : 89;
[3C90..3C91] : AD;
[3C92..3C95] : D5;
3C96 : B1;
[3C97..3C99] : 89;
[3C9A..3C9D] : D5;
3C9E : 91;
3C9F : AD;
[3CA0..3CA1] : 89;
[3CA2..3CA5] : D5;
3CA6 : 91;
3CA7 : AD;
[3CA8..3CA9] : 89;
[3CAA..3CAC] : D5;
3CAD : DA;
3CAE : 91;
3CAF : AD;
[3CB0..3CB1] : 89;
[3CB2..3CB5] : D5;
3CB6 : 91;
3CB7 : AD;
3CB8 : 84;
3CB9 : 89;
3CBA : B1;
[3CBB..3CBC] : D5;
3CBD : DA;
3CBE : 91;
3CBF : AD;

-- Sprite 243 - Parte do Background
[3CC0..3CC2] : AD;
3CC3 : 89;
3CC4 : DA;
[3CC5..3CC6] : D5;
3CC7 : DA;
3CC8 : 89;
[3CC9..3CCA] : AD;
3CCB : 89;
3CCC : DA;
[3CCD..3CCE] : D5;
3CCF : DA;
[3CD0..3CD2] : AD;
3CD3 : 89;
[3CD4..3CD5] : DA;
3CD6 : D5;
3CD7 : DA;
[3CD8..3CDA] : AD;
3CDB : 89;
3CDC : DA;
3CDD : D5;
[3CDE..3CDF] : DA;
[3CE0..3CE2] : AD;
3CE3 : 89;
3CE4 : DA;
[3CE5..3CE6] : D5;
3CE7 : DA;
3CE8 : 89;
[3CE9..3CEA] : AD;
3CEB : 89;
3CEC : DA;
[3CED..3CEF] : D5;
[3CF0..3CF2] : AD;
3CF3 : 89;
3CF4 : DA;
[3CF5..3CF7] : D5;
3CF8 : 89;
[3CF9..3CFA] : AD;
3CFB : 89;
3CFC : DA;
[3CFD..3CFE] : D5;
3CFF : B1;

-- Sprite 244 - Parte do Background
3D00 : AD;
[3D01..3D02] : 89;
3D03 : AD;
[3D04..3D05] : D5;
3D06 : 89;
3D07 : 08;
3D08 : AD;
[3D09..3D0B] : 89;
3D0C : D5;
3D0D : B1;
3D0E : 89;
3D0F : 08;
3D10 : AD;
[3D11..3D13] : 89;
3D14 : D5;
3D15 : B1;
3D16 : 89;
3D17 : 08;
3D18 : AD;
[3D19..3D1B] : 89;
3D1C : D5;
3D1D : B1;
3D1E : 08;
3D1F : 91;
3D20 : AD;
[3D21..3D23] : 89;
3D24 : D5;
3D25 : 91;
3D26 : 08;
3D27 : 91;
[3D28..3D2B] : 89;
3D2C : B1;
3D2D : 91;
3D2E : 08;
3D2F : 91;
[3D30..3D33] : 89;
3D34 : B1;
3D35 : 91;
3D36 : 08;
3D37 : 91;
[3D38..3D39] : 89;
3D3A : 84;
3D3B : 44;
[3D3C..3D3D] : 08;
[3D3E..3D3F] : B1;

-- Sprite 245 - Parte do Background
3D40 : 08;
3D41 : 89;
[3D42..3D47] : D5;
3D48 : 08;
3D49 : 89;
[3D4A..3D4F] : D5;
3D50 : 08;
3D51 : 89;
[3D52..3D5F] : D5;
[3D60..3D63] : B1;
[3D64..3D68] : D5;
[3D69..3D6A] : B1;
[3D6B..3D6F] : D5;
3D70 : B1;
[3D71..3D7F] : D5;

-- Sprite 246 - Parte do Background
3D80 : D5;
[3D81..3D87] : B1;
[3D88..3D8A] : D5;
[3D8B..3D8F] : B1;
[3D90..3D91] : D5;
[3D92..3D97] : B1;
[3D98..3D9B] : D5;
[3D9C..3D9D] : B1;
[3D9E..3DBF] : D5;

-- Sprite 247 - Parte do Background
[3DC0..3DCA] : B1;
[3DCB..3DCF] : D5;
[3DD0..3DD2] : B1;
[3DD3..3DFF] : D5;

-- Sprite 248 - Parte do Background
[3E00..3E07] : B1;
[3E08..3E0B] : D5;
[3E0C..3E0D] : B1;
[3E0E..3E12] : D5;
3E13 : B1;
[3E14..3E1D] : D5;
[3E1E..3E1F] : B1;
[3E20..3E26] : D5;
3E27 : B1;
[3E28..3E2E] : D5;
3E2F : B1;
[3E30..3E3F] : D5;

-- Sprite 249 - Parte do Background
[3E40..3E57] : B1;
[3E58..3E67] : D5;
[3E68..3E69] : B1;
[3E6A..3E7A] : D5;
3E7B : B1;
[3E7C..3E7F] : D5;

-- Sprite 250 - Parte do Background
[3E80..3E84] : D5;
3E85 : B1;
[3E86..3E8E] : D5;
3E8F : B1;
[3E90..3E96] : D5;
3E97 : B1;
[3E98..3EBF] : D5;

-- Sprite 251 - Parte do Background
[3EC0..3ED8] : D5;
3ED9 : B1;
[3EDA..3EE0] : D5;
3EE1 : B1;
[3EE2..3EE8] : D5;
3EE9 : B1;
[3EEA..3EF0] : D5;
3EF1 : B1;
[3EF2..3EFF] : D5;

-- Sprite 252 - Parte do Background
3F00 : B1;
[3F01..3F07] : D5;
3F08 : B1;
[3F09..3F0F] : D5;
3F10 : B1;
[3F11..3F19] : D5;
3F1A : B1;
[3F1B..3F1F] : D5;
3F20 : B1;
3F21 : D5;
3F22 : B1;
[3F23..3F29] : D5;
3F2A : B1;
[3F2B..3F31] : D5;
3F32 : B1;
[3F33..3F3F] : D5;

-- Sprite 253 - Parte do Background
[3F40..3F44] : D5;
3F45 : B1;
[3F46..3F4C] : D5;
3F4D : B1;
[3F4E..3F54] : D5;
3F55 : B1;
[3F56..3F5A] : D5;
3F5B : B1;
[3F5C..3F62] : D5;
3F63 : B1;
[3F64..3F6A] : D5;
3F6B : B1;
[3F6C..3F72] : D5;
3F73 : B1;
[3F74..3F7A] : D5;
3F7B : B1;
[3F7C..3F7F] : D5;

-- Sprite 254 - Parte do Background
[3F80..3F86] : D5;
3F87 : B1;
[3F88..3F95] : D5;
3F96 : B1;
[3F97..3F9B] : D5;
3F9C : B1;
[3F9D..3FA3] : D5;
3FA4 : B1;
[3FA5..3FAB] : D5;
3FAC : B1;
[3FAD..3FB3] : D5;
3FB4 : B1;
[3FB5..3FBF] : D5;

-- Sprite 255 - Parte do Background
3FC0 : B1;
[3FC1..3FFF] : D5;


-- Novos tiles da imagem (40x30 = 1200 tiles)
4000 : 83;
4001 : 83;
4002 : 83;
4003 : 83;
4004 : 83;
4005 : 83;
4006 : 83;
4007 : 83;
4008 : 83;
4009 : 83;
400A : 83;
400B : 83;
400C : 83;
400D : 83;
400E : 83;
400F : 83;
4010 : 83;
4011 : 83;
4012 : 83;
4013 : 83;
4014 : 83;
4015 : 83;
4016 : 83;
4017 : 83;
4018 : 83;
4019 : 83;
401A : 83;
401B : 83;
401C : 83;
401D : 83;
401E : 83;
401F : 83;
4020 : 83;
4021 : 83;
4022 : 83;
4023 : 83;
4024 : 83;
4025 : 83;
4026 : 83;
4027 : 83;
4028 : 83;
4029 : 83;
402A : 83;
402B : 83;
402C : 83;
402D : 83;
402E : 83;
402F : 83;
4030 : 83;
4031 : 83;
4032 : 83;
4033 : 83;
4034 : 83;
4035 : 83;
4036 : 83;
4037 : 83;
4038 : 83;
4039 : 83;
403A : 83;
403B : 83;
403C : 83;
403D : 83;
403E : 83;
403F : 83;
4040 : 83;
4041 : 83;
4042 : 83;
4043 : 83;
4044 : 8B;
4045 : B7;
4046 : B6;
4047 : B7;
4048 : 83;
4049 : 83;
404A : 83;
404B : 83;
404C : 8B;
404D : B7;
404E : B6;
404F : B7;
4050 : 83;
4051 : 83;
4052 : 83;
4053 : 83;
4054 : 8B;
4055 : B7;
4056 : B6;
4057 : B7;
4058 : 83;
4059 : 83;
405A : 83;
405B : 83;
405C : 8B;
405D : B7;
405E : B6;
405F : B7;
4060 : 83;
4061 : 83;
4062 : 83;
4063 : A3;
4064 : 8B;
4065 : B7;
4066 : B6;
4067 : B7;
4068 : 83;
4069 : 83;
406A : A3;
406B : A3;
406C : 8B;
406D : B7;
406E : B6;
406F : B7;
4070 : 83;
4071 : 83;
4072 : A3;
4073 : A3;
4074 : 8B;
4075 : B7;
4076 : B6;
4077 : B7;
4078 : 83;
4079 : 83;
407A : 83;
407B : 83;
407C : 8B;
407D : B7;
407E : B6;
407F : B7;
4080 : B7;
4081 : B7;
4082 : B7;
4083 : B7;
4084 : B7;
4085 : B7;
4086 : B7;
4087 : B7;
4088 : B7;
4089 : B7;
408A : B7;
408B : B7;
408C : B7;
408D : B7;
408E : B7;
408F : B7;
4090 : B7;
4091 : B7;
4092 : B7;
4093 : B7;
4094 : B7;
4095 : B7;
4096 : B7;
4097 : B7;
4098 : B7;
4099 : B7;
409A : B7;
409B : B7;
409C : B7;
409D : B7;
409E : B7;
409F : B7;
40A0 : B7;
40A1 : B7;
40A2 : B7;
40A3 : B7;
40A4 : B7;
40A5 : B7;
40A6 : B7;
40A7 : B7;
40A8 : B7;
40A9 : B7;
40AA : B7;
40AB : B7;
40AC : B7;
40AD : B7;
40AE : B7;
40AF : B7;
40B0 : B7;
40B1 : B7;
40B2 : B6;
40B3 : B6;
40B4 : B7;
40B5 : B7;
40B6 : B7;
40B7 : B7;
40B8 : B7;
40B9 : B7;
40BA : B6;
40BB : B6;
40BC : B7;
40BD : B7;
40BE : B7;
40BF : B7;
40C0 : B6;
40C1 : 8F;
40C2 : 43;
40C3 : 43;
40C4 : 43;
40C5 : 43;
40C6 : 43;
40C7 : 43;
40C8 : B6;
40C9 : 8F;
40CA : 43;
40CB : 43;
40CC : 43;
40CD : 43;
40CE : 43;
40CF : 43;
40D0 : B6;
40D1 : 8F;
40D2 : 43;
40D3 : 43;
40D4 : 43;
40D5 : 43;
40D6 : 43;
40D7 : 43;
40D8 : B6;
40D9 : 8F;
40DA : 43;
40DB : 43;
40DC : 43;
40DD : 43;
40DE : 43;
40DF : 43;
40E0 : B6;
40E1 : 8F;
40E2 : 43;
40E3 : 43;
40E4 : 43;
40E5 : 43;
40E6 : 43;
40E7 : 43;
40E8 : B6;
40E9 : 8F;
40EA : 43;
40EB : 43;
40EC : 43;
40ED : 43;
40EE : 43;
40EF : 43;
40F0 : B6;
40F1 : 8F;
40F2 : 43;
40F3 : 43;
40F4 : 43;
40F5 : 43;
40F6 : 43;
40F7 : 43;
40F8 : B6;
40F9 : 8F;
40FA : 43;
40FB : 43;
40FC : 43;
40FD : 43;
40FE : 43;
40FF : 43;
4100 : 43;
4101 : 43;
4102 : 43;
4103 : 43;
4104 : 43;
4105 : 43;
4106 : 82;
4107 : A4;
4108 : 43;
4109 : 43;
410A : 43;
410B : 43;
410C : 43;
410D : 43;
410E : 82;
410F : A4;
4110 : 43;
4111 : 43;
4112 : 43;
4113 : 43;
4114 : 43;
4115 : 43;
4116 : 82;
4117 : A4;
4118 : 43;
4119 : 43;
411A : 43;
411B : 43;
411C : 43;
411D : 43;
411E : 82;
411F : A4;
4120 : 43;
4121 : 43;
4122 : 43;
4123 : 43;
4124 : 43;
4125 : 43;
4126 : 82;
4127 : A4;
4128 : 43;
4129 : 43;
412A : 43;
412B : 43;
412C : 43;
412D : 43;
412E : 82;
412F : A4;
4130 : 43;
4131 : 43;
4132 : 43;
4133 : 43;
4134 : 43;
4135 : 43;
4136 : 82;
4137 : A4;
4138 : 43;
4139 : 43;
413A : 43;
413B : 43;
413C : 43;
413D : 43;
413E : 82;
413F : A4;
4140 : A4;
4141 : A4;
4142 : A4;
4143 : A4;
4144 : A4;
4145 : A4;
4146 : A4;
4147 : A4;
4148 : A4;
4149 : A4;
414A : A4;
414B : A4;
414C : A4;
414D : A4;
414E : A4;
414F : A4;
4150 : A4;
4151 : A4;
4152 : A4;
4153 : A4;
4154 : A4;
4155 : A4;
4156 : A4;
4157 : A4;
4158 : A4;
4159 : A4;
415A : A4;
415B : A4;
415C : A4;
415D : A4;
415E : A4;
415F : A4;
4160 : A4;
4161 : A4;
4162 : A4;
4163 : A4;
4164 : A4;
4165 : A4;
4166 : A4;
4167 : A4;
4168 : A4;
4169 : A4;
416A : A4;
416B : A4;
416C : A4;
416D : A4;
416E : A4;
416F : A4;
4170 : A4;
4171 : A4;
4172 : A4;
4173 : A4;
4174 : A4;
4175 : A4;
4176 : A4;
4177 : A4;
4178 : A4;
4179 : A4;
417A : A4;
417B : A4;
417C : A4;
417D : A4;
417E : A4;
417F : A4;
4180 : A4;
4181 : A4;
4182 : A4;
4183 : CC;
4184 : EC;
4185 : EC;
4186 : EC;
4187 : EC;
4188 : A4;
4189 : A4;
418A : A4;
418B : CC;
418C : EC;
418D : EC;
418E : EC;
418F : EC;
4190 : A4;
4191 : A4;
4192 : A4;
4193 : CC;
4194 : EC;
4195 : EC;
4196 : EC;
4197 : EC;
4198 : A4;
4199 : A4;
419A : A4;
419B : CC;
419C : EC;
419D : EC;
419E : EC;
419F : EC;
41A0 : A4;
41A1 : A4;
41A2 : A4;
41A3 : CC;
41A4 : EC;
41A5 : EC;
41A6 : EC;
41A7 : EC;
41A8 : A4;
41A9 : A4;
41AA : A4;
41AB : CC;
41AC : EC;
41AD : EC;
41AE : EC;
41AF : EC;
41B0 : A4;
41B1 : A4;
41B2 : A4;
41B3 : CC;
41B4 : EC;
41B5 : EC;
41B6 : EC;
41B7 : EC;
41B8 : A4;
41B9 : A4;
41BA : A4;
41BB : CC;
41BC : EC;
41BD : EC;
41BE : EC;
41BF : EC;
41C0 : EC;
41C1 : EC;
41C2 : EC;
41C3 : EC;
41C4 : EC;
41C5 : EC;
41C6 : EC;
41C7 : CD;
41C8 : EC;
41C9 : EC;
41CA : EC;
41CB : EC;
41CC : EC;
41CD : EC;
41CE : EC;
41CF : CD;
41D0 : EC;
41D1 : EC;
41D2 : EC;
41D3 : EC;
41D4 : EC;
41D5 : EC;
41D6 : EC;
41D7 : CD;
41D8 : EC;
41D9 : EC;
41DA : EC;
41DB : EC;
41DC : EC;
41DD : EC;
41DE : EC;
41DF : CD;
41E0 : EC;
41E1 : EC;
41E2 : EC;
41E3 : EC;
41E4 : EC;
41E5 : EC;
41E6 : EC;
41E7 : CD;
41E8 : EC;
41E9 : EC;
41EA : EC;
41EB : EC;
41EC : EC;
41ED : EC;
41EE : EC;
41EF : CD;
41F0 : EC;
41F1 : EC;
41F2 : EC;
41F3 : EC;
41F4 : EC;
41F5 : EC;
41F6 : EC;
41F7 : CD;
41F8 : EC;
41F9 : EC;
41FA : EC;
41FB : EC;
41FC : EC;
41FD : EC;
41FE : EC;
41FF : CD;
4200 : 4A;
4201 : 2A;
4202 : 4A;
4203 : 4A;
4204 : 4A;
4205 : 4A;
4206 : 4A;
4207 : 4A;
4208 : 4A;
4209 : 2A;
420A : 4A;
420B : 4A;
420C : 4A;
420D : 4A;
420E : 4A;
420F : 4A;
4210 : 4A;
4211 : 2A;
4212 : 4A;
4213 : 4A;
4214 : 4A;
4215 : 4A;
4216 : 4A;
4217 : 4A;
4218 : 4A;
4219 : 2A;
421A : 4A;
421B : 4A;
421C : 4A;
421D : 4A;
421E : 4A;
421F : 4A;
4220 : 4A;
4221 : 2A;
4222 : 4A;
4223 : 4A;
4224 : 4A;
4225 : 4A;
4226 : 4A;
4227 : 4A;
4228 : 4A;
4229 : 2A;
422A : 4A;
422B : 4A;
422C : 4A;
422D : 4A;
422E : 4A;
422F : 4A;
4230 : 4A;
4231 : 2A;
4232 : 4A;
4233 : 4A;
4234 : 4A;
4235 : 4A;
4236 : 4A;
4237 : 4A;
4238 : 4A;
4239 : 2A;
423A : 4A;
423B : 4A;
423C : 4A;
423D : 4A;
423E : 4A;
423F : 4A;
4240 : 4A;
4241 : 4A;
4242 : 4A;
4243 : 2A;
4244 : 69;
4245 : E8;
4246 : E8;
4247 : E8;
4248 : 4A;
4249 : 4A;
424A : 4A;
424B : 2A;
424C : 69;
424D : E8;
424E : E8;
424F : E8;
4250 : 4A;
4251 : 4A;
4252 : 4A;
4253 : 2A;
4254 : 69;
4255 : E8;
4256 : E8;
4257 : E8;
4258 : 4A;
4259 : 4A;
425A : 4A;
425B : 2A;
425C : 69;
425D : E8;
425E : E8;
425F : E8;
4260 : 4A;
4261 : 4A;
4262 : 4A;
4263 : 2A;
4264 : 69;
4265 : E8;
4266 : E8;
4267 : E8;
4268 : 4A;
4269 : 4A;
426A : 4A;
426B : 2A;
426C : 69;
426D : E8;
426E : E8;
426F : E8;
4270 : 4A;
4271 : 4A;
4272 : 4A;
4273 : 2A;
4274 : 69;
4275 : E8;
4276 : E8;
4277 : E8;
4278 : 4A;
4279 : 4A;
427A : 4A;
427B : 2A;
427C : 69;
427D : E8;
427E : E8;
427F : E8;
4280 : E8;
4281 : E8;
4282 : E8;
4283 : E8;
4284 : E8;
4285 : E8;
4286 : E8;
4287 : E8;
4288 : E8;
4289 : E8;
428A : E8;
428B : E8;
428C : E8;
428D : E8;
428E : E8;
428F : E8;
4290 : E8;
4291 : E8;
4292 : E8;
4293 : E8;
4294 : E8;
4295 : E8;
4296 : E8;
4297 : E8;
4298 : E8;
4299 : E8;
429A : E8;
429B : E8;
429C : E8;
429D : E8;
429E : E8;
429F : E8;
42A0 : E8;
42A1 : E8;
42A2 : E8;
42A3 : E8;
42A4 : E8;
42A5 : E8;
42A6 : E8;
42A7 : E8;
42A8 : E8;
42A9 : E8;
42AA : E8;
42AB : E8;
42AC : E8;
42AD : E8;
42AE : E8;
42AF : E8;
42B0 : E8;
42B1 : E8;
42B2 : E8;
42B3 : E8;
42B4 : E8;
42B5 : E8;
42B6 : E8;
42B7 : E8;
42B8 : E8;
42B9 : E8;
42BA : E8;
42BB : E8;
42BC : E8;
42BD : E8;
42BE : E8;
42BF : E8;
42C0 : E8;
42C1 : EC;
42C2 : F4;
42C3 : F4;
42C4 : F4;
42C5 : F4;
42C6 : F4;
42C7 : F4;
42C8 : E8;
42C9 : EC;
42CA : F4;
42CB : F4;
42CC : F4;
42CD : F4;
42CE : F4;
42CF : F4;
42D0 : E8;
42D1 : EC;
42D2 : F4;
42D3 : F4;
42D4 : F4;
42D5 : F4;
42D6 : F4;
42D7 : F4;
42D8 : E8;
42D9 : EC;
42DA : F4;
42DB : F4;
42DC : F4;
42DD : F4;
42DE : F4;
42DF : F4;
42E0 : E8;
42E1 : EC;
42E2 : F4;
42E3 : F4;
42E4 : F4;
42E5 : F4;
42E6 : F4;
42E7 : F4;
42E8 : E8;
42E9 : EC;
42EA : F4;
42EB : F4;
42EC : F4;
42ED : F4;
42EE : F4;
42EF : F4;
42F0 : E8;
42F1 : EC;
42F2 : F4;
42F3 : F4;
42F4 : F4;
42F5 : F4;
42F6 : F4;
42F7 : F4;
42F8 : E8;
42F9 : EC;
42FA : F4;
42FB : F4;
42FC : F4;
42FD : F4;
42FE : F4;
42FF : F4;
4300 : F4;
4301 : F4;
4302 : F4;
4303 : F4;
4304 : F4;
4305 : F4;
4306 : 94;
4307 : 54;
4308 : F4;
4309 : F4;
430A : F4;
430B : F4;
430C : F4;
430D : F4;
430E : 94;
430F : 54;
4310 : F4;
4311 : F4;
4312 : F4;
4313 : F4;
4314 : F4;
4315 : F4;
4316 : 94;
4317 : 54;
4318 : F4;
4319 : F4;
431A : F4;
431B : F4;
431C : F4;
431D : F4;
431E : 94;
431F : 54;
4320 : F4;
4321 : F4;
4322 : F4;
4323 : F4;
4324 : F4;
4325 : F4;
4326 : 94;
4327 : 54;
4328 : F4;
4329 : F4;
432A : F4;
432B : F4;
432C : F4;
432D : F4;
432E : 94;
432F : 54;
4330 : F4;
4331 : F4;
4332 : F4;
4333 : F4;
4334 : F4;
4335 : F4;
4336 : 94;
4337 : 54;
4338 : F4;
4339 : F4;
433A : F4;
433B : F4;
433C : F4;
433D : F4;
433E : 94;
433F : 54;
4340 : 54;
4341 : 54;
4342 : 54;
4343 : 54;
4344 : 54;
4345 : 54;
4346 : 54;
4347 : 54;
4348 : 54;
4349 : 54;
434A : 54;
434B : 54;
434C : 54;
434D : 54;
434E : 54;
434F : 54;
4350 : 54;
4351 : 54;
4352 : 54;
4353 : 54;
4354 : 54;
4355 : 54;
4356 : 54;
4357 : 54;
4358 : 54;
4359 : 54;
435A : 54;
435B : 54;
435C : 54;
435D : 54;
435E : 54;
435F : 54;
4360 : 54;
4361 : 54;
4362 : 54;
4363 : 54;
4364 : 54;
4365 : 54;
4366 : 54;
4367 : 54;
4368 : 54;
4369 : 54;
436A : 54;
436B : 54;
436C : 54;
436D : 54;
436E : 54;
436F : 54;
4370 : 54;
4371 : 54;
4372 : 54;
4373 : 54;
4374 : 54;
4375 : 54;
4376 : 54;
4377 : 54;
4378 : 54;
4379 : 54;
437A : 54;
437B : 54;
437C : 54;
437D : 54;
437E : 54;
437F : 54;
4380 : 54;
4381 : 54;
4382 : 54;
4383 : 59;
4384 : 3E;
4385 : 3E;
4386 : 3E;
4387 : 3E;
4388 : 54;
4389 : 54;
438A : 54;
438B : 59;
438C : 3E;
438D : 3E;
438E : 3E;
438F : 3E;
4390 : 54;
4391 : 54;
4392 : 54;
4393 : 59;
4394 : 3E;
4395 : 3E;
4396 : 3E;
4397 : 3E;
4398 : 54;
4399 : 54;
439A : 54;
439B : 59;
439C : 3E;
439D : 3E;
439E : 3E;
439F : 3E;
43A0 : 54;
43A1 : 54;
43A2 : 54;
43A3 : 59;
43A4 : 3E;
43A5 : 3E;
43A6 : 3E;
43A7 : 3E;
43A8 : 54;
43A9 : 54;
43AA : 54;
43AB : 59;
43AC : 3E;
43AD : 3E;
43AE : 3E;
43AF : 3E;
43B0 : 54;
43B1 : 54;
43B2 : 54;
43B3 : 59;
43B4 : 3E;
43B5 : 3E;
43B6 : 3E;
43B7 : 3E;
43B8 : 54;
43B9 : 54;
43BA : 54;
43BB : 59;
43BC : 3E;
43BD : 3E;
43BE : 3E;
43BF : 3E;
43C0 : 3E;
43C1 : 3E;
43C2 : 3E;
43C3 : 3E;
43C4 : 3E;
43C5 : 3E;
43C6 : 3E;
43C7 : 3E;
43C8 : 3E;
43C9 : 3E;
43CA : 3E;
43CB : 3E;
43CC : 3E;
43CD : 3E;
43CE : 3E;
43CF : 3E;
43D0 : 3E;
43D1 : 3E;
43D2 : 3E;
43D3 : 3E;
43D4 : 3E;
43D5 : 3E;
43D6 : 3E;
43D7 : 3E;
43D8 : 3E;
43D9 : 3E;
43DA : 3E;
43DB : 3E;
43DC : 3E;
43DD : 3E;
43DE : 3E;
43DF : 3E;
43E0 : 3E;
43E1 : 3E;
43E2 : 3E;
43E3 : 3E;
43E4 : 3E;
43E5 : 3E;
43E6 : 3E;
43E7 : 3E;
43E8 : 3E;
43E9 : 3E;
43EA : 3E;
43EB : 3E;
43EC : 3E;
43ED : 3E;
43EE : 3E;
43EF : 3E;
43F0 : 3E;
43F1 : 3E;
43F2 : 3E;
43F3 : 3E;
43F4 : 3E;
43F5 : 3E;
43F6 : 3E;
43F7 : 3E;
43F8 : 3E;
43F9 : 3E;
43FA : 3E;
43FB : 3E;
43FC : 3E;
43FD : 3E;
43FE : 3E;
43FF : 3E;
4400 : 1F;
4401 : 1F;
4402 : 1F;
4403 : 1F;
4404 : 1F;
4405 : 1F;
4406 : 1F;
4407 : 1F;
4408 : 1F;
4409 : 1F;
440A : 1F;
440B : 1F;
440C : 1F;
440D : 1F;
440E : 1F;
440F : 1F;
4410 : 1F;
4411 : 1F;
4412 : 1F;
4413 : 1F;
4414 : 1F;
4415 : 1F;
4416 : 1F;
4417 : 1F;
4418 : 1F;
4419 : 1F;
441A : 1F;
441B : 1F;
441C : 1F;
441D : 1F;
441E : 1F;
441F : 1F;
4420 : 1F;
4421 : 1F;
4422 : 1F;
4423 : 1F;
4424 : 1F;
4425 : 1F;
4426 : 1F;
4427 : 1F;
4428 : 1F;
4429 : 1F;
442A : 1F;
442B : 1F;
442C : 1F;
442D : 1F;
442E : 1F;
442F : 1F;
4430 : 1F;
4431 : 1F;
4432 : 1F;
4433 : 1F;
4434 : 1F;
4435 : 1F;
4436 : 1F;
4437 : 1F;
4438 : 1F;
4439 : 1F;
443A : 1F;
443B : 1F;
443C : 1F;
443D : 1F;
443E : 1F;
443F : 1F;
4440 : 1F;
4441 : 1F;
4442 : 1F;
4443 : 1F;
4444 : 7E;
4445 : F8;
4446 : F8;
4447 : F8;
4448 : 1F;
4449 : 1F;
444A : 1F;
444B : 1F;
444C : 7E;
444D : F8;
444E : F8;
444F : F8;
4450 : 1F;
4451 : 1F;
4452 : 1F;
4453 : 1F;
4454 : 7E;
4455 : F8;
4456 : F8;
4457 : F8;
4458 : 1F;
4459 : 1F;
445A : 1F;
445B : 1F;
445C : 7E;
445D : F8;
445E : F8;
445F : F8;
4460 : 1F;
4461 : 1F;
4462 : 1F;
4463 : 1F;
4464 : 7E;
4465 : F8;
4466 : F8;
4467 : F8;
4468 : 1F;
4469 : 1F;
446A : 1F;
446B : 1F;
446C : 7E;
446D : F8;
446E : F8;
446F : F8;
4470 : 1F;
4471 : 1F;
4472 : 1F;
4473 : 1F;
4474 : 7E;
4475 : F8;
4476 : F8;
4477 : F8;
4478 : 1F;
4479 : 1F;
447A : 1F;
447B : 1F;
447C : 7E;
447D : F8;
447E : F8;
447F : F8;
4480 : F8;
4481 : F8;
4482 : F8;
4483 : F8;
4484 : F8;
4485 : F8;
4486 : F8;
4487 : F8;
4488 : F8;
4489 : F8;
448A : F8;
448B : F8;
448C : F8;
448D : F8;
448E : F8;
448F : F8;
4490 : F8;
4491 : F8;
4492 : F8;
4493 : F8;
4494 : F8;
4495 : F8;
4496 : F8;
4497 : F8;
4498 : F8;
4499 : F8;
449A : F8;
449B : F8;
449C : F8;
449D : F8;
449E : F8;
449F : F8;
44A0 : F8;
44A1 : F8;
44A2 : F8;
44A3 : F8;
44A4 : F8;
44A5 : F8;
44A6 : F8;
44A7 : F8;
44A8 : F8;
44A9 : F8;
44AA : F8;
44AB : F8;
44AC : F8;
44AD : F8;
44AE : F8;
44AF : F8;
44B0 : F8;
44B1 : F8;
44B2 : F8;
44B3 : F8;
44B4 : F8;
44B5 : F8;
44B6 : F8;
44B7 : F8;
44B8 : F8;
44B9 : F8;
44BA : F8;
44BB : F8;
44BC : F8;
44BD : F8;
44BE : F8;
44BF : F8;
44C0 : F8;
44C1 : BC;
44C2 : 5C;
44C3 : 5C;
44C4 : 5C;
44C5 : 5C;
44C6 : 5C;
44C7 : 5C;
44C8 : F8;
44C9 : BC;
44CA : 5C;
44CB : 5C;
44CC : 5C;
44CD : 5C;
44CE : 5C;
44CF : 5C;
44D0 : F8;
44D1 : BC;
44D2 : 5C;
44D3 : 5C;
44D4 : 5C;
44D5 : 5C;
44D6 : 5C;
44D7 : 5C;
44D8 : F8;
44D9 : BC;
44DA : 5C;
44DB : 5C;
44DC : 5C;
44DD : 5C;
44DE : 5C;
44DF : 5C;
44E0 : F8;
44E1 : BC;
44E2 : 5C;
44E3 : 5C;
44E4 : 5C;
44E5 : 5C;
44E6 : 5C;
44E7 : 5C;
44E8 : F8;
44E9 : BC;
44EA : 5C;
44EB : 5C;
44EC : 5C;
44ED : 5C;
44EE : 5C;
44EF : 5C;
44F0 : F8;
44F1 : BC;
44F2 : 5C;
44F3 : 5C;
44F4 : 5C;
44F5 : 5C;
44F6 : 5C;
44F7 : 5C;
44F8 : F8;
44F9 : BC;
44FA : 5C;
44FB : 5C;
44FC : 5C;
44FD : 5C;
44FE : 5C;
44FF : 5C;
4500 : 5C;
4501 : 5C;
4502 : 5C;
4503 : 5C;
4504 : 5C;
4505 : 5C;
4506 : 35;
4507 : 2B;
4508 : 5C;
4509 : 5C;
450A : 5C;
450B : 5C;
450C : 5C;
450D : 5C;
450E : 35;
450F : 2B;
4510 : 5C;
4511 : 5C;
4512 : 5C;
4513 : 5C;
4514 : 5C;
4515 : 5C;
4516 : 35;
4517 : 2B;
4518 : 5C;
4519 : 5C;
451A : 5C;
451B : 5C;
451C : 5C;
451D : 5C;
451E : 35;
451F : 2B;
4520 : 5C;
4521 : 5C;
4522 : 5C;
4523 : 5C;
4524 : 5C;
4525 : 5C;
4526 : 35;
4527 : 2B;
4528 : 5C;
4529 : 5C;
452A : 5C;
452B : 5C;
452C : 5C;
452D : 5C;
452E : 35;
452F : 2B;
4530 : 5C;
4531 : 5C;
4532 : 5C;
4533 : 5C;
4534 : 5C;
4535 : 5C;
4536 : 35;
4537 : 2B;
4538 : 5C;
4539 : 5C;
453A : 5C;
453B : 5C;
453C : 5C;
453D : 5C;
453E : 35;
453F : 2B;
4540 : 2E;
4541 : 2E;
4542 : 2E;
4543 : 2E;
4544 : 2E;
4545 : 2E;
4546 : 2E;
4547 : 2E;
4548 : 2E;
4549 : 2E;
454A : 2E;
454B : 2E;
454C : 2E;
454D : 2E;
454E : 2E;
454F : 2E;
4550 : 2E;
4551 : 2E;
4552 : 2E;
4553 : 2E;
4554 : 2E;
4555 : 2E;
4556 : 2E;
4557 : 2E;
4558 : 2E;
4559 : 2E;
455A : 2E;
455B : 2E;
455C : 2E;
455D : 2E;
455E : 2E;
455F : 2E;
4560 : 2E;
4561 : 2E;
4562 : 2E;
4563 : 2E;
4564 : 2E;
4565 : 2E;
4566 : 2E;
4567 : 2E;
4568 : 2E;
4569 : 2E;
456A : 2E;
456B : 2E;
456C : 2E;
456D : 2E;
456E : 2E;
456F : 2E;
4570 : 2E;
4571 : 2E;
4572 : 2E;
4573 : 2E;
4574 : 2E;
4575 : 2E;
4576 : 2E;
4577 : 2E;
4578 : 2E;
4579 : 2E;
457A : 2E;
457B : 2E;
457C : 2E;
457D : 2E;
457E : 2E;
457F : 2E;
4580 : 2E;
4581 : 2E;
4582 : 2E;
4583 : 47;
4584 : 47;
4585 : 47;
4586 : 47;
4587 : 47;
4588 : 2E;
4589 : 2E;
458A : 2E;
458B : 47;
458C : 47;
458D : 47;
458E : 47;
458F : 47;
4590 : 2E;
4591 : 2E;
4592 : 2E;
4593 : 47;
4594 : 47;
4595 : 47;
4596 : 47;
4597 : 47;
4598 : 2E;
4599 : 2E;
459A : 2E;
459B : 47;
459C : 47;
459D : 47;
459E : 47;
459F : 47;
45A0 : 2E;
45A1 : 2E;
45A2 : 2E;
45A3 : 47;
45A4 : 47;
45A5 : 47;
45A6 : 47;
45A7 : 47;
45A8 : 2E;
45A9 : 2E;
45AA : 2E;
45AB : 47;
45AC : 47;
45AD : 47;
45AE : 47;
45AF : 47;
45B0 : 2E;
45B1 : 2E;
45B2 : 2E;
45B3 : 47;
45B4 : 47;
45B5 : 47;
45B6 : 47;
45B7 : 47;
45B8 : 2E;
45B9 : 2E;
45BA : 2E;
45BB : 47;
45BC : 47;
45BD : 47;
45BE : 47;
45BF : 47;
45C0 : 47;
45C1 : 47;
45C2 : 47;
45C3 : 47;
45C4 : 47;
45C5 : 47;
45C6 : 47;
45C7 : 4B;
45C8 : 47;
45C9 : 47;
45CA : 47;
45CB : 47;
45CC : 47;
45CD : 47;
45CE : 47;
45CF : 4B;
45D0 : 47;
45D1 : 47;
45D2 : 47;
45D3 : 47;
45D4 : 47;
45D5 : 47;
45D6 : 47;
45D7 : 4B;
45D8 : 47;
45D9 : 47;
45DA : 47;
45DB : 47;
45DC : 47;
45DD : 47;
45DE : 47;
45DF : 4B;
45E0 : 47;
45E1 : 47;
45E2 : 47;
45E3 : 47;
45E4 : 47;
45E5 : 47;
45E6 : 47;
45E7 : 4B;
45E8 : 47;
45E9 : 47;
45EA : 47;
45EB : 47;
45EC : 47;
45ED : 47;
45EE : 47;
45EF : 4B;
45F0 : 47;
45F1 : 47;
45F2 : 47;
45F3 : 47;
45F4 : 47;
45F5 : 47;
45F6 : 47;
45F7 : 4B;
45F8 : 47;
45F9 : 47;
45FA : 47;
45FB : 47;
45FC : 47;
45FD : 47;
45FE : 47;
45FF : 4B;
4600 : B8;
4601 : BC;
4602 : BC;
4603 : BC;
4604 : BC;
4605 : BC;
4606 : BC;
4607 : BC;
4608 : B8;
4609 : BC;
460A : BC;
460B : BC;
460C : BC;
460D : BC;
460E : BC;
460F : BC;
4610 : B8;
4611 : BC;
4612 : BC;
4613 : BC;
4614 : BC;
4615 : BC;
4616 : BC;
4617 : BC;
4618 : B8;
4619 : BC;
461A : BC;
461B : BC;
461C : BC;
461D : BC;
461E : BC;
461F : BC;
4620 : B8;
4621 : BC;
4622 : BC;
4623 : BC;
4624 : BC;
4625 : BC;
4626 : BC;
4627 : BC;
4628 : B8;
4629 : BC;
462A : BC;
462B : BC;
462C : BC;
462D : BC;
462E : BC;
462F : BC;
4630 : B8;
4631 : BC;
4632 : BC;
4633 : BC;
4634 : BC;
4635 : BC;
4636 : BC;
4637 : BC;
4638 : B8;
4639 : BC;
463A : BC;
463B : BC;
463C : BC;
463D : BC;
463E : BC;
463F : BC;
4640 : BC;
4641 : BC;
4642 : BC;
4643 : DC;
4644 : 9C;
4645 : 3C;
4646 : 3C;
4647 : 3C;
4648 : BC;
4649 : BC;
464A : BC;
464B : DC;
464C : 9C;
464D : 3C;
464E : 3C;
464F : 3C;
4650 : BC;
4651 : BC;
4652 : BC;
4653 : DC;
4654 : 9C;
4655 : 3C;
4656 : 3C;
4657 : 3C;
4658 : BC;
4659 : BC;
465A : BC;
465B : DC;
465C : 9C;
465D : 3C;
465E : 3C;
465F : 3C;
4660 : BC;
4661 : BC;
4662 : BC;
4663 : DC;
4664 : 9C;
4665 : 3C;
4666 : 3C;
4667 : 3C;
4668 : BC;
4669 : BC;
466A : BC;
466B : DC;
466C : 9C;
466D : 3C;
466E : 3C;
466F : 3C;
4670 : BC;
4671 : BC;
4672 : BC;
4673 : DC;
4674 : 9C;
4675 : 3C;
4676 : 3C;
4677 : 3C;
4678 : BC;
4679 : BC;
467A : BC;
467B : D8;
467C : 9C;
467D : 3C;
467E : 3C;
467F : 3C;
4680 : 3C;
4681 : 3C;
4682 : 3C;
4683 : 3C;
4684 : 3C;
4685 : 3C;
4686 : 3C;
4687 : 3C;
4688 : 3C;
4689 : 3C;
468A : 3C;
468B : 3C;
468C : 3C;
468D : 3C;
468E : 3C;
468F : 3C;
4690 : 3C;
4691 : 3C;
4692 : 3C;
4693 : 3C;
4694 : 3C;
4695 : 3C;
4696 : 3C;
4697 : 3C;
4698 : 3C;
4699 : 3C;
469A : 3C;
469B : 3C;
469C : 3C;
469D : 3C;
469E : 3C;
469F : 3C;
46A0 : 3C;
46A1 : 3C;
46A2 : 3C;
46A3 : 3C;
46A4 : 3C;
46A5 : 3C;
46A6 : 3C;
46A7 : 3C;
46A8 : 3C;
46A9 : 3C;
46AA : 3C;
46AB : 3C;
46AC : 3C;
46AD : 3C;
46AE : 3C;
46AF : 3C;
46B0 : 3C;
46B1 : 3C;
46B2 : 3C;
46B3 : 3C;
46B4 : 3C;
46B5 : 3C;
46B6 : 3C;
46B7 : 3C;
46B8 : 3C;
46B9 : 3C;
46BA : 3C;
46BB : 3C;
46BC : 3C;
46BD : 3C;
46BE : 3C;
46BF : 3C;
46C0 : 3C;
46C1 : 1D;
46C2 : 1F;
46C3 : 1F;
46C4 : 1F;
46C5 : 1F;
46C6 : 1F;
46C7 : 1F;
46C8 : 3C;
46C9 : 1D;
46CA : 1F;
46CB : 1F;
46CC : 1F;
46CD : 1F;
46CE : 1F;
46CF : 1F;
46D0 : 3C;
46D1 : 1D;
46D2 : 1F;
46D3 : 1F;
46D4 : 1F;
46D5 : 1F;
46D6 : 1F;
46D7 : 1F;
46D8 : 3C;
46D9 : 1D;
46DA : 1F;
46DB : 1F;
46DC : 1F;
46DD : 1F;
46DE : 1F;
46DF : 1F;
46E0 : 3C;
46E1 : 1D;
46E2 : 1F;
46E3 : 1F;
46E4 : 1F;
46E5 : 1F;
46E6 : 1F;
46E7 : 1F;
46E8 : 3C;
46E9 : 1D;
46EA : 1F;
46EB : 1F;
46EC : 1F;
46ED : 1F;
46EE : 1F;
46EF : 1F;
46F0 : 3C;
46F1 : 1D;
46F2 : 1F;
46F3 : 1F;
46F4 : 1F;
46F5 : 1F;
46F6 : 1F;
46F7 : 1F;
46F8 : 3C;
46F9 : 1D;
46FA : 1F;
46FB : 1F;
46FC : 1F;
46FD : 1F;
46FE : 1F;
46FF : 1F;
4700 : 1F;
4701 : 1F;
4702 : 1F;
4703 : 1F;
4704 : 1F;
4705 : 1F;
4706 : 4F;
4707 : 46;
4708 : 1F;
4709 : 1F;
470A : 1F;
470B : 1F;
470C : 1F;
470D : 1F;
470E : 4F;
470F : 46;
4710 : 1F;
4711 : 1F;
4712 : 1F;
4713 : 1F;
4714 : 1F;
4715 : 1F;
4716 : 4F;
4717 : 46;
4718 : 1F;
4719 : 1F;
471A : 1F;
471B : 1F;
471C : 1F;
471D : 1F;
471E : 4F;
471F : 46;
4720 : 1F;
4721 : 1F;
4722 : 1F;
4723 : 1F;
4724 : 1F;
4725 : 1F;
4726 : 4F;
4727 : 46;
4728 : 1F;
4729 : 1F;
472A : 1F;
472B : 1F;
472C : 1F;
472D : 1F;
472E : 4F;
472F : 46;
4730 : 1F;
4731 : 1F;
4732 : 1F;
4733 : 1F;
4734 : 1F;
4735 : 1F;
4736 : 4F;
4737 : 46;
4738 : 1F;
4739 : 1F;
473A : 1F;
473B : 1F;
473C : 1F;
473D : 1F;
473E : 4F;
473F : 46;
4740 : 46;
4741 : 46;
4742 : 46;
4743 : 46;
4744 : 46;
4745 : 46;
4746 : 46;
4747 : 46;
4748 : 46;
4749 : 46;
474A : 46;
474B : 46;
474C : 46;
474D : 46;
474E : 46;
474F : 46;
4750 : 46;
4751 : 46;
4752 : 46;
4753 : 46;
4754 : 46;
4755 : 46;
4756 : 46;
4757 : 46;
4758 : 46;
4759 : 46;
475A : 46;
475B : 46;
475C : 46;
475D : 46;
475E : 46;
475F : 46;
4760 : 46;
4761 : 46;
4762 : 46;
4763 : 46;
4764 : 46;
4765 : 46;
4766 : 46;
4767 : 46;
4768 : 46;
4769 : 46;
476A : 46;
476B : 46;
476C : 46;
476D : 46;
476E : 46;
476F : 46;
4770 : 46;
4771 : 46;
4772 : 46;
4773 : 46;
4774 : 46;
4775 : 46;
4776 : 46;
4777 : 46;
4778 : 46;
4779 : 46;
477A : 46;
477B : 46;
477C : 46;
477D : 46;
477E : 46;
477F : 46;
4780 : 46;
4781 : 46;
4782 : 46;
4783 : C7;
4784 : E7;
4785 : E7;
4786 : E7;
4787 : E7;
4788 : 46;
4789 : 46;
478A : 46;
478B : C7;
478C : E7;
478D : E7;
478E : E7;
478F : E7;
4790 : 46;
4791 : 46;
4792 : 46;
4793 : C7;
4794 : E7;
4795 : E7;
4796 : E7;
4797 : E7;
4798 : 46;
4799 : 46;
479A : 46;
479B : C7;
479C : E7;
479D : E7;
479E : E7;
479F : E7;
47A0 : 46;
47A1 : 46;
47A2 : 46;
47A3 : C7;
47A4 : E7;
47A5 : E7;
47A6 : E7;
47A7 : E7;
47A8 : 46;
47A9 : 46;
47AA : 46;
47AB : C7;
47AC : E7;
47AD : E7;
47AE : E7;
47AF : E7;
47B0 : 46;
47B1 : 46;
47B2 : 46;
47B3 : C7;
47B4 : E7;
47B5 : E7;
47B6 : E7;
47B7 : E7;
47B8 : 46;
47B9 : 46;
47BA : 46;
47BB : C7;
47BC : E7;
47BD : E7;
47BE : E7;
47BF : E7;
47C0 : E7;
47C1 : E7;
47C2 : E7;
47C3 : E7;
47C4 : E7;
47C5 : E7;
47C6 : C7;
47C7 : E7;
47C8 : E7;
47C9 : E7;
47CA : E7;
47CB : E7;
47CC : E7;
47CD : E7;
47CE : C7;
47CF : E7;
47D0 : E7;
47D1 : E7;
47D2 : E7;
47D3 : E7;
47D4 : E7;
47D5 : E7;
47D6 : C7;
47D7 : E7;
47D8 : E7;
47D9 : E7;
47DA : E7;
47DB : E7;
47DC : E7;
47DD : E7;
47DE : C7;
47DF : E7;
47E0 : E7;
47E1 : E7;
47E2 : E7;
47E3 : E7;
47E4 : E7;
47E5 : E7;
47E6 : C7;
47E7 : E7;
47E8 : E7;
47E9 : E7;
47EA : E7;
47EB : E7;
47EC : E7;
47ED : E7;
47EE : C7;
47EF : E7;
47F0 : E7;
47F1 : E7;
47F2 : E7;
47F3 : E7;
47F4 : E7;
47F5 : E7;
47F6 : E7;
47F7 : E7;
47F8 : E7;
47F9 : E7;
47FA : E7;
47FB : E7;
47FC : E7;
47FD : E7;
47FE : E7;
47FF : E7;
4800 : E2;
4801 : E1;
4802 : E1;
4803 : E1;
4804 : E1;
4805 : E1;
4806 : E1;
4807 : E1;
4808 : E2;
4809 : E1;
480A : E1;
480B : E1;
480C : E1;
480D : E1;
480E : E1;
480F : E1;
4810 : E2;
4811 : E1;
4812 : E1;
4813 : E1;
4814 : E1;
4815 : E1;
4816 : E1;
4817 : E1;
4818 : E2;
4819 : E1;
481A : E1;
481B : E1;
481C : E1;
481D : E1;
481E : E1;
481F : E1;
4820 : E2;
4821 : E1;
4822 : E1;
4823 : E1;
4824 : E1;
4825 : E1;
4826 : E1;
4827 : E1;
4828 : E2;
4829 : E1;
482A : E1;
482B : E1;
482C : E1;
482D : E1;
482E : E1;
482F : E1;
4830 : E2;
4831 : E1;
4832 : E1;
4833 : E1;
4834 : E1;
4835 : E1;
4836 : E1;
4837 : E1;
4838 : E2;
4839 : E1;
483A : E1;
483B : E1;
483C : E1;
483D : E1;
483E : E1;
483F : E1;
4840 : E1;
4841 : E1;
4842 : E1;
4843 : E1;
4844 : CA;
4845 : 1F;
4846 : 1F;
4847 : 1F;
4848 : E1;
4849 : E1;
484A : E1;
484B : E1;
484C : CA;
484D : 1F;
484E : 1F;
484F : 1F;
4850 : E1;
4851 : E1;
4852 : E1;
4853 : E1;
4854 : CA;
4855 : 1F;
4856 : 1F;
4857 : 1F;
4858 : E1;
4859 : E1;
485A : E1;
485B : E1;
485C : CA;
485D : 1F;
485E : 1F;
485F : 1F;
4860 : E1;
4861 : E1;
4862 : E1;
4863 : E1;
4864 : CA;
4865 : 1F;
4866 : 1F;
4867 : 1F;
4868 : E1;
4869 : E1;
486A : E1;
486B : E1;
486C : CA;
486D : 1F;
486E : 1F;
486F : 1F;
4870 : E1;
4871 : E1;
4872 : E1;
4873 : E1;
4874 : CA;
4875 : 1F;
4876 : 1F;
4877 : 1F;
4878 : E1;
4879 : E1;
487A : E1;
487B : E1;
487C : CA;
487D : 1F;
487E : 1F;
487F : 1F;
4880 : 1F;
4881 : 1F;
4882 : 1F;
4883 : 1F;
4884 : 1F;
4885 : 1F;
4886 : 1F;
4887 : 1F;
4888 : 1F;
4889 : 1F;
488A : 1F;
488B : 1F;
488C : 1F;
488D : 1F;
488E : 1F;
488F : 1F;
4890 : 1F;
4891 : 1F;
4892 : 1F;
4893 : 1F;
4894 : 1F;
4895 : 1F;
4896 : 1F;
4897 : 1F;
4898 : 1F;
4899 : 1F;
489A : 1F;
489B : 1F;
489C : 1F;
489D : 1F;
489E : 1F;
489F : 1F;
48A0 : 1F;
48A1 : 1F;
48A2 : 1F;
48A3 : 1F;
48A4 : 1F;
48A5 : 1F;
48A6 : 1F;
48A7 : 1F;
48A8 : 1F;
48A9 : 1F;
48AA : 1F;
48AB : 1F;
48AC : 1F;
48AD : 1F;
48AE : 1F;
48AF : 1F;
48B0 : 1F;
48B1 : 1F;
48B2 : 1F;
48B3 : 1F;
48B4 : 1F;
48B5 : 1F;
48B6 : 1F;
48B7 : 1F;
48B8 : 1F;
48B9 : 1F;
48BA : 1F;
48BB : 1F;
48BC : 1F;
48BD : 1F;
48BE : 1F;
48BF : 1F;
48C0 : 1F;
48C1 : 5B;
48C2 : 73;
48C3 : 73;
48C4 : 73;
48C5 : 73;
48C6 : 73;
48C7 : 73;
48C8 : 1F;
48C9 : 5B;
48CA : 73;
48CB : 73;
48CC : 73;
48CD : 73;
48CE : 73;
48CF : 73;
48D0 : 1F;
48D1 : 5B;
48D2 : 73;
48D3 : 73;
48D4 : 73;
48D5 : 73;
48D6 : 73;
48D7 : 73;
48D8 : 1F;
48D9 : 5B;
48DA : 73;
48DB : 73;
48DC : 73;
48DD : 73;
48DE : 73;
48DF : 73;
48E0 : 1F;
48E1 : 5B;
48E2 : 73;
48E3 : 73;
48E4 : 73;
48E5 : 73;
48E6 : 73;
48E7 : 73;
48E8 : 1F;
48E9 : 5B;
48EA : 73;
48EB : 73;
48EC : 73;
48ED : 73;
48EE : 73;
48EF : 73;
48F0 : 1F;
48F1 : 5B;
48F2 : 73;
48F3 : 73;
48F4 : 73;
48F5 : 73;
48F6 : 73;
48F7 : 73;
48F8 : 1F;
48F9 : 5B;
48FA : 73;
48FB : 73;
48FC : 73;
48FD : 73;
48FE : 73;
48FF : 73;
4900 : 73;
4901 : 73;
4902 : 73;
4903 : 73;
4904 : 73;
4905 : 73;
4906 : 8A;
4907 : A6;
4908 : 73;
4909 : 73;
490A : 73;
490B : 73;
490C : 73;
490D : 73;
490E : 8A;
490F : A6;
4910 : 73;
4911 : 73;
4912 : 73;
4913 : 73;
4914 : 73;
4915 : 73;
4916 : 8A;
4917 : A6;
4918 : 73;
4919 : 73;
491A : 73;
491B : 73;
491C : 73;
491D : 73;
491E : 8A;
491F : A6;
4920 : 73;
4921 : 73;
4922 : 73;
4923 : 73;
4924 : 73;
4925 : 73;
4926 : 8A;
4927 : A6;
4928 : 73;
4929 : 73;
492A : 73;
492B : 73;
492C : 73;
492D : 73;
492E : 8A;
492F : A6;
4930 : 73;
4931 : 73;
4932 : 73;
4933 : 73;
4934 : 73;
4935 : 73;
4936 : 8A;
4937 : A6;
4938 : 73;
4939 : 73;
493A : 73;
493B : 73;
493C : 73;
493D : 73;
493E : 8A;
493F : A6;
4940 : A6;
4941 : A6;
4942 : A6;
4943 : A6;
4944 : A6;
4945 : A6;
4946 : A6;
4947 : A6;
4948 : A6;
4949 : A6;
494A : A6;
494B : A6;
494C : A6;
494D : A6;
494E : A6;
494F : A6;
4950 : A6;
4951 : A6;
4952 : A6;
4953 : A6;
4954 : A6;
4955 : A6;
4956 : A6;
4957 : A6;
4958 : A6;
4959 : A6;
495A : A6;
495B : A6;
495C : A6;
495D : A6;
495E : A6;
495F : A6;
4960 : A6;
4961 : A6;
4962 : A6;
4963 : A6;
4964 : A6;
4965 : A6;
4966 : A6;
4967 : A6;
4968 : A6;
4969 : A6;
496A : A6;
496B : A6;
496C : A6;
496D : A6;
496E : A6;
496F : A6;
4970 : A6;
4971 : A6;
4972 : A6;
4973 : A6;
4974 : A6;
4975 : A6;
4976 : A6;
4977 : A6;
4978 : A6;
4979 : A6;
497A : A6;
497B : A6;
497C : A6;
497D : A6;
497E : A6;
497F : A6;
4980 : A6;
4981 : A6;
4982 : A5;
4983 : C5;
4984 : E4;
4985 : C4;
4986 : E4;
4987 : E4;
4988 : A6;
4989 : A6;
498A : A6;
498B : C5;
498C : E4;
498D : C4;
498E : E4;
498F : E4;
4990 : A6;
4991 : A6;
4992 : A6;
4993 : C5;
4994 : E4;
4995 : C4;
4996 : E4;
4997 : E4;
4998 : A6;
4999 : A6;
499A : A6;
499B : C5;
499C : E4;
499D : C4;
499E : E4;
499F : E4;
49A0 : A6;
49A1 : A6;
49A2 : A6;
49A3 : C5;
49A4 : E4;
49A5 : C4;
49A6 : E4;
49A7 : E4;
49A8 : A6;
49A9 : A6;
49AA : A6;
49AB : C5;
49AC : E4;
49AD : C4;
49AE : E4;
49AF : E4;
49B0 : A6;
49B1 : A6;
49B2 : A6;
49B3 : C5;
49B4 : E4;
49B5 : C4;
49B6 : E4;
49B7 : E4;
49B8 : A6;
49B9 : A6;
49BA : A6;
49BB : C5;
49BC : E4;
49BD : C4;
49BE : E4;
49BF : E4;
49C0 : E4;
49C1 : E4;
49C2 : E4;
49C3 : E4;
49C4 : E4;
49C5 : E4;
49C6 : E4;
49C7 : E4;
49C8 : E4;
49C9 : E4;
49CA : E4;
49CB : E4;
49CC : E4;
49CD : E4;
49CE : E4;
49CF : E4;
49D0 : E4;
49D1 : E4;
49D2 : E4;
49D3 : E4;
49D4 : E4;
49D5 : E4;
49D6 : E4;
49D7 : E4;
49D8 : E4;
49D9 : E4;
49DA : E4;
49DB : E4;
49DC : E4;
49DD : E4;
49DE : E4;
49DF : E4;
49E0 : E4;
49E1 : E4;
49E2 : E4;
49E3 : E4;
49E4 : E4;
49E5 : E4;
49E6 : E4;
49E7 : E4;
49E8 : E4;
49E9 : E4;
49EA : E4;
49EB : E4;
49EC : E4;
49ED : E4;
49EE : E4;
49EF : E4;
49F0 : E4;
49F1 : E4;
49F2 : E4;
49F3 : E4;
49F4 : E4;
49F5 : E4;
49F6 : E4;
49F7 : E4;
49F8 : E4;
49F9 : E4;
49FA : E4;
49FB : E4;
49FC : E4;
49FD : E4;
49FE : E4;
49FF : E4;
4A00 : 83;
4A01 : 83;
4A02 : 83;
4A03 : 83;
4A04 : 83;
4A05 : 83;
4A06 : 83;
4A07 : 83;
4A08 : C6;
4A09 : C6;
4A0A : C6;
4A0B : C6;
4A0C : C6;
4A0D : C6;
4A0E : C6;
4A0F : C6;
4A10 : E8;
4A11 : E8;
4A12 : E8;
4A13 : E8;
4A14 : E8;
4A15 : E8;
4A16 : E8;
4A17 : E8;
4A18 : E8;
4A19 : E8;
4A1A : E8;
4A1B : E8;
4A1C : E8;
4A1D : E8;
4A1E : E8;
4A1F : E8;
4A20 : E8;
4A21 : E8;
4A22 : E8;
4A23 : E8;
4A24 : E8;
4A25 : E8;
4A26 : E8;
4A27 : E8;
4A28 : E8;
4A29 : E8;
4A2A : E8;
4A2B : E8;
4A2C : E8;
4A2D : E8;
4A2E : E8;
4A2F : E8;
4A30 : E8;
4A31 : E8;
4A32 : E8;
4A33 : E8;
4A34 : E8;
4A35 : E8;
4A36 : E8;
4A37 : E8;
4A38 : E8;
4A39 : E8;
4A3A : E8;
4A3B : E8;
4A3C : E8;
4A3D : E8;
4A3E : E8;
4A3F : E8;
4A40 : 83;
4A41 : 83;
4A42 : 83;
4A43 : 83;
4A44 : 8B;
4A45 : B7;
4A46 : B6;
4A47 : B7;
4A48 : C6;
4A49 : C2;
4A4A : C6;
4A4B : C2;
4A4C : AA;
4A4D : AF;
4A4E : AF;
4A4F : AF;
4A50 : E8;
4A51 : E8;
4A52 : E8;
4A53 : E8;
4A54 : E5;
4A55 : A3;
4A56 : 83;
4A57 : 83;
4A58 : E8;
4A59 : E8;
4A5A : E8;
4A5B : E8;
4A5C : E5;
4A5D : A3;
4A5E : 83;
4A5F : 83;
4A60 : E8;
4A61 : E8;
4A62 : E8;
4A63 : E8;
4A64 : C5;
4A65 : A3;
4A66 : 83;
4A67 : 83;
4A68 : E8;
4A69 : E8;
4A6A : E8;
4A6B : E8;
4A6C : C5;
4A6D : A3;
4A6E : 83;
4A6F : 83;
4A70 : E8;
4A71 : E8;
4A72 : E8;
4A73 : E8;
4A74 : C5;
4A75 : A3;
4A76 : 83;
4A77 : 83;
4A78 : E8;
4A79 : E8;
4A7A : E8;
4A7B : E8;
4A7C : C5;
4A7D : A3;
4A7E : 83;
4A7F : 83;
4A80 : B7;
4A81 : B7;
4A82 : B7;
4A83 : B7;
4A84 : B7;
4A85 : B7;
4A86 : B7;
4A87 : B7;
4A88 : 8F;
4A89 : AF;
4A8A : AF;
4A8B : AF;
4A8C : AF;
4A8D : AF;
4A8E : AF;
4A8F : AF;
4A90 : 83;
4A91 : 83;
4A92 : 83;
4A93 : 83;
4A94 : 83;
4A95 : 83;
4A96 : 83;
4A97 : 83;
4A98 : 83;
4A99 : 83;
4A9A : 83;
4A9B : 83;
4A9C : 83;
4A9D : 83;
4A9E : 83;
4A9F : 83;
4AA0 : 83;
4AA1 : 83;
4AA2 : 83;
4AA3 : 83;
4AA4 : 83;
4AA5 : 83;
4AA6 : 83;
4AA7 : 83;
4AA8 : 83;
4AA9 : 83;
4AAA : 83;
4AAB : 83;
4AAC : 83;
4AAD : 83;
4AAE : 83;
4AAF : 83;
4AB0 : 83;
4AB1 : 83;
4AB2 : 83;
4AB3 : 83;
4AB4 : 83;
4AB5 : 83;
4AB6 : 83;
4AB7 : 83;
4AB8 : 83;
4AB9 : 83;
4ABA : 83;
4ABB : 83;
4ABC : 83;
4ABD : 83;
4ABE : 83;
4ABF : 83;
4AC0 : B6;
4AC1 : 8F;
4AC2 : 43;
4AC3 : 43;
4AC4 : 43;
4AC5 : 43;
4AC6 : 43;
4AC7 : 43;
4AC8 : AF;
4AC9 : 8F;
4ACA : 6B;
4ACB : 6B;
4ACC : 6B;
4ACD : 6B;
4ACE : 6B;
4ACF : 6B;
4AD0 : A3;
4AD1 : AB;
4AD2 : BA;
4AD3 : B7;
4AD4 : B7;
4AD5 : B7;
4AD6 : B7;
4AD7 : B7;
4AD8 : A3;
4AD9 : AB;
4ADA : 96;
4ADB : B7;
4ADC : B7;
4ADD : B7;
4ADE : B7;
4ADF : B7;
4AE0 : A3;
4AE1 : AB;
4AE2 : B6;
4AE3 : B7;
4AE4 : B7;
4AE5 : B7;
4AE6 : B7;
4AE7 : B7;
4AE8 : A3;
4AE9 : AB;
4AEA : B6;
4AEB : B7;
4AEC : B7;
4AED : B7;
4AEE : B7;
4AEF : B7;
4AF0 : A3;
4AF1 : AB;
4AF2 : B6;
4AF3 : B7;
4AF4 : B7;
4AF5 : B7;
4AF6 : B7;
4AF7 : B7;
4AF8 : A3;
4AF9 : AB;
4AFA : B6;
4AFB : B7;
4AFC : B7;
4AFD : B7;
4AFE : B7;
4AFF : B7;
4B00 : 43;
4B01 : 43;
4B02 : 43;
4B03 : 43;
4B04 : 43;
4B05 : 43;
4B06 : 82;
4B07 : A4;
4B08 : 6B;
4B09 : 6B;
4B0A : 6B;
4B0B : 6B;
4B0C : 6B;
4B0D : 8B;
4B0E : 86;
4B0F : 86;
4B10 : B7;
4B11 : B7;
4B12 : B7;
4B13 : B7;
4B14 : B6;
4B15 : B7;
4B16 : 6F;
4B17 : 43;
4B18 : B7;
4B19 : B7;
4B1A : B7;
4B1B : B7;
4B1C : B6;
4B1D : B7;
4B1E : 6F;
4B1F : 43;
4B20 : B7;
4B21 : B7;
4B22 : B7;
4B23 : B7;
4B24 : B6;
4B25 : B7;
4B26 : 6F;
4B27 : 43;
4B28 : B7;
4B29 : B7;
4B2A : B7;
4B2B : B7;
4B2C : B6;
4B2D : B7;
4B2E : 6F;
4B2F : 43;
4B30 : B7;
4B31 : B7;
4B32 : B7;
4B33 : B7;
4B34 : B6;
4B35 : B7;
4B36 : 6F;
4B37 : 43;
4B38 : B7;
4B39 : B7;
4B3A : B7;
4B3B : B7;
4B3C : B6;
4B3D : B7;
4B3E : 6F;
4B3F : 43;
4B40 : A4;
4B41 : A4;
4B42 : A4;
4B43 : A4;
4B44 : A4;
4B45 : A4;
4B46 : A4;
4B47 : A4;
4B48 : 86;
4B49 : 86;
4B4A : 86;
4B4B : 86;
4B4C : 86;
4B4D : 86;
4B4E : 86;
4B4F : 86;
4B50 : 43;
4B51 : 43;
4B52 : 43;
4B53 : 43;
4B54 : 43;
4B55 : 43;
4B56 : 43;
4B57 : 43;
4B58 : 43;
4B59 : 43;
4B5A : 43;
4B5B : 43;
4B5C : 43;
4B5D : 43;
4B5E : 43;
4B5F : 43;
4B60 : 43;
4B61 : 43;
4B62 : 43;
4B63 : 43;
4B64 : 43;
4B65 : 43;
4B66 : 43;
4B67 : 43;
4B68 : 43;
4B69 : 43;
4B6A : 43;
4B6B : 43;
4B6C : 43;
4B6D : 43;
4B6E : 43;
4B6F : 43;
4B70 : 43;
4B71 : 43;
4B72 : 43;
4B73 : 43;
4B74 : 43;
4B75 : 43;
4B76 : 43;
4B77 : 43;
4B78 : 43;
4B79 : 43;
4B7A : 43;
4B7B : 43;
4B7C : 43;
4B7D : 43;
4B7E : 43;
4B7F : 43;
4B80 : A4;
4B81 : A4;
4B82 : A4;
4B83 : CC;
4B84 : EC;
4B85 : EC;
4B86 : EC;
4B87 : EC;
4B88 : 86;
4B89 : 86;
4B8A : 86;
4B8B : C9;
4B8C : C8;
4B8D : C8;
4B8E : C8;
4B8F : C8;
4B90 : 43;
4B91 : 43;
4B92 : 43;
4B93 : A5;
4B94 : A4;
4B95 : A4;
4B96 : A4;
4B97 : A4;
4B98 : 43;
4B99 : 43;
4B9A : 43;
4B9B : A5;
4B9C : A4;
4B9D : A4;
4B9E : A4;
4B9F : A4;
4BA0 : 43;
4BA1 : 43;
4BA2 : 43;
4BA3 : A5;
4BA4 : A4;
4BA5 : A4;
4BA6 : A4;
4BA7 : A4;
4BA8 : 43;
4BA9 : 43;
4BAA : 43;
4BAB : A5;
4BAC : A4;
4BAD : A4;
4BAE : A4;
4BAF : A4;
4BB0 : 43;
4BB1 : 43;
4BB2 : 43;
4BB3 : A5;
4BB4 : A4;
4BB5 : A4;
4BB6 : A4;
4BB7 : A4;
4BB8 : 43;
4BB9 : 43;
4BBA : 43;
4BBB : A5;
4BBC : A4;
4BBD : A4;
4BBE : A4;
4BBF : A4;
4BC0 : EC;
4BC1 : EC;
4BC2 : EC;
4BC3 : EC;
4BC4 : EC;
4BC5 : EC;
4BC6 : EC;
4BC7 : CD;
4BC8 : C8;
4BC9 : C8;
4BCA : C8;
4BCB : C8;
4BCC : C8;
4BCD : C8;
4BCE : C8;
4BCF : C9;
4BD0 : A4;
4BD1 : A4;
4BD2 : A4;
4BD3 : A4;
4BD4 : A4;
4BD5 : A4;
4BD6 : A4;
4BD7 : A4;
4BD8 : A4;
4BD9 : A4;
4BDA : A4;
4BDB : A4;
4BDC : A4;
4BDD : A4;
4BDE : A4;
4BDF : A4;
4BE0 : A4;
4BE1 : A4;
4BE2 : A4;
4BE3 : A4;
4BE4 : A4;
4BE5 : A4;
4BE6 : A4;
4BE7 : A4;
4BE8 : A4;
4BE9 : A4;
4BEA : A4;
4BEB : A4;
4BEC : A4;
4BED : A4;
4BEE : A4;
4BEF : A4;
4BF0 : A4;
4BF1 : A4;
4BF2 : A4;
4BF3 : A4;
4BF4 : A4;
4BF5 : A4;
4BF6 : A4;
4BF7 : A4;
4BF8 : A4;
4BF9 : A4;
4BFA : A4;
4BFB : A4;
4BFC : A4;
4BFD : A4;
4BFE : A4;
4BFF : A4;
4C00 : 4A;
4C01 : 2A;
4C02 : 2A;
4C03 : 2A;
4C04 : 2A;
4C05 : 2A;
4C06 : 2A;
4C07 : 2A;
4C08 : 85;
4C09 : 86;
4C0A : 86;
4C0B : 85;
4C0C : 85;
4C0D : 85;
4C0E : 85;
4C0F : 85;
4C10 : E1;
4C11 : E1;
4C12 : E1;
4C13 : E1;
4C14 : E1;
4C15 : E1;
4C16 : E1;
4C17 : E1;
4C18 : E1;
4C19 : E1;
4C1A : E1;
4C1B : E1;
4C1C : E1;
4C1D : E1;
4C1E : E1;
4C1F : E1;
4C20 : E1;
4C21 : E1;
4C22 : E1;
4C23 : E1;
4C24 : E1;
4C25 : E1;
4C26 : E1;
4C27 : E1;
4C28 : E1;
4C29 : E1;
4C2A : E1;
4C2B : E1;
4C2C : E1;
4C2D : E1;
4C2E : E1;
4C2F : E1;
4C30 : E1;
4C31 : E1;
4C32 : E1;
4C33 : E1;
4C34 : E1;
4C35 : E1;
4C36 : E1;
4C37 : E1;
4C38 : E1;
4C39 : E1;
4C3A : E1;
4C3B : E1;
4C3C : E1;
4C3D : E1;
4C3E : E1;
4C3F : E1;
4C40 : 2A;
4C41 : 2A;
4C42 : 2A;
4C43 : 2A;
4C44 : 69;
4C45 : E8;
4C46 : E8;
4C47 : E8;
4C48 : 85;
4C49 : 85;
4C4A : 85;
4C4B : 85;
4C4C : 85;
4C4D : A9;
4C4E : A9;
4C4F : A9;
4C50 : E1;
4C51 : E1;
4C52 : E1;
4C53 : E1;
4C54 : C5;
4C55 : 2A;
4C56 : 2A;
4C57 : 2A;
4C58 : E1;
4C59 : E1;
4C5A : E1;
4C5B : E1;
4C5C : C1;
4C5D : 2A;
4C5E : 4A;
4C5F : 4A;
4C60 : E1;
4C61 : E1;
4C62 : E1;
4C63 : E1;
4C64 : C1;
4C65 : 4A;
4C66 : 4A;
4C67 : 4A;
4C68 : E1;
4C69 : E1;
4C6A : E1;
4C6B : E1;
4C6C : C1;
4C6D : 4A;
4C6E : 4A;
4C6F : 4A;
4C70 : E1;
4C71 : E1;
4C72 : E1;
4C73 : E1;
4C74 : C1;
4C75 : 4A;
4C76 : 4A;
4C77 : 4A;
4C78 : E1;
4C79 : E1;
4C7A : E1;
4C7B : E1;
4C7C : C1;
4C7D : 4A;
4C7E : 4A;
4C7F : 4A;
4C80 : E8;
4C81 : E8;
4C82 : E8;
4C83 : E8;
4C84 : E8;
4C85 : E8;
4C86 : E8;
4C87 : E8;
4C88 : A9;
4C89 : A9;
4C8A : A9;
4C8B : A9;
4C8C : A9;
4C8D : A9;
4C8E : A9;
4C8F : A9;
4C90 : 2A;
4C91 : 4A;
4C92 : 2A;
4C93 : 2A;
4C94 : 2A;
4C95 : 2A;
4C96 : 4A;
4C97 : 2A;
4C98 : 4A;
4C99 : 4A;
4C9A : 4A;
4C9B : 4A;
4C9C : 4A;
4C9D : 4A;
4C9E : 4A;
4C9F : 4A;
4CA0 : 4A;
4CA1 : 4A;
4CA2 : 4A;
4CA3 : 4A;
4CA4 : 4A;
4CA5 : 4A;
4CA6 : 4A;
4CA7 : 4A;
4CA8 : 4A;
4CA9 : 4A;
4CAA : 4A;
4CAB : 4A;
4CAC : 4A;
4CAD : 4A;
4CAE : 4A;
4CAF : 4A;
4CB0 : 4A;
4CB1 : 4A;
4CB2 : 4A;
4CB3 : 4A;
4CB4 : 4A;
4CB5 : 4A;
4CB6 : 4A;
4CB7 : 4A;
4CB8 : 4A;
4CB9 : 4A;
4CBA : 4A;
4CBB : 4A;
4CBC : 4A;
4CBD : 4A;
4CBE : 4A;
4CBF : 4A;
4CC0 : E8;
4CC1 : EC;
4CC2 : F4;
4CC3 : F4;
4CC4 : F4;
4CC5 : F4;
4CC6 : F4;
4CC7 : F4;
4CC8 : A9;
4CC9 : CD;
4CCA : F0;
4CCB : F0;
4CCC : F0;
4CCD : F0;
4CCE : F0;
4CCF : F0;
4CD0 : 2A;
4CD1 : 89;
4CD2 : E8;
4CD3 : E8;
4CD4 : E8;
4CD5 : E8;
4CD6 : E8;
4CD7 : E8;
4CD8 : 4A;
4CD9 : 89;
4CDA : E8;
4CDB : E8;
4CDC : E8;
4CDD : E8;
4CDE : E8;
4CDF : E8;
4CE0 : 4A;
4CE1 : 8A;
4CE2 : E8;
4CE3 : E8;
4CE4 : E8;
4CE5 : E8;
4CE6 : E8;
4CE7 : E8;
4CE8 : 4A;
4CE9 : 89;
4CEA : E8;
4CEB : E8;
4CEC : E8;
4CED : E8;
4CEE : E8;
4CEF : E8;
4CF0 : 4A;
4CF1 : 89;
4CF2 : E8;
4CF3 : E8;
4CF4 : E8;
4CF5 : E8;
4CF6 : E8;
4CF7 : E8;
4CF8 : 4A;
4CF9 : 89;
4CFA : E8;
4CFB : E8;
4CFC : E8;
4CFD : E8;
4CFE : E8;
4CFF : E8;
4D00 : F4;
4D01 : F4;
4D02 : F4;
4D03 : F4;
4D04 : F4;
4D05 : F4;
4D06 : 94;
4D07 : 54;
4D08 : F0;
4D09 : F0;
4D0A : F0;
4D0B : F0;
4D0C : F0;
4D0D : F0;
4D0E : B4;
4D0F : 94;
4D10 : E8;
4D11 : E8;
4D12 : E8;
4D13 : E8;
4D14 : E8;
4D15 : E4;
4D16 : F0;
4D17 : F4;
4D18 : E8;
4D19 : E8;
4D1A : E8;
4D1B : E8;
4D1C : E8;
4D1D : E4;
4D1E : F0;
4D1F : F4;
4D20 : E8;
4D21 : E8;
4D22 : E8;
4D23 : E8;
4D24 : E8;
4D25 : E4;
4D26 : F0;
4D27 : F4;
4D28 : E8;
4D29 : E8;
4D2A : E8;
4D2B : E8;
4D2C : E8;
4D2D : E4;
4D2E : F0;
4D2F : F4;
4D30 : E8;
4D31 : E8;
4D32 : E8;
4D33 : E8;
4D34 : E8;
4D35 : E4;
4D36 : F0;
4D37 : F4;
4D38 : E8;
4D39 : E8;
4D3A : E8;
4D3B : E8;
4D3C : E8;
4D3D : E4;
4D3E : F0;
4D3F : F4;
4D40 : 54;
4D41 : 54;
4D42 : 54;
4D43 : 54;
4D44 : 54;
4D45 : 54;
4D46 : 54;
4D47 : 54;
4D48 : 94;
4D49 : 94;
4D4A : 94;
4D4B : 94;
4D4C : 94;
4D4D : 94;
4D4E : 94;
4D4F : 94;
4D50 : F4;
4D51 : F4;
4D52 : F4;
4D53 : F4;
4D54 : F4;
4D55 : F4;
4D56 : F4;
4D57 : F4;
4D58 : F4;
4D59 : F4;
4D5A : F4;
4D5B : F4;
4D5C : F4;
4D5D : F4;
4D5E : F4;
4D5F : F4;
4D60 : F4;
4D61 : F4;
4D62 : F4;
4D63 : F4;
4D64 : F4;
4D65 : F4;
4D66 : F4;
4D67 : F4;
4D68 : F4;
4D69 : F4;
4D6A : F4;
4D6B : F4;
4D6C : F4;
4D6D : F4;
4D6E : F4;
4D6F : F4;
4D70 : F4;
4D71 : F4;
4D72 : F4;
4D73 : F4;
4D74 : F4;
4D75 : F4;
4D76 : F4;
4D77 : F4;
4D78 : F4;
4D79 : F4;
4D7A : F4;
4D7B : F4;
4D7C : F4;
4D7D : F4;
4D7E : F4;
4D7F : F4;
4D80 : 54;
4D81 : 54;
4D82 : 54;
4D83 : 59;
4D84 : 3E;
4D85 : 3E;
4D86 : 3E;
4D87 : 3E;
4D88 : 94;
4D89 : 94;
4D8A : 94;
4D8B : 79;
4D8C : 39;
4D8D : 59;
4D8E : 59;
4D8F : 59;
4D90 : F4;
4D91 : F4;
4D92 : F4;
4D93 : 94;
4D94 : 34;
4D95 : 54;
4D96 : 54;
4D97 : 54;
4D98 : F4;
4D99 : F4;
4D9A : F4;
4D9B : 94;
4D9C : 34;
4D9D : 54;
4D9E : 54;
4D9F : 54;
4DA0 : F4;
4DA1 : F4;
4DA2 : F4;
4DA3 : 94;
4DA4 : 34;
4DA5 : 54;
4DA6 : 54;
4DA7 : 54;
4DA8 : F4;
4DA9 : F4;
4DAA : F4;
4DAB : 94;
4DAC : 34;
4DAD : 54;
4DAE : 54;
4DAF : 54;
4DB0 : F4;
4DB1 : F4;
4DB2 : F4;
4DB3 : 94;
4DB4 : 34;
4DB5 : 54;
4DB6 : 54;
4DB7 : 54;
4DB8 : F4;
4DB9 : F4;
4DBA : F4;
4DBB : 94;
4DBC : 34;
4DBD : 54;
4DBE : 54;
4DBF : 54;
4DC0 : 3E;
4DC1 : 3E;
4DC2 : 3E;
4DC3 : 3E;
4DC4 : 3E;
4DC5 : 3E;
4DC6 : 3E;
4DC7 : 3E;
4DC8 : 59;
4DC9 : 59;
4DCA : 59;
4DCB : 59;
4DCC : 59;
4DCD : 59;
4DCE : 59;
4DCF : 39;
4DD0 : 54;
4DD1 : 54;
4DD2 : 54;
4DD3 : 54;
4DD4 : 54;
4DD5 : 54;
4DD6 : 54;
4DD7 : 54;
4DD8 : 54;
4DD9 : 54;
4DDA : 54;
4DDB : 54;
4DDC : 54;
4DDD : 54;
4DDE : 54;
4DDF : 54;
4DE0 : 54;
4DE1 : 54;
4DE2 : 54;
4DE3 : 54;
4DE4 : 54;
4DE5 : 54;
4DE6 : 54;
4DE7 : 54;
4DE8 : 54;
4DE9 : 54;
4DEA : 54;
4DEB : 54;
4DEC : 54;
4DED : 54;
4DEE : 54;
4DEF : 54;
4DF0 : 54;
4DF1 : 54;
4DF2 : 54;
4DF3 : 54;
4DF4 : 54;
4DF5 : 54;
4DF6 : 54;
4DF7 : 54;
4DF8 : 54;
4DF9 : 54;
4DFA : 54;
4DFB : 54;
4DFC : 54;
4DFD : 54;
4DFE : 54;
4DFF : 54;
4E00 : 1F;
4E01 : 1F;
4E02 : 1F;
4E03 : 1F;
4E04 : 1F;
4E05 : 1F;
4E06 : 1F;
4E07 : 1F;
4E08 : 33;
4E09 : 33;
4E0A : 33;
4E0B : 33;
4E0C : 33;
4E0D : 33;
4E0E : 33;
4E0F : 33;
4E10 : 67;
4E11 : 83;
4E12 : 63;
4E13 : 63;
4E14 : 63;
4E15 : 63;
4E16 : 63;
4E17 : 63;
4E18 : 67;
4E19 : 63;
4E1A : 63;
4E1B : 63;
4E1C : 63;
4E1D : 63;
4E1E : 63;
4E1F : 63;
4E20 : 67;
4E21 : 63;
4E22 : 63;
4E23 : 63;
4E24 : 63;
4E25 : 63;
4E26 : 63;
4E27 : 63;
4E28 : 67;
4E29 : 63;
4E2A : 63;
4E2B : 63;
4E2C : 63;
4E2D : 63;
4E2E : 63;
4E2F : 63;
4E30 : 67;
4E31 : 63;
4E32 : 63;
4E33 : 63;
4E34 : 63;
4E35 : 63;
4E36 : 63;
4E37 : 63;
4E38 : 67;
4E39 : 63;
4E3A : 63;
4E3B : 63;
4E3C : 63;
4E3D : 63;
4E3E : 63;
4E3F : 63;
4E40 : 1F;
4E41 : 1F;
4E42 : 1F;
4E43 : 1F;
4E44 : 7E;
4E45 : F8;
4E46 : F8;
4E47 : F8;
4E48 : 33;
4E49 : 33;
4E4A : 33;
4E4B : 33;
4E4C : 57;
4E4D : BD;
4E4E : BD;
4E4F : BD;
4E50 : 63;
4E51 : 63;
4E52 : 63;
4E53 : 83;
4E54 : 6B;
4E55 : 1F;
4E56 : 1F;
4E57 : 1F;
4E58 : 63;
4E59 : 63;
4E5A : 63;
4E5B : 63;
4E5C : 6B;
4E5D : 1F;
4E5E : 1F;
4E5F : 1F;
4E60 : 63;
4E61 : 63;
4E62 : 63;
4E63 : 63;
4E64 : 6B;
4E65 : 1F;
4E66 : 1F;
4E67 : 1F;
4E68 : 63;
4E69 : 63;
4E6A : 63;
4E6B : 63;
4E6C : 6B;
4E6D : 1F;
4E6E : 1F;
4E6F : 1F;
4E70 : 63;
4E71 : 63;
4E72 : 63;
4E73 : 63;
4E74 : 6B;
4E75 : 1F;
4E76 : 1F;
4E77 : 1F;
4E78 : 63;
4E79 : 63;
4E7A : 63;
4E7B : 63;
4E7C : 6B;
4E7D : 1F;
4E7E : 1F;
4E7F : 1F;
4E80 : F8;
4E81 : F8;
4E82 : F8;
4E83 : F8;
4E84 : F8;
4E85 : F8;
4E86 : F8;
4E87 : F8;
4E88 : BD;
4E89 : BD;
4E8A : BD;
4E8B : BD;
4E8C : BD;
4E8D : BD;
4E8E : BD;
4E8F : BD;
4E90 : 1F;
4E91 : 1F;
4E92 : 1F;
4E93 : 1F;
4E94 : 1F;
4E95 : 1F;
4E96 : 1F;
4E97 : 1F;
4E98 : 1F;
4E99 : 1F;
4E9A : 1F;
4E9B : 1F;
4E9C : 1F;
4E9D : 1F;
4E9E : 1F;
4E9F : 1F;
4EA0 : 1F;
4EA1 : 1F;
4EA2 : 1F;
4EA3 : 1F;
4EA4 : 1F;
4EA5 : 1F;
4EA6 : 1F;
4EA7 : 1F;
4EA8 : 1F;
4EA9 : 1F;
4EAA : 1F;
4EAB : 1F;
4EAC : 1F;
4EAD : 1F;
4EAE : 1F;
4EAF : 1F;
4EB0 : 1F;
4EB1 : 1F;
4EB2 : 1F;
4EB3 : 1F;
4EB4 : 1F;
4EB5 : 1F;
4EB6 : 1F;
4EB7 : 1F;
4EB8 : 1F;
4EB9 : 1F;
4EBA : 1F;
4EBB : 1F;
4EBC : 1F;
4EBD : 1F;
4EBE : 1F;
4EBF : 1F;
4EC0 : F8;
4EC1 : BC;
4EC2 : 5C;
4EC3 : 3C;
4EC4 : 3C;
4EC5 : 3C;
4EC6 : 3C;
4EC7 : 3C;
4EC8 : BA;
4EC9 : BD;
4ECA : 9C;
4ECB : 9C;
4ECC : 9C;
4ECD : 9C;
4ECE : 9C;
4ECF : 9C;
4ED0 : 1F;
4ED1 : 9A;
4ED2 : F8;
4ED3 : F8;
4ED4 : F8;
4ED5 : F8;
4ED6 : F8;
4ED7 : F8;
4ED8 : 1F;
4ED9 : 9A;
4EDA : F8;
4EDB : F8;
4EDC : F8;
4EDD : F8;
4EDE : F8;
4EDF : F8;
4EE0 : 1F;
4EE1 : 9E;
4EE2 : F8;
4EE3 : F8;
4EE4 : F8;
4EE5 : F8;
4EE6 : F8;
4EE7 : F8;
4EE8 : 1F;
4EE9 : 9E;
4EEA : F8;
4EEB : F8;
4EEC : F8;
4EED : F8;
4EEE : F8;
4EEF : F8;
4EF0 : 1F;
4EF1 : 9E;
4EF2 : F8;
4EF3 : F8;
4EF4 : F8;
4EF5 : F8;
4EF6 : F8;
4EF7 : F8;
4EF8 : 1F;
4EF9 : 9E;
4EFA : F8;
4EFB : F8;
4EFC : F8;
4EFD : F8;
4EFE : F8;
4EFF : F8;
4F00 : 3C;
4F01 : 3C;
4F02 : 3C;
4F03 : 3C;
4F04 : 5C;
4F05 : 5C;
4F06 : 35;
4F07 : 2B;
4F08 : 9C;
4F09 : 9C;
4F0A : 9C;
4F0B : 9C;
4F0C : 9C;
4F0D : 9C;
4F0E : 79;
4F0F : 36;
4F10 : F8;
4F11 : F8;
4F12 : F8;
4F13 : F8;
4F14 : F8;
4F15 : F8;
4F16 : 9C;
4F17 : 3C;
4F18 : F8;
4F19 : F8;
4F1A : F8;
4F1B : F8;
4F1C : F8;
4F1D : F8;
4F1E : 9C;
4F1F : 3C;
4F20 : F8;
4F21 : F8;
4F22 : F8;
4F23 : F8;
4F24 : F8;
4F25 : F8;
4F26 : BC;
4F27 : 3C;
4F28 : F8;
4F29 : F8;
4F2A : F8;
4F2B : F8;
4F2C : F8;
4F2D : F8;
4F2E : BC;
4F2F : 3C;
4F30 : F8;
4F31 : F8;
4F32 : F8;
4F33 : F8;
4F34 : F8;
4F35 : F8;
4F36 : BC;
4F37 : 3C;
4F38 : F8;
4F39 : F8;
4F3A : F8;
4F3B : F8;
4F3C : F8;
4F3D : F8;
4F3E : BC;
4F3F : 3C;
4F40 : 2A;
4F41 : 2A;
4F42 : 2A;
4F43 : 2A;
4F44 : 2A;
4F45 : 2A;
4F46 : 2A;
4F47 : 2A;
4F48 : 35;
4F49 : 35;
4F4A : 35;
4F4B : 35;
4F4C : 35;
4F4D : 35;
4F4E : 35;
4F4F : 35;
4F50 : 5C;
4F51 : 5C;
4F52 : 5C;
4F53 : 5C;
4F54 : 5C;
4F55 : 5C;
4F56 : 5C;
4F57 : 5C;
4F58 : 5C;
4F59 : 5C;
4F5A : 5C;
4F5B : 5C;
4F5C : 5C;
4F5D : 5C;
4F5E : 5C;
4F5F : 5C;
4F60 : 5C;
4F61 : 5C;
4F62 : 5C;
4F63 : 5C;
4F64 : 5C;
4F65 : 5C;
4F66 : 5C;
4F67 : 5C;
4F68 : 5C;
4F69 : 5C;
4F6A : 5C;
4F6B : 5C;
4F6C : 5C;
4F6D : 5C;
4F6E : 5C;
4F6F : 5C;
4F70 : 5C;
4F71 : 5C;
4F72 : 5C;
4F73 : 5C;
4F74 : 5C;
4F75 : 5C;
4F76 : 5C;
4F77 : 5C;
4F78 : 5C;
4F79 : 5C;
4F7A : 5C;
4F7B : 5C;
4F7C : 5C;
4F7D : 5C;
4F7E : 5C;
4F7F : 5C;
4F80 : 2A;
4F81 : 2A;
4F82 : 2A;
4F83 : 47;
4F84 : 47;
4F85 : 47;
4F86 : 47;
4F87 : 47;
4F88 : 35;
4F89 : 35;
4F8A : 35;
4F8B : 2A;
4F8C : 2B;
4F8D : 4B;
4F8E : 4B;
4F8F : 4B;
4F90 : 5C;
4F91 : 5C;
4F92 : 5C;
4F93 : 32;
4F94 : 2E;
4F95 : 2E;
4F96 : 2E;
4F97 : 2E;
4F98 : 5C;
4F99 : 5C;
4F9A : 5C;
4F9B : 32;
4F9C : 2E;
4F9D : 2E;
4F9E : 2E;
4F9F : 2E;
4FA0 : 5C;
4FA1 : 5C;
4FA2 : 5C;
4FA3 : 32;
4FA4 : 2E;
4FA5 : 2E;
4FA6 : 2E;
4FA7 : 2E;
4FA8 : 5C;
4FA9 : 5C;
4FAA : 5C;
4FAB : 32;
4FAC : 2E;
4FAD : 2E;
4FAE : 2E;
4FAF : 2E;
4FB0 : 5C;
4FB1 : 5C;
4FB2 : 5C;
4FB3 : 32;
4FB4 : 2E;
4FB5 : 2E;
4FB6 : 2E;
4FB7 : 2E;
4FB8 : 5C;
4FB9 : 5C;
4FBA : 5C;
4FBB : 32;
4FBC : 2E;
4FBD : 2E;
4FBE : 2E;
4FBF : 2E;
4FC0 : 47;
4FC1 : 47;
4FC2 : 47;
4FC3 : 47;
4FC4 : 47;
4FC5 : 47;
4FC6 : 47;
4FC7 : 4B;
4FC8 : 4B;
4FC9 : 4B;
4FCA : 4B;
4FCB : 4B;
4FCC : 4B;
4FCD : 4B;
4FCE : 2B;
4FCF : 4B;
4FD0 : 2E;
4FD1 : 2E;
4FD2 : 2E;
4FD3 : 2E;
4FD4 : 2E;
4FD5 : 2E;
4FD6 : 2E;
4FD7 : 2E;
4FD8 : 2E;
4FD9 : 2E;
4FDA : 2E;
4FDB : 2E;
4FDC : 2E;
4FDD : 2E;
4FDE : 2E;
4FDF : 2E;
4FE0 : 2E;
4FE1 : 2E;
4FE2 : 2E;
4FE3 : 2E;
4FE4 : 2E;
4FE5 : 2E;
4FE6 : 2E;
4FE7 : 2E;
4FE8 : 2E;
4FE9 : 2E;
4FEA : 2E;
4FEB : 2E;
4FEC : 2E;
4FED : 2E;
4FEE : 2E;
4FEF : 2E;
4FF0 : 2E;
4FF1 : 2E;
4FF2 : 2E;
4FF3 : 2E;
4FF4 : 2E;
4FF5 : 2E;
4FF6 : 2E;
4FF7 : 2E;
4FF8 : 2E;
4FF9 : 2E;
4FFA : 2E;
4FFB : 2E;
4FFC : 2E;
4FFD : 2E;
4FFE : 2E;
4FFF : 2E;
5000 : B8;
5001 : BC;
5002 : BC;
5003 : BC;
5004 : BC;
5005 : BC;
5006 : BC;
5007 : BC;
5008 : 7A;
5009 : 7A;
500A : 9A;
500B : 7A;
500C : 7A;
500D : 7A;
500E : 9A;
500F : 9A;
5010 : 1B;
5011 : 1B;
5012 : 1B;
5013 : 1B;
5014 : 1B;
5015 : 1B;
5016 : 1B;
5017 : 1B;
5018 : 1B;
5019 : 1B;
501A : 1B;
501B : 1B;
501C : 1B;
501D : 1B;
501E : 1B;
501F : 1B;
5020 : 1B;
5021 : 1B;
5022 : 1B;
5023 : 1B;
5024 : 1B;
5025 : 1B;
5026 : 1B;
5027 : 1B;
5028 : 1B;
5029 : 1B;
502A : 1B;
502B : 1B;
502C : 1B;
502D : 1B;
502E : 1B;
502F : 1B;
5030 : 1B;
5031 : 1B;
5032 : 1B;
5033 : 1B;
5034 : 1B;
5035 : 1B;
5036 : 1B;
5037 : 1B;
5038 : 1B;
5039 : 1B;
503A : 1B;
503B : 1B;
503C : 1B;
503D : 1B;
503E : 1B;
503F : 1B;
5040 : BC;
5041 : BC;
5042 : BC;
5043 : DC;
5044 : 9C;
5045 : 3C;
5046 : 3C;
5047 : 3C;
5048 : 9A;
5049 : 9A;
504A : 9A;
504B : 9A;
504C : 7D;
504D : 7C;
504E : 7C;
504F : 7C;
5050 : 1B;
5051 : 1B;
5052 : 1B;
5053 : 1B;
5054 : 5A;
5055 : BC;
5056 : BC;
5057 : BC;
5058 : 1B;
5059 : 1B;
505A : 1B;
505B : 1B;
505C : 5A;
505D : BC;
505E : BC;
505F : BC;
5060 : 1B;
5061 : 1B;
5062 : 1B;
5063 : 1B;
5064 : 5A;
5065 : BC;
5066 : BC;
5067 : BC;
5068 : 1B;
5069 : 1B;
506A : 1B;
506B : 1B;
506C : 5A;
506D : BC;
506E : BC;
506F : BC;
5070 : 1B;
5071 : 1B;
5072 : 1B;
5073 : 1B;
5074 : 5A;
5075 : BC;
5076 : BC;
5077 : BC;
5078 : 1B;
5079 : 1B;
507A : 1B;
507B : 1B;
507C : 5A;
507D : BC;
507E : BC;
507F : BC;
5080 : 3C;
5081 : 3C;
5082 : 3C;
5083 : 3C;
5084 : 3C;
5085 : 3C;
5086 : 3C;
5087 : 3C;
5088 : 7C;
5089 : 7C;
508A : 7C;
508B : 7C;
508C : 7C;
508D : 7C;
508E : 7C;
508F : 7C;
5090 : BC;
5091 : BC;
5092 : BC;
5093 : BC;
5094 : BC;
5095 : BC;
5096 : BC;
5097 : BC;
5098 : BC;
5099 : BC;
509A : BC;
509B : BC;
509C : BC;
509D : BC;
509E : BC;
509F : BC;
50A0 : BC;
50A1 : BC;
50A2 : BC;
50A3 : BC;
50A4 : BC;
50A5 : BC;
50A6 : BC;
50A7 : BC;
50A8 : BC;
50A9 : BC;
50AA : BC;
50AB : BC;
50AC : BC;
50AD : BC;
50AE : BC;
50AF : BC;
50B0 : BC;
50B1 : BC;
50B2 : BC;
50B3 : BC;
50B4 : BC;
50B5 : BC;
50B6 : BC;
50B7 : BC;
50B8 : BC;
50B9 : BC;
50BA : BC;
50BB : BC;
50BC : BC;
50BD : BC;
50BE : BC;
50BF : BC;
50C0 : 3C;
50C1 : 1D;
50C2 : 1F;
50C3 : 1F;
50C4 : 1F;
50C5 : 1F;
50C6 : 1F;
50C7 : 1F;
50C8 : 7C;
50C9 : 5D;
50CA : 1E;
50CB : 1E;
50CC : 1E;
50CD : 1E;
50CE : 1E;
50CF : 1E;
50D0 : BC;
50D1 : 9C;
50D2 : 1C;
50D3 : 3C;
50D4 : 3C;
50D5 : 3C;
50D6 : 3C;
50D7 : 3C;
50D8 : BC;
50D9 : 9C;
50DA : 1C;
50DB : 3C;
50DC : 3C;
50DD : 3C;
50DE : 3C;
50DF : 3C;
50E0 : BC;
50E1 : 9C;
50E2 : 1C;
50E3 : 3C;
50E4 : 3C;
50E5 : 3C;
50E6 : 3C;
50E7 : 3C;
50E8 : BC;
50E9 : 9C;
50EA : 1C;
50EB : 3C;
50EC : 3C;
50ED : 3C;
50EE : 3C;
50EF : 3C;
50F0 : BC;
50F1 : 9C;
50F2 : 1C;
50F3 : 3C;
50F4 : 3C;
50F5 : 3C;
50F6 : 3C;
50F7 : 3C;
50F8 : BC;
50F9 : 9C;
50FA : 1C;
50FB : 3C;
50FC : 3C;
50FD : 3C;
50FE : 3C;
50FF : 3C;
5100 : 1F;
5101 : 1F;
5102 : 1F;
5103 : 1F;
5104 : 1F;
5105 : 1F;
5106 : 4F;
5107 : 46;
5108 : 1E;
5109 : 1E;
510A : 1E;
510B : 1E;
510C : 1E;
510D : 1E;
510E : 36;
510F : 32;
5110 : 3C;
5111 : 3C;
5112 : 3C;
5113 : 3C;
5114 : 3C;
5115 : 3C;
5116 : 1E;
5117 : 1F;
5118 : 3C;
5119 : 3C;
511A : 3C;
511B : 3C;
511C : 3C;
511D : 3C;
511E : 1E;
511F : 1F;
5120 : 3C;
5121 : 3C;
5122 : 3C;
5123 : 3C;
5124 : 3C;
5125 : 3C;
5126 : 1E;
5127 : 1F;
5128 : 3C;
5129 : 3C;
512A : 3C;
512B : 3C;
512C : 3C;
512D : 3C;
512E : 1E;
512F : 1F;
5130 : 3C;
5131 : 3C;
5132 : 3C;
5133 : 3C;
5134 : 3C;
5135 : 3C;
5136 : 1E;
5137 : 1F;
5138 : 3C;
5139 : 3C;
513A : 3C;
513B : 3C;
513C : 3C;
513D : 3C;
513E : 1E;
513F : 1F;
5140 : 46;
5141 : 46;
5142 : 66;
5143 : 66;
5144 : 66;
5145 : 66;
5146 : 66;
5147 : 66;
5148 : 32;
5149 : 32;
514A : 32;
514B : 32;
514C : 32;
514D : 32;
514E : 32;
514F : 32;
5150 : 1F;
5151 : 1F;
5152 : 1F;
5153 : 1F;
5154 : 1F;
5155 : 1F;
5156 : 1F;
5157 : 1F;
5158 : 1F;
5159 : 1F;
515A : 1F;
515B : 1F;
515C : 1F;
515D : 1F;
515E : 1F;
515F : 1F;
5160 : 1F;
5161 : 1F;
5162 : 1F;
5163 : 1F;
5164 : 1F;
5165 : 1F;
5166 : 1F;
5167 : 1F;
5168 : 1F;
5169 : 1F;
516A : 1F;
516B : 1F;
516C : 1F;
516D : 1F;
516E : 1F;
516F : 1F;
5170 : 1F;
5171 : 1F;
5172 : 1F;
5173 : 1F;
5174 : 1F;
5175 : 1F;
5176 : 1F;
5177 : 1F;
5178 : 1F;
5179 : 1F;
517A : 1F;
517B : 1F;
517C : 1F;
517D : 1F;
517E : 1F;
517F : 1F;
5180 : 66;
5181 : 46;
5182 : 46;
5183 : C7;
5184 : E7;
5185 : E7;
5186 : E7;
5187 : E7;
5188 : 32;
5189 : 32;
518A : 32;
518B : 8B;
518C : A7;
518D : A7;
518E : A7;
518F : A7;
5190 : 1F;
5191 : 1F;
5192 : 1F;
5193 : 4A;
5194 : 66;
5195 : 46;
5196 : 46;
5197 : 46;
5198 : 1F;
5199 : 1F;
519A : 1F;
519B : 4A;
519C : 66;
519D : 46;
519E : 46;
519F : 46;
51A0 : 1F;
51A1 : 1F;
51A2 : 1F;
51A3 : 4A;
51A4 : 66;
51A5 : 46;
51A6 : 46;
51A7 : 46;
51A8 : 1F;
51A9 : 1F;
51AA : 1F;
51AB : 4A;
51AC : 66;
51AD : 46;
51AE : 46;
51AF : 46;
51B0 : 1F;
51B1 : 1F;
51B2 : 1F;
51B3 : 4A;
51B4 : 66;
51B5 : 46;
51B6 : 46;
51B7 : 46;
51B8 : 1F;
51B9 : 1F;
51BA : 1F;
51BB : 4A;
51BC : 66;
51BD : 46;
51BE : 46;
51BF : 46;
51C0 : E7;
51C1 : E7;
51C2 : E7;
51C3 : E7;
51C4 : E7;
51C5 : E7;
51C6 : E7;
51C7 : E7;
51C8 : A7;
51C9 : A7;
51CA : A7;
51CB : A7;
51CC : A7;
51CD : A7;
51CE : A7;
51CF : A6;
51D0 : 46;
51D1 : 46;
51D2 : 46;
51D3 : 46;
51D4 : 46;
51D5 : 46;
51D6 : 46;
51D7 : 66;
51D8 : 46;
51D9 : 46;
51DA : 46;
51DB : 46;
51DC : 46;
51DD : 46;
51DE : 46;
51DF : 66;
51E0 : 46;
51E1 : 46;
51E2 : 46;
51E3 : 46;
51E4 : 46;
51E5 : 46;
51E6 : 46;
51E7 : 66;
51E8 : 46;
51E9 : 46;
51EA : 46;
51EB : 46;
51EC : 46;
51ED : 46;
51EE : 46;
51EF : 66;
51F0 : 46;
51F1 : 46;
51F2 : 46;
51F3 : 46;
51F4 : 46;
51F5 : 46;
51F6 : 46;
51F7 : 66;
51F8 : 46;
51F9 : 46;
51FA : 46;
51FB : 46;
51FC : 46;
51FD : 46;
51FE : 46;
51FF : 66;
5200 : E2;
5201 : E1;
5202 : E2;
5203 : E2;
5204 : E2;
5205 : E2;
5206 : E2;
5207 : E2;
5208 : E9;
5209 : E9;
520A : E9;
520B : E9;
520C : E9;
520D : E9;
520E : E9;
520F : E9;
5210 : F0;
5211 : F0;
5212 : F0;
5213 : F0;
5214 : F0;
5215 : F0;
5216 : F0;
5217 : F0;
5218 : F0;
5219 : F0;
521A : F0;
521B : F0;
521C : F0;
521D : F0;
521E : F0;
521F : F0;
5220 : F0;
5221 : F0;
5222 : F0;
5223 : F0;
5224 : F0;
5225 : F0;
5226 : F0;
5227 : F0;
5228 : F0;
5229 : F0;
522A : F0;
522B : F0;
522C : F0;
522D : F0;
522E : F0;
522F : F0;
5230 : F0;
5231 : F0;
5232 : F0;
5233 : F0;
5234 : F0;
5235 : F0;
5236 : F0;
5237 : F0;
5238 : F0;
5239 : F0;
523A : F0;
523B : F0;
523C : F0;
523D : F0;
523E : F0;
523F : F0;
5240 : E2;
5241 : E2;
5242 : E2;
5243 : E2;
5244 : CA;
5245 : 1F;
5246 : 1F;
5247 : 1F;
5248 : E9;
5249 : E9;
524A : E9;
524B : E9;
524C : CD;
524D : 77;
524E : 76;
524F : 76;
5250 : F0;
5251 : F0;
5252 : F0;
5253 : F0;
5254 : EC;
5255 : E2;
5256 : E2;
5257 : E1;
5258 : F0;
5259 : F0;
525A : F0;
525B : F0;
525C : EC;
525D : E2;
525E : E1;
525F : E1;
5260 : F0;
5261 : F0;
5262 : F0;
5263 : F0;
5264 : EC;
5265 : E2;
5266 : E1;
5267 : E1;
5268 : F0;
5269 : F0;
526A : F0;
526B : F0;
526C : EC;
526D : E2;
526E : E1;
526F : E1;
5270 : F0;
5271 : F0;
5272 : F0;
5273 : F0;
5274 : EC;
5275 : E2;
5276 : E1;
5277 : E1;
5278 : F0;
5279 : F0;
527A : F0;
527B : F0;
527C : EC;
527D : E2;
527E : E1;
527F : E1;
5280 : 1F;
5281 : 1F;
5282 : 1F;
5283 : 1F;
5284 : 1F;
5285 : 1F;
5286 : 1F;
5287 : 1F;
5288 : 76;
5289 : 76;
528A : 76;
528B : 76;
528C : 76;
528D : 76;
528E : 76;
528F : 96;
5290 : E1;
5291 : E2;
5292 : E2;
5293 : E2;
5294 : E2;
5295 : E2;
5296 : E2;
5297 : E2;
5298 : E1;
5299 : E2;
529A : E2;
529B : E2;
529C : E2;
529D : E2;
529E : E2;
529F : E2;
52A0 : E1;
52A1 : E1;
52A2 : E1;
52A3 : E1;
52A4 : E1;
52A5 : E2;
52A6 : E1;
52A7 : E1;
52A8 : E1;
52A9 : E1;
52AA : E1;
52AB : E1;
52AC : E1;
52AD : E1;
52AE : E1;
52AF : E1;
52B0 : E1;
52B1 : E1;
52B2 : E1;
52B3 : E1;
52B4 : E1;
52B5 : E1;
52B6 : E1;
52B7 : E1;
52B8 : E1;
52B9 : E1;
52BA : E1;
52BB : E1;
52BC : E1;
52BD : E1;
52BE : E1;
52BF : E1;
52C0 : 1F;
52C1 : 5B;
52C2 : 73;
52C3 : 73;
52C4 : 93;
52C5 : 93;
52C6 : 93;
52C7 : 73;
52C8 : 76;
52C9 : 77;
52CA : 57;
52CB : 57;
52CC : 57;
52CD : 57;
52CE : 57;
52CF : 57;
52D0 : E2;
52D1 : 92;
52D2 : 3F;
52D3 : 1F;
52D4 : 1F;
52D5 : 1F;
52D6 : 1F;
52D7 : 1F;
52D8 : E1;
52D9 : 92;
52DA : 1F;
52DB : 1F;
52DC : 1F;
52DD : 1F;
52DE : 1F;
52DF : 1F;
52E0 : E2;
52E1 : 92;
52E2 : 1F;
52E3 : 1F;
52E4 : 1F;
52E5 : 1F;
52E6 : 1F;
52E7 : 1F;
52E8 : E2;
52E9 : 92;
52EA : 1F;
52EB : 1F;
52EC : 1F;
52ED : 1F;
52EE : 1F;
52EF : 1F;
52F0 : E2;
52F1 : 92;
52F2 : 1F;
52F3 : 1F;
52F4 : 1F;
52F5 : 1F;
52F6 : 1F;
52F7 : 1F;
52F8 : E2;
52F9 : 92;
52FA : 1F;
52FB : 1F;
52FC : 1F;
52FD : 1F;
52FE : 1F;
52FF : 1F;
5300 : 73;
5301 : 73;
5302 : 73;
5303 : 73;
5304 : 73;
5305 : 73;
5306 : AA;
5307 : A6;
5308 : 57;
5309 : 57;
530A : 57;
530B : 57;
530C : 57;
530D : 57;
530E : 8F;
530F : AA;
5310 : 1F;
5311 : 1F;
5312 : 1F;
5313 : 1F;
5314 : 1F;
5315 : 1F;
5316 : 57;
5317 : 93;
5318 : 1F;
5319 : 1F;
531A : 1F;
531B : 1F;
531C : 1F;
531D : 1F;
531E : 57;
531F : 93;
5320 : 1F;
5321 : 1F;
5322 : 1F;
5323 : 1F;
5324 : 1F;
5325 : 1F;
5326 : 57;
5327 : 93;
5328 : 1F;
5329 : 1F;
532A : 1F;
532B : 1F;
532C : 1F;
532D : 1F;
532E : 57;
532F : 93;
5330 : 1F;
5331 : 1F;
5332 : 1F;
5333 : 1F;
5334 : 1F;
5335 : 1F;
5336 : 57;
5337 : 93;
5338 : 1F;
5339 : 1F;
533A : 1F;
533B : 1F;
533C : 1F;
533D : 1F;
533E : 57;
533F : 93;
5340 : A6;
5341 : A6;
5342 : A6;
5343 : A6;
5344 : A6;
5345 : A6;
5346 : A6;
5347 : A6;
5348 : 8A;
5349 : 8A;
534A : 8A;
534B : 8A;
534C : 8A;
534D : 8A;
534E : 8A;
534F : 8A;
5350 : 73;
5351 : 73;
5352 : 73;
5353 : 73;
5354 : 73;
5355 : 73;
5356 : 73;
5357 : 73;
5358 : 73;
5359 : 73;
535A : 73;
535B : 73;
535C : 73;
535D : 73;
535E : 73;
535F : 73;
5360 : 73;
5361 : 73;
5362 : 73;
5363 : 73;
5364 : 73;
5365 : 73;
5366 : 73;
5367 : 73;
5368 : 73;
5369 : 73;
536A : 73;
536B : 73;
536C : 73;
536D : 73;
536E : 73;
536F : 73;
5370 : 73;
5371 : 73;
5372 : 73;
5373 : 73;
5374 : 73;
5375 : 73;
5376 : 73;
5377 : 73;
5378 : 73;
5379 : 73;
537A : 73;
537B : 73;
537C : 73;
537D : 73;
537E : 73;
537F : 73;
5380 : A6;
5381 : A6;
5382 : A5;
5383 : C5;
5384 : E4;
5385 : C4;
5386 : E4;
5387 : E4;
5388 : 8A;
5389 : 8A;
538A : 8A;
538B : C6;
538C : C5;
538D : C5;
538E : C5;
538F : C5;
5390 : 73;
5391 : 73;
5392 : 93;
5393 : 8A;
5394 : A6;
5395 : A6;
5396 : A6;
5397 : A6;
5398 : 73;
5399 : 73;
539A : 73;
539B : 8A;
539C : A6;
539D : A6;
539E : A6;
539F : A6;
53A0 : 73;
53A1 : 73;
53A2 : 93;
53A3 : 8A;
53A4 : A6;
53A5 : A6;
53A6 : A6;
53A7 : A6;
53A8 : 73;
53A9 : 73;
53AA : 93;
53AB : 8A;
53AC : A6;
53AD : A6;
53AE : A6;
53AF : A6;
53B0 : 73;
53B1 : 73;
53B2 : 93;
53B3 : 8A;
53B4 : A6;
53B5 : A6;
53B6 : A6;
53B7 : A6;
53B8 : 73;
53B9 : 73;
53BA : 93;
53BB : 8A;
53BC : A6;
53BD : A6;
53BE : A6;
53BF : A6;
53C0 : E4;
53C1 : E4;
53C2 : E4;
53C3 : E4;
53C4 : E4;
53C5 : E4;
53C6 : E4;
53C7 : E8;
53C8 : C5;
53C9 : C5;
53CA : C5;
53CB : C5;
53CC : C5;
53CD : C5;
53CE : C5;
53CF : C5;
53D0 : A6;
53D1 : A6;
53D2 : A6;
53D3 : A6;
53D4 : A6;
53D5 : A6;
53D6 : A6;
53D7 : A6;
53D8 : A6;
53D9 : A6;
53DA : A6;
53DB : A6;
53DC : A6;
53DD : A6;
53DE : A6;
53DF : A6;
53E0 : A6;
53E1 : A6;
53E2 : A6;
53E3 : A6;
53E4 : A6;
53E5 : A6;
53E6 : A6;
53E7 : A6;
53E8 : A6;
53E9 : A6;
53EA : A6;
53EB : A6;
53EC : A6;
53ED : A6;
53EE : A6;
53EF : A6;
53F0 : A6;
53F1 : A6;
53F2 : A6;
53F3 : A6;
53F4 : A6;
53F5 : A6;
53F6 : A6;
53F7 : A6;
53F8 : A6;
53F9 : A6;
53FA : A6;
53FB : A6;
53FC : A6;
53FD : A6;
53FE : A6;
53FF : A6;
5400 : E8;
5401 : E8;
5402 : E8;
5403 : E8;
5404 : E8;
5405 : E8;
5406 : E8;
5407 : E8;
5408 : E8;
5409 : E8;
540A : E8;
540B : E8;
540C : E8;
540D : E8;
540E : E8;
540F : E8;
5410 : E8;
5411 : E8;
5412 : E8;
5413 : E8;
5414 : E8;
5415 : E8;
5416 : E8;
5417 : E8;
5418 : F0;
5419 : F0;
541A : F0;
541B : F0;
541C : F0;
541D : F0;
541E : F0;
541F : F0;
5420 : F4;
5421 : F4;
5422 : F4;
5423 : F4;
5424 : F4;
5425 : F4;
5426 : F4;
5427 : F4;
5428 : F4;
5429 : F4;
542A : F4;
542B : F4;
542C : F4;
542D : F4;
542E : F4;
542F : F4;
5430 : F4;
5431 : F4;
5432 : F4;
5433 : F4;
5434 : F4;
5435 : F4;
5436 : F4;
5437 : F4;
5438 : F4;
5439 : F4;
543A : F4;
543B : F4;
543C : F4;
543D : F4;
543E : F4;
543F : F4;
5440 : E8;
5441 : E8;
5442 : E8;
5443 : E8;
5444 : C5;
5445 : A3;
5446 : 83;
5447 : 83;
5448 : E8;
5449 : E8;
544A : E8;
544B : E8;
544C : C5;
544D : A3;
544E : 83;
544F : 83;
5450 : E8;
5451 : E8;
5452 : E8;
5453 : E8;
5454 : E5;
5455 : A3;
5456 : 83;
5457 : 83;
5458 : F0;
5459 : F0;
545A : F0;
545B : F4;
545C : F0;
545D : E4;
545E : E4;
545F : E4;
5460 : F4;
5461 : F4;
5462 : F4;
5463 : F4;
5464 : F4;
5465 : E8;
5466 : E8;
5467 : E8;
5468 : F4;
5469 : F4;
546A : F4;
546B : F4;
546C : F0;
546D : E8;
546E : E8;
546F : E8;
5470 : F4;
5471 : F4;
5472 : F4;
5473 : F4;
5474 : F0;
5475 : E8;
5476 : E8;
5477 : E8;
5478 : F4;
5479 : F4;
547A : F4;
547B : F4;
547C : F0;
547D : E8;
547E : E8;
547F : E8;
5480 : 83;
5481 : 83;
5482 : 83;
5483 : 83;
5484 : 83;
5485 : 83;
5486 : 83;
5487 : 83;
5488 : 83;
5489 : 83;
548A : 83;
548B : 83;
548C : 83;
548D : 83;
548E : 83;
548F : 83;
5490 : 83;
5491 : 83;
5492 : 83;
5493 : 83;
5494 : 83;
5495 : 83;
5496 : 83;
5497 : 83;
5498 : E4;
5499 : E4;
549A : E4;
549B : E4;
549C : E4;
549D : E4;
549E : E4;
549F : E4;
54A0 : E8;
54A1 : E8;
54A2 : E8;
54A3 : E8;
54A4 : E8;
54A5 : E8;
54A6 : E8;
54A7 : E8;
54A8 : E8;
54A9 : E8;
54AA : E8;
54AB : E8;
54AC : E8;
54AD : E8;
54AE : E8;
54AF : E8;
54B0 : E8;
54B1 : E8;
54B2 : E8;
54B3 : E8;
54B4 : E8;
54B5 : E8;
54B6 : E8;
54B7 : E8;
54B8 : E8;
54B9 : E8;
54BA : E8;
54BB : E8;
54BC : E8;
54BD : E8;
54BE : E8;
54BF : E8;
54C0 : A3;
54C1 : AB;
54C2 : B6;
54C3 : B7;
54C4 : B7;
54C5 : B7;
54C6 : B7;
54C7 : B7;
54C8 : A3;
54C9 : AB;
54CA : B6;
54CB : B7;
54CC : B7;
54CD : B7;
54CE : B7;
54CF : B7;
54D0 : A3;
54D1 : AB;
54D2 : 9A;
54D3 : B6;
54D4 : 96;
54D5 : B6;
54D6 : B6;
54D7 : B6;
54D8 : E4;
54D9 : C6;
54DA : 87;
54DB : A7;
54DC : 87;
54DD : A7;
54DE : A7;
54DF : A7;
54E0 : E8;
54E1 : C5;
54E2 : 83;
54E3 : 83;
54E4 : 83;
54E5 : 83;
54E6 : 83;
54E7 : 83;
54E8 : E8;
54E9 : C5;
54EA : 83;
54EB : A3;
54EC : A3;
54ED : 83;
54EE : 83;
54EF : 83;
54F0 : E8;
54F1 : C5;
54F2 : 83;
54F3 : A3;
54F4 : A3;
54F5 : 83;
54F6 : 83;
54F7 : 83;
54F8 : E8;
54F9 : C5;
54FA : 83;
54FB : A3;
54FC : A3;
54FD : 83;
54FE : 83;
54FF : 83;
5500 : B7;
5501 : B7;
5502 : B7;
5503 : B7;
5504 : B6;
5505 : B7;
5506 : 6F;
5507 : 43;
5508 : B7;
5509 : B7;
550A : B7;
550B : B7;
550C : B7;
550D : B7;
550E : 6F;
550F : 43;
5510 : B6;
5511 : B6;
5512 : B6;
5513 : B6;
5514 : B6;
5515 : B6;
5516 : 6F;
5517 : 63;
5518 : A7;
5519 : A7;
551A : A7;
551B : A7;
551C : A7;
551D : A7;
551E : 8F;
551F : 92;
5520 : 83;
5521 : 83;
5522 : 83;
5523 : 83;
5524 : 83;
5525 : 83;
5526 : AF;
5527 : B6;
5528 : 83;
5529 : 83;
552A : 83;
552B : 83;
552C : 83;
552D : 83;
552E : AF;
552F : B6;
5530 : 83;
5531 : 83;
5532 : 83;
5533 : 83;
5534 : 83;
5535 : 83;
5536 : AF;
5537 : B6;
5538 : 83;
5539 : 83;
553A : 83;
553B : 83;
553C : 83;
553D : 83;
553E : AF;
553F : B6;
5540 : 43;
5541 : 43;
5542 : 43;
5543 : 43;
5544 : 43;
5545 : 43;
5546 : 43;
5547 : 43;
5548 : 43;
5549 : 43;
554A : 43;
554B : 43;
554C : 43;
554D : 43;
554E : 43;
554F : 43;
5550 : 63;
5551 : 63;
5552 : 63;
5553 : 63;
5554 : 63;
5555 : 63;
5556 : 63;
5557 : 63;
5558 : 93;
5559 : 93;
555A : 92;
555B : 92;
555C : 92;
555D : 92;
555E : 92;
555F : 92;
5560 : B7;
5561 : B7;
5562 : B7;
5563 : B7;
5564 : B7;
5565 : B7;
5566 : B7;
5567 : B7;
5568 : B7;
5569 : B7;
556A : B7;
556B : B7;
556C : B7;
556D : B7;
556E : B7;
556F : B7;
5570 : B7;
5571 : B7;
5572 : B7;
5573 : B7;
5574 : B7;
5575 : B7;
5576 : B7;
5577 : B7;
5578 : B7;
5579 : B7;
557A : B7;
557B : B7;
557C : B7;
557D : B7;
557E : B7;
557F : B7;
5580 : 43;
5581 : 43;
5582 : 43;
5583 : A5;
5584 : A4;
5585 : A4;
5586 : A4;
5587 : A4;
5588 : 43;
5589 : 43;
558A : 43;
558B : A5;
558C : A4;
558D : A4;
558E : A4;
558F : A4;
5590 : 63;
5591 : 63;
5592 : 63;
5593 : A4;
5594 : A4;
5595 : A4;
5596 : A4;
5597 : A4;
5598 : 92;
5599 : 92;
559A : 92;
559B : 67;
559C : 63;
559D : 63;
559E : 63;
559F : 63;
55A0 : B7;
55A1 : B7;
55A2 : B6;
55A3 : 67;
55A4 : 43;
55A5 : 43;
55A6 : 43;
55A7 : 43;
55A8 : B7;
55A9 : B7;
55AA : B6;
55AB : 67;
55AC : 43;
55AD : 43;
55AE : 43;
55AF : 43;
55B0 : B7;
55B1 : B7;
55B2 : B6;
55B3 : 67;
55B4 : 43;
55B5 : 43;
55B6 : 43;
55B7 : 43;
55B8 : B7;
55B9 : B7;
55BA : B6;
55BB : 67;
55BC : 43;
55BD : 43;
55BE : 43;
55BF : 43;
55C0 : A4;
55C1 : A4;
55C2 : A4;
55C3 : A4;
55C4 : A4;
55C5 : A4;
55C6 : A4;
55C7 : A4;
55C8 : A4;
55C9 : A4;
55CA : A4;
55CB : A4;
55CC : A4;
55CD : A4;
55CE : A4;
55CF : A4;
55D0 : A4;
55D1 : A4;
55D2 : A4;
55D3 : A4;
55D4 : A4;
55D5 : A4;
55D6 : A4;
55D7 : A4;
55D8 : 63;
55D9 : 63;
55DA : 63;
55DB : 63;
55DC : 63;
55DD : 63;
55DE : 63;
55DF : 82;
55E0 : 43;
55E1 : 43;
55E2 : 43;
55E3 : 43;
55E4 : 43;
55E5 : 43;
55E6 : 43;
55E7 : 63;
55E8 : 43;
55E9 : 43;
55EA : 43;
55EB : 43;
55EC : 43;
55ED : 43;
55EE : 43;
55EF : 63;
55F0 : 43;
55F1 : 43;
55F2 : 43;
55F3 : 43;
55F4 : 43;
55F5 : 43;
55F6 : 43;
55F7 : 63;
55F8 : 43;
55F9 : 43;
55FA : 43;
55FB : 43;
55FC : 43;
55FD : 43;
55FE : 43;
55FF : 63;
5600 : E1;
5601 : E1;
5602 : E1;
5603 : E1;
5604 : E1;
5605 : E1;
5606 : E1;
5607 : E1;
5608 : E1;
5609 : E1;
560A : E1;
560B : E1;
560C : E1;
560D : E1;
560E : E1;
560F : E1;
5610 : E1;
5611 : E1;
5612 : E1;
5613 : E1;
5614 : E1;
5615 : E1;
5616 : E1;
5617 : E1;
5618 : E9;
5619 : E8;
561A : E8;
561B : E8;
561C : E8;
561D : E8;
561E : E8;
561F : E8;
5620 : E9;
5621 : E8;
5622 : E8;
5623 : E8;
5624 : E8;
5625 : E8;
5626 : E8;
5627 : E8;
5628 : E9;
5629 : E8;
562A : E8;
562B : E8;
562C : E8;
562D : E8;
562E : E8;
562F : E8;
5630 : E9;
5631 : E8;
5632 : E8;
5633 : E8;
5634 : E8;
5635 : E8;
5636 : E8;
5637 : E8;
5638 : E9;
5639 : E8;
563A : E8;
563B : E8;
563C : E8;
563D : E8;
563E : E8;
563F : E8;
5640 : E1;
5641 : E1;
5642 : E1;
5643 : E1;
5644 : C1;
5645 : 4A;
5646 : 4A;
5647 : 4A;
5648 : E1;
5649 : E1;
564A : E1;
564B : E1;
564C : C1;
564D : 4A;
564E : 4A;
564F : 4A;
5650 : E1;
5651 : E1;
5652 : E1;
5653 : E1;
5654 : C1;
5655 : 2A;
5656 : 2A;
5657 : 2A;
5658 : E8;
5659 : E8;
565A : E8;
565B : E8;
565C : E4;
565D : C1;
565E : C1;
565F : C1;
5660 : E8;
5661 : E8;
5662 : E8;
5663 : E8;
5664 : E8;
5665 : E1;
5666 : E1;
5667 : E1;
5668 : E8;
5669 : E8;
566A : E8;
566B : E8;
566C : E8;
566D : E1;
566E : E1;
566F : E1;
5670 : E8;
5671 : E8;
5672 : E8;
5673 : E8;
5674 : E8;
5675 : E1;
5676 : E1;
5677 : E1;
5678 : E8;
5679 : E8;
567A : E8;
567B : E8;
567C : E8;
567D : E1;
567E : E1;
567F : E1;
5680 : 4A;
5681 : 4A;
5682 : 4A;
5683 : 4A;
5684 : 4A;
5685 : 4A;
5686 : 4A;
5687 : 4A;
5688 : 4A;
5689 : 4A;
568A : 4A;
568B : 4A;
568C : 4A;
568D : 4A;
568E : 4A;
568F : 4A;
5690 : 2A;
5691 : 2A;
5692 : 2A;
5693 : 2A;
5694 : 2A;
5695 : 2A;
5696 : 2A;
5697 : 2A;
5698 : C1;
5699 : C1;
569A : C1;
569B : C1;
569C : C1;
569D : C1;
569E : C1;
569F : C1;
56A0 : E1;
56A1 : E1;
56A2 : E1;
56A3 : E1;
56A4 : E1;
56A5 : E1;
56A6 : E1;
56A7 : E1;
56A8 : E1;
56A9 : E1;
56AA : E1;
56AB : E1;
56AC : E1;
56AD : E1;
56AE : E1;
56AF : E1;
56B0 : E1;
56B1 : E1;
56B2 : E1;
56B3 : E1;
56B4 : E1;
56B5 : E1;
56B6 : E1;
56B7 : E1;
56B8 : E1;
56B9 : E1;
56BA : E1;
56BB : E1;
56BC : E1;
56BD : E1;
56BE : E1;
56BF : E1;
56C0 : 4A;
56C1 : 89;
56C2 : E8;
56C3 : E8;
56C4 : E8;
56C5 : E8;
56C6 : E8;
56C7 : E8;
56C8 : 4A;
56C9 : 89;
56CA : E8;
56CB : E8;
56CC : E8;
56CD : E8;
56CE : E8;
56CF : E8;
56D0 : 2A;
56D1 : 89;
56D2 : E8;
56D3 : E8;
56D4 : E8;
56D5 : E8;
56D6 : E8;
56D7 : E8;
56D8 : C1;
56D9 : A5;
56DA : 4A;
56DB : 6A;
56DC : 6A;
56DD : 6A;
56DE : 6A;
56DF : 6A;
56E0 : E1;
56E1 : A5;
56E2 : 2A;
56E3 : 2A;
56E4 : 4A;
56E5 : 4A;
56E6 : 4A;
56E7 : 4A;
56E8 : E1;
56E9 : C5;
56EA : 2A;
56EB : 4A;
56EC : 4A;
56ED : 4A;
56EE : 4A;
56EF : 4A;
56F0 : E1;
56F1 : C5;
56F2 : 2A;
56F3 : 4A;
56F4 : 4A;
56F5 : 4A;
56F6 : 4A;
56F7 : 4A;
56F8 : E1;
56F9 : C5;
56FA : 2A;
56FB : 4A;
56FC : 4A;
56FD : 4A;
56FE : 4A;
56FF : 4A;
5700 : E8;
5701 : E8;
5702 : E8;
5703 : E8;
5704 : E8;
5705 : E4;
5706 : F0;
5707 : F4;
5708 : E8;
5709 : E8;
570A : E8;
570B : E8;
570C : E8;
570D : E4;
570E : F0;
570F : F4;
5710 : E8;
5711 : E8;
5712 : E8;
5713 : E8;
5714 : E8;
5715 : E4;
5716 : F0;
5717 : F4;
5718 : 6A;
5719 : 6A;
571A : 6A;
571B : 6A;
571C : 6A;
571D : 4A;
571E : C8;
571F : E8;
5720 : 4A;
5721 : 4A;
5722 : 4A;
5723 : 4A;
5724 : 4A;
5725 : 2A;
5726 : C8;
5727 : E8;
5728 : 4A;
5729 : 4A;
572A : 4A;
572B : 4A;
572C : 4A;
572D : 2A;
572E : C8;
572F : E8;
5730 : 4A;
5731 : 4A;
5732 : 4A;
5733 : 4A;
5734 : 4A;
5735 : 2A;
5736 : C8;
5737 : E8;
5738 : 4A;
5739 : 4A;
573A : 4A;
573B : 4A;
573C : 4A;
573D : 2A;
573E : C8;
573F : E8;
5740 : F4;
5741 : F4;
5742 : F4;
5743 : F4;
5744 : F4;
5745 : F4;
5746 : F4;
5747 : F4;
5748 : F4;
5749 : F4;
574A : F4;
574B : F4;
574C : F4;
574D : F4;
574E : F4;
574F : F4;
5750 : F4;
5751 : F4;
5752 : F4;
5753 : F4;
5754 : F4;
5755 : F4;
5756 : F4;
5757 : F4;
5758 : E8;
5759 : EC;
575A : EC;
575B : EC;
575C : EC;
575D : EC;
575E : EC;
575F : EC;
5760 : E8;
5761 : E8;
5762 : E4;
5763 : E8;
5764 : E8;
5765 : E8;
5766 : E8;
5767 : E8;
5768 : E8;
5769 : E8;
576A : E8;
576B : E8;
576C : E8;
576D : E8;
576E : E8;
576F : E8;
5770 : E8;
5771 : E8;
5772 : E8;
5773 : E8;
5774 : E8;
5775 : E8;
5776 : E8;
5777 : E8;
5778 : E8;
5779 : E8;
577A : E8;
577B : E8;
577C : E8;
577D : E8;
577E : E8;
577F : E8;
5780 : F4;
5781 : F4;
5782 : F4;
5783 : 94;
5784 : 34;
5785 : 54;
5786 : 54;
5787 : 54;
5788 : F4;
5789 : F4;
578A : F4;
578B : 94;
578C : 34;
578D : 54;
578E : 54;
578F : 54;
5790 : F4;
5791 : F4;
5792 : F4;
5793 : 74;
5794 : 34;
5795 : 54;
5796 : 54;
5797 : 54;
5798 : EC;
5799 : EC;
579A : EC;
579B : F0;
579C : D4;
579D : D4;
579E : D4;
579F : D4;
57A0 : E8;
57A1 : E4;
57A2 : E8;
57A3 : F0;
57A4 : F4;
57A5 : F4;
57A6 : F4;
57A7 : F4;
57A8 : E8;
57A9 : E8;
57AA : E8;
57AB : F0;
57AC : F4;
57AD : F4;
57AE : F4;
57AF : F4;
57B0 : E8;
57B1 : E8;
57B2 : E8;
57B3 : F0;
57B4 : F4;
57B5 : F4;
57B6 : F4;
57B7 : F4;
57B8 : E8;
57B9 : E8;
57BA : E8;
57BB : F0;
57BC : F4;
57BD : F4;
57BE : F4;
57BF : F4;
57C0 : 54;
57C1 : 54;
57C2 : 54;
57C3 : 54;
57C4 : 54;
57C5 : 54;
57C6 : 54;
57C7 : 54;
57C8 : 54;
57C9 : 54;
57CA : 54;
57CB : 54;
57CC : 54;
57CD : 54;
57CE : 54;
57CF : 54;
57D0 : 54;
57D1 : 54;
57D2 : 54;
57D3 : 54;
57D4 : 54;
57D5 : 54;
57D6 : 34;
57D7 : 54;
57D8 : D4;
57D9 : D4;
57DA : D4;
57DB : D4;
57DC : D4;
57DD : D4;
57DE : D4;
57DF : D4;
57E0 : F4;
57E1 : F4;
57E2 : F4;
57E3 : F4;
57E4 : F4;
57E5 : F4;
57E6 : F4;
57E7 : F4;
57E8 : F4;
57E9 : F4;
57EA : F4;
57EB : F4;
57EC : F4;
57ED : F4;
57EE : F4;
57EF : F4;
57F0 : F4;
57F1 : F4;
57F2 : F4;
57F3 : F4;
57F4 : F4;
57F5 : F4;
57F6 : F4;
57F7 : F4;
57F8 : F4;
57F9 : F4;
57FA : F4;
57FB : F4;
57FC : F4;
57FD : F4;
57FE : F4;
57FF : F4;
5800 : 67;
5801 : 63;
5802 : 63;
5803 : 63;
5804 : 63;
5805 : 63;
5806 : 63;
5807 : 63;
5808 : 67;
5809 : 63;
580A : 63;
580B : 63;
580C : 63;
580D : 63;
580E : 63;
580F : 63;
5810 : 67;
5811 : 63;
5812 : 63;
5813 : 63;
5814 : 63;
5815 : 63;
5816 : 63;
5817 : 63;
5818 : C6;
5819 : E2;
581A : E2;
581B : E2;
581C : E2;
581D : E2;
581E : E2;
581F : E2;
5820 : E5;
5821 : E1;
5822 : E1;
5823 : E1;
5824 : E1;
5825 : E1;
5826 : E1;
5827 : E1;
5828 : E5;
5829 : E1;
582A : E1;
582B : E1;
582C : E1;
582D : E1;
582E : E1;
582F : E1;
5830 : E5;
5831 : E1;
5832 : E1;
5833 : E1;
5834 : E1;
5835 : E1;
5836 : E1;
5837 : E1;
5838 : E5;
5839 : E1;
583A : E1;
583B : E1;
583C : E1;
583D : E1;
583E : E1;
583F : E1;
5840 : 63;
5841 : 63;
5842 : 63;
5843 : 63;
5844 : 6B;
5845 : 1F;
5846 : 1F;
5847 : 1F;
5848 : 63;
5849 : 63;
584A : 63;
584B : 83;
584C : 6B;
584D : 1F;
584E : 1F;
584F : 1F;
5850 : 63;
5851 : 63;
5852 : 63;
5853 : 63;
5854 : 4F;
5855 : 1F;
5856 : 1F;
5857 : 1F;
5858 : E2;
5859 : E2;
585A : E2;
585B : E2;
585C : C2;
585D : 67;
585E : 67;
585F : 67;
5860 : E1;
5861 : E1;
5862 : E1;
5863 : E1;
5864 : E2;
5865 : 63;
5866 : 63;
5867 : 63;
5868 : E1;
5869 : E1;
586A : E1;
586B : E1;
586C : E2;
586D : 63;
586E : 63;
586F : 63;
5870 : E1;
5871 : E1;
5872 : E1;
5873 : E1;
5874 : E2;
5875 : 63;
5876 : 63;
5877 : 63;
5878 : E1;
5879 : E1;
587A : E1;
587B : E1;
587C : E2;
587D : 63;
587E : 63;
587F : 63;
5880 : 1F;
5881 : 1F;
5882 : 1F;
5883 : 1F;
5884 : 1F;
5885 : 1F;
5886 : 1F;
5887 : 1F;
5888 : 1F;
5889 : 1F;
588A : 1F;
588B : 1F;
588C : 1F;
588D : 1F;
588E : 1F;
588F : 1F;
5890 : 1F;
5891 : 1F;
5892 : 1F;
5893 : 1F;
5894 : 1F;
5895 : 1F;
5896 : 1F;
5897 : 1F;
5898 : 67;
5899 : 67;
589A : 67;
589B : 67;
589C : 67;
589D : 67;
589E : 67;
589F : 67;
58A0 : 63;
58A1 : 63;
58A2 : 63;
58A3 : 63;
58A4 : 63;
58A5 : 63;
58A6 : 63;
58A7 : 63;
58A8 : 63;
58A9 : 63;
58AA : 63;
58AB : 63;
58AC : 63;
58AD : 63;
58AE : 63;
58AF : 63;
58B0 : 63;
58B1 : 63;
58B2 : 63;
58B3 : 63;
58B4 : 63;
58B5 : 63;
58B6 : 63;
58B7 : 63;
58B8 : 63;
58B9 : 63;
58BA : 63;
58BB : 63;
58BC : 63;
58BD : 63;
58BE : 63;
58BF : 63;
58C0 : 1F;
58C1 : 9D;
58C2 : F8;
58C3 : F8;
58C4 : F8;
58C5 : F8;
58C6 : F8;
58C7 : F8;
58C8 : 1F;
58C9 : 9D;
58CA : F8;
58CB : F8;
58CC : F8;
58CD : F8;
58CE : F8;
58CF : F8;
58D0 : 1F;
58D1 : 99;
58D2 : F8;
58D3 : F8;
58D4 : F8;
58D5 : F8;
58D6 : F8;
58D7 : F8;
58D8 : 87;
58D9 : 53;
58DA : 3E;
58DB : 3E;
58DC : 3E;
58DD : 3E;
58DE : 3E;
58DF : 3E;
58E0 : 83;
58E1 : 33;
58E2 : 1F;
58E3 : 1F;
58E4 : 1F;
58E5 : 1F;
58E6 : 1F;
58E7 : 1F;
58E8 : 83;
58E9 : 33;
58EA : 1F;
58EB : 1F;
58EC : 1F;
58ED : 1F;
58EE : 1F;
58EF : 1F;
58F0 : 83;
58F1 : 33;
58F2 : 1F;
58F3 : 1F;
58F4 : 1F;
58F5 : 1F;
58F6 : 1F;
58F7 : 1F;
58F8 : 83;
58F9 : 33;
58FA : 1F;
58FB : 1F;
58FC : 1F;
58FD : 1F;
58FE : 1F;
58FF : 1F;
5900 : F8;
5901 : F8;
5902 : F8;
5903 : F8;
5904 : F8;
5905 : F8;
5906 : BC;
5907 : 3C;
5908 : F8;
5909 : F8;
590A : F8;
590B : F8;
590C : F8;
590D : F8;
590E : BC;
590F : 3C;
5910 : F8;
5911 : F8;
5912 : F8;
5913 : F8;
5914 : F8;
5915 : F8;
5916 : BC;
5917 : 3C;
5918 : 3E;
5919 : 3E;
591A : 3E;
591B : 3E;
591C : 3F;
591D : 5F;
591E : 9D;
591F : D8;
5920 : 1F;
5921 : 1F;
5922 : 1F;
5923 : 1F;
5924 : 1F;
5925 : 1F;
5926 : 9E;
5927 : F8;
5928 : 1F;
5929 : 1F;
592A : 1F;
592B : 1F;
592C : 1F;
592D : 1F;
592E : 9E;
592F : F8;
5930 : 1F;
5931 : 1F;
5932 : 1F;
5933 : 1F;
5934 : 1F;
5935 : 1F;
5936 : 9E;
5937 : F8;
5938 : 1F;
5939 : 1F;
593A : 1F;
593B : 1F;
593C : 1F;
593D : 1F;
593E : 9E;
593F : F8;
5940 : 5C;
5941 : 5C;
5942 : 5C;
5943 : 5C;
5944 : 5C;
5945 : 5C;
5946 : 5C;
5947 : 5C;
5948 : 5C;
5949 : 5C;
594A : 5C;
594B : 5C;
594C : 5C;
594D : 5C;
594E : 5C;
594F : 5C;
5950 : 3C;
5951 : 3C;
5952 : 3C;
5953 : 3C;
5954 : 3C;
5955 : 3C;
5956 : 3C;
5957 : 3C;
5958 : DC;
5959 : DC;
595A : DC;
595B : DC;
595C : DC;
595D : DC;
595E : DC;
595F : DC;
5960 : F8;
5961 : F8;
5962 : F8;
5963 : F8;
5964 : F8;
5965 : F8;
5966 : F8;
5967 : F8;
5968 : F8;
5969 : F8;
596A : F8;
596B : F8;
596C : F8;
596D : F8;
596E : F8;
596F : F8;
5970 : F8;
5971 : F8;
5972 : F8;
5973 : F8;
5974 : F8;
5975 : F8;
5976 : F8;
5977 : F8;
5978 : F8;
5979 : F8;
597A : F8;
597B : F8;
597C : F8;
597D : F8;
597E : F8;
597F : F8;
5980 : 5C;
5981 : 5C;
5982 : 5C;
5983 : 32;
5984 : 2E;
5985 : 2E;
5986 : 2E;
5987 : 2E;
5988 : 5C;
5989 : 5C;
598A : 5C;
598B : 32;
598C : 2E;
598D : 2E;
598E : 2E;
598F : 2E;
5990 : 3C;
5991 : 3C;
5992 : 3C;
5993 : 32;
5994 : 2A;
5995 : 2E;
5996 : 2E;
5997 : 2E;
5998 : DC;
5999 : D8;
599A : DC;
599B : 7C;
599C : 38;
599D : 3C;
599E : 3C;
599F : 3C;
59A0 : F8;
59A1 : F8;
59A2 : F8;
59A3 : 7C;
59A4 : 5C;
59A5 : 5C;
59A6 : 5C;
59A7 : 5C;
59A8 : F8;
59A9 : F8;
59AA : F8;
59AB : 7C;
59AC : 5C;
59AD : 5C;
59AE : 5C;
59AF : 5C;
59B0 : F8;
59B1 : F8;
59B2 : F8;
59B3 : 7C;
59B4 : 5C;
59B5 : 5C;
59B6 : 5C;
59B7 : 5C;
59B8 : F8;
59B9 : F8;
59BA : F8;
59BB : 7C;
59BC : 5C;
59BD : 5C;
59BE : 5C;
59BF : 5C;
59C0 : 2E;
59C1 : 2E;
59C2 : 2E;
59C3 : 2E;
59C4 : 2E;
59C5 : 2E;
59C6 : 2E;
59C7 : 2E;
59C8 : 2E;
59C9 : 2E;
59CA : 2E;
59CB : 2E;
59CC : 2E;
59CD : 2E;
59CE : 2E;
59CF : 2E;
59D0 : 2E;
59D1 : 2E;
59D2 : 2E;
59D3 : 2F;
59D4 : 2E;
59D5 : 2E;
59D6 : 2E;
59D7 : 2E;
59D8 : 3C;
59D9 : 3C;
59DA : 3C;
59DB : 3C;
59DC : 5C;
59DD : 5C;
59DE : 5C;
59DF : 58;
59E0 : 5C;
59E1 : 5C;
59E2 : 5C;
59E3 : 5C;
59E4 : 5C;
59E5 : 5C;
59E6 : 5C;
59E7 : 5C;
59E8 : 5C;
59E9 : 5C;
59EA : 5C;
59EB : 5C;
59EC : 5C;
59ED : 5C;
59EE : 5C;
59EF : 5C;
59F0 : 5C;
59F1 : 5C;
59F2 : 5C;
59F3 : 5C;
59F4 : 5C;
59F5 : 5C;
59F6 : 5C;
59F7 : 5C;
59F8 : 5C;
59F9 : 5C;
59FA : 5C;
59FB : 5C;
59FC : 5C;
59FD : 5C;
59FE : 5C;
59FF : 5C;
5A00 : 1B;
5A01 : 1B;
5A02 : 1B;
5A03 : 1B;
5A04 : 1B;
5A05 : 1B;
5A06 : 1B;
5A07 : 1B;
5A08 : 1B;
5A09 : 1B;
5A0A : 1B;
5A0B : 1B;
5A0C : 1B;
5A0D : 1B;
5A0E : 1B;
5A0F : 1B;
5A10 : 1B;
5A11 : 1B;
5A12 : 1B;
5A13 : 1B;
5A14 : 1B;
5A15 : 1B;
5A16 : 1B;
5A17 : 1B;
5A18 : 76;
5A19 : 93;
5A1A : 77;
5A1B : 77;
5A1C : 77;
5A1D : 73;
5A1E : 73;
5A1F : 77;
5A20 : 92;
5A21 : 93;
5A22 : 92;
5A23 : 92;
5A24 : 92;
5A25 : 92;
5A26 : 92;
5A27 : 92;
5A28 : 96;
5A29 : 93;
5A2A : 92;
5A2B : 92;
5A2C : 92;
5A2D : 92;
5A2E : 92;
5A2F : 92;
5A30 : 96;
5A31 : 93;
5A32 : 92;
5A33 : 92;
5A34 : 92;
5A35 : 92;
5A36 : 92;
5A37 : 92;
5A38 : 96;
5A39 : 93;
5A3A : 92;
5A3B : 92;
5A3C : 92;
5A3D : 92;
5A3E : 92;
5A3F : 92;
5A40 : 1B;
5A41 : 1B;
5A42 : 1B;
5A43 : 1B;
5A44 : 5A;
5A45 : BC;
5A46 : BC;
5A47 : BC;
5A48 : 1B;
5A49 : 1B;
5A4A : 1B;
5A4B : 1B;
5A4C : 5A;
5A4D : BC;
5A4E : BC;
5A4F : BC;
5A50 : 1B;
5A51 : 1B;
5A52 : 1B;
5A53 : 1B;
5A54 : 5A;
5A55 : BC;
5A56 : BC;
5A57 : BC;
5A58 : 77;
5A59 : 77;
5A5A : 77;
5A5B : 92;
5A5C : 77;
5A5D : 3B;
5A5E : 3B;
5A5F : 3B;
5A60 : 92;
5A61 : 92;
5A62 : 92;
5A63 : 92;
5A64 : 77;
5A65 : 1B;
5A66 : 1B;
5A67 : 1B;
5A68 : 92;
5A69 : 92;
5A6A : 92;
5A6B : 92;
5A6C : 77;
5A6D : 1B;
5A6E : 1B;
5A6F : 1B;
5A70 : 92;
5A71 : 92;
5A72 : 92;
5A73 : 92;
5A74 : 77;
5A75 : 1B;
5A76 : 1B;
5A77 : 1B;
5A78 : 92;
5A79 : 92;
5A7A : 92;
5A7B : 92;
5A7C : 77;
5A7D : 1B;
5A7E : 1B;
5A7F : 1B;
5A80 : BC;
5A81 : BC;
5A82 : BC;
5A83 : BC;
5A84 : BC;
5A85 : BC;
5A86 : BC;
5A87 : BC;
5A88 : BC;
5A89 : BC;
5A8A : BC;
5A8B : BC;
5A8C : BC;
5A8D : BC;
5A8E : BC;
5A8F : BC;
5A90 : BC;
5A91 : BC;
5A92 : BC;
5A93 : BC;
5A94 : BC;
5A95 : BC;
5A96 : DC;
5A97 : DC;
5A98 : 3B;
5A99 : 3B;
5A9A : 3B;
5A9B : 3B;
5A9C : 3B;
5A9D : 3B;
5A9E : 3B;
5A9F : 3B;
5AA0 : 1B;
5AA1 : 1B;
5AA2 : 1B;
5AA3 : 1B;
5AA4 : 1B;
5AA5 : 1B;
5AA6 : 1B;
5AA7 : 1B;
5AA8 : 1B;
5AA9 : 1B;
5AAA : 1B;
5AAB : 1B;
5AAC : 1B;
5AAD : 1B;
5AAE : 1B;
5AAF : 1B;
5AB0 : 1B;
5AB1 : 1B;
5AB2 : 1B;
5AB3 : 1B;
5AB4 : 1B;
5AB5 : 1B;
5AB6 : 1B;
5AB7 : 1B;
5AB8 : 1B;
5AB9 : 1B;
5ABA : 1B;
5ABB : 1B;
5ABC : 1B;
5ABD : 1B;
5ABE : 1B;
5ABF : 1B;
5AC0 : BC;
5AC1 : 9C;
5AC2 : 1C;
5AC3 : 3C;
5AC4 : 3C;
5AC5 : 3C;
5AC6 : 3C;
5AC7 : 3C;
5AC8 : BC;
5AC9 : 9C;
5ACA : 1C;
5ACB : 3C;
5ACC : 3C;
5ACD : 3C;
5ACE : 3C;
5ACF : 3C;
5AD0 : DC;
5AD1 : 9C;
5AD2 : 1C;
5AD3 : 3C;
5AD4 : 3C;
5AD5 : 3C;
5AD6 : 3C;
5AD7 : 3C;
5AD8 : 3B;
5AD9 : 7A;
5ADA : BC;
5ADB : 9C;
5ADC : 9C;
5ADD : 9C;
5ADE : 9C;
5ADF : 9C;
5AE0 : 1B;
5AE1 : 5B;
5AE2 : DC;
5AE3 : BC;
5AE4 : BC;
5AE5 : BC;
5AE6 : BC;
5AE7 : BC;
5AE8 : 1B;
5AE9 : 5A;
5AEA : DC;
5AEB : BC;
5AEC : BC;
5AED : BC;
5AEE : BC;
5AEF : BC;
5AF0 : 1B;
5AF1 : 5A;
5AF2 : DC;
5AF3 : BC;
5AF4 : BC;
5AF5 : BC;
5AF6 : BC;
5AF7 : BC;
5AF8 : 1B;
5AF9 : 5A;
5AFA : DC;
5AFB : BC;
5AFC : BC;
5AFD : BC;
5AFE : BC;
5AFF : BC;
5B00 : 3C;
5B01 : 3C;
5B02 : 3C;
5B03 : 3C;
5B04 : 3C;
5B05 : 3C;
5B06 : 1E;
5B07 : 1F;
5B08 : 3C;
5B09 : 3C;
5B0A : 3C;
5B0B : 3C;
5B0C : 3C;
5B0D : 3C;
5B0E : 1E;
5B0F : 1F;
5B10 : 3C;
5B11 : 3C;
5B12 : 3C;
5B13 : 3C;
5B14 : 3C;
5B15 : 3C;
5B16 : 1F;
5B17 : 1F;
5B18 : 9C;
5B19 : 9C;
5B1A : 9C;
5B1B : 9C;
5B1C : BC;
5B1D : BC;
5B1E : 5C;
5B1F : 3C;
5B20 : BC;
5B21 : BC;
5B22 : BC;
5B23 : BC;
5B24 : BC;
5B25 : BC;
5B26 : 7C;
5B27 : 3C;
5B28 : BC;
5B29 : BC;
5B2A : BC;
5B2B : BC;
5B2C : BC;
5B2D : BC;
5B2E : 7C;
5B2F : 3C;
5B30 : BC;
5B31 : BC;
5B32 : BC;
5B33 : BC;
5B34 : BC;
5B35 : BC;
5B36 : 7C;
5B37 : 3C;
5B38 : BC;
5B39 : BC;
5B3A : BC;
5B3B : BC;
5B3C : BC;
5B3D : BC;
5B3E : 7C;
5B3F : 3C;
5B40 : 1F;
5B41 : 1F;
5B42 : 1F;
5B43 : 1F;
5B44 : 1F;
5B45 : 1F;
5B46 : 1F;
5B47 : 1F;
5B48 : 1F;
5B49 : 1F;
5B4A : 1F;
5B4B : 1F;
5B4C : 1F;
5B4D : 1F;
5B4E : 1F;
5B4F : 1F;
5B50 : 1F;
5B51 : 1F;
5B52 : 1F;
5B53 : 1F;
5B54 : 1F;
5B55 : 1F;
5B56 : 1F;
5B57 : 1F;
5B58 : 3C;
5B59 : 3C;
5B5A : 3C;
5B5B : 3C;
5B5C : 3C;
5B5D : 3C;
5B5E : 3C;
5B5F : 3C;
5B60 : 3C;
5B61 : 3C;
5B62 : 3C;
5B63 : 3C;
5B64 : 3C;
5B65 : 3C;
5B66 : 3C;
5B67 : 3C;
5B68 : 3C;
5B69 : 3C;
5B6A : 3C;
5B6B : 3C;
5B6C : 3C;
5B6D : 3C;
5B6E : 3C;
5B6F : 3C;
5B70 : 3C;
5B71 : 3C;
5B72 : 3C;
5B73 : 3C;
5B74 : 3C;
5B75 : 3C;
5B76 : 3C;
5B77 : 3C;
5B78 : 3C;
5B79 : 3C;
5B7A : 3C;
5B7B : 3C;
5B7C : 3C;
5B7D : 3C;
5B7E : 3C;
5B7F : 3C;
5B80 : 1F;
5B81 : 1F;
5B82 : 1F;
5B83 : 4A;
5B84 : 66;
5B85 : 46;
5B86 : 46;
5B87 : 46;
5B88 : 1F;
5B89 : 1F;
5B8A : 1F;
5B8B : 4A;
5B8C : 66;
5B8D : 46;
5B8E : 46;
5B8F : 46;
5B90 : 1F;
5B91 : 1F;
5B92 : 1F;
5B93 : 4B;
5B94 : 62;
5B95 : 66;
5B96 : 66;
5B97 : 66;
5B98 : 3C;
5B99 : 3C;
5B9A : 3C;
5B9B : 1A;
5B9C : 1B;
5B9D : 1B;
5B9E : 1B;
5B9F : 1B;
5BA0 : 3C;
5BA1 : 3C;
5BA2 : 3C;
5BA3 : 1E;
5BA4 : 1F;
5BA5 : 1F;
5BA6 : 1F;
5BA7 : 1F;
5BA8 : 3C;
5BA9 : 3C;
5BAA : 3C;
5BAB : 1E;
5BAC : 1F;
5BAD : 1F;
5BAE : 1F;
5BAF : 1F;
5BB0 : 3C;
5BB1 : 3C;
5BB2 : 3C;
5BB3 : 1F;
5BB4 : 1F;
5BB5 : 1F;
5BB6 : 1F;
5BB7 : 1F;
5BB8 : 3C;
5BB9 : 3C;
5BBA : 3C;
5BBB : 1F;
5BBC : 1F;
5BBD : 1F;
5BBE : 1F;
5BBF : 1F;
5BC0 : 46;
5BC1 : 46;
5BC2 : 46;
5BC3 : 46;
5BC4 : 46;
5BC5 : 46;
5BC6 : 46;
5BC7 : 66;
5BC8 : 46;
5BC9 : 46;
5BCA : 46;
5BCB : 46;
5BCC : 46;
5BCD : 46;
5BCE : 46;
5BCF : 66;
5BD0 : 66;
5BD1 : 66;
5BD2 : 66;
5BD3 : 66;
5BD4 : 66;
5BD5 : 66;
5BD6 : 66;
5BD7 : 86;
5BD8 : 1B;
5BD9 : 1B;
5BDA : 1B;
5BDB : 1B;
5BDC : 1B;
5BDD : 1B;
5BDE : 1B;
5BDF : 5A;
5BE0 : 1F;
5BE1 : 1F;
5BE2 : 1F;
5BE3 : 1F;
5BE4 : 1F;
5BE5 : 1F;
5BE6 : 1F;
5BE7 : 5F;
5BE8 : 1F;
5BE9 : 1F;
5BEA : 1F;
5BEB : 1F;
5BEC : 1F;
5BED : 1F;
5BEE : 1F;
5BEF : 5F;
5BF0 : 1F;
5BF1 : 1F;
5BF2 : 1F;
5BF3 : 1F;
5BF4 : 1F;
5BF5 : 1F;
5BF6 : 1F;
5BF7 : 5F;
5BF8 : 1F;
5BF9 : 1F;
5BFA : 1F;
5BFB : 1F;
5BFC : 1F;
5BFD : 1F;
5BFE : 1F;
5BFF : 5F;
5C00 : F0;
5C01 : F0;
5C02 : F0;
5C03 : F0;
5C04 : F0;
5C05 : F0;
5C06 : F0;
5C07 : F0;
5C08 : F0;
5C09 : F0;
5C0A : F0;
5C0B : F0;
5C0C : F0;
5C0D : F0;
5C0E : F0;
5C0F : F0;
5C10 : F0;
5C11 : F0;
5C12 : F0;
5C13 : F0;
5C14 : F0;
5C15 : F0;
5C16 : F0;
5C17 : F0;
5C18 : F9;
5C19 : F8;
5C1A : F8;
5C1B : F8;
5C1C : F8;
5C1D : F8;
5C1E : F8;
5C1F : F8;
5C20 : FD;
5C21 : FC;
5C22 : FC;
5C23 : FC;
5C24 : FC;
5C25 : FC;
5C26 : FC;
5C27 : FC;
5C28 : FD;
5C29 : FC;
5C2A : FC;
5C2B : FC;
5C2C : FC;
5C2D : FC;
5C2E : FC;
5C2F : FC;
5C30 : FD;
5C31 : FC;
5C32 : FC;
5C33 : FC;
5C34 : FC;
5C35 : FC;
5C36 : FC;
5C37 : FC;
5C38 : FD;
5C39 : FC;
5C3A : FC;
5C3B : FC;
5C3C : FC;
5C3D : FC;
5C3E : FC;
5C3F : FC;
5C40 : F0;
5C41 : F0;
5C42 : F0;
5C43 : F0;
5C44 : EC;
5C45 : E2;
5C46 : E1;
5C47 : E1;
5C48 : F0;
5C49 : F0;
5C4A : F0;
5C4B : F0;
5C4C : EC;
5C4D : E2;
5C4E : E1;
5C4F : E1;
5C50 : F0;
5C51 : F0;
5C52 : F0;
5C53 : F0;
5C54 : EC;
5C55 : E2;
5C56 : E2;
5C57 : E2;
5C58 : F8;
5C59 : F8;
5C5A : F8;
5C5B : F8;
5C5C : F8;
5C5D : EC;
5C5E : EC;
5C5F : EC;
5C60 : FC;
5C61 : FC;
5C62 : FC;
5C63 : FC;
5C64 : F8;
5C65 : F0;
5C66 : F0;
5C67 : F0;
5C68 : FC;
5C69 : FC;
5C6A : FC;
5C6B : FC;
5C6C : F8;
5C6D : F0;
5C6E : F0;
5C6F : F0;
5C70 : FC;
5C71 : FC;
5C72 : FC;
5C73 : FC;
5C74 : F8;
5C75 : F0;
5C76 : F0;
5C77 : F0;
5C78 : FC;
5C79 : FC;
5C7A : FC;
5C7B : FC;
5C7C : F8;
5C7D : F0;
5C7E : F0;
5C7F : F0;
5C80 : E1;
5C81 : E1;
5C82 : E1;
5C83 : E1;
5C84 : E1;
5C85 : E1;
5C86 : E1;
5C87 : E1;
5C88 : E1;
5C89 : E1;
5C8A : E1;
5C8B : E1;
5C8C : E1;
5C8D : E1;
5C8E : E1;
5C8F : E1;
5C90 : E2;
5C91 : E2;
5C92 : E2;
5C93 : E2;
5C94 : E2;
5C95 : E2;
5C96 : E2;
5C97 : E2;
5C98 : EC;
5C99 : EC;
5C9A : EC;
5C9B : EC;
5C9C : EC;
5C9D : EC;
5C9E : EC;
5C9F : EC;
5CA0 : F0;
5CA1 : F0;
5CA2 : F0;
5CA3 : F0;
5CA4 : F0;
5CA5 : F0;
5CA6 : F0;
5CA7 : F0;
5CA8 : F0;
5CA9 : F0;
5CAA : F0;
5CAB : F0;
5CAC : F0;
5CAD : F0;
5CAE : F0;
5CAF : F0;
5CB0 : F0;
5CB1 : F0;
5CB2 : F0;
5CB3 : F0;
5CB4 : F0;
5CB5 : F0;
5CB6 : F0;
5CB7 : F0;
5CB8 : F0;
5CB9 : F0;
5CBA : F0;
5CBB : F0;
5CBC : F0;
5CBD : F0;
5CBE : F0;
5CBF : F0;
5CC0 : E2;
5CC1 : 92;
5CC2 : 1F;
5CC3 : 1F;
5CC4 : 1F;
5CC5 : 1F;
5CC6 : 1F;
5CC7 : 1F;
5CC8 : E2;
5CC9 : 92;
5CCA : 1F;
5CCB : 1F;
5CCC : 1F;
5CCD : 1F;
5CCE : 1F;
5CCF : 1F;
5CD0 : E2;
5CD1 : 72;
5CD2 : 1F;
5CD3 : 1F;
5CD4 : 1F;
5CD5 : 1F;
5CD6 : 1F;
5CD7 : 1F;
5CD8 : EC;
5CD9 : CD;
5CDA : CA;
5CDB : C6;
5CDC : C6;
5CDD : C6;
5CDE : C6;
5CDF : C6;
5CE0 : F0;
5CE1 : E9;
5CE2 : E1;
5CE3 : E1;
5CE4 : E1;
5CE5 : E1;
5CE6 : E1;
5CE7 : E1;
5CE8 : F0;
5CE9 : E9;
5CEA : E1;
5CEB : E2;
5CEC : E2;
5CED : E2;
5CEE : E1;
5CEF : E1;
5CF0 : F0;
5CF1 : E9;
5CF2 : E1;
5CF3 : E2;
5CF4 : E2;
5CF5 : E2;
5CF6 : E1;
5CF7 : E1;
5CF8 : F0;
5CF9 : E9;
5CFA : E1;
5CFB : E2;
5CFC : E2;
5CFD : E2;
5CFE : E1;
5CFF : E1;
5D00 : 1F;
5D01 : 1F;
5D02 : 1F;
5D03 : 1F;
5D04 : 1F;
5D05 : 1F;
5D06 : 57;
5D07 : 93;
5D08 : 1F;
5D09 : 1F;
5D0A : 1F;
5D0B : 1F;
5D0C : 1F;
5D0D : 1F;
5D0E : 57;
5D0F : 93;
5D10 : 1F;
5D11 : 1F;
5D12 : 1F;
5D13 : 1F;
5D14 : 1F;
5D15 : 1F;
5D16 : 57;
5D17 : 93;
5D18 : C6;
5D19 : C6;
5D1A : C6;
5D1B : CA;
5D1C : CA;
5D1D : CA;
5D1E : 77;
5D1F : 1F;
5D20 : E1;
5D21 : E1;
5D22 : E1;
5D23 : E1;
5D24 : E1;
5D25 : E1;
5D26 : 77;
5D27 : 1F;
5D28 : E1;
5D29 : E1;
5D2A : E1;
5D2B : E1;
5D2C : E1;
5D2D : E1;
5D2E : 76;
5D2F : 1F;
5D30 : E1;
5D31 : E1;
5D32 : E1;
5D33 : E1;
5D34 : E1;
5D35 : E1;
5D36 : 76;
5D37 : 1F;
5D38 : E1;
5D39 : E1;
5D3A : E1;
5D3B : E2;
5D3C : E1;
5D3D : E1;
5D3E : 76;
5D3F : 1F;
5D40 : 73;
5D41 : 73;
5D42 : 73;
5D43 : 73;
5D44 : 73;
5D45 : 73;
5D46 : 73;
5D47 : 73;
5D48 : 73;
5D49 : 73;
5D4A : 73;
5D4B : 73;
5D4C : 73;
5D4D : 73;
5D4E : 73;
5D4F : 73;
5D50 : 93;
5D51 : 93;
5D52 : 93;
5D53 : 93;
5D54 : 93;
5D55 : 93;
5D56 : 93;
5D57 : 93;
5D58 : 1F;
5D59 : 1F;
5D5A : 1B;
5D5B : 1F;
5D5C : 1F;
5D5D : 1F;
5D5E : 1F;
5D5F : 1F;
5D60 : 1F;
5D61 : 1F;
5D62 : 1F;
5D63 : 1F;
5D64 : 1F;
5D65 : 1F;
5D66 : 1F;
5D67 : 1F;
5D68 : 1F;
5D69 : 1F;
5D6A : 1F;
5D6B : 1F;
5D6C : 1F;
5D6D : 1F;
5D6E : 1F;
5D6F : 1F;
5D70 : 1F;
5D71 : 1F;
5D72 : 1F;
5D73 : 1F;
5D74 : 1F;
5D75 : 1F;
5D76 : 1F;
5D77 : 1F;
5D78 : 1F;
5D79 : 1F;
5D7A : 1F;
5D7B : 1F;
5D7C : 1F;
5D7D : 1F;
5D7E : 1F;
5D7F : 1F;
5D80 : 73;
5D81 : 73;
5D82 : 93;
5D83 : 8A;
5D84 : A6;
5D85 : A6;
5D86 : A6;
5D87 : A6;
5D88 : 73;
5D89 : 73;
5D8A : 93;
5D8B : 8A;
5D8C : A6;
5D8D : A6;
5D8E : A6;
5D8F : A6;
5D90 : 93;
5D91 : 93;
5D92 : 93;
5D93 : AA;
5D94 : C6;
5D95 : A6;
5D96 : A6;
5D97 : A6;
5D98 : 1F;
5D99 : 1F;
5D9A : 3B;
5D9B : 73;
5D9C : 8F;
5D9D : 6F;
5D9E : 6F;
5D9F : 6F;
5DA0 : 1F;
5DA1 : 1F;
5DA2 : 1F;
5DA3 : 77;
5DA4 : 93;
5DA5 : 73;
5DA6 : 73;
5DA7 : 73;
5DA8 : 1F;
5DA9 : 1F;
5DAA : 1F;
5DAB : 57;
5DAC : 93;
5DAD : 73;
5DAE : 73;
5DAF : 73;
5DB0 : 1F;
5DB1 : 1F;
5DB2 : 1F;
5DB3 : 77;
5DB4 : 93;
5DB5 : 73;
5DB6 : 73;
5DB7 : 73;
5DB8 : 1F;
5DB9 : 1F;
5DBA : 1F;
5DBB : 77;
5DBC : 93;
5DBD : 73;
5DBE : 73;
5DBF : 73;
5DC0 : A6;
5DC1 : A6;
5DC2 : A6;
5DC3 : A6;
5DC4 : A6;
5DC5 : A6;
5DC6 : A6;
5DC7 : A6;
5DC8 : A6;
5DC9 : A6;
5DCA : A6;
5DCB : A6;
5DCC : A6;
5DCD : A6;
5DCE : A6;
5DCF : A6;
5DD0 : A6;
5DD1 : A6;
5DD2 : A6;
5DD3 : A6;
5DD4 : A6;
5DD5 : A6;
5DD6 : A6;
5DD7 : A6;
5DD8 : 6F;
5DD9 : 6F;
5DDA : 6F;
5DDB : 6F;
5DDC : 8F;
5DDD : 8F;
5DDE : 8F;
5DDF : 8F;
5DE0 : 73;
5DE1 : 73;
5DE2 : 73;
5DE3 : 73;
5DE4 : 73;
5DE5 : 73;
5DE6 : 73;
5DE7 : 73;
5DE8 : 73;
5DE9 : 73;
5DEA : 73;
5DEB : 73;
5DEC : 73;
5DED : 73;
5DEE : 73;
5DEF : 73;
5DF0 : 73;
5DF1 : 73;
5DF2 : 73;
5DF3 : 73;
5DF4 : 73;
5DF5 : 73;
5DF6 : 73;
5DF7 : 73;
5DF8 : 73;
5DF9 : 73;
5DFA : 73;
5DFB : 73;
5DFC : 73;
5DFD : 73;
5DFE : 73;
5DFF : 73;
5E00 : F4;
5E01 : F4;
5E02 : F4;
5E03 : F4;
5E04 : F4;
5E05 : F4;
5E06 : F4;
5E07 : F4;
5E08 : F4;
5E09 : F4;
5E0A : F4;
5E0B : F4;
5E0C : F4;
5E0D : F4;
5E0E : F4;
5E0F : F4;
5E10 : F4;
5E11 : F4;
5E12 : F4;
5E13 : F4;
5E14 : F4;
5E15 : F4;
5E16 : F4;
5E17 : F4;
5E18 : F4;
5E19 : F4;
5E1A : F4;
5E1B : F4;
5E1C : F4;
5E1D : F4;
5E1E : F4;
5E1F : F4;
5E20 : D4;
5E21 : D4;
5E22 : D4;
5E23 : D4;
5E24 : D4;
5E25 : D4;
5E26 : D4;
5E27 : D4;
5E28 : 54;
5E29 : 54;
5E2A : 54;
5E2B : 54;
5E2C : 54;
5E2D : 54;
5E2E : 54;
5E2F : 54;
5E30 : 54;
5E31 : 54;
5E32 : 54;
5E33 : 54;
5E34 : 54;
5E35 : 54;
5E36 : 54;
5E37 : 54;
5E38 : 54;
5E39 : 54;
5E3A : 54;
5E3B : 54;
5E3C : 54;
5E3D : 54;
5E3E : 54;
5E3F : 54;
5E40 : F4;
5E41 : F4;
5E42 : F4;
5E43 : F4;
5E44 : F0;
5E45 : E8;
5E46 : E8;
5E47 : E8;
5E48 : F4;
5E49 : F4;
5E4A : F4;
5E4B : F4;
5E4C : F0;
5E4D : E8;
5E4E : E8;
5E4F : E8;
5E50 : F4;
5E51 : F4;
5E52 : F4;
5E53 : F4;
5E54 : F0;
5E55 : E8;
5E56 : E8;
5E57 : E8;
5E58 : F4;
5E59 : F4;
5E5A : F4;
5E5B : F4;
5E5C : F0;
5E5D : E8;
5E5E : E4;
5E5F : E8;
5E60 : D4;
5E61 : D4;
5E62 : D4;
5E63 : D4;
5E64 : F0;
5E65 : EC;
5E66 : EC;
5E67 : EC;
5E68 : 54;
5E69 : 54;
5E6A : 54;
5E6B : 54;
5E6C : 94;
5E6D : F4;
5E6E : F4;
5E6F : F4;
5E70 : 54;
5E71 : 54;
5E72 : 54;
5E73 : 54;
5E74 : 94;
5E75 : F4;
5E76 : F4;
5E77 : F4;
5E78 : 54;
5E79 : 54;
5E7A : 54;
5E7B : 54;
5E7C : 94;
5E7D : F4;
5E7E : F4;
5E7F : F4;
5E80 : E8;
5E81 : E8;
5E82 : E8;
5E83 : E8;
5E84 : E8;
5E85 : E8;
5E86 : E8;
5E87 : E8;
5E88 : E8;
5E89 : E8;
5E8A : E8;
5E8B : E8;
5E8C : E8;
5E8D : E8;
5E8E : E8;
5E8F : E8;
5E90 : E8;
5E91 : E8;
5E92 : E8;
5E93 : E8;
5E94 : E8;
5E95 : E8;
5E96 : E8;
5E97 : E8;
5E98 : E8;
5E99 : E8;
5E9A : E8;
5E9B : E8;
5E9C : E8;
5E9D : E8;
5E9E : E8;
5E9F : E8;
5EA0 : EC;
5EA1 : EC;
5EA2 : EC;
5EA3 : EC;
5EA4 : EC;
5EA5 : EC;
5EA6 : EC;
5EA7 : EC;
5EA8 : F4;
5EA9 : F4;
5EAA : F4;
5EAB : F4;
5EAC : F4;
5EAD : F4;
5EAE : F4;
5EAF : F4;
5EB0 : F4;
5EB1 : F4;
5EB2 : F4;
5EB3 : F4;
5EB4 : F4;
5EB5 : F4;
5EB6 : F4;
5EB7 : F4;
5EB8 : F4;
5EB9 : F4;
5EBA : F4;
5EBB : F4;
5EBC : F4;
5EBD : F4;
5EBE : F4;
5EBF : F4;
5EC0 : E8;
5EC1 : C5;
5EC2 : 83;
5EC3 : A3;
5EC4 : A3;
5EC5 : 83;
5EC6 : 83;
5EC7 : 83;
5EC8 : E8;
5EC9 : C5;
5ECA : 83;
5ECB : A3;
5ECC : A3;
5ECD : 83;
5ECE : 83;
5ECF : 83;
5ED0 : E8;
5ED1 : C5;
5ED2 : 83;
5ED3 : A3;
5ED4 : A3;
5ED5 : 83;
5ED6 : 83;
5ED7 : 83;
5ED8 : E8;
5ED9 : C5;
5EDA : 83;
5EDB : 83;
5EDC : 83;
5EDD : 83;
5EDE : 83;
5EDF : 83;
5EE0 : EC;
5EE1 : C9;
5EE2 : A3;
5EE3 : A3;
5EE4 : A3;
5EE5 : A3;
5EE6 : A3;
5EE7 : A3;
5EE8 : F4;
5EE9 : F0;
5EEA : E8;
5EEB : E8;
5EEC : E8;
5EED : E8;
5EEE : E8;
5EEF : E8;
5EF0 : F4;
5EF1 : F0;
5EF2 : E8;
5EF3 : E8;
5EF4 : E8;
5EF5 : E8;
5EF6 : E8;
5EF7 : E8;
5EF8 : F4;
5EF9 : F0;
5EFA : E8;
5EFB : E8;
5EFC : E8;
5EFD : E8;
5EFE : E8;
5EFF : E8;
5F00 : 83;
5F01 : 83;
5F02 : 83;
5F03 : 83;
5F04 : 83;
5F05 : 83;
5F06 : AF;
5F07 : B6;
5F08 : 83;
5F09 : 83;
5F0A : 83;
5F0B : 83;
5F0C : 83;
5F0D : 83;
5F0E : AF;
5F0F : B6;
5F10 : 83;
5F11 : 83;
5F12 : 83;
5F13 : 83;
5F14 : 83;
5F15 : 83;
5F16 : AF;
5F17 : B6;
5F18 : 83;
5F19 : 83;
5F1A : 83;
5F1B : 83;
5F1C : 83;
5F1D : 83;
5F1E : AF;
5F1F : B6;
5F20 : A3;
5F21 : A3;
5F22 : A3;
5F23 : A3;
5F24 : A3;
5F25 : A3;
5F26 : AF;
5F27 : B3;
5F28 : E8;
5F29 : E8;
5F2A : E8;
5F2B : E8;
5F2C : E8;
5F2D : E8;
5F2E : C6;
5F2F : 83;
5F30 : E8;
5F31 : E8;
5F32 : E8;
5F33 : E8;
5F34 : E8;
5F35 : E8;
5F36 : C6;
5F37 : 83;
5F38 : E8;
5F39 : E8;
5F3A : E8;
5F3B : E8;
5F3C : E8;
5F3D : E8;
5F3E : C6;
5F3F : 83;
5F40 : B7;
5F41 : B7;
5F42 : B7;
5F43 : B7;
5F44 : B7;
5F45 : B7;
5F46 : B7;
5F47 : B7;
5F48 : B7;
5F49 : B7;
5F4A : B7;
5F4B : B7;
5F4C : B7;
5F4D : B7;
5F4E : B7;
5F4F : B7;
5F50 : B7;
5F51 : B7;
5F52 : B7;
5F53 : B7;
5F54 : B7;
5F55 : B7;
5F56 : B7;
5F57 : B7;
5F58 : B6;
5F59 : B7;
5F5A : B7;
5F5B : B6;
5F5C : B6;
5F5D : B6;
5F5E : B6;
5F5F : B6;
5F60 : B3;
5F61 : B3;
5F62 : B3;
5F63 : B3;
5F64 : B3;
5F65 : B3;
5F66 : B3;
5F67 : B3;
5F68 : A3;
5F69 : A3;
5F6A : A3;
5F6B : A3;
5F6C : A3;
5F6D : A3;
5F6E : A3;
5F6F : A3;
5F70 : A3;
5F71 : 83;
5F72 : 83;
5F73 : 83;
5F74 : 83;
5F75 : 83;
5F76 : 83;
5F77 : 83;
5F78 : 83;
5F79 : 83;
5F7A : 83;
5F7B : 83;
5F7C : 83;
5F7D : 83;
5F7E : 83;
5F7F : 83;
5F80 : B7;
5F81 : B7;
5F82 : B6;
5F83 : 67;
5F84 : 43;
5F85 : 43;
5F86 : 43;
5F87 : 43;
5F88 : B7;
5F89 : B7;
5F8A : B6;
5F8B : 67;
5F8C : 43;
5F8D : 43;
5F8E : 43;
5F8F : 43;
5F90 : B7;
5F91 : B7;
5F92 : B6;
5F93 : 67;
5F94 : 43;
5F95 : 43;
5F96 : 43;
5F97 : 43;
5F98 : B6;
5F99 : B7;
5F9A : B6;
5F9B : 67;
5F9C : 43;
5F9D : 43;
5F9E : 43;
5F9F : 43;
5FA0 : B3;
5FA1 : B3;
5FA2 : B2;
5FA3 : 8B;
5FA4 : 67;
5FA5 : 67;
5FA6 : 67;
5FA7 : 67;
5FA8 : A3;
5FA9 : A3;
5FAA : A3;
5FAB : B2;
5FAC : B7;
5FAD : B7;
5FAE : B6;
5FAF : B6;
5FB0 : 83;
5FB1 : 83;
5FB2 : A3;
5FB3 : 92;
5FB4 : B6;
5FB5 : B6;
5FB6 : B7;
5FB7 : B7;
5FB8 : 83;
5FB9 : 83;
5FBA : A3;
5FBB : 92;
5FBC : B6;
5FBD : B7;
5FBE : B7;
5FBF : B7;
5FC0 : 43;
5FC1 : 43;
5FC2 : 43;
5FC3 : 43;
5FC4 : 43;
5FC5 : 43;
5FC6 : 43;
5FC7 : 63;
5FC8 : 43;
5FC9 : 43;
5FCA : 43;
5FCB : 43;
5FCC : 43;
5FCD : 43;
5FCE : 43;
5FCF : 63;
5FD0 : 43;
5FD1 : 43;
5FD2 : 43;
5FD3 : 43;
5FD4 : 43;
5FD5 : 43;
5FD6 : 43;
5FD7 : 63;
5FD8 : 43;
5FD9 : 43;
5FDA : 43;
5FDB : 43;
5FDC : 43;
5FDD : 43;
5FDE : 43;
5FDF : 63;
5FE0 : 67;
5FE1 : 67;
5FE2 : 67;
5FE3 : 67;
5FE4 : 67;
5FE5 : 67;
5FE6 : 67;
5FE7 : 87;
5FE8 : B6;
5FE9 : B6;
5FEA : B6;
5FEB : B7;
5FEC : B7;
5FED : B7;
5FEE : B7;
5FEF : B6;
5FF0 : B7;
5FF1 : B7;
5FF2 : B7;
5FF3 : B7;
5FF4 : B7;
5FF5 : B7;
5FF6 : B7;
5FF7 : B6;
5FF8 : B7;
5FF9 : B7;
5FFA : B7;
5FFB : B7;
5FFC : B7;
5FFD : B7;
5FFE : B7;
5FFF : B6;
6000 : E9;
6001 : E8;
6002 : E8;
6003 : E8;
6004 : E8;
6005 : E8;
6006 : E8;
6007 : E8;
6008 : E9;
6009 : E8;
600A : E8;
600B : E8;
600C : E8;
600D : E8;
600E : E8;
600F : E8;
6010 : E9;
6011 : E8;
6012 : E8;
6013 : E8;
6014 : E8;
6015 : E8;
6016 : E8;
6017 : E8;
6018 : E9;
6019 : E8;
601A : E8;
601B : E8;
601C : E8;
601D : E8;
601E : E8;
601F : E8;
6020 : CD;
6021 : EC;
6022 : EC;
6023 : EC;
6024 : EC;
6025 : EC;
6026 : EC;
6027 : EC;
6028 : B5;
6029 : B4;
602A : B4;
602B : B4;
602C : B4;
602D : B4;
602E : B4;
602F : B4;
6030 : B5;
6031 : B4;
6032 : B4;
6033 : B4;
6034 : B4;
6035 : B4;
6036 : B4;
6037 : B4;
6038 : B5;
6039 : B4;
603A : B4;
603B : B4;
603C : B4;
603D : B4;
603E : B4;
603F : B4;
6040 : E8;
6041 : E8;
6042 : E8;
6043 : E8;
6044 : E8;
6045 : E1;
6046 : E1;
6047 : E1;
6048 : E8;
6049 : E8;
604A : E8;
604B : E8;
604C : E8;
604D : E1;
604E : E1;
604F : E1;
6050 : E8;
6051 : E8;
6052 : E8;
6053 : E8;
6054 : E8;
6055 : E1;
6056 : E1;
6057 : E1;
6058 : E8;
6059 : E8;
605A : E8;
605B : E8;
605C : E4;
605D : E1;
605E : E1;
605F : E1;
6060 : EC;
6061 : EC;
6062 : EC;
6063 : EC;
6064 : E8;
6065 : E1;
6066 : E1;
6067 : E1;
6068 : B4;
6069 : B4;
606A : B4;
606B : B4;
606C : B0;
606D : E8;
606E : E8;
606F : E8;
6070 : B4;
6071 : B4;
6072 : B4;
6073 : B4;
6074 : B0;
6075 : E8;
6076 : E8;
6077 : E8;
6078 : B4;
6079 : B4;
607A : B4;
607B : B4;
607C : B0;
607D : E8;
607E : E8;
607F : E8;
6080 : E1;
6081 : E1;
6082 : E1;
6083 : E1;
6084 : E1;
6085 : E1;
6086 : E1;
6087 : E1;
6088 : E1;
6089 : E1;
608A : E1;
608B : E1;
608C : E1;
608D : E1;
608E : E1;
608F : E1;
6090 : E1;
6091 : E1;
6092 : E1;
6093 : E1;
6094 : E1;
6095 : E1;
6096 : E1;
6097 : E1;
6098 : E1;
6099 : E1;
609A : E1;
609B : E1;
609C : E1;
609D : E1;
609E : E1;
609F : E1;
60A0 : E1;
60A1 : E1;
60A2 : E1;
60A3 : E1;
60A4 : E1;
60A5 : E1;
60A6 : E1;
60A7 : E1;
60A8 : E8;
60A9 : E8;
60AA : E8;
60AB : E8;
60AC : E8;
60AD : E8;
60AE : E8;
60AF : E8;
60B0 : E8;
60B1 : E8;
60B2 : E8;
60B3 : E8;
60B4 : E8;
60B5 : E8;
60B6 : E8;
60B7 : E8;
60B8 : E8;
60B9 : E8;
60BA : E8;
60BB : E8;
60BC : E8;
60BD : E8;
60BE : E8;
60BF : E8;
60C0 : E1;
60C1 : A5;
60C2 : 2A;
60C3 : 4A;
60C4 : 4A;
60C5 : 4A;
60C6 : 4A;
60C7 : 4A;
60C8 : E1;
60C9 : C5;
60CA : 2A;
60CB : 4A;
60CC : 4A;
60CD : 4A;
60CE : 4A;
60CF : 4A;
60D0 : E1;
60D1 : C5;
60D2 : 2A;
60D3 : 4A;
60D4 : 4A;
60D5 : 4A;
60D6 : 4A;
60D7 : 4A;
60D8 : E1;
60D9 : C5;
60DA : 2A;
60DB : 2A;
60DC : 2A;
60DD : 2A;
60DE : 2A;
60DF : 2A;
60E0 : E1;
60E1 : C5;
60E2 : 66;
60E3 : 66;
60E4 : 66;
60E5 : 66;
60E6 : 66;
60E7 : 66;
60E8 : E8;
60E9 : E4;
60EA : E1;
60EB : E1;
60EC : E1;
60ED : E1;
60EE : E1;
60EF : E1;
60F0 : E8;
60F1 : E4;
60F2 : E1;
60F3 : E1;
60F4 : E1;
60F5 : E1;
60F6 : E1;
60F7 : E1;
60F8 : E8;
60F9 : E4;
60FA : E1;
60FB : E1;
60FC : E1;
60FD : E1;
60FE : E1;
60FF : E1;
6100 : 4A;
6101 : 4A;
6102 : 4A;
6103 : 4A;
6104 : 4A;
6105 : 2A;
6106 : C8;
6107 : E8;
6108 : 4A;
6109 : 4A;
610A : 4A;
610B : 4A;
610C : 4A;
610D : 2A;
610E : C8;
610F : E8;
6110 : 4A;
6111 : 4A;
6112 : 4A;
6113 : 4A;
6114 : 4A;
6115 : 2A;
6116 : C8;
6117 : E8;
6118 : 2A;
6119 : 2A;
611A : 2A;
611B : 4A;
611C : 2A;
611D : 2A;
611E : C8;
611F : E8;
6120 : 66;
6121 : 66;
6122 : 66;
6123 : 66;
6124 : 66;
6125 : 66;
6126 : A9;
6127 : C8;
6128 : E1;
6129 : E1;
612A : E1;
612B : E1;
612C : E1;
612D : E1;
612E : 66;
612F : 4A;
6130 : E1;
6131 : E1;
6132 : E1;
6133 : E1;
6134 : E1;
6135 : E1;
6136 : 66;
6137 : 4A;
6138 : E1;
6139 : E1;
613A : E1;
613B : E1;
613C : E1;
613D : E1;
613E : 66;
613F : 4A;
6140 : E8;
6141 : E8;
6142 : E8;
6143 : E8;
6144 : E8;
6145 : E8;
6146 : E8;
6147 : E8;
6148 : E8;
6149 : E8;
614A : E8;
614B : E8;
614C : E8;
614D : E8;
614E : E8;
614F : E8;
6150 : E8;
6151 : E8;
6152 : E8;
6153 : E8;
6154 : E8;
6155 : E8;
6156 : E8;
6157 : E8;
6158 : E8;
6159 : E8;
615A : E8;
615B : E8;
615C : E8;
615D : E8;
615E : E8;
615F : E8;
6160 : C8;
6161 : C8;
6162 : C8;
6163 : C8;
6164 : C8;
6165 : C8;
6166 : C8;
6167 : C8;
6168 : 4A;
6169 : 4A;
616A : 4A;
616B : 4A;
616C : 4A;
616D : 4A;
616E : 4A;
616F : 4A;
6170 : 4A;
6171 : 4A;
6172 : 4A;
6173 : 4A;
6174 : 4A;
6175 : 4A;
6176 : 4A;
6177 : 4A;
6178 : 4A;
6179 : 4A;
617A : 4A;
617B : 4A;
617C : 4A;
617D : 4A;
617E : 4A;
617F : 4A;
6180 : E8;
6181 : E8;
6182 : E8;
6183 : F0;
6184 : F4;
6185 : F4;
6186 : F4;
6187 : F4;
6188 : E8;
6189 : E8;
618A : E8;
618B : F0;
618C : F4;
618D : F4;
618E : F4;
618F : F4;
6190 : E8;
6191 : E8;
6192 : E8;
6193 : F0;
6194 : F4;
6195 : F4;
6196 : F4;
6197 : F4;
6198 : E8;
6199 : E8;
619A : E8;
619B : F0;
619C : F4;
619D : F4;
619E : F4;
619F : F4;
61A0 : C8;
61A1 : C8;
61A2 : C8;
61A3 : F0;
61A4 : F4;
61A5 : F4;
61A6 : F0;
61A7 : F0;
61A8 : 4A;
61A9 : 2A;
61AA : 4A;
61AB : C9;
61AC : E8;
61AD : E8;
61AE : E8;
61AF : E8;
61B0 : 4A;
61B1 : 4A;
61B2 : 4A;
61B3 : C9;
61B4 : E8;
61B5 : E8;
61B6 : E8;
61B7 : E8;
61B8 : 4A;
61B9 : 4A;
61BA : 4A;
61BB : C9;
61BC : E8;
61BD : E8;
61BE : E8;
61BF : E8;
61C0 : F4;
61C1 : F4;
61C2 : F4;
61C3 : F4;
61C4 : F4;
61C5 : F4;
61C6 : F4;
61C7 : F4;
61C8 : F4;
61C9 : F4;
61CA : F4;
61CB : F4;
61CC : F4;
61CD : F4;
61CE : F4;
61CF : F4;
61D0 : F4;
61D1 : F4;
61D2 : F4;
61D3 : F4;
61D4 : F4;
61D5 : F4;
61D6 : F4;
61D7 : F4;
61D8 : F4;
61D9 : F4;
61DA : F4;
61DB : F4;
61DC : F4;
61DD : F4;
61DE : F4;
61DF : F4;
61E0 : F0;
61E1 : F0;
61E2 : F0;
61E3 : F0;
61E4 : F0;
61E5 : F0;
61E6 : F0;
61E7 : F0;
61E8 : E8;
61E9 : E8;
61EA : E8;
61EB : E8;
61EC : E8;
61ED : E8;
61EE : E8;
61EF : E8;
61F0 : E8;
61F1 : E8;
61F2 : E8;
61F3 : E8;
61F4 : E8;
61F5 : E8;
61F6 : E8;
61F7 : E8;
61F8 : E8;
61F9 : E8;
61FA : E8;
61FB : E8;
61FC : E8;
61FD : E8;
61FE : E8;
61FF : E8;
6200 : E5;
6201 : E1;
6202 : E1;
6203 : E1;
6204 : E1;
6205 : E1;
6206 : E1;
6207 : E1;
6208 : E5;
6209 : E1;
620A : E1;
620B : E1;
620C : E1;
620D : E1;
620E : E1;
620F : E1;
6210 : E5;
6211 : E1;
6212 : E1;
6213 : E1;
6214 : E1;
6215 : E1;
6216 : E1;
6217 : E1;
6218 : E6;
6219 : E2;
621A : E2;
621B : E2;
621C : E2;
621D : E2;
621E : E2;
621F : E2;
6220 : E9;
6221 : E5;
6222 : E5;
6223 : E5;
6224 : E5;
6225 : E5;
6226 : E5;
6227 : E5;
6228 : AC;
6229 : AC;
622A : AC;
622B : AC;
622C : AC;
622D : AC;
622E : AC;
622F : AC;
6230 : AC;
6231 : AC;
6232 : AC;
6233 : AC;
6234 : AC;
6235 : AC;
6236 : AC;
6237 : AC;
6238 : AC;
6239 : AC;
623A : AC;
623B : AC;
623C : AC;
623D : AC;
623E : AC;
623F : AC;
6240 : E1;
6241 : E1;
6242 : E1;
6243 : E1;
6244 : E2;
6245 : 63;
6246 : 63;
6247 : 63;
6248 : E1;
6249 : E1;
624A : E1;
624B : E1;
624C : E2;
624D : 63;
624E : 63;
624F : 63;
6250 : E1;
6251 : E1;
6252 : E1;
6253 : E1;
6254 : E2;
6255 : 63;
6256 : 63;
6257 : 63;
6258 : E2;
6259 : E2;
625A : E2;
625B : E1;
625C : E2;
625D : 63;
625E : 63;
625F : 63;
6260 : E5;
6261 : E5;
6262 : E5;
6263 : E5;
6264 : C6;
6265 : 83;
6266 : 83;
6267 : 83;
6268 : AC;
6269 : AC;
626A : AC;
626B : AC;
626C : AC;
626D : E2;
626E : E1;
626F : E1;
6270 : AC;
6271 : AC;
6272 : AC;
6273 : AC;
6274 : AC;
6275 : E2;
6276 : E1;
6277 : E1;
6278 : AC;
6279 : AC;
627A : AC;
627B : AC;
627C : AC;
627D : E2;
627E : E1;
627F : E1;
6280 : 63;
6281 : 63;
6282 : 63;
6283 : 63;
6284 : 63;
6285 : 63;
6286 : 63;
6287 : 63;
6288 : 63;
6289 : 63;
628A : 63;
628B : 63;
628C : 63;
628D : 63;
628E : 63;
628F : 63;
6290 : 63;
6291 : 63;
6292 : 63;
6293 : 63;
6294 : 63;
6295 : 63;
6296 : 63;
6297 : 63;
6298 : 63;
6299 : 63;
629A : 63;
629B : 63;
629C : 63;
629D : 63;
629E : 63;
629F : 63;
62A0 : 83;
62A1 : 83;
62A2 : 83;
62A3 : 83;
62A4 : 83;
62A5 : 83;
62A6 : 83;
62A7 : A3;
62A8 : E1;
62A9 : E1;
62AA : E1;
62AB : E1;
62AC : E1;
62AD : E1;
62AE : E1;
62AF : E1;
62B0 : E1;
62B1 : E1;
62B2 : E1;
62B3 : E1;
62B4 : E1;
62B5 : E1;
62B6 : E1;
62B7 : E1;
62B8 : E1;
62B9 : E1;
62BA : E1;
62BB : E1;
62BC : E1;
62BD : E1;
62BE : E1;
62BF : E1;
62C0 : 83;
62C1 : 33;
62C2 : 1F;
62C3 : 1F;
62C4 : 1F;
62C5 : 1F;
62C6 : 1F;
62C7 : 1F;
62C8 : 83;
62C9 : 33;
62CA : 1F;
62CB : 1F;
62CC : 1F;
62CD : 1F;
62CE : 1F;
62CF : 1F;
62D0 : 83;
62D1 : 33;
62D2 : 1F;
62D3 : 1F;
62D4 : 1F;
62D5 : 1F;
62D6 : 1F;
62D7 : 1F;
62D8 : 83;
62D9 : 33;
62DA : 1F;
62DB : 1F;
62DC : 1F;
62DD : 1F;
62DE : 1F;
62DF : 1F;
62E0 : A3;
62E1 : 6F;
62E2 : 3B;
62E3 : 3B;
62E4 : 3B;
62E5 : 3B;
62E6 : 3B;
62E7 : 3B;
62E8 : E1;
62E9 : A2;
62EA : 63;
62EB : 63;
62EC : 63;
62ED : 63;
62EE : 63;
62EF : 63;
62F0 : E1;
62F1 : A3;
62F2 : 63;
62F3 : 63;
62F4 : 63;
62F5 : 63;
62F6 : 63;
62F7 : 63;
62F8 : E1;
62F9 : A3;
62FA : 63;
62FB : 63;
62FC : 63;
62FD : 63;
62FE : 63;
62FF : 63;
6300 : 1F;
6301 : 1F;
6302 : 1F;
6303 : 1F;
6304 : 1F;
6305 : 1F;
6306 : 9E;
6307 : F8;
6308 : 1F;
6309 : 1F;
630A : 1F;
630B : 1F;
630C : 1F;
630D : 1F;
630E : 9E;
630F : F8;
6310 : 1F;
6311 : 1F;
6312 : 1F;
6313 : 1F;
6314 : 1F;
6315 : 1F;
6316 : 9E;
6317 : F8;
6318 : 1F;
6319 : 1F;
631A : 1F;
631B : 1F;
631C : 1F;
631D : 1F;
631E : 9D;
631F : F8;
6320 : 3B;
6321 : 3B;
6322 : 3B;
6323 : 37;
6324 : 37;
6325 : 37;
6326 : 9A;
6327 : D9;
6328 : 63;
6329 : 63;
632A : 63;
632B : 63;
632C : 63;
632D : 63;
632E : 53;
632F : 1F;
6330 : 63;
6331 : 63;
6332 : 63;
6333 : 63;
6334 : 63;
6335 : 63;
6336 : 53;
6337 : 1F;
6338 : 63;
6339 : 63;
633A : 63;
633B : 63;
633C : 63;
633D : 63;
633E : 53;
633F : 1F;
6340 : F8;
6341 : F8;
6342 : F8;
6343 : F8;
6344 : F8;
6345 : F8;
6346 : F8;
6347 : F8;
6348 : F8;
6349 : F8;
634A : F8;
634B : F8;
634C : F8;
634D : F8;
634E : F8;
634F : F8;
6350 : F8;
6351 : F8;
6352 : F8;
6353 : F8;
6354 : F8;
6355 : F8;
6356 : F8;
6357 : F8;
6358 : F8;
6359 : F8;
635A : F8;
635B : F8;
635C : F8;
635D : F8;
635E : F8;
635F : F8;
6360 : D9;
6361 : D9;
6362 : D9;
6363 : D9;
6364 : D9;
6365 : D9;
6366 : D9;
6367 : D9;
6368 : 1F;
6369 : 1F;
636A : 1F;
636B : 1F;
636C : 1F;
636D : 1F;
636E : 1F;
636F : 1F;
6370 : 1F;
6371 : 1F;
6372 : 1F;
6373 : 1F;
6374 : 1F;
6375 : 1F;
6376 : 1F;
6377 : 1F;
6378 : 1F;
6379 : 1F;
637A : 1F;
637B : 1F;
637C : 1F;
637D : 1F;
637E : 1F;
637F : 1F;
6380 : F8;
6381 : F8;
6382 : F8;
6383 : 7C;
6384 : 5C;
6385 : 5C;
6386 : 5C;
6387 : 5C;
6388 : F8;
6389 : F8;
638A : F8;
638B : 7C;
638C : 5C;
638D : 5C;
638E : 5C;
638F : 5C;
6390 : F8;
6391 : F8;
6392 : F8;
6393 : 7C;
6394 : 5C;
6395 : 5C;
6396 : 5C;
6397 : 5C;
6398 : F8;
6399 : F8;
639A : F8;
639B : 7C;
639C : 5C;
639D : 5C;
639E : 5C;
639F : 5C;
63A0 : D9;
63A1 : D9;
63A2 : D9;
63A3 : 9C;
63A4 : 9C;
63A5 : 9C;
63A6 : 9C;
63A7 : 9C;
63A8 : 1F;
63A9 : 1F;
63AA : 3F;
63AB : D9;
63AC : F8;
63AD : F8;
63AE : F8;
63AF : F8;
63B0 : 1F;
63B1 : 1F;
63B2 : 1F;
63B3 : F9;
63B4 : F8;
63B5 : F8;
63B6 : F8;
63B7 : F8;
63B8 : 1F;
63B9 : 1F;
63BA : 1F;
63BB : D9;
63BC : F8;
63BD : F8;
63BE : F8;
63BF : F8;
63C0 : 5C;
63C1 : 5C;
63C2 : 5C;
63C3 : 5C;
63C4 : 5C;
63C5 : 5C;
63C6 : 5C;
63C7 : 5C;
63C8 : 5C;
63C9 : 5C;
63CA : 5C;
63CB : 5C;
63CC : 5C;
63CD : 5C;
63CE : 5C;
63CF : 5C;
63D0 : 5C;
63D1 : 5C;
63D2 : 5C;
63D3 : 5C;
63D4 : 5C;
63D5 : 5C;
63D6 : 5C;
63D7 : 5C;
63D8 : 5C;
63D9 : 5C;
63DA : 5C;
63DB : 5C;
63DC : 5C;
63DD : 5C;
63DE : 5C;
63DF : 5C;
63E0 : 9C;
63E1 : 9C;
63E2 : 9C;
63E3 : 9C;
63E4 : 9C;
63E5 : 9C;
63E6 : 9C;
63E7 : 7C;
63E8 : F8;
63E9 : F8;
63EA : F8;
63EB : F8;
63EC : F8;
63ED : F8;
63EE : F8;
63EF : F8;
63F0 : F8;
63F1 : F8;
63F2 : F8;
63F3 : F8;
63F4 : F8;
63F5 : F8;
63F6 : F8;
63F7 : F8;
63F8 : F8;
63F9 : F8;
63FA : F8;
63FB : F8;
63FC : F8;
63FD : F8;
63FE : F8;
63FF : F8;
6400 : 96;
6401 : 93;
6402 : 92;
6403 : 92;
6404 : 92;
6405 : 92;
6406 : 92;
6407 : 92;
6408 : 96;
6409 : 93;
640A : 92;
640B : 92;
640C : 92;
640D : 92;
640E : 92;
640F : 92;
6410 : 96;
6411 : 93;
6412 : 92;
6413 : 92;
6414 : 92;
6415 : 92;
6416 : 92;
6417 : 92;
6418 : 76;
6419 : 93;
641A : 92;
641B : 92;
641C : 92;
641D : 92;
641E : 92;
641F : 92;
6420 : 92;
6421 : 92;
6422 : 92;
6423 : 92;
6424 : 92;
6425 : 92;
6426 : 92;
6427 : 92;
6428 : A5;
6429 : A5;
642A : A5;
642B : A5;
642C : A5;
642D : A5;
642E : A5;
642F : A5;
6430 : A5;
6431 : A5;
6432 : A5;
6433 : A5;
6434 : A5;
6435 : A5;
6436 : A5;
6437 : A5;
6438 : A5;
6439 : A5;
643A : A5;
643B : A5;
643C : A5;
643D : A5;
643E : A5;
643F : A5;
6440 : 92;
6441 : 92;
6442 : 92;
6443 : 92;
6444 : 77;
6445 : 1B;
6446 : 1B;
6447 : 1B;
6448 : 92;
6449 : 92;
644A : 92;
644B : 92;
644C : 77;
644D : 1B;
644E : 1B;
644F : 1B;
6450 : 92;
6451 : 92;
6452 : 92;
6453 : 92;
6454 : 77;
6455 : 1B;
6456 : 1B;
6457 : 1B;
6458 : 92;
6459 : 92;
645A : 92;
645B : 92;
645C : 77;
645D : 1B;
645E : 1B;
645F : 1B;
6460 : 92;
6461 : 92;
6462 : 92;
6463 : 8E;
6464 : 72;
6465 : 5B;
6466 : 3B;
6467 : 3B;
6468 : A5;
6469 : A5;
646A : A5;
646B : A5;
646C : 8A;
646D : 92;
646E : 92;
646F : 92;
6470 : A5;
6471 : A5;
6472 : A5;
6473 : A5;
6474 : 89;
6475 : 92;
6476 : 92;
6477 : 92;
6478 : A5;
6479 : A5;
647A : A5;
647B : A5;
647C : 8A;
647D : 92;
647E : 92;
647F : 92;
6480 : 1B;
6481 : 1B;
6482 : 1B;
6483 : 1B;
6484 : 1B;
6485 : 1B;
6486 : 1B;
6487 : 1B;
6488 : 1B;
6489 : 1B;
648A : 1B;
648B : 1B;
648C : 1B;
648D : 1B;
648E : 1B;
648F : 1B;
6490 : 1B;
6491 : 1B;
6492 : 1B;
6493 : 1B;
6494 : 1B;
6495 : 1B;
6496 : 1B;
6497 : 1B;
6498 : 1B;
6499 : 1B;
649A : 1B;
649B : 1B;
649C : 1B;
649D : 1B;
649E : 1B;
649F : 1B;
64A0 : 3B;
64A1 : 3B;
64A2 : 3B;
64A3 : 3B;
64A4 : 3B;
64A5 : 3B;
64A6 : 3B;
64A7 : 3B;
64A8 : 92;
64A9 : 92;
64AA : 92;
64AB : 92;
64AC : 92;
64AD : 92;
64AE : 92;
64AF : 92;
64B0 : 92;
64B1 : 92;
64B2 : 92;
64B3 : 92;
64B4 : 92;
64B5 : 92;
64B6 : 92;
64B7 : 92;
64B8 : 92;
64B9 : 92;
64BA : 92;
64BB : 92;
64BC : 92;
64BD : 92;
64BE : 92;
64BF : 92;
64C0 : 1B;
64C1 : 5A;
64C2 : DC;
64C3 : BC;
64C4 : BC;
64C5 : BC;
64C6 : BC;
64C7 : BC;
64C8 : 1B;
64C9 : 5A;
64CA : DC;
64CB : BC;
64CC : BC;
64CD : BC;
64CE : BC;
64CF : BC;
64D0 : 1B;
64D1 : 5A;
64D2 : DC;
64D3 : BC;
64D4 : BC;
64D5 : BC;
64D6 : BC;
64D7 : BC;
64D8 : 1B;
64D9 : 5E;
64DA : DC;
64DB : BC;
64DC : BC;
64DD : BC;
64DE : BC;
64DF : BC;
64E0 : 3B;
64E1 : 5B;
64E2 : 9D;
64E3 : 9D;
64E4 : 99;
64E5 : 99;
64E6 : 99;
64E7 : 9D;
64E8 : 92;
64E9 : 77;
64EA : 1B;
64EB : 1B;
64EC : 1B;
64ED : 1B;
64EE : 1B;
64EF : 1B;
64F0 : 92;
64F1 : 77;
64F2 : 1B;
64F3 : 1B;
64F4 : 1B;
64F5 : 1B;
64F6 : 1B;
64F7 : 1B;
64F8 : 92;
64F9 : 77;
64FA : 1B;
64FB : 1B;
64FC : 1B;
64FD : 1B;
64FE : 1B;
64FF : 1B;
6500 : BC;
6501 : BC;
6502 : BC;
6503 : BC;
6504 : BC;
6505 : BC;
6506 : 7C;
6507 : 3C;
6508 : BC;
6509 : BC;
650A : BC;
650B : BC;
650C : BC;
650D : BC;
650E : 7C;
650F : 3C;
6510 : BC;
6511 : BC;
6512 : BC;
6513 : BC;
6514 : BC;
6515 : BC;
6516 : 7C;
6517 : 3C;
6518 : BC;
6519 : BC;
651A : BC;
651B : BC;
651C : BC;
651D : DC;
651E : 7C;
651F : 3C;
6520 : 9D;
6521 : 9D;
6522 : 9D;
6523 : 9D;
6524 : 9D;
6525 : 99;
6526 : 7C;
6527 : 5C;
6528 : 1B;
6529 : 1B;
652A : 1B;
652B : 1B;
652C : 1B;
652D : 1B;
652E : 99;
652F : BC;
6530 : 1B;
6531 : 1B;
6532 : 1B;
6533 : 1B;
6534 : 1B;
6535 : 1B;
6536 : 99;
6537 : BC;
6538 : 1B;
6539 : 1B;
653A : 1B;
653B : 1B;
653C : 1B;
653D : 1B;
653E : 99;
653F : BC;
6540 : 3C;
6541 : 3C;
6542 : 3C;
6543 : 3C;
6544 : 3C;
6545 : 3C;
6546 : 3C;
6547 : 3C;
6548 : 3C;
6549 : 3C;
654A : 3C;
654B : 3C;
654C : 3C;
654D : 3C;
654E : 3C;
654F : 3C;
6550 : 3C;
6551 : 3C;
6552 : 3C;
6553 : 3C;
6554 : 3C;
6555 : 3C;
6556 : 3C;
6557 : 3C;
6558 : 3C;
6559 : 3C;
655A : 3C;
655B : 3C;
655C : 3C;
655D : 3C;
655E : 3C;
655F : 3C;
6560 : 5C;
6561 : 5C;
6562 : 5C;
6563 : 5C;
6564 : 5C;
6565 : 5C;
6566 : 5C;
6567 : 5C;
6568 : BC;
6569 : BC;
656A : BC;
656B : BC;
656C : BC;
656D : BC;
656E : BC;
656F : BC;
6570 : BC;
6571 : BC;
6572 : BC;
6573 : BC;
6574 : BC;
6575 : BC;
6576 : BC;
6577 : BC;
6578 : BC;
6579 : BC;
657A : BC;
657B : BC;
657C : BC;
657D : BC;
657E : BC;
657F : BC;
6580 : 3C;
6581 : 3C;
6582 : 3C;
6583 : 1F;
6584 : 1F;
6585 : 1F;
6586 : 1F;
6587 : 1F;
6588 : 3C;
6589 : 3C;
658A : 3C;
658B : 1F;
658C : 1F;
658D : 1F;
658E : 1F;
658F : 1F;
6590 : 3C;
6591 : 3C;
6592 : 3C;
6593 : 1F;
6594 : 1F;
6595 : 1F;
6596 : 1F;
6597 : 1F;
6598 : 3C;
6599 : 3C;
659A : 3C;
659B : 1F;
659C : 1F;
659D : 1F;
659E : 1F;
659F : 1F;
65A0 : 5C;
65A1 : 5C;
65A2 : 7C;
65A3 : 3E;
65A4 : 1F;
65A5 : 1F;
65A6 : 1F;
65A7 : 1F;
65A8 : BC;
65A9 : BC;
65AA : BC;
65AB : 5C;
65AC : 3C;
65AD : 3C;
65AE : 3C;
65AF : 3C;
65B0 : BC;
65B1 : BC;
65B2 : BC;
65B3 : 5C;
65B4 : 3C;
65B5 : 3C;
65B6 : 3C;
65B7 : 3C;
65B8 : BC;
65B9 : BC;
65BA : BC;
65BB : 5C;
65BC : 3C;
65BD : 3C;
65BE : 3C;
65BF : 3C;
65C0 : 1F;
65C1 : 1F;
65C2 : 1F;
65C3 : 1F;
65C4 : 1F;
65C5 : 1F;
65C6 : 1F;
65C7 : 5F;
65C8 : 1F;
65C9 : 1F;
65CA : 1F;
65CB : 1F;
65CC : 1F;
65CD : 1F;
65CE : 1F;
65CF : 5F;
65D0 : 1F;
65D1 : 1F;
65D2 : 1F;
65D3 : 1F;
65D4 : 1F;
65D5 : 1F;
65D6 : 1F;
65D7 : 5F;
65D8 : 1F;
65D9 : 1F;
65DA : 1F;
65DB : 1F;
65DC : 1F;
65DD : 1F;
65DE : 1F;
65DF : 5F;
65E0 : 1F;
65E1 : 1F;
65E2 : 1F;
65E3 : 1F;
65E4 : 1F;
65E5 : 1F;
65E6 : 1F;
65E7 : 5E;
65E8 : 3C;
65E9 : 3C;
65EA : 3C;
65EB : 3C;
65EC : 3C;
65ED : 3C;
65EE : 3C;
65EF : 3C;
65F0 : 3C;
65F1 : 3C;
65F2 : 3C;
65F3 : 3C;
65F4 : 3C;
65F5 : 3C;
65F6 : 3C;
65F7 : 3C;
65F8 : 3C;
65F9 : 3C;
65FA : 3C;
65FB : 3C;
65FC : 3C;
65FD : 3C;
65FE : 3C;
65FF : 3C;
6600 : FD;
6601 : FC;
6602 : FC;
6603 : FC;
6604 : FC;
6605 : FC;
6606 : FC;
6607 : FC;
6608 : FD;
6609 : FC;
660A : FC;
660B : FC;
660C : FC;
660D : FC;
660E : FC;
660F : FC;
6610 : FD;
6611 : FC;
6612 : FC;
6613 : FC;
6614 : FC;
6615 : FC;
6616 : FC;
6617 : FC;
6618 : FD;
6619 : FC;
661A : FC;
661B : FC;
661C : FC;
661D : FC;
661E : FC;
661F : FC;
6620 : DD;
6621 : D8;
6622 : D8;
6623 : D8;
6624 : D8;
6625 : D8;
6626 : D8;
6627 : D8;
6628 : 35;
6629 : 35;
662A : 35;
662B : 35;
662C : 35;
662D : 35;
662E : 35;
662F : 35;
6630 : 35;
6631 : 35;
6632 : 35;
6633 : 35;
6634 : 35;
6635 : 35;
6636 : 35;
6637 : 35;
6638 : 35;
6639 : 35;
663A : 35;
663B : 35;
663C : 35;
663D : 35;
663E : 35;
663F : 35;
6640 : FC;
6641 : FC;
6642 : FC;
6643 : FC;
6644 : F8;
6645 : F0;
6646 : F0;
6647 : F0;
6648 : FC;
6649 : FC;
664A : FC;
664B : FC;
664C : F8;
664D : F0;
664E : F0;
664F : F0;
6650 : FC;
6651 : FC;
6652 : FC;
6653 : FC;
6654 : F8;
6655 : F0;
6656 : F0;
6657 : F0;
6658 : FC;
6659 : FC;
665A : FC;
665B : FC;
665C : F8;
665D : F0;
665E : F0;
665F : F0;
6660 : D8;
6661 : D8;
6662 : D8;
6663 : D8;
6664 : D8;
6665 : F4;
6666 : F4;
6667 : F4;
6668 : 35;
6669 : 35;
666A : 35;
666B : 35;
666C : 75;
666D : FC;
666E : FC;
666F : FC;
6670 : 35;
6671 : 35;
6672 : 35;
6673 : 35;
6674 : 75;
6675 : FC;
6676 : FC;
6677 : FC;
6678 : 35;
6679 : 35;
667A : 35;
667B : 35;
667C : 75;
667D : FC;
667E : FC;
667F : FC;
6680 : F0;
6681 : F0;
6682 : F0;
6683 : F0;
6684 : F0;
6685 : F0;
6686 : F0;
6687 : F0;
6688 : F0;
6689 : F0;
668A : F0;
668B : F0;
668C : F0;
668D : F0;
668E : F0;
668F : F0;
6690 : F0;
6691 : F0;
6692 : F0;
6693 : F0;
6694 : F0;
6695 : F0;
6696 : F0;
6697 : F0;
6698 : F0;
6699 : F0;
669A : F0;
669B : F0;
669C : F0;
669D : F0;
669E : F0;
669F : F0;
66A0 : F4;
66A1 : F4;
66A2 : F4;
66A3 : F4;
66A4 : F4;
66A5 : F4;
66A6 : F4;
66A7 : F4;
66A8 : FC;
66A9 : FC;
66AA : FC;
66AB : FC;
66AC : FC;
66AD : FC;
66AE : FC;
66AF : FC;
66B0 : FC;
66B1 : FC;
66B2 : FC;
66B3 : FC;
66B4 : FC;
66B5 : FC;
66B6 : FC;
66B7 : FC;
66B8 : FC;
66B9 : FC;
66BA : FC;
66BB : FC;
66BC : FC;
66BD : FC;
66BE : FC;
66BF : FC;
66C0 : F0;
66C1 : E9;
66C2 : E1;
66C3 : E2;
66C4 : E2;
66C5 : E2;
66C6 : E1;
66C7 : E1;
66C8 : F0;
66C9 : E9;
66CA : E1;
66CB : E2;
66CC : E1;
66CD : E1;
66CE : E1;
66CF : E1;
66D0 : F0;
66D1 : E9;
66D2 : E1;
66D3 : E1;
66D4 : E1;
66D5 : E1;
66D6 : E1;
66D7 : E1;
66D8 : F0;
66D9 : E9;
66DA : E1;
66DB : E2;
66DC : E2;
66DD : E2;
66DE : E2;
66DF : E2;
66E0 : F4;
66E1 : ED;
66E2 : E5;
66E3 : E5;
66E4 : E5;
66E5 : E5;
66E6 : E5;
66E7 : E5;
66E8 : FC;
66E9 : F8;
66EA : F0;
66EB : F0;
66EC : F0;
66ED : F0;
66EE : F0;
66EF : F0;
66F0 : FC;
66F1 : F8;
66F2 : F0;
66F3 : F0;
66F4 : F0;
66F5 : F0;
66F6 : F0;
66F7 : F0;
66F8 : FC;
66F9 : F8;
66FA : F0;
66FB : F0;
66FC : F0;
66FD : F0;
66FE : F0;
66FF : F0;
6700 : E1;
6701 : E1;
6702 : E1;
6703 : E2;
6704 : E1;
6705 : E1;
6706 : 76;
6707 : 1F;
6708 : E1;
6709 : E1;
670A : E1;
670B : E1;
670C : E1;
670D : E1;
670E : 76;
670F : 1F;
6710 : E1;
6711 : E1;
6712 : E1;
6713 : E1;
6714 : E1;
6715 : E1;
6716 : 76;
6717 : 1F;
6718 : E2;
6719 : E2;
671A : E2;
671B : E2;
671C : E2;
671D : E2;
671E : 77;
671F : 1F;
6720 : E5;
6721 : E5;
6722 : E5;
6723 : E5;
6724 : E5;
6725 : E5;
6726 : 92;
6727 : 5B;
6728 : F0;
6729 : F0;
672A : F0;
672B : F0;
672C : F0;
672D : F0;
672E : E9;
672F : E2;
6730 : F0;
6731 : F0;
6732 : F0;
6733 : F0;
6734 : F0;
6735 : F0;
6736 : E5;
6737 : E2;
6738 : F0;
6739 : F0;
673A : F0;
673B : F0;
673C : F0;
673D : F0;
673E : E5;
673F : E2;
6740 : 1F;
6741 : 1F;
6742 : 1F;
6743 : 1F;
6744 : 1F;
6745 : 1F;
6746 : 1F;
6747 : 1F;
6748 : 1F;
6749 : 1F;
674A : 1F;
674B : 1F;
674C : 1F;
674D : 1F;
674E : 1F;
674F : 1F;
6750 : 1F;
6751 : 1F;
6752 : 1F;
6753 : 1F;
6754 : 1F;
6755 : 1F;
6756 : 1F;
6757 : 1F;
6758 : 1F;
6759 : 1F;
675A : 1F;
675B : 1F;
675C : 1F;
675D : 1F;
675E : 1F;
675F : 1F;
6760 : 5A;
6761 : 5A;
6762 : 5A;
6763 : 5A;
6764 : 5A;
6765 : 5A;
6766 : 5A;
6767 : 5B;
6768 : E2;
6769 : E2;
676A : E2;
676B : E2;
676C : E2;
676D : E2;
676E : E2;
676F : E2;
6770 : E1;
6771 : E1;
6772 : E1;
6773 : E1;
6774 : E1;
6775 : E1;
6776 : E1;
6777 : E1;
6778 : E1;
6779 : E2;
677A : E1;
677B : E1;
677C : E1;
677D : E1;
677E : E1;
677F : E1;
6780 : 1F;
6781 : 1F;
6782 : 3F;
6783 : 77;
6784 : 93;
6785 : 73;
6786 : 73;
6787 : 73;
6788 : 1F;
6789 : 1F;
678A : 3F;
678B : 77;
678C : 93;
678D : 73;
678E : 73;
678F : 73;
6790 : 1F;
6791 : 1F;
6792 : 3F;
6793 : 77;
6794 : 93;
6795 : 73;
6796 : 73;
6797 : 73;
6798 : 1F;
6799 : 1F;
679A : 1F;
679B : 77;
679C : 93;
679D : 73;
679E : 93;
679F : 73;
67A0 : 5B;
67A1 : 5A;
67A2 : 5B;
67A3 : 57;
67A4 : 77;
67A5 : 77;
67A6 : 77;
67A7 : 77;
67A8 : E2;
67A9 : E2;
67AA : A6;
67AB : 7B;
67AC : 1F;
67AD : 1F;
67AE : 1F;
67AF : 1F;
67B0 : E1;
67B1 : E1;
67B2 : C6;
67B3 : 7A;
67B4 : 1F;
67B5 : 1F;
67B6 : 1F;
67B7 : 1F;
67B8 : E1;
67B9 : E1;
67BA : C6;
67BB : 5A;
67BC : 1F;
67BD : 1F;
67BE : 1F;
67BF : 1F;
67C0 : 73;
67C1 : 73;
67C2 : 73;
67C3 : 73;
67C4 : 73;
67C5 : 73;
67C6 : 73;
67C7 : 73;
67C8 : 73;
67C9 : 73;
67CA : 73;
67CB : 73;
67CC : 73;
67CD : 73;
67CE : 73;
67CF : 73;
67D0 : 73;
67D1 : 73;
67D2 : 73;
67D3 : 73;
67D4 : 73;
67D5 : 73;
67D6 : 73;
67D7 : 73;
67D8 : 73;
67D9 : 73;
67DA : 73;
67DB : 73;
67DC : 73;
67DD : 73;
67DE : 73;
67DF : 73;
67E0 : 77;
67E1 : 77;
67E2 : 77;
67E3 : 77;
67E4 : 77;
67E5 : 77;
67E6 : 77;
67E7 : 77;
67E8 : 1F;
67E9 : 1F;
67EA : 1F;
67EB : 1F;
67EC : 1F;
67ED : 1F;
67EE : 1F;
67EF : 1F;
67F0 : 1F;
67F1 : 1F;
67F2 : 1F;
67F3 : 1F;
67F4 : 1F;
67F5 : 1F;
67F6 : 1F;
67F7 : 1F;
67F8 : 1F;
67F9 : 1F;
67FA : 1F;
67FB : 1F;
67FC : 1F;
67FD : 1F;
67FE : 1F;
67FF : 1F;
6800 : 54;
6801 : 54;
6802 : 54;
6803 : 54;
6804 : 54;
6805 : 54;
6806 : 54;
6807 : 54;
6808 : 54;
6809 : 54;
680A : 54;
680B : 54;
680C : 54;
680D : 54;
680E : 54;
680F : 54;
6810 : 54;
6811 : 54;
6812 : 54;
6813 : 54;
6814 : 54;
6815 : 54;
6816 : 54;
6817 : 54;
6818 : 54;
6819 : 54;
681A : 54;
681B : 54;
681C : 54;
681D : 54;
681E : 54;
681F : 54;
6820 : 54;
6821 : 54;
6822 : 54;
6823 : 54;
6824 : 54;
6825 : 54;
6826 : 54;
6827 : 54;
6828 : 54;
6829 : 54;
682A : 54;
682B : 54;
682C : 54;
682D : 54;
682E : 54;
682F : 54;
6830 : 39;
6831 : 39;
6832 : 39;
6833 : 39;
6834 : 39;
6835 : 39;
6836 : 39;
6837 : 39;
6838 : 3E;
6839 : 3E;
683A : 3E;
683B : 3E;
683C : 3E;
683D : 3E;
683E : 3E;
683F : 3E;
6840 : 54;
6841 : 54;
6842 : 54;
6843 : 54;
6844 : 94;
6845 : F4;
6846 : F4;
6847 : F4;
6848 : 54;
6849 : 54;
684A : 54;
684B : 54;
684C : 94;
684D : F4;
684E : F4;
684F : F4;
6850 : 54;
6851 : 54;
6852 : 54;
6853 : 54;
6854 : 94;
6855 : F4;
6856 : F4;
6857 : F4;
6858 : 54;
6859 : 54;
685A : 54;
685B : 54;
685C : 94;
685D : F4;
685E : F4;
685F : F4;
6860 : 54;
6861 : 54;
6862 : 54;
6863 : 54;
6864 : 94;
6865 : F4;
6866 : F4;
6867 : F4;
6868 : 54;
6869 : 54;
686A : 54;
686B : 54;
686C : 94;
686D : F4;
686E : F4;
686F : F4;
6870 : 39;
6871 : 39;
6872 : 39;
6873 : 39;
6874 : 59;
6875 : 94;
6876 : 94;
6877 : 94;
6878 : 3E;
6879 : 3E;
687A : 3E;
687B : 3E;
687C : 39;
687D : 54;
687E : 54;
687F : 54;
6880 : F4;
6881 : F4;
6882 : F4;
6883 : F4;
6884 : F4;
6885 : F4;
6886 : F4;
6887 : F4;
6888 : F4;
6889 : F4;
688A : F4;
688B : F4;
688C : F4;
688D : F4;
688E : F4;
688F : F4;
6890 : F4;
6891 : F4;
6892 : F4;
6893 : F4;
6894 : F4;
6895 : F4;
6896 : F4;
6897 : F4;
6898 : F4;
6899 : F4;
689A : F4;
689B : F4;
689C : F4;
689D : F4;
689E : F4;
689F : F4;
68A0 : F4;
68A1 : F4;
68A2 : F4;
68A3 : F4;
68A4 : F4;
68A5 : F4;
68A6 : F4;
68A7 : F4;
68A8 : F4;
68A9 : F4;
68AA : F4;
68AB : F4;
68AC : F4;
68AD : F4;
68AE : F4;
68AF : F4;
68B0 : 94;
68B1 : 94;
68B2 : 94;
68B3 : 94;
68B4 : 94;
68B5 : 94;
68B6 : 94;
68B7 : 94;
68B8 : 54;
68B9 : 54;
68BA : 54;
68BB : 54;
68BC : 54;
68BD : 54;
68BE : 54;
68BF : 54;
68C0 : F4;
68C1 : F0;
68C2 : E8;
68C3 : E8;
68C4 : E8;
68C5 : E8;
68C6 : E8;
68C7 : E8;
68C8 : F4;
68C9 : F0;
68CA : E8;
68CB : E8;
68CC : E8;
68CD : E8;
68CE : E8;
68CF : E8;
68D0 : F4;
68D1 : F0;
68D2 : E8;
68D3 : E8;
68D4 : E8;
68D5 : E8;
68D6 : E8;
68D7 : E8;
68D8 : F4;
68D9 : F0;
68DA : E8;
68DB : E8;
68DC : E8;
68DD : E8;
68DE : E8;
68DF : E8;
68E0 : F4;
68E1 : F0;
68E2 : E8;
68E3 : E8;
68E4 : E8;
68E5 : E8;
68E6 : E8;
68E7 : E8;
68E8 : F4;
68E9 : F0;
68EA : E4;
68EB : E8;
68EC : E8;
68ED : E8;
68EE : E8;
68EF : E8;
68F0 : 94;
68F1 : B4;
68F2 : F0;
68F3 : F0;
68F4 : F0;
68F5 : F0;
68F6 : F0;
68F7 : F0;
68F8 : 34;
68F9 : 94;
68FA : F4;
68FB : F4;
68FC : F4;
68FD : F4;
68FE : F4;
68FF : F4;
6900 : E8;
6901 : E8;
6902 : E8;
6903 : E8;
6904 : E8;
6905 : E8;
6906 : C6;
6907 : 83;
6908 : E8;
6909 : E8;
690A : E8;
690B : E8;
690C : E8;
690D : E8;
690E : C6;
690F : 83;
6910 : E8;
6911 : E8;
6912 : E8;
6913 : E8;
6914 : E8;
6915 : E8;
6916 : C6;
6917 : 83;
6918 : E8;
6919 : E8;
691A : E8;
691B : E8;
691C : E8;
691D : E8;
691E : C6;
691F : 83;
6920 : E8;
6921 : E8;
6922 : E8;
6923 : E8;
6924 : E8;
6925 : E8;
6926 : C6;
6927 : 83;
6928 : E8;
6929 : E8;
692A : E8;
692B : E8;
692C : E8;
692D : E8;
692E : C2;
692F : 83;
6930 : F0;
6931 : F0;
6932 : F0;
6933 : F0;
6934 : F0;
6935 : F0;
6936 : E9;
6937 : C5;
6938 : F4;
6939 : F4;
693A : F4;
693B : F4;
693C : F4;
693D : F4;
693E : EC;
693F : E8;
6940 : 83;
6941 : 83;
6942 : 83;
6943 : 83;
6944 : 83;
6945 : 83;
6946 : 83;
6947 : 83;
6948 : 83;
6949 : 83;
694A : 83;
694B : 83;
694C : 83;
694D : 83;
694E : 83;
694F : 83;
6950 : 83;
6951 : 83;
6952 : 83;
6953 : 83;
6954 : 83;
6955 : 83;
6956 : 83;
6957 : 83;
6958 : 83;
6959 : 83;
695A : 83;
695B : 83;
695C : 83;
695D : 83;
695E : 83;
695F : 83;
6960 : 83;
6961 : 83;
6962 : 83;
6963 : 83;
6964 : 83;
6965 : 83;
6966 : 83;
6967 : 83;
6968 : 83;
6969 : 83;
696A : 83;
696B : 83;
696C : 83;
696D : 83;
696E : 83;
696F : 83;
6970 : C5;
6971 : C5;
6972 : C5;
6973 : C5;
6974 : C5;
6975 : C5;
6976 : C5;
6977 : C5;
6978 : E8;
6979 : E8;
697A : E8;
697B : E8;
697C : E8;
697D : E8;
697E : E8;
697F : E8;
6980 : 83;
6981 : 83;
6982 : A3;
6983 : 93;
6984 : B7;
6985 : B7;
6986 : B7;
6987 : B7;
6988 : 83;
6989 : 83;
698A : A3;
698B : B3;
698C : B7;
698D : B7;
698E : B7;
698F : B7;
6990 : 83;
6991 : 83;
6992 : A3;
6993 : B3;
6994 : B7;
6995 : B7;
6996 : B7;
6997 : B7;
6998 : 83;
6999 : 83;
699A : A3;
699B : B3;
699C : B7;
699D : B7;
699E : B7;
699F : B7;
69A0 : 83;
69A1 : 83;
69A2 : A3;
69A3 : B3;
69A4 : B7;
69A5 : B7;
69A6 : B7;
69A7 : B7;
69A8 : 83;
69A9 : 83;
69AA : A3;
69AB : 92;
69AC : BA;
69AD : B6;
69AE : B6;
69AF : B6;
69B0 : C5;
69B1 : C5;
69B2 : C5;
69B3 : AB;
69B4 : AB;
69B5 : AB;
69B6 : AB;
69B7 : AB;
69B8 : E8;
69B9 : E8;
69BA : E8;
69BB : A3;
69BC : 83;
69BD : 83;
69BE : 83;
69BF : 83;
69C0 : B7;
69C1 : B7;
69C2 : B7;
69C3 : B7;
69C4 : B7;
69C5 : B7;
69C6 : B7;
69C7 : B6;
69C8 : B7;
69C9 : B7;
69CA : B7;
69CB : B7;
69CC : B7;
69CD : B7;
69CE : B7;
69CF : B6;
69D0 : B7;
69D1 : B7;
69D2 : B7;
69D3 : B7;
69D4 : B7;
69D5 : B7;
69D6 : B7;
69D7 : B6;
69D8 : B7;
69D9 : B7;
69DA : B7;
69DB : B7;
69DC : B7;
69DD : B7;
69DE : B7;
69DF : B6;
69E0 : B7;
69E1 : B7;
69E2 : B7;
69E3 : B7;
69E4 : B7;
69E5 : B7;
69E6 : B7;
69E7 : B6;
69E8 : B6;
69E9 : B6;
69EA : B6;
69EB : B6;
69EC : B6;
69ED : B6;
69EE : B6;
69EF : B6;
69F0 : AB;
69F1 : AB;
69F2 : AB;
69F3 : AB;
69F4 : AB;
69F5 : AB;
69F6 : AB;
69F7 : 8F;
69F8 : 83;
69F9 : 83;
69FA : 83;
69FB : 83;
69FC : 83;
69FD : 83;
69FE : 83;
69FF : 87;
6A00 : B5;
6A01 : B4;
6A02 : B4;
6A03 : B4;
6A04 : B4;
6A05 : B4;
6A06 : B4;
6A07 : B4;
6A08 : B5;
6A09 : B4;
6A0A : B4;
6A0B : B4;
6A0C : B4;
6A0D : B4;
6A0E : B4;
6A0F : B4;
6A10 : B5;
6A11 : B4;
6A12 : B4;
6A13 : B4;
6A14 : B4;
6A15 : B4;
6A16 : B4;
6A17 : B4;
6A18 : B5;
6A19 : B4;
6A1A : B4;
6A1B : B4;
6A1C : B4;
6A1D : B4;
6A1E : B4;
6A1F : B4;
6A20 : B5;
6A21 : B4;
6A22 : B4;
6A23 : B4;
6A24 : B4;
6A25 : B4;
6A26 : B4;
6A27 : B4;
6A28 : B5;
6A29 : B4;
6A2A : B4;
6A2B : B4;
6A2C : B4;
6A2D : B4;
6A2E : B4;
6A2F : B4;
6A30 : 95;
6A31 : 98;
6A32 : 98;
6A33 : 98;
6A34 : 98;
6A35 : 98;
6A36 : 98;
6A37 : 98;
6A38 : 99;
6A39 : 7C;
6A3A : 9C;
6A3B : 9C;
6A3C : 9C;
6A3D : 9C;
6A3E : 9C;
6A3F : 9C;
6A40 : B4;
6A41 : B4;
6A42 : B4;
6A43 : B4;
6A44 : B0;
6A45 : E8;
6A46 : E8;
6A47 : E8;
6A48 : B4;
6A49 : B4;
6A4A : B4;
6A4B : B4;
6A4C : B0;
6A4D : E8;
6A4E : E8;
6A4F : E8;
6A50 : B4;
6A51 : B4;
6A52 : B4;
6A53 : B4;
6A54 : B0;
6A55 : E8;
6A56 : E8;
6A57 : E8;
6A58 : B4;
6A59 : B4;
6A5A : B4;
6A5B : B4;
6A5C : B0;
6A5D : E8;
6A5E : E8;
6A5F : E8;
6A60 : B4;
6A61 : B4;
6A62 : B4;
6A63 : B4;
6A64 : B0;
6A65 : E8;
6A66 : E8;
6A67 : E8;
6A68 : B4;
6A69 : B4;
6A6A : B0;
6A6B : B4;
6A6C : D0;
6A6D : E8;
6A6E : E8;
6A6F : E8;
6A70 : 98;
6A71 : 98;
6A72 : 98;
6A73 : 98;
6A74 : 94;
6A75 : D0;
6A76 : D0;
6A77 : D0;
6A78 : 9C;
6A79 : 9C;
6A7A : 9C;
6A7B : 7C;
6A7C : 98;
6A7D : B4;
6A7E : B4;
6A7F : B4;
6A80 : E8;
6A81 : E8;
6A82 : E8;
6A83 : E8;
6A84 : E8;
6A85 : E8;
6A86 : E8;
6A87 : E8;
6A88 : E8;
6A89 : E8;
6A8A : E8;
6A8B : E8;
6A8C : E8;
6A8D : E8;
6A8E : E8;
6A8F : E8;
6A90 : E8;
6A91 : E8;
6A92 : E8;
6A93 : E8;
6A94 : E8;
6A95 : E8;
6A96 : E8;
6A97 : E8;
6A98 : E8;
6A99 : E8;
6A9A : E8;
6A9B : E8;
6A9C : E8;
6A9D : E8;
6A9E : E8;
6A9F : E8;
6AA0 : E8;
6AA1 : E8;
6AA2 : E8;
6AA3 : E8;
6AA4 : E8;
6AA5 : E8;
6AA6 : E8;
6AA7 : E8;
6AA8 : E8;
6AA9 : E8;
6AAA : E8;
6AAB : E8;
6AAC : E8;
6AAD : E8;
6AAE : E8;
6AAF : E8;
6AB0 : D0;
6AB1 : D0;
6AB2 : D0;
6AB3 : D0;
6AB4 : D0;
6AB5 : B0;
6AB6 : D0;
6AB7 : D0;
6AB8 : B4;
6AB9 : B4;
6ABA : B4;
6ABB : B4;
6ABC : B4;
6ABD : B4;
6ABE : B4;
6ABF : B4;
6AC0 : E8;
6AC1 : E4;
6AC2 : E1;
6AC3 : E1;
6AC4 : E1;
6AC5 : E1;
6AC6 : E1;
6AC7 : E1;
6AC8 : E8;
6AC9 : E4;
6ACA : E1;
6ACB : E1;
6ACC : E1;
6ACD : E1;
6ACE : E1;
6ACF : E1;
6AD0 : E8;
6AD1 : E4;
6AD2 : E1;
6AD3 : E1;
6AD4 : E1;
6AD5 : E1;
6AD6 : E1;
6AD7 : E1;
6AD8 : E8;
6AD9 : E4;
6ADA : E1;
6ADB : E1;
6ADC : E1;
6ADD : E1;
6ADE : E1;
6ADF : E1;
6AE0 : E8;
6AE1 : E4;
6AE2 : E1;
6AE3 : E1;
6AE4 : E1;
6AE5 : E1;
6AE6 : E1;
6AE7 : E1;
6AE8 : E8;
6AE9 : E4;
6AEA : E1;
6AEB : E1;
6AEC : E1;
6AED : E1;
6AEE : E1;
6AEF : E1;
6AF0 : D0;
6AF1 : CC;
6AF2 : E4;
6AF3 : E4;
6AF4 : E4;
6AF5 : E4;
6AF6 : E4;
6AF7 : E4;
6AF8 : B4;
6AF9 : D0;
6AFA : E8;
6AFB : E8;
6AFC : E8;
6AFD : E8;
6AFE : E8;
6AFF : E8;
6B00 : E1;
6B01 : E1;
6B02 : E1;
6B03 : E1;
6B04 : E1;
6B05 : E1;
6B06 : 66;
6B07 : 4A;
6B08 : E1;
6B09 : E1;
6B0A : E1;
6B0B : E1;
6B0C : E1;
6B0D : E1;
6B0E : 66;
6B0F : 4A;
6B10 : E1;
6B11 : E1;
6B12 : E1;
6B13 : E1;
6B14 : E1;
6B15 : E1;
6B16 : 66;
6B17 : 4A;
6B18 : E1;
6B19 : E1;
6B1A : E1;
6B1B : E1;
6B1C : E1;
6B1D : E1;
6B1E : 66;
6B1F : 4A;
6B20 : E1;
6B21 : E1;
6B22 : E1;
6B23 : E1;
6B24 : E1;
6B25 : E1;
6B26 : 66;
6B27 : 4A;
6B28 : E1;
6B29 : E1;
6B2A : E1;
6B2B : E1;
6B2C : E1;
6B2D : E1;
6B2E : 66;
6B2F : 2A;
6B30 : E4;
6B31 : E4;
6B32 : E4;
6B33 : E4;
6B34 : E4;
6B35 : E4;
6B36 : C5;
6B37 : A5;
6B38 : E8;
6B39 : E8;
6B3A : E8;
6B3B : E8;
6B3C : E8;
6B3D : E8;
6B3E : E1;
6B3F : E1;
6B40 : 4A;
6B41 : 4A;
6B42 : 4A;
6B43 : 4A;
6B44 : 4A;
6B45 : 4A;
6B46 : 4A;
6B47 : 4A;
6B48 : 4A;
6B49 : 4A;
6B4A : 4A;
6B4B : 4A;
6B4C : 4A;
6B4D : 4A;
6B4E : 4A;
6B4F : 4A;
6B50 : 4A;
6B51 : 4A;
6B52 : 4A;
6B53 : 4A;
6B54 : 4A;
6B55 : 4A;
6B56 : 4A;
6B57 : 4A;
6B58 : 4A;
6B59 : 4A;
6B5A : 4A;
6B5B : 4A;
6B5C : 4A;
6B5D : 4A;
6B5E : 4A;
6B5F : 4A;
6B60 : 4A;
6B61 : 4A;
6B62 : 4A;
6B63 : 4A;
6B64 : 4A;
6B65 : 4A;
6B66 : 4A;
6B67 : 4A;
6B68 : 2A;
6B69 : 2A;
6B6A : 2A;
6B6B : 2A;
6B6C : 2A;
6B6D : 2A;
6B6E : 2A;
6B6F : 2A;
6B70 : A5;
6B71 : A5;
6B72 : A5;
6B73 : A5;
6B74 : A5;
6B75 : A5;
6B76 : A5;
6B77 : A5;
6B78 : E1;
6B79 : E1;
6B7A : E1;
6B7B : E1;
6B7C : E1;
6B7D : E1;
6B7E : E1;
6B7F : E1;
6B80 : 4A;
6B81 : 4A;
6B82 : 4A;
6B83 : C9;
6B84 : E8;
6B85 : E8;
6B86 : E8;
6B87 : E8;
6B88 : 4A;
6B89 : 4A;
6B8A : 4A;
6B8B : C9;
6B8C : E8;
6B8D : E8;
6B8E : E8;
6B8F : E8;
6B90 : 4A;
6B91 : 4A;
6B92 : 4A;
6B93 : C9;
6B94 : E8;
6B95 : E8;
6B96 : E8;
6B97 : E8;
6B98 : 4A;
6B99 : 4A;
6B9A : 4A;
6B9B : C9;
6B9C : E8;
6B9D : E8;
6B9E : E8;
6B9F : E8;
6BA0 : 4A;
6BA1 : 4A;
6BA2 : 4A;
6BA3 : C9;
6BA4 : E8;
6BA5 : E8;
6BA6 : E8;
6BA7 : E8;
6BA8 : 2A;
6BA9 : 2A;
6BAA : 4A;
6BAB : C9;
6BAC : E8;
6BAD : E8;
6BAE : E8;
6BAF : E8;
6BB0 : A5;
6BB1 : A5;
6BB2 : A5;
6BB3 : 85;
6BB4 : 69;
6BB5 : 89;
6BB6 : 89;
6BB7 : 89;
6BB8 : E1;
6BB9 : E1;
6BBA : E1;
6BBB : 66;
6BBC : 2A;
6BBD : 4A;
6BBE : 4A;
6BBF : 4A;
6BC0 : E8;
6BC1 : E8;
6BC2 : E8;
6BC3 : E8;
6BC4 : E8;
6BC5 : E8;
6BC6 : E8;
6BC7 : E8;
6BC8 : E8;
6BC9 : E8;
6BCA : E8;
6BCB : E8;
6BCC : E8;
6BCD : E8;
6BCE : E8;
6BCF : E8;
6BD0 : E8;
6BD1 : E8;
6BD2 : E8;
6BD3 : E8;
6BD4 : E8;
6BD5 : E8;
6BD6 : E8;
6BD7 : E8;
6BD8 : E8;
6BD9 : E8;
6BDA : E8;
6BDB : E8;
6BDC : E8;
6BDD : E8;
6BDE : E8;
6BDF : E8;
6BE0 : E8;
6BE1 : E8;
6BE2 : E8;
6BE3 : E8;
6BE4 : E8;
6BE5 : E8;
6BE6 : E8;
6BE7 : E8;
6BE8 : E8;
6BE9 : E8;
6BEA : E8;
6BEB : E8;
6BEC : E8;
6BED : E8;
6BEE : E8;
6BEF : E8;
6BF0 : 89;
6BF1 : 89;
6BF2 : 89;
6BF3 : 89;
6BF4 : 89;
6BF5 : 89;
6BF6 : 89;
6BF7 : 89;
6BF8 : 4A;
6BF9 : 4A;
6BFA : 4A;
6BFB : 4A;
6BFC : 4A;
6BFD : 4A;
6BFE : 2A;
6BFF : 4A;
6C00 : AC;
6C01 : AC;
6C02 : AC;
6C03 : AC;
6C04 : AC;
6C05 : AC;
6C06 : AC;
6C07 : AC;
6C08 : AC;
6C09 : AC;
6C0A : AC;
6C0B : AC;
6C0C : AC;
6C0D : AC;
6C0E : AC;
6C0F : AC;
6C10 : AC;
6C11 : AC;
6C12 : AC;
6C13 : AC;
6C14 : AC;
6C15 : AC;
6C16 : AC;
6C17 : AC;
6C18 : AC;
6C19 : AC;
6C1A : AC;
6C1B : AC;
6C1C : AC;
6C1D : AC;
6C1E : AC;
6C1F : AC;
6C20 : AC;
6C21 : AC;
6C22 : AC;
6C23 : AC;
6C24 : AC;
6C25 : AC;
6C26 : AC;
6C27 : AC;
6C28 : AC;
6C29 : AC;
6C2A : AC;
6C2B : AC;
6C2C : AC;
6C2D : AC;
6C2E : AC;
6C2F : AC;
6C30 : D4;
6C31 : D4;
6C32 : D4;
6C33 : D4;
6C34 : D4;
6C35 : D4;
6C36 : D4;
6C37 : D4;
6C38 : D8;
6C39 : F8;
6C3A : F8;
6C3B : F8;
6C3C : F8;
6C3D : F8;
6C3E : F8;
6C3F : F8;
6C40 : AC;
6C41 : AC;
6C42 : AC;
6C43 : AC;
6C44 : AC;
6C45 : E2;
6C46 : E1;
6C47 : E1;
6C48 : AC;
6C49 : AC;
6C4A : AC;
6C4B : AC;
6C4C : AC;
6C4D : E1;
6C4E : E1;
6C4F : E1;
6C50 : AC;
6C51 : AC;
6C52 : AC;
6C53 : AC;
6C54 : AD;
6C55 : E1;
6C56 : E1;
6C57 : E1;
6C58 : AC;
6C59 : AC;
6C5A : AC;
6C5B : AC;
6C5C : AD;
6C5D : E2;
6C5E : E1;
6C5F : E1;
6C60 : AC;
6C61 : AC;
6C62 : AC;
6C63 : AC;
6C64 : AD;
6C65 : E2;
6C66 : E1;
6C67 : E1;
6C68 : AC;
6C69 : AC;
6C6A : AC;
6C6B : AC;
6C6C : A8;
6C6D : E2;
6C6E : E2;
6C6F : E2;
6C70 : D4;
6C71 : D4;
6C72 : D4;
6C73 : D4;
6C74 : D0;
6C75 : A9;
6C76 : A9;
6C77 : A9;
6C78 : F8;
6C79 : F8;
6C7A : F8;
6C7B : F8;
6C7C : D4;
6C7D : AC;
6C7E : AC;
6C7F : AC;
6C80 : E1;
6C81 : E1;
6C82 : E1;
6C83 : E1;
6C84 : E1;
6C85 : E1;
6C86 : E1;
6C87 : E1;
6C88 : E1;
6C89 : E1;
6C8A : E1;
6C8B : E1;
6C8C : E1;
6C8D : E1;
6C8E : E1;
6C8F : E1;
6C90 : E1;
6C91 : E1;
6C92 : E1;
6C93 : E1;
6C94 : E1;
6C95 : E1;
6C96 : E1;
6C97 : E1;
6C98 : E1;
6C99 : E1;
6C9A : E1;
6C9B : E1;
6C9C : E1;
6C9D : E1;
6C9E : E1;
6C9F : E1;
6CA0 : E1;
6CA1 : E1;
6CA2 : E1;
6CA3 : E1;
6CA4 : E1;
6CA5 : E1;
6CA6 : E1;
6CA7 : E1;
6CA8 : E2;
6CA9 : E2;
6CAA : E2;
6CAB : E2;
6CAC : E2;
6CAD : E2;
6CAE : E2;
6CAF : E2;
6CB0 : A9;
6CB1 : A9;
6CB2 : A9;
6CB3 : A9;
6CB4 : A9;
6CB5 : A9;
6CB6 : A9;
6CB7 : A9;
6CB8 : AC;
6CB9 : AC;
6CBA : AC;
6CBB : AC;
6CBC : AC;
6CBD : AC;
6CBE : AC;
6CBF : AC;
6CC0 : E1;
6CC1 : A3;
6CC2 : 63;
6CC3 : 63;
6CC4 : 63;
6CC5 : 63;
6CC6 : 63;
6CC7 : 63;
6CC8 : E1;
6CC9 : A3;
6CCA : 63;
6CCB : 63;
6CCC : 63;
6CCD : 63;
6CCE : 63;
6CCF : 63;
6CD0 : E1;
6CD1 : A3;
6CD2 : 63;
6CD3 : 63;
6CD4 : 63;
6CD5 : 63;
6CD6 : 63;
6CD7 : 63;
6CD8 : E1;
6CD9 : A3;
6CDA : 63;
6CDB : 63;
6CDC : 63;
6CDD : 63;
6CDE : 63;
6CDF : 63;
6CE0 : E1;
6CE1 : A3;
6CE2 : 63;
6CE3 : 63;
6CE4 : 63;
6CE5 : 63;
6CE6 : 63;
6CE7 : 63;
6CE8 : E1;
6CE9 : A3;
6CEA : 63;
6CEB : 63;
6CEC : 63;
6CED : 63;
6CEE : 63;
6CEF : 63;
6CF0 : A8;
6CF1 : C5;
6CF2 : C2;
6CF3 : C2;
6CF4 : C2;
6CF5 : C2;
6CF6 : C2;
6CF7 : C2;
6CF8 : 90;
6CF9 : C9;
6CFA : E1;
6CFB : E1;
6CFC : E1;
6CFD : E1;
6CFE : E1;
6CFF : E1;
6D00 : 63;
6D01 : 63;
6D02 : 63;
6D03 : 63;
6D04 : 63;
6D05 : 63;
6D06 : 53;
6D07 : 1F;
6D08 : 63;
6D09 : 63;
6D0A : 63;
6D0B : 63;
6D0C : 63;
6D0D : 63;
6D0E : 53;
6D0F : 1F;
6D10 : 63;
6D11 : 63;
6D12 : 63;
6D13 : 63;
6D14 : 63;
6D15 : 63;
6D16 : 53;
6D17 : 1F;
6D18 : 63;
6D19 : 63;
6D1A : 63;
6D1B : 63;
6D1C : 63;
6D1D : 63;
6D1E : 53;
6D1F : 1F;
6D20 : 63;
6D21 : 63;
6D22 : 63;
6D23 : 63;
6D24 : 63;
6D25 : 63;
6D26 : 53;
6D27 : 1F;
6D28 : 63;
6D29 : 63;
6D2A : 63;
6D2B : 63;
6D2C : 63;
6D2D : 63;
6D2E : 53;
6D2F : 1F;
6D30 : C2;
6D31 : C2;
6D32 : C2;
6D33 : C2;
6D34 : C2;
6D35 : C2;
6D36 : AB;
6D37 : 4F;
6D38 : E1;
6D39 : E1;
6D3A : E1;
6D3B : E1;
6D3C : E1;
6D3D : E1;
6D3E : A2;
6D3F : 63;
6D40 : 1F;
6D41 : 1F;
6D42 : 1F;
6D43 : 1F;
6D44 : 1F;
6D45 : 1F;
6D46 : 1F;
6D47 : 1F;
6D48 : 1F;
6D49 : 1F;
6D4A : 1F;
6D4B : 1F;
6D4C : 1F;
6D4D : 1F;
6D4E : 1F;
6D4F : 1F;
6D50 : 1F;
6D51 : 1F;
6D52 : 1F;
6D53 : 1F;
6D54 : 1F;
6D55 : 1F;
6D56 : 1F;
6D57 : 1F;
6D58 : 1F;
6D59 : 1F;
6D5A : 1F;
6D5B : 1F;
6D5C : 1F;
6D5D : 1F;
6D5E : 1F;
6D5F : 1F;
6D60 : 1F;
6D61 : 1F;
6D62 : 1F;
6D63 : 1F;
6D64 : 1F;
6D65 : 1F;
6D66 : 1F;
6D67 : 1F;
6D68 : 1F;
6D69 : 1F;
6D6A : 1F;
6D6B : 1F;
6D6C : 1F;
6D6D : 1F;
6D6E : 1F;
6D6F : 1F;
6D70 : 6F;
6D71 : 6F;
6D72 : 6F;
6D73 : 4F;
6D74 : 4F;
6D75 : 4F;
6D76 : 4F;
6D77 : 4F;
6D78 : 63;
6D79 : 83;
6D7A : 63;
6D7B : 63;
6D7C : 63;
6D7D : 63;
6D7E : 63;
6D7F : 63;
6D80 : 1F;
6D81 : 1F;
6D82 : 1F;
6D83 : D9;
6D84 : F8;
6D85 : F8;
6D86 : F8;
6D87 : F8;
6D88 : 1F;
6D89 : 1F;
6D8A : 1F;
6D8B : D9;
6D8C : F8;
6D8D : F8;
6D8E : F8;
6D8F : F8;
6D90 : 1F;
6D91 : 1F;
6D92 : 1F;
6D93 : D9;
6D94 : F8;
6D95 : F8;
6D96 : F8;
6D97 : F8;
6D98 : 1F;
6D99 : 1F;
6D9A : 1F;
6D9B : D9;
6D9C : F8;
6D9D : F8;
6D9E : F8;
6D9F : F8;
6DA0 : 1F;
6DA1 : 1F;
6DA2 : 1F;
6DA3 : D9;
6DA4 : F8;
6DA5 : F8;
6DA6 : F8;
6DA7 : F8;
6DA8 : 1F;
6DA9 : 1F;
6DAA : 1F;
6DAB : F8;
6DAC : F8;
6DAD : F8;
6DAE : F8;
6DAF : F8;
6DB0 : 4F;
6DB1 : 6F;
6DB2 : 6F;
6DB3 : 7A;
6DB4 : 7E;
6DB5 : 7E;
6DB6 : 7E;
6DB7 : 7E;
6DB8 : 63;
6DB9 : 63;
6DBA : 83;
6DBB : 1B;
6DBC : 1F;
6DBD : 1F;
6DBE : 1F;
6DBF : 1F;
6DC0 : F8;
6DC1 : F8;
6DC2 : F8;
6DC3 : F8;
6DC4 : F8;
6DC5 : F8;
6DC6 : F8;
6DC7 : F8;
6DC8 : F8;
6DC9 : F8;
6DCA : F8;
6DCB : F8;
6DCC : F8;
6DCD : F8;
6DCE : F8;
6DCF : F8;
6DD0 : F8;
6DD1 : F8;
6DD2 : F8;
6DD3 : F8;
6DD4 : F8;
6DD5 : F8;
6DD6 : F8;
6DD7 : F8;
6DD8 : F8;
6DD9 : F8;
6DDA : F8;
6DDB : F8;
6DDC : F8;
6DDD : F8;
6DDE : F8;
6DDF : F8;
6DE0 : F8;
6DE1 : F8;
6DE2 : F8;
6DE3 : F8;
6DE4 : F8;
6DE5 : F8;
6DE6 : F8;
6DE7 : F8;
6DE8 : F8;
6DE9 : F8;
6DEA : F8;
6DEB : F8;
6DEC : F8;
6DED : F8;
6DEE : F8;
6DEF : F8;
6DF0 : 7E;
6DF1 : 7E;
6DF2 : 7E;
6DF3 : 7E;
6DF4 : 7E;
6DF5 : 7E;
6DF6 : 7E;
6DF7 : 7A;
6DF8 : 1F;
6DF9 : 1F;
6DFA : 1F;
6DFB : 1F;
6DFC : 1F;
6DFD : 1F;
6DFE : 1F;
6DFF : 3B;
6E00 : A5;
6E01 : A5;
6E02 : A5;
6E03 : A5;
6E04 : A5;
6E05 : A5;
6E06 : A5;
6E07 : A5;
6E08 : A5;
6E09 : A5;
6E0A : A5;
6E0B : A5;
6E0C : A5;
6E0D : A5;
6E0E : A5;
6E0F : A5;
6E10 : A5;
6E11 : A5;
6E12 : A5;
6E13 : A5;
6E14 : A5;
6E15 : A5;
6E16 : A5;
6E17 : A5;
6E18 : A5;
6E19 : A5;
6E1A : A5;
6E1B : A5;
6E1C : A5;
6E1D : A5;
6E1E : A5;
6E1F : A5;
6E20 : A5;
6E21 : A5;
6E22 : A5;
6E23 : A5;
6E24 : A5;
6E25 : A5;
6E26 : A5;
6E27 : A5;
6E28 : A5;
6E29 : A5;
6E2A : A5;
6E2B : A5;
6E2C : A5;
6E2D : A5;
6E2E : A5;
6E2F : A5;
6E30 : C9;
6E31 : C5;
6E32 : C9;
6E33 : C9;
6E34 : C9;
6E35 : C9;
6E36 : C9;
6E37 : C9;
6E38 : CC;
6E39 : E8;
6E3A : E8;
6E3B : E8;
6E3C : E8;
6E3D : E8;
6E3E : E8;
6E3F : E8;
6E40 : A5;
6E41 : A5;
6E42 : A5;
6E43 : A5;
6E44 : 8A;
6E45 : 92;
6E46 : 92;
6E47 : 92;
6E48 : A5;
6E49 : A5;
6E4A : A5;
6E4B : A5;
6E4C : 8A;
6E4D : 92;
6E4E : 92;
6E4F : 92;
6E50 : A5;
6E51 : A5;
6E52 : A5;
6E53 : A5;
6E54 : 8A;
6E55 : 92;
6E56 : 92;
6E57 : 92;
6E58 : A5;
6E59 : A5;
6E5A : A5;
6E5B : A5;
6E5C : 8A;
6E5D : 92;
6E5E : 92;
6E5F : 92;
6E60 : A5;
6E61 : A5;
6E62 : A5;
6E63 : A5;
6E64 : 89;
6E65 : 92;
6E66 : 92;
6E67 : 92;
6E68 : A5;
6E69 : A5;
6E6A : A5;
6E6B : A5;
6E6C : 8A;
6E6D : 92;
6E6E : 92;
6E6F : 92;
6E70 : C9;
6E71 : C9;
6E72 : C9;
6E73 : C9;
6E74 : C9;
6E75 : AA;
6E76 : AA;
6E77 : AA;
6E78 : E8;
6E79 : E8;
6E7A : E8;
6E7B : E8;
6E7C : C9;
6E7D : A5;
6E7E : A5;
6E7F : A5;
6E80 : 92;
6E81 : 92;
6E82 : 92;
6E83 : 92;
6E84 : 92;
6E85 : 92;
6E86 : 92;
6E87 : 92;
6E88 : 92;
6E89 : 92;
6E8A : 92;
6E8B : 92;
6E8C : 92;
6E8D : 92;
6E8E : 92;
6E8F : 92;
6E90 : 92;
6E91 : 92;
6E92 : 92;
6E93 : 92;
6E94 : 92;
6E95 : 92;
6E96 : 92;
6E97 : 92;
6E98 : 92;
6E99 : 92;
6E9A : 92;
6E9B : 92;
6E9C : 92;
6E9D : 92;
6E9E : 92;
6E9F : 92;
6EA0 : 92;
6EA1 : 92;
6EA2 : 92;
6EA3 : 92;
6EA4 : 92;
6EA5 : 92;
6EA6 : 92;
6EA7 : 92;
6EA8 : 92;
6EA9 : 92;
6EAA : 92;
6EAB : 92;
6EAC : 92;
6EAD : 92;
6EAE : 92;
6EAF : 92;
6EB0 : AA;
6EB1 : AA;
6EB2 : AA;
6EB3 : AA;
6EB4 : AA;
6EB5 : AA;
6EB6 : AA;
6EB7 : AA;
6EB8 : A5;
6EB9 : A5;
6EBA : A5;
6EBB : A5;
6EBC : A5;
6EBD : A5;
6EBE : A5;
6EBF : A5;
6EC0 : 92;
6EC1 : 77;
6EC2 : 1B;
6EC3 : 1B;
6EC4 : 1B;
6EC5 : 1B;
6EC6 : 1B;
6EC7 : 1B;
6EC8 : 92;
6EC9 : 77;
6ECA : 1B;
6ECB : 1B;
6ECC : 1B;
6ECD : 1B;
6ECE : 1B;
6ECF : 1B;
6ED0 : 92;
6ED1 : 77;
6ED2 : 1B;
6ED3 : 1B;
6ED4 : 1B;
6ED5 : 1B;
6ED6 : 1B;
6ED7 : 1B;
6ED8 : 92;
6ED9 : 77;
6EDA : 1B;
6EDB : 1B;
6EDC : 1B;
6EDD : 1B;
6EDE : 1B;
6EDF : 1B;
6EE0 : 92;
6EE1 : 77;
6EE2 : 1B;
6EE3 : 1B;
6EE4 : 1B;
6EE5 : 1B;
6EE6 : 1B;
6EE7 : 1B;
6EE8 : 92;
6EE9 : 77;
6EEA : 1B;
6EEB : 1B;
6EEC : 1B;
6EED : 1B;
6EEE : 1B;
6EEF : 1B;
6EF0 : AA;
6EF1 : 8E;
6EF2 : 57;
6EF3 : 77;
6EF4 : 77;
6EF5 : 77;
6EF6 : 77;
6EF7 : 77;
6EF8 : A5;
6EF9 : AA;
6EFA : 92;
6EFB : 92;
6EFC : 92;
6EFD : 92;
6EFE : 92;
6EFF : 92;
6F00 : 1B;
6F01 : 1B;
6F02 : 1B;
6F03 : 1B;
6F04 : 1B;
6F05 : 1B;
6F06 : 99;
6F07 : BC;
6F08 : 1B;
6F09 : 1B;
6F0A : 1B;
6F0B : 1B;
6F0C : 1B;
6F0D : 1B;
6F0E : 99;
6F0F : DC;
6F10 : 1B;
6F11 : 1B;
6F12 : 1B;
6F13 : 1B;
6F14 : 1B;
6F15 : 1B;
6F16 : 99;
6F17 : BC;
6F18 : 1B;
6F19 : 1B;
6F1A : 1B;
6F1B : 1B;
6F1C : 1B;
6F1D : 1B;
6F1E : 99;
6F1F : BC;
6F20 : 1B;
6F21 : 1B;
6F22 : 1B;
6F23 : 1B;
6F24 : 1B;
6F25 : 1B;
6F26 : 99;
6F27 : BC;
6F28 : 1B;
6F29 : 1B;
6F2A : 1B;
6F2B : 1B;
6F2C : 1B;
6F2D : 1B;
6F2E : 9D;
6F2F : DC;
6F30 : 77;
6F31 : 77;
6F32 : 77;
6F33 : 77;
6F34 : 77;
6F35 : 77;
6F36 : 7A;
6F37 : 5A;
6F38 : 92;
6F39 : 92;
6F3A : 92;
6F3B : 92;
6F3C : 92;
6F3D : 92;
6F3E : 57;
6F3F : 1B;
6F40 : BC;
6F41 : BC;
6F42 : BC;
6F43 : BC;
6F44 : BC;
6F45 : BC;
6F46 : BC;
6F47 : BC;
6F48 : BC;
6F49 : BC;
6F4A : BC;
6F4B : BC;
6F4C : BC;
6F4D : BC;
6F4E : BC;
6F4F : BC;
6F50 : BC;
6F51 : BC;
6F52 : BC;
6F53 : BC;
6F54 : BC;
6F55 : BC;
6F56 : BC;
6F57 : BC;
6F58 : BC;
6F59 : BC;
6F5A : BC;
6F5B : BC;
6F5C : BC;
6F5D : BC;
6F5E : BC;
6F5F : BC;
6F60 : BC;
6F61 : BC;
6F62 : BC;
6F63 : BC;
6F64 : BC;
6F65 : BC;
6F66 : BC;
6F67 : BC;
6F68 : DC;
6F69 : DC;
6F6A : DC;
6F6B : DC;
6F6C : DC;
6F6D : DC;
6F6E : DC;
6F6F : DC;
6F70 : 5A;
6F71 : 5A;
6F72 : 5A;
6F73 : 5A;
6F74 : 5A;
6F75 : 5A;
6F76 : 5A;
6F77 : 5A;
6F78 : 1B;
6F79 : 1B;
6F7A : 1B;
6F7B : 1B;
6F7C : 1B;
6F7D : 1B;
6F7E : 1B;
6F7F : 1B;
6F80 : BC;
6F81 : BC;
6F82 : BC;
6F83 : 5C;
6F84 : 3C;
6F85 : 3C;
6F86 : 3C;
6F87 : 3C;
6F88 : BC;
6F89 : BC;
6F8A : BC;
6F8B : 5C;
6F8C : 3C;
6F8D : 3C;
6F8E : 3C;
6F8F : 3C;
6F90 : BC;
6F91 : BC;
6F92 : BC;
6F93 : 5C;
6F94 : 1C;
6F95 : 3C;
6F96 : 3C;
6F97 : 3C;
6F98 : BC;
6F99 : BC;
6F9A : BC;
6F9B : 5C;
6F9C : 1C;
6F9D : 3C;
6F9E : 3C;
6F9F : 3C;
6FA0 : BC;
6FA1 : BC;
6FA2 : BC;
6FA3 : 5C;
6FA4 : 3C;
6FA5 : 3C;
6FA6 : 3C;
6FA7 : 3C;
6FA8 : DC;
6FA9 : DC;
6FAA : DC;
6FAB : 3C;
6FAC : 1C;
6FAD : 3C;
6FAE : 1C;
6FAF : 1C;
6FB0 : 5A;
6FB1 : 5A;
6FB2 : 5A;
6FB3 : 7C;
6FB4 : 9C;
6FB5 : 9C;
6FB6 : 9C;
6FB7 : 9C;
6FB8 : 1B;
6FB9 : 1B;
6FBA : 1B;
6FBB : 9D;
6FBC : DC;
6FBD : BC;
6FBE : BC;
6FBF : BC;
6FC0 : 3C;
6FC1 : 3C;
6FC2 : 3C;
6FC3 : 3C;
6FC4 : 3C;
6FC5 : 3C;
6FC6 : 3C;
6FC7 : 3C;
6FC8 : 3C;
6FC9 : 3C;
6FCA : 3C;
6FCB : 3C;
6FCC : 3C;
6FCD : 3C;
6FCE : 3C;
6FCF : 3C;
6FD0 : 3C;
6FD1 : 3C;
6FD2 : 3C;
6FD3 : 3C;
6FD4 : 3C;
6FD5 : 3C;
6FD6 : 3C;
6FD7 : 3C;
6FD8 : 3C;
6FD9 : 3C;
6FDA : 3C;
6FDB : 3C;
6FDC : 3C;
6FDD : 3C;
6FDE : 3C;
6FDF : 3C;
6FE0 : 3C;
6FE1 : 3C;
6FE2 : 3C;
6FE3 : 3C;
6FE4 : 3C;
6FE5 : 3C;
6FE6 : 3C;
6FE7 : 3C;
6FE8 : 1C;
6FE9 : 1C;
6FEA : 1C;
6FEB : 1C;
6FEC : 1C;
6FED : 1C;
6FEE : 1C;
6FEF : 3C;
6FF0 : 9C;
6FF1 : 9C;
6FF2 : 9C;
6FF3 : 9C;
6FF4 : 9C;
6FF5 : 9C;
6FF6 : 9C;
6FF7 : 7D;
6FF8 : BC;
6FF9 : BC;
6FFA : BC;
6FFB : BC;
6FFC : BC;
6FFD : BC;
6FFE : BC;
6FFF : BD;
7000 : 35;
7001 : 35;
7002 : 35;
7003 : 35;
7004 : 35;
7005 : 35;
7006 : 35;
7007 : 35;
7008 : 35;
7009 : 35;
700A : 35;
700B : 35;
700C : 35;
700D : 35;
700E : 35;
700F : 35;
7010 : 35;
7011 : 35;
7012 : 35;
7013 : 35;
7014 : 35;
7015 : 35;
7016 : 35;
7017 : 35;
7018 : 35;
7019 : 35;
701A : 35;
701B : 35;
701C : 35;
701D : 35;
701E : 35;
701F : 35;
7020 : 35;
7021 : 35;
7022 : 35;
7023 : 35;
7024 : 35;
7025 : 35;
7026 : 35;
7027 : 35;
7028 : 35;
7029 : 35;
702A : 35;
702B : 35;
702C : 35;
702D : 35;
702E : 35;
702F : 35;
7030 : 56;
7031 : 37;
7032 : 36;
7033 : 36;
7034 : 36;
7035 : 36;
7036 : 36;
7037 : 36;
7038 : 57;
7039 : 37;
703A : 37;
703B : 37;
703C : 37;
703D : 37;
703E : 37;
703F : 37;
7040 : 35;
7041 : 35;
7042 : 35;
7043 : 35;
7044 : 55;
7045 : FC;
7046 : FC;
7047 : FC;
7048 : 35;
7049 : 35;
704A : 35;
704B : 35;
704C : 55;
704D : FC;
704E : FC;
704F : FC;
7050 : 35;
7051 : 35;
7052 : 35;
7053 : 35;
7054 : 55;
7055 : FC;
7056 : FC;
7057 : FC;
7058 : 35;
7059 : 35;
705A : 35;
705B : 35;
705C : 55;
705D : FC;
705E : FC;
705F : FC;
7060 : 35;
7061 : 35;
7062 : 35;
7063 : 35;
7064 : 55;
7065 : FC;
7066 : FC;
7067 : FC;
7068 : 35;
7069 : 35;
706A : 35;
706B : 35;
706C : 55;
706D : FC;
706E : FC;
706F : FC;
7070 : 36;
7071 : 36;
7072 : 36;
7073 : 36;
7074 : 56;
7075 : 79;
7076 : 79;
7077 : 79;
7078 : 37;
7079 : 37;
707A : 37;
707B : 37;
707C : 37;
707D : 35;
707E : 35;
707F : 35;
7080 : FC;
7081 : FC;
7082 : FC;
7083 : FC;
7084 : FC;
7085 : FC;
7086 : FC;
7087 : FC;
7088 : FC;
7089 : FC;
708A : FC;
708B : FC;
708C : FC;
708D : FC;
708E : FC;
708F : FC;
7090 : FC;
7091 : FC;
7092 : FC;
7093 : FC;
7094 : FC;
7095 : FC;
7096 : FC;
7097 : FC;
7098 : FC;
7099 : FC;
709A : FC;
709B : FC;
709C : FC;
709D : FC;
709E : FC;
709F : FC;
70A0 : FC;
70A1 : FC;
70A2 : FC;
70A3 : FC;
70A4 : FC;
70A5 : FC;
70A6 : FC;
70A7 : FC;
70A8 : FC;
70A9 : FC;
70AA : FC;
70AB : FC;
70AC : FC;
70AD : FC;
70AE : FC;
70AF : FC;
70B0 : 79;
70B1 : 79;
70B2 : 79;
70B3 : 79;
70B4 : 79;
70B5 : 79;
70B6 : 79;
70B7 : 79;
70B8 : 35;
70B9 : 35;
70BA : 35;
70BB : 35;
70BC : 35;
70BD : 35;
70BE : 35;
70BF : 35;
70C0 : FC;
70C1 : F8;
70C2 : F0;
70C3 : F0;
70C4 : F0;
70C5 : F0;
70C6 : F0;
70C7 : F0;
70C8 : FC;
70C9 : F8;
70CA : F0;
70CB : F0;
70CC : F0;
70CD : F0;
70CE : F0;
70CF : F0;
70D0 : FC;
70D1 : F8;
70D2 : F0;
70D3 : F0;
70D4 : F0;
70D5 : F0;
70D6 : F0;
70D7 : F0;
70D8 : FC;
70D9 : F8;
70DA : F0;
70DB : F0;
70DC : F0;
70DD : F0;
70DE : F0;
70DF : F0;
70E0 : FC;
70E1 : F8;
70E2 : F0;
70E3 : F0;
70E4 : F0;
70E5 : F0;
70E6 : F0;
70E7 : F0;
70E8 : FC;
70E9 : F8;
70EA : F0;
70EB : F0;
70EC : F0;
70ED : F0;
70EE : F0;
70EF : F0;
70F0 : 79;
70F1 : B8;
70F2 : F8;
70F3 : F8;
70F4 : F8;
70F5 : F8;
70F6 : F8;
70F7 : F8;
70F8 : 15;
70F9 : B8;
70FA : FC;
70FB : FC;
70FC : FC;
70FD : FC;
70FE : FC;
70FF : FC;
7100 : F0;
7101 : F0;
7102 : F0;
7103 : F0;
7104 : F0;
7105 : F0;
7106 : E5;
7107 : E2;
7108 : F0;
7109 : F0;
710A : F0;
710B : F0;
710C : F0;
710D : F0;
710E : E5;
710F : E2;
7110 : F0;
7111 : F0;
7112 : F0;
7113 : F0;
7114 : F0;
7115 : F0;
7116 : E5;
7117 : E2;
7118 : F0;
7119 : F0;
711A : F0;
711B : F0;
711C : F0;
711D : F0;
711E : E5;
711F : E2;
7120 : F0;
7121 : F0;
7122 : F0;
7123 : F0;
7124 : F0;
7125 : F0;
7126 : E5;
7127 : E2;
7128 : F0;
7129 : F0;
712A : F0;
712B : F0;
712C : F0;
712D : F0;
712E : E5;
712F : E2;
7130 : F8;
7131 : F8;
7132 : F8;
7133 : F8;
7134 : F8;
7135 : F8;
7136 : F0;
7137 : E8;
7138 : FC;
7139 : FC;
713A : FC;
713B : FC;
713C : FC;
713D : FC;
713E : F4;
713F : F0;
7140 : E1;
7141 : E2;
7142 : E1;
7143 : E1;
7144 : E1;
7145 : E1;
7146 : E1;
7147 : E1;
7148 : E1;
7149 : E2;
714A : E1;
714B : E1;
714C : E1;
714D : E1;
714E : E1;
714F : E1;
7150 : E1;
7151 : E1;
7152 : E1;
7153 : E1;
7154 : E1;
7155 : E1;
7156 : E1;
7157 : E1;
7158 : E1;
7159 : E1;
715A : E1;
715B : E1;
715C : E1;
715D : E1;
715E : E1;
715F : E1;
7160 : E1;
7161 : E1;
7162 : E1;
7163 : E1;
7164 : E1;
7165 : E1;
7166 : E1;
7167 : E1;
7168 : E2;
7169 : E2;
716A : E2;
716B : E2;
716C : E2;
716D : E2;
716E : E2;
716F : E2;
7170 : E8;
7171 : E8;
7172 : E8;
7173 : E8;
7174 : E8;
7175 : E8;
7176 : E8;
7177 : E8;
7178 : F0;
7179 : F0;
717A : F0;
717B : F0;
717C : F0;
717D : F0;
717E : F0;
717F : F0;
7180 : E1;
7181 : E1;
7182 : C6;
7183 : 5A;
7184 : 1F;
7185 : 1F;
7186 : 1F;
7187 : 1F;
7188 : E1;
7189 : E1;
718A : C6;
718B : 5A;
718C : 1F;
718D : 1F;
718E : 1F;
718F : 1F;
7190 : E1;
7191 : E1;
7192 : C6;
7193 : 5A;
7194 : 1F;
7195 : 1F;
7196 : 1F;
7197 : 1F;
7198 : E1;
7199 : E1;
719A : C6;
719B : 5A;
719C : 1F;
719D : 1F;
719E : 1F;
719F : 1F;
71A0 : E1;
71A1 : E1;
71A2 : C6;
71A3 : 5A;
71A4 : 1F;
71A5 : 1F;
71A6 : 1F;
71A7 : 1F;
71A8 : E2;
71A9 : E2;
71AA : C6;
71AB : 5A;
71AC : 1F;
71AD : 1F;
71AE : 1F;
71AF : 1F;
71B0 : E8;
71B1 : EC;
71B2 : CD;
71B3 : AE;
71B4 : AE;
71B5 : AE;
71B6 : AE;
71B7 : AE;
71B8 : F0;
71B9 : F0;
71BA : F0;
71BB : E5;
71BC : E2;
71BD : E1;
71BE : E1;
71BF : E1;
71C0 : 1F;
71C1 : 1F;
71C2 : 1F;
71C3 : 1F;
71C4 : 1F;
71C5 : 1F;
71C6 : 1F;
71C7 : 1F;
71C8 : 1F;
71C9 : 1F;
71CA : 1F;
71CB : 1F;
71CC : 1F;
71CD : 1F;
71CE : 1F;
71CF : 1F;
71D0 : 1F;
71D1 : 1F;
71D2 : 1F;
71D3 : 1F;
71D4 : 1F;
71D5 : 1F;
71D6 : 1F;
71D7 : 1F;
71D8 : 1F;
71D9 : 1F;
71DA : 1F;
71DB : 1F;
71DC : 1F;
71DD : 1F;
71DE : 1F;
71DF : 1F;
71E0 : 1F;
71E1 : 1F;
71E2 : 1F;
71E3 : 1F;
71E4 : 1F;
71E5 : 1F;
71E6 : 1F;
71E7 : 1F;
71E8 : 1F;
71E9 : 1F;
71EA : 1F;
71EB : 1F;
71EC : 1F;
71ED : 1F;
71EE : 1F;
71EF : 1F;
71F0 : AE;
71F1 : AE;
71F2 : AE;
71F3 : AE;
71F4 : AE;
71F5 : AE;
71F6 : AE;
71F7 : AE;
71F8 : E1;
71F9 : E1;
71FA : E1;
71FB : E1;
71FC : E1;
71FD : E1;
71FE : E1;
71FF : E1;
7200 : 3E;
7201 : 3E;
7202 : 3E;
7203 : 3E;
7204 : 3E;
7205 : 3E;
7206 : 3E;
7207 : 3E;
7208 : 3E;
7209 : 3E;
720A : 3E;
720B : 3E;
720C : 3E;
720D : 3E;
720E : 3E;
720F : 3E;
7210 : 3E;
7211 : 3E;
7212 : 3E;
7213 : 3E;
7214 : 3E;
7215 : 3E;
7216 : 3E;
7217 : 3E;
7218 : 3E;
7219 : 3E;
721A : 3E;
721B : 3E;
721C : 3E;
721D : 3E;
721E : 3E;
721F : 3E;
7220 : 3E;
7221 : 3E;
7222 : 3E;
7223 : 3E;
7224 : 3E;
7225 : 3E;
7226 : 3E;
7227 : 3E;
7228 : 3E;
7229 : 3E;
722A : 3E;
722B : 3E;
722C : 3E;
722D : 3E;
722E : 3E;
722F : 3E;
7230 : 3E;
7231 : 3E;
7232 : 3E;
7233 : 3E;
7234 : 3E;
7235 : 3E;
7236 : 3E;
7237 : 3E;
7238 : 3A;
7239 : 3A;
723A : 3A;
723B : 3A;
723C : 3A;
723D : 3A;
723E : 3A;
723F : 3A;
7240 : 3E;
7241 : 3E;
7242 : 3E;
7243 : 3E;
7244 : 39;
7245 : 54;
7246 : 54;
7247 : 54;
7248 : 3E;
7249 : 3E;
724A : 3E;
724B : 3E;
724C : 59;
724D : 54;
724E : 54;
724F : 54;
7250 : 3E;
7251 : 3E;
7252 : 3E;
7253 : 3E;
7254 : 59;
7255 : 54;
7256 : 54;
7257 : 54;
7258 : 3E;
7259 : 3E;
725A : 3E;
725B : 3E;
725C : 59;
725D : 54;
725E : 54;
725F : 54;
7260 : 3E;
7261 : 3E;
7262 : 3E;
7263 : 3E;
7264 : 59;
7265 : 54;
7266 : 54;
7267 : 54;
7268 : 3E;
7269 : 3E;
726A : 3E;
726B : 3E;
726C : 59;
726D : 54;
726E : 54;
726F : 54;
7270 : 3E;
7271 : 3E;
7272 : 3E;
7273 : 3E;
7274 : 39;
7275 : 54;
7276 : 54;
7277 : 54;
7278 : 3A;
7279 : 3A;
727A : 3A;
727B : 3E;
727C : 5A;
727D : 55;
727E : 75;
727F : 55;
7280 : 54;
7281 : 54;
7282 : 54;
7283 : 54;
7284 : 54;
7285 : 54;
7286 : 54;
7287 : 54;
7288 : 54;
7289 : 54;
728A : 54;
728B : 54;
728C : 54;
728D : 54;
728E : 54;
728F : 54;
7290 : 54;
7291 : 54;
7292 : 54;
7293 : 54;
7294 : 54;
7295 : 54;
7296 : 54;
7297 : 54;
7298 : 54;
7299 : 54;
729A : 54;
729B : 54;
729C : 54;
729D : 54;
729E : 54;
729F : 54;
72A0 : 54;
72A1 : 54;
72A2 : 54;
72A3 : 54;
72A4 : 54;
72A5 : 54;
72A6 : 54;
72A7 : 54;
72A8 : 54;
72A9 : 54;
72AA : 54;
72AB : 54;
72AC : 54;
72AD : 54;
72AE : 54;
72AF : 54;
72B0 : 54;
72B1 : 54;
72B2 : 54;
72B3 : 54;
72B4 : 54;
72B5 : 54;
72B6 : 54;
72B7 : 54;
72B8 : 55;
72B9 : 55;
72BA : 55;
72BB : 55;
72BC : 55;
72BD : 55;
72BE : 55;
72BF : 55;
72C0 : 54;
72C1 : 94;
72C2 : F4;
72C3 : F4;
72C4 : F4;
72C5 : F4;
72C6 : F4;
72C7 : F4;
72C8 : 54;
72C9 : 94;
72CA : F4;
72CB : F4;
72CC : F4;
72CD : F4;
72CE : F4;
72CF : F4;
72D0 : 54;
72D1 : 94;
72D2 : F4;
72D3 : F4;
72D4 : F4;
72D5 : F4;
72D6 : F4;
72D7 : F4;
72D8 : 34;
72D9 : 94;
72DA : F4;
72DB : F4;
72DC : F4;
72DD : F4;
72DE : F4;
72DF : F4;
72E0 : 34;
72E1 : 94;
72E2 : F4;
72E3 : F4;
72E4 : F4;
72E5 : F4;
72E6 : F4;
72E7 : F4;
72E8 : 54;
72E9 : 94;
72EA : F4;
72EB : F4;
72EC : F4;
72ED : F4;
72EE : F4;
72EF : F4;
72F0 : 34;
72F1 : 94;
72F2 : F4;
72F3 : F4;
72F4 : F4;
72F5 : F4;
72F6 : F4;
72F7 : F4;
72F8 : 55;
72F9 : 94;
72FA : F4;
72FB : F4;
72FC : F4;
72FD : F4;
72FE : F4;
72FF : F4;
7300 : F4;
7301 : F4;
7302 : F4;
7303 : F4;
7304 : F4;
7305 : F4;
7306 : EC;
7307 : E4;
7308 : F4;
7309 : F4;
730A : F4;
730B : F4;
730C : F4;
730D : F4;
730E : EC;
730F : E4;
7310 : F4;
7311 : F4;
7312 : F4;
7313 : F4;
7314 : F4;
7315 : F4;
7316 : EC;
7317 : E4;
7318 : F4;
7319 : F4;
731A : F4;
731B : F4;
731C : F4;
731D : F4;
731E : EC;
731F : E4;
7320 : F4;
7321 : F4;
7322 : F4;
7323 : F4;
7324 : F4;
7325 : F4;
7326 : EC;
7327 : E4;
7328 : F4;
7329 : F4;
732A : F4;
732B : F4;
732C : F4;
732D : F4;
732E : EC;
732F : E4;
7330 : F4;
7331 : F4;
7332 : F4;
7333 : F4;
7334 : F4;
7335 : F4;
7336 : EC;
7337 : E4;
7338 : F4;
7339 : F4;
733A : F4;
733B : F4;
733C : F4;
733D : F4;
733E : EC;
733F : E8;
7340 : E8;
7341 : E8;
7342 : E8;
7343 : E8;
7344 : E8;
7345 : E8;
7346 : E8;
7347 : E8;
7348 : E8;
7349 : E8;
734A : E8;
734B : E8;
734C : E8;
734D : E8;
734E : E8;
734F : E8;
7350 : E8;
7351 : E8;
7352 : E8;
7353 : E8;
7354 : E8;
7355 : E8;
7356 : E8;
7357 : E8;
7358 : E8;
7359 : E8;
735A : E8;
735B : E8;
735C : E8;
735D : E8;
735E : E8;
735F : E8;
7360 : E8;
7361 : E8;
7362 : E8;
7363 : E8;
7364 : E8;
7365 : E8;
7366 : E8;
7367 : E8;
7368 : E8;
7369 : E8;
736A : E8;
736B : E8;
736C : E8;
736D : E8;
736E : E8;
736F : E8;
7370 : E8;
7371 : E8;
7372 : E8;
7373 : E8;
7374 : E8;
7375 : E8;
7376 : E8;
7377 : E8;
7378 : E8;
7379 : E8;
737A : E8;
737B : E8;
737C : E8;
737D : E8;
737E : E8;
737F : E8;
7380 : E8;
7381 : E8;
7382 : E8;
7383 : A3;
7384 : 83;
7385 : 83;
7386 : 83;
7387 : 83;
7388 : E8;
7389 : E8;
738A : E8;
738B : A3;
738C : 83;
738D : 83;
738E : 83;
738F : 83;
7390 : E8;
7391 : E8;
7392 : E8;
7393 : A3;
7394 : 83;
7395 : 83;
7396 : 83;
7397 : 83;
7398 : E8;
7399 : E8;
739A : E8;
739B : A3;
739C : 83;
739D : 83;
739E : 83;
739F : 83;
73A0 : E8;
73A1 : E8;
73A2 : E8;
73A3 : A3;
73A4 : 83;
73A5 : 83;
73A6 : 83;
73A7 : 83;
73A8 : E8;
73A9 : E8;
73AA : E8;
73AB : A3;
73AC : 83;
73AD : 83;
73AE : 83;
73AF : 83;
73B0 : E8;
73B1 : E8;
73B2 : E8;
73B3 : A3;
73B4 : 83;
73B5 : 83;
73B6 : 83;
73B7 : 83;
73B8 : E8;
73B9 : E8;
73BA : E8;
73BB : A6;
73BC : 87;
73BD : 87;
73BE : 87;
73BF : 87;
73C0 : 83;
73C1 : 83;
73C2 : 83;
73C3 : 83;
73C4 : 83;
73C5 : 83;
73C6 : A3;
73C7 : 87;
73C8 : 83;
73C9 : 83;
73CA : 83;
73CB : 83;
73CC : 83;
73CD : 83;
73CE : A3;
73CF : 87;
73D0 : 83;
73D1 : 83;
73D2 : 83;
73D3 : 83;
73D4 : 83;
73D5 : 83;
73D6 : A3;
73D7 : 87;
73D8 : 83;
73D9 : 83;
73DA : 83;
73DB : 83;
73DC : 83;
73DD : 83;
73DE : A3;
73DF : 87;
73E0 : 83;
73E1 : 83;
73E2 : 83;
73E3 : 83;
73E4 : 83;
73E5 : 83;
73E6 : A3;
73E7 : 87;
73E8 : 83;
73E9 : 83;
73EA : 83;
73EB : 83;
73EC : 83;
73ED : 83;
73EE : A3;
73EF : 87;
73F0 : 83;
73F1 : 83;
73F2 : 83;
73F3 : 83;
73F4 : 83;
73F5 : 83;
73F6 : A3;
73F7 : 87;
73F8 : 87;
73F9 : A7;
73FA : A7;
73FB : A7;
73FC : A7;
73FD : A7;
73FE : A7;
73FF : 8A;
7400 : 99;
7401 : 7C;
7402 : 9C;
7403 : 9C;
7404 : 9C;
7405 : 9C;
7406 : 9C;
7407 : 9C;
7408 : 99;
7409 : 7C;
740A : 9C;
740B : 9C;
740C : 9C;
740D : 9C;
740E : 9C;
740F : 9C;
7410 : 99;
7411 : 9C;
7412 : 9C;
7413 : 9C;
7414 : 9C;
7415 : 9C;
7416 : 9C;
7417 : 9C;
7418 : 99;
7419 : 9C;
741A : 9C;
741B : 9C;
741C : 9C;
741D : 9C;
741E : 9C;
741F : 9C;
7420 : 99;
7421 : 9C;
7422 : 9C;
7423 : 9C;
7424 : 9C;
7425 : 9C;
7426 : 9C;
7427 : 9C;
7428 : 99;
7429 : 9C;
742A : 9C;
742B : 9C;
742C : 9C;
742D : 9C;
742E : 9C;
742F : 9C;
7430 : 99;
7431 : 9C;
7432 : 9C;
7433 : 9C;
7434 : 9C;
7435 : 9C;
7436 : 9C;
7437 : 9C;
7438 : 99;
7439 : 7D;
743A : 79;
743B : 79;
743C : 79;
743D : 79;
743E : 79;
743F : 79;
7440 : 9C;
7441 : 9C;
7442 : 9C;
7443 : 9C;
7444 : 98;
7445 : B4;
7446 : B4;
7447 : B4;
7448 : 9C;
7449 : 9C;
744A : 98;
744B : 9C;
744C : 98;
744D : B4;
744E : B4;
744F : B4;
7450 : 9C;
7451 : 9C;
7452 : 9C;
7453 : 9C;
7454 : 98;
7455 : B4;
7456 : B4;
7457 : B4;
7458 : 9C;
7459 : 9C;
745A : 9C;
745B : 9C;
745C : 98;
745D : B4;
745E : B4;
745F : B4;
7460 : 9C;
7461 : 9C;
7462 : 9C;
7463 : 9C;
7464 : 98;
7465 : B4;
7466 : B4;
7467 : B4;
7468 : 9C;
7469 : 9C;
746A : 9C;
746B : 9C;
746C : 98;
746D : B4;
746E : B4;
746F : B4;
7470 : 9C;
7471 : 9C;
7472 : 9C;
7473 : 9C;
7474 : 98;
7475 : B4;
7476 : B4;
7477 : B4;
7478 : 79;
7479 : 79;
747A : 79;
747B : 79;
747C : 99;
747D : B4;
747E : B4;
747F : B4;
7480 : B4;
7481 : B4;
7482 : B4;
7483 : B4;
7484 : B4;
7485 : B4;
7486 : B4;
7487 : B4;
7488 : B4;
7489 : B4;
748A : B4;
748B : B4;
748C : B4;
748D : B4;
748E : B4;
748F : B4;
7490 : B4;
7491 : B4;
7492 : B4;
7493 : B4;
7494 : B4;
7495 : B4;
7496 : B4;
7497 : B4;
7498 : B4;
7499 : B4;
749A : B4;
749B : B4;
749C : B4;
749D : B4;
749E : B4;
749F : B4;
74A0 : B4;
74A1 : B4;
74A2 : B4;
74A3 : B4;
74A4 : B4;
74A5 : B4;
74A6 : B4;
74A7 : B4;
74A8 : B4;
74A9 : B4;
74AA : B4;
74AB : B4;
74AC : B4;
74AD : B4;
74AE : B4;
74AF : B4;
74B0 : B4;
74B1 : B4;
74B2 : B4;
74B3 : B4;
74B4 : B4;
74B5 : B4;
74B6 : B4;
74B7 : B4;
74B8 : B4;
74B9 : B4;
74BA : B4;
74BB : B4;
74BC : B4;
74BD : B4;
74BE : B4;
74BF : B4;
74C0 : B4;
74C1 : D0;
74C2 : E8;
74C3 : E8;
74C4 : E8;
74C5 : E8;
74C6 : E8;
74C7 : E8;
74C8 : B4;
74C9 : D0;
74CA : E8;
74CB : E8;
74CC : E8;
74CD : E8;
74CE : E8;
74CF : E8;
74D0 : B4;
74D1 : D0;
74D2 : E8;
74D3 : E8;
74D4 : E8;
74D5 : E8;
74D6 : E8;
74D7 : E8;
74D8 : B4;
74D9 : D0;
74DA : E8;
74DB : E8;
74DC : E8;
74DD : E8;
74DE : E8;
74DF : E8;
74E0 : B4;
74E1 : D0;
74E2 : E8;
74E3 : E8;
74E4 : E8;
74E5 : E8;
74E6 : E8;
74E7 : E8;
74E8 : B4;
74E9 : D0;
74EA : E8;
74EB : E8;
74EC : E8;
74ED : E8;
74EE : E8;
74EF : E8;
74F0 : B4;
74F1 : D0;
74F2 : E8;
74F3 : E8;
74F4 : E8;
74F5 : E8;
74F6 : E8;
74F7 : E8;
74F8 : B4;
74F9 : D0;
74FA : EC;
74FB : EC;
74FC : EC;
74FD : EC;
74FE : EC;
74FF : EC;
7500 : E8;
7501 : E8;
7502 : E8;
7503 : E8;
7504 : E8;
7505 : E8;
7506 : E5;
7507 : E1;
7508 : E8;
7509 : E8;
750A : E8;
750B : E8;
750C : E8;
750D : E8;
750E : E5;
750F : E1;
7510 : E8;
7511 : E8;
7512 : E8;
7513 : E8;
7514 : E8;
7515 : E8;
7516 : E5;
7517 : E1;
7518 : E8;
7519 : E8;
751A : E8;
751B : E8;
751C : E8;
751D : E8;
751E : E5;
751F : E1;
7520 : E8;
7521 : E8;
7522 : E8;
7523 : E8;
7524 : E8;
7525 : E8;
7526 : E5;
7527 : E1;
7528 : E8;
7529 : E8;
752A : E8;
752B : E8;
752C : E8;
752D : E8;
752E : E5;
752F : E1;
7530 : E8;
7531 : E8;
7532 : E8;
7533 : E8;
7534 : E8;
7535 : E8;
7536 : E1;
7537 : E1;
7538 : EC;
7539 : EC;
753A : EC;
753B : EC;
753C : EC;
753D : EC;
753E : E5;
753F : E1;
7540 : E1;
7541 : E1;
7542 : E1;
7543 : E1;
7544 : E1;
7545 : E1;
7546 : E1;
7547 : E1;
7548 : E1;
7549 : E1;
754A : E1;
754B : E1;
754C : E1;
754D : E1;
754E : E1;
754F : E1;
7550 : E1;
7551 : E1;
7552 : E1;
7553 : E1;
7554 : E1;
7555 : E1;
7556 : E1;
7557 : E1;
7558 : E1;
7559 : E1;
755A : E1;
755B : E1;
755C : E1;
755D : E1;
755E : E1;
755F : E1;
7560 : E1;
7561 : E1;
7562 : E1;
7563 : E1;
7564 : E1;
7565 : E1;
7566 : E1;
7567 : E1;
7568 : E1;
7569 : E1;
756A : E1;
756B : E1;
756C : E1;
756D : E1;
756E : E1;
756F : E1;
7570 : E1;
7571 : E1;
7572 : E1;
7573 : E1;
7574 : E1;
7575 : E1;
7576 : E1;
7577 : E1;
7578 : E1;
7579 : E1;
757A : E1;
757B : E1;
757C : E1;
757D : E1;
757E : E1;
757F : E1;
7580 : E1;
7581 : E1;
7582 : E1;
7583 : 66;
7584 : 2A;
7585 : 4A;
7586 : 4A;
7587 : 4A;
7588 : E1;
7589 : E1;
758A : E1;
758B : 66;
758C : 2A;
758D : 4A;
758E : 4A;
758F : 4A;
7590 : E1;
7591 : E1;
7592 : E1;
7593 : 86;
7594 : 2A;
7595 : 4A;
7596 : 4A;
7597 : 4A;
7598 : E1;
7599 : E1;
759A : E1;
759B : 86;
759C : 2A;
759D : 4A;
759E : 4A;
759F : 4A;
75A0 : E1;
75A1 : E1;
75A2 : E1;
75A3 : 86;
75A4 : 2A;
75A5 : 4A;
75A6 : 4A;
75A7 : 4A;
75A8 : E1;
75A9 : E1;
75AA : E1;
75AB : 86;
75AC : 2A;
75AD : 4A;
75AE : 4A;
75AF : 4A;
75B0 : E1;
75B1 : E1;
75B2 : E1;
75B3 : 66;
75B4 : 2A;
75B5 : 4A;
75B6 : 4A;
75B7 : 4A;
75B8 : E1;
75B9 : E1;
75BA : E5;
75BB : 66;
75BC : 2A;
75BD : 4A;
75BE : 4A;
75BF : 4A;
75C0 : 4A;
75C1 : 4A;
75C2 : 4A;
75C3 : 4A;
75C4 : 4A;
75C5 : 4A;
75C6 : 4A;
75C7 : 4A;
75C8 : 4A;
75C9 : 4A;
75CA : 4A;
75CB : 4A;
75CC : 4A;
75CD : 4A;
75CE : 4A;
75CF : 4A;
75D0 : 4A;
75D1 : 4A;
75D2 : 4A;
75D3 : 4A;
75D4 : 4A;
75D5 : 4A;
75D6 : 4A;
75D7 : 4A;
75D8 : 4A;
75D9 : 4A;
75DA : 4A;
75DB : 4A;
75DC : 4A;
75DD : 4A;
75DE : 4A;
75DF : 4A;
75E0 : 4A;
75E1 : 4A;
75E2 : 4A;
75E3 : 4A;
75E4 : 4A;
75E5 : 4A;
75E6 : 4A;
75E7 : 4A;
75E8 : 4A;
75E9 : 4A;
75EA : 4A;
75EB : 4A;
75EC : 4A;
75ED : 4A;
75EE : 4A;
75EF : 4A;
75F0 : 4A;
75F1 : 4A;
75F2 : 4A;
75F3 : 4A;
75F4 : 4A;
75F5 : 4A;
75F6 : 4A;
75F7 : 4A;
75F8 : 4A;
75F9 : 4A;
75FA : 4A;
75FB : 4A;
75FC : 4A;
75FD : 4A;
75FE : 4A;
75FF : 4A;
7600 : D4;
7601 : F8;
7602 : F8;
7603 : F8;
7604 : F8;
7605 : F8;
7606 : F8;
7607 : F8;
7608 : D4;
7609 : F8;
760A : F8;
760B : F8;
760C : F8;
760D : F8;
760E : F8;
760F : F8;
7610 : D4;
7611 : F8;
7612 : F8;
7613 : F8;
7614 : F8;
7615 : F8;
7616 : F8;
7617 : F8;
7618 : D4;
7619 : F8;
761A : F8;
761B : F8;
761C : F8;
761D : F8;
761E : F8;
761F : F8;
7620 : D4;
7621 : F8;
7622 : F8;
7623 : F8;
7624 : F8;
7625 : F8;
7626 : F8;
7627 : F8;
7628 : D4;
7629 : F8;
762A : F8;
762B : F8;
762C : F8;
762D : F8;
762E : F8;
762F : F8;
7630 : F4;
7631 : F9;
7632 : F8;
7633 : F8;
7634 : F8;
7635 : F8;
7636 : F8;
7637 : F8;
7638 : D8;
7639 : D8;
763A : D8;
763B : D8;
763C : D8;
763D : D8;
763E : D8;
763F : D8;
7640 : F8;
7641 : F8;
7642 : F8;
7643 : F8;
7644 : D4;
7645 : AC;
7646 : AC;
7647 : AC;
7648 : F8;
7649 : F8;
764A : D8;
764B : F8;
764C : D4;
764D : AC;
764E : AC;
764F : AC;
7650 : F8;
7651 : F8;
7652 : D8;
7653 : F8;
7654 : D4;
7655 : AC;
7656 : AC;
7657 : AC;
7658 : F8;
7659 : F8;
765A : F8;
765B : F8;
765C : D4;
765D : AC;
765E : AC;
765F : AC;
7660 : F8;
7661 : F8;
7662 : F8;
7663 : F8;
7664 : D4;
7665 : AC;
7666 : AC;
7667 : AC;
7668 : F8;
7669 : F8;
766A : D8;
766B : F8;
766C : D4;
766D : AC;
766E : AC;
766F : AC;
7670 : F8;
7671 : F8;
7672 : F8;
7673 : F8;
7674 : D4;
7675 : AC;
7676 : AC;
7677 : AC;
7678 : D8;
7679 : D8;
767A : D8;
767B : D8;
767C : D4;
767D : 90;
767E : 90;
767F : B0;
7680 : AC;
7681 : AC;
7682 : AC;
7683 : AC;
7684 : AC;
7685 : AC;
7686 : AC;
7687 : AC;
7688 : AC;
7689 : AC;
768A : AC;
768B : AC;
768C : AC;
768D : AC;
768E : AC;
768F : AC;
7690 : AC;
7691 : AC;
7692 : AC;
7693 : AC;
7694 : AC;
7695 : AC;
7696 : AC;
7697 : AC;
7698 : AC;
7699 : AC;
769A : AC;
769B : AC;
769C : AC;
769D : AC;
769E : AC;
769F : AC;
76A0 : AC;
76A1 : AC;
76A2 : AC;
76A3 : AC;
76A4 : AC;
76A5 : AC;
76A6 : AC;
76A7 : AC;
76A8 : AC;
76A9 : AC;
76AA : AC;
76AB : AC;
76AC : AC;
76AD : AC;
76AE : AC;
76AF : AC;
76B0 : AC;
76B1 : AC;
76B2 : AC;
76B3 : AC;
76B4 : AC;
76B5 : AC;
76B6 : AC;
76B7 : AC;
76B8 : B0;
76B9 : B0;
76BA : B0;
76BB : B0;
76BC : B0;
76BD : B0;
76BE : B0;
76BF : B0;
76C0 : 8C;
76C1 : C9;
76C2 : E1;
76C3 : E1;
76C4 : E1;
76C5 : E1;
76C6 : E1;
76C7 : E1;
76C8 : 8C;
76C9 : C9;
76CA : E1;
76CB : E1;
76CC : E1;
76CD : E1;
76CE : E1;
76CF : E1;
76D0 : AC;
76D1 : C9;
76D2 : E1;
76D3 : E1;
76D4 : E1;
76D5 : E1;
76D6 : E1;
76D7 : E1;
76D8 : AC;
76D9 : C9;
76DA : E1;
76DB : E1;
76DC : E1;
76DD : E1;
76DE : E1;
76DF : E1;
76E0 : AC;
76E1 : C9;
76E2 : E1;
76E3 : E1;
76E4 : E1;
76E5 : E1;
76E6 : E1;
76E7 : E1;
76E8 : 90;
76E9 : C9;
76EA : E1;
76EB : E1;
76EC : E1;
76ED : E1;
76EE : E1;
76EF : E1;
76F0 : 8C;
76F1 : C9;
76F2 : E1;
76F3 : E1;
76F4 : E1;
76F5 : E1;
76F6 : E1;
76F7 : E1;
76F8 : 90;
76F9 : C9;
76FA : E6;
76FB : E6;
76FC : E6;
76FD : E6;
76FE : E6;
76FF : E6;
7700 : E1;
7701 : E1;
7702 : E1;
7703 : E1;
7704 : E1;
7705 : E2;
7706 : A2;
7707 : 43;
7708 : E1;
7709 : E1;
770A : E1;
770B : E1;
770C : E1;
770D : E1;
770E : A2;
770F : 63;
7710 : E1;
7711 : E1;
7712 : E1;
7713 : E1;
7714 : E1;
7715 : E1;
7716 : A2;
7717 : 63;
7718 : E1;
7719 : E1;
771A : E1;
771B : E1;
771C : E1;
771D : E1;
771E : A2;
771F : 63;
7720 : E1;
7721 : E1;
7722 : E1;
7723 : E1;
7724 : E1;
7725 : E1;
7726 : A2;
7727 : 63;
7728 : E1;
7729 : E1;
772A : E1;
772B : E1;
772C : E1;
772D : E1;
772E : A2;
772F : 63;
7730 : E1;
7731 : E1;
7732 : E1;
7733 : E1;
7734 : E1;
7735 : E1;
7736 : A2;
7737 : 43;
7738 : E6;
7739 : E6;
773A : E6;
773B : E6;
773C : E6;
773D : E6;
773E : A2;
773F : 63;
7740 : 63;
7741 : 63;
7742 : 63;
7743 : 63;
7744 : 63;
7745 : 63;
7746 : 63;
7747 : 63;
7748 : 63;
7749 : 63;
774A : 63;
774B : 63;
774C : 63;
774D : 63;
774E : 63;
774F : 63;
7750 : 63;
7751 : 63;
7752 : 63;
7753 : 63;
7754 : 63;
7755 : 63;
7756 : 63;
7757 : 63;
7758 : 63;
7759 : 63;
775A : 63;
775B : 63;
775C : 63;
775D : 63;
775E : 63;
775F : 63;
7760 : 63;
7761 : 63;
7762 : 63;
7763 : 63;
7764 : 63;
7765 : 63;
7766 : 63;
7767 : 63;
7768 : 63;
7769 : 63;
776A : 63;
776B : 63;
776C : 63;
776D : 63;
776E : 63;
776F : 63;
7770 : 63;
7771 : 63;
7772 : 63;
7773 : 63;
7774 : 63;
7775 : 63;
7776 : 63;
7777 : 63;
7778 : 63;
7779 : 63;
777A : 63;
777B : 63;
777C : 63;
777D : 63;
777E : 63;
777F : 63;
7780 : 63;
7781 : 63;
7782 : 83;
7783 : 3B;
7784 : 1F;
7785 : 1F;
7786 : 1F;
7787 : 1F;
7788 : 63;
7789 : 63;
778A : 83;
778B : 3B;
778C : 1F;
778D : 1F;
778E : 1F;
778F : 1F;
7790 : 63;
7791 : 63;
7792 : 83;
7793 : 3B;
7794 : 1F;
7795 : 1F;
7796 : 1F;
7797 : 1F;
7798 : 63;
7799 : 63;
779A : 83;
779B : 3B;
779C : 1F;
779D : 1F;
779E : 1F;
779F : 1F;
77A0 : 63;
77A1 : 63;
77A2 : 83;
77A3 : 3B;
77A4 : 1F;
77A5 : 1F;
77A6 : 1F;
77A7 : 1F;
77A8 : 63;
77A9 : 63;
77AA : 63;
77AB : 1B;
77AC : 1F;
77AD : 1F;
77AE : 1F;
77AF : 1F;
77B0 : 63;
77B1 : 63;
77B2 : 63;
77B3 : 1B;
77B4 : 1F;
77B5 : 1F;
77B6 : 1F;
77B7 : 1F;
77B8 : 63;
77B9 : 63;
77BA : 63;
77BB : 57;
77BC : 3B;
77BD : 3B;
77BE : 3B;
77BF : 3B;
77C0 : 1F;
77C1 : 1F;
77C2 : 1F;
77C3 : 1F;
77C4 : 1F;
77C5 : 1F;
77C6 : 1F;
77C7 : 3B;
77C8 : 1F;
77C9 : 1F;
77CA : 1F;
77CB : 1F;
77CC : 1F;
77CD : 1F;
77CE : 1F;
77CF : 3B;
77D0 : 1F;
77D1 : 1F;
77D2 : 1F;
77D3 : 1F;
77D4 : 1F;
77D5 : 1F;
77D6 : 1F;
77D7 : 3B;
77D8 : 1F;
77D9 : 1F;
77DA : 1F;
77DB : 1F;
77DC : 1F;
77DD : 1F;
77DE : 1F;
77DF : 3B;
77E0 : 1F;
77E1 : 1F;
77E2 : 1F;
77E3 : 1F;
77E4 : 1F;
77E5 : 1F;
77E6 : 1F;
77E7 : 3B;
77E8 : 1F;
77E9 : 1F;
77EA : 1F;
77EB : 1F;
77EC : 1F;
77ED : 1F;
77EE : 1F;
77EF : 3B;
77F0 : 1F;
77F1 : 1F;
77F2 : 1F;
77F3 : 1F;
77F4 : 1F;
77F5 : 1F;
77F6 : 1F;
77F7 : 3B;
77F8 : 3B;
77F9 : 3B;
77FA : 3B;
77FB : 3B;
77FC : 3B;
77FD : 3B;
77FE : 3B;
77FF : 5B;
7800 : C8;
7801 : E8;
7802 : C8;
7803 : E8;
7804 : E8;
7805 : E8;
7806 : E8;
7807 : E8;
7808 : C8;
7809 : E8;
780A : C8;
780B : E8;
780C : E8;
780D : E8;
780E : E8;
780F : E8;
7810 : C8;
7811 : E8;
7812 : C8;
7813 : E8;
7814 : E8;
7815 : E8;
7816 : E8;
7817 : E8;
7818 : C8;
7819 : E8;
781A : C8;
781B : E8;
781C : E8;
781D : E8;
781E : E8;
781F : E8;
7820 : C8;
7821 : E8;
7822 : C8;
7823 : E8;
7824 : E8;
7825 : E8;
7826 : E8;
7827 : E8;
7828 : C8;
7829 : E8;
782A : C8;
782B : C8;
782C : E8;
782D : E8;
782E : E8;
782F : E8;
7830 : C8;
7831 : E8;
7832 : E8;
7833 : E8;
7834 : E8;
7835 : E8;
7836 : E8;
7837 : E8;
7838 : CC;
7839 : E8;
783A : E8;
783B : E8;
783C : C8;
783D : C8;
783E : E8;
783F : E8;
7840 : E8;
7841 : E8;
7842 : E8;
7843 : E8;
7844 : C9;
7845 : A5;
7846 : A5;
7847 : A5;
7848 : E8;
7849 : E8;
784A : E8;
784B : E8;
784C : C9;
784D : A5;
784E : A5;
784F : A5;
7850 : E8;
7851 : E8;
7852 : E8;
7853 : E8;
7854 : C9;
7855 : A5;
7856 : A5;
7857 : A5;
7858 : E8;
7859 : E8;
785A : E8;
785B : E8;
785C : C9;
785D : A5;
785E : A5;
785F : A5;
7860 : E8;
7861 : E8;
7862 : E8;
7863 : E8;
7864 : C9;
7865 : A5;
7866 : A5;
7867 : A5;
7868 : E8;
7869 : E8;
786A : E8;
786B : E8;
786C : C9;
786D : A5;
786E : A5;
786F : A5;
7870 : E8;
7871 : E8;
7872 : E8;
7873 : E8;
7874 : C9;
7875 : A5;
7876 : A5;
7877 : A5;
7878 : E8;
7879 : E8;
787A : E8;
787B : E8;
787C : C9;
787D : 89;
787E : A9;
787F : A9;
7880 : A5;
7881 : A5;
7882 : A5;
7883 : A5;
7884 : A5;
7885 : A5;
7886 : A5;
7887 : A5;
7888 : A5;
7889 : A5;
788A : A5;
788B : A5;
788C : A5;
788D : A5;
788E : A5;
788F : A5;
7890 : A5;
7891 : A5;
7892 : A5;
7893 : A5;
7894 : A5;
7895 : A5;
7896 : A5;
7897 : A5;
7898 : A5;
7899 : A5;
789A : A5;
789B : A5;
789C : A5;
789D : A5;
789E : A5;
789F : A5;
78A0 : A5;
78A1 : A5;
78A2 : A5;
78A3 : A5;
78A4 : A5;
78A5 : A5;
78A6 : A5;
78A7 : A5;
78A8 : A5;
78A9 : A5;
78AA : A5;
78AB : A5;
78AC : A5;
78AD : A5;
78AE : A5;
78AF : A5;
78B0 : A5;
78B1 : A5;
78B2 : A5;
78B3 : A5;
78B4 : A5;
78B5 : A5;
78B6 : A5;
78B7 : A5;
78B8 : A9;
78B9 : A9;
78BA : A9;
78BB : A9;
78BC : A9;
78BD : A9;
78BE : A9;
78BF : A9;
78C0 : A5;
78C1 : AA;
78C2 : 72;
78C3 : 92;
78C4 : 92;
78C5 : 92;
78C6 : 92;
78C7 : 92;
78C8 : A5;
78C9 : AA;
78CA : 72;
78CB : 92;
78CC : 92;
78CD : 92;
78CE : 92;
78CF : 92;
78D0 : A5;
78D1 : AA;
78D2 : 92;
78D3 : 92;
78D4 : 92;
78D5 : 92;
78D6 : 92;
78D7 : 92;
78D8 : A5;
78D9 : AA;
78DA : 92;
78DB : 92;
78DC : 92;
78DD : 92;
78DE : 92;
78DF : 92;
78E0 : A5;
78E1 : AA;
78E2 : 92;
78E3 : 92;
78E4 : 92;
78E5 : 92;
78E6 : 92;
78E7 : 92;
78E8 : A5;
78E9 : AA;
78EA : 92;
78EB : 92;
78EC : 92;
78ED : 92;
78EE : 92;
78EF : 92;
78F0 : A5;
78F1 : AA;
78F2 : 72;
78F3 : 92;
78F4 : 92;
78F5 : 92;
78F6 : 92;
78F7 : 92;
78F8 : A9;
78F9 : AE;
78FA : 72;
78FB : 92;
78FC : 92;
78FD : 92;
78FE : 92;
78FF : 92;
7900 : 92;
7901 : 92;
7902 : 92;
7903 : 92;
7904 : 92;
7905 : 92;
7906 : 57;
7907 : 1B;
7908 : 92;
7909 : 92;
790A : 92;
790B : 92;
790C : 92;
790D : 92;
790E : 57;
790F : 1B;
7910 : 92;
7911 : 92;
7912 : 92;
7913 : 92;
7914 : 92;
7915 : 92;
7916 : 57;
7917 : 1B;
7918 : 92;
7919 : 92;
791A : 92;
791B : 92;
791C : 92;
791D : 92;
791E : 57;
791F : 1B;
7920 : 92;
7921 : 92;
7922 : 92;
7923 : 92;
7924 : 92;
7925 : 92;
7926 : 57;
7927 : 1B;
7928 : 92;
7929 : 92;
792A : 92;
792B : 92;
792C : 92;
792D : 92;
792E : 57;
792F : 1B;
7930 : 92;
7931 : 92;
7932 : 92;
7933 : 92;
7934 : 92;
7935 : 92;
7936 : 57;
7937 : 1B;
7938 : 92;
7939 : 92;
793A : 92;
793B : 92;
793C : 92;
793D : 92;
793E : 57;
793F : 3B;
7940 : 1B;
7941 : 1B;
7942 : 1B;
7943 : 1B;
7944 : 1B;
7945 : 1B;
7946 : 1B;
7947 : 1B;
7948 : 1B;
7949 : 1B;
794A : 1B;
794B : 1B;
794C : 1B;
794D : 1B;
794E : 1B;
794F : 1B;
7950 : 1B;
7951 : 1B;
7952 : 1B;
7953 : 1B;
7954 : 1B;
7955 : 1B;
7956 : 1B;
7957 : 1B;
7958 : 1B;
7959 : 1B;
795A : 1B;
795B : 1B;
795C : 1B;
795D : 1B;
795E : 1B;
795F : 1B;
7960 : 1B;
7961 : 1B;
7962 : 1B;
7963 : 1B;
7964 : 1B;
7965 : 1B;
7966 : 1B;
7967 : 1B;
7968 : 1B;
7969 : 1B;
796A : 1B;
796B : 1B;
796C : 1B;
796D : 1B;
796E : 1B;
796F : 1B;
7970 : 1B;
7971 : 1B;
7972 : 1B;
7973 : 1B;
7974 : 1B;
7975 : 1B;
7976 : 1B;
7977 : 1B;
7978 : 3B;
7979 : 3B;
797A : 3B;
797B : 3B;
797C : 3B;
797D : 3B;
797E : 3B;
797F : 3B;
7980 : 1B;
7981 : 1B;
7982 : 1B;
7983 : 9D;
7984 : BC;
7985 : BC;
7986 : BC;
7987 : BC;
7988 : 1B;
7989 : 1B;
798A : 1B;
798B : 9D;
798C : BC;
798D : BC;
798E : BC;
798F : BC;
7990 : 1B;
7991 : 1B;
7992 : 1B;
7993 : 9D;
7994 : BC;
7995 : BC;
7996 : BC;
7997 : BC;
7998 : 1B;
7999 : 1B;
799A : 1B;
799B : 9D;
799C : BC;
799D : BC;
799E : BC;
799F : BC;
79A0 : 1B;
79A1 : 1B;
79A2 : 1B;
79A3 : 9D;
79A4 : BC;
79A5 : BC;
79A6 : BC;
79A7 : BC;
79A8 : 1B;
79A9 : 1B;
79AA : 1B;
79AB : 9D;
79AC : BC;
79AD : BC;
79AE : BC;
79AF : BC;
79B0 : 1B;
79B1 : 1B;
79B2 : 1B;
79B3 : 9D;
79B4 : BC;
79B5 : BC;
79B6 : BC;
79B7 : BC;
79B8 : 3B;
79B9 : 3B;
79BA : 3B;
79BB : B9;
79BC : D8;
79BD : B8;
79BE : B8;
79BF : B8;
79C0 : BC;
79C1 : BC;
79C2 : BC;
79C3 : BC;
79C4 : BC;
79C5 : BC;
79C6 : BC;
79C7 : BD;
79C8 : BC;
79C9 : BC;
79CA : BC;
79CB : BC;
79CC : BC;
79CD : BC;
79CE : BC;
79CF : BD;
79D0 : BC;
79D1 : BC;
79D2 : BC;
79D3 : BC;
79D4 : BC;
79D5 : BC;
79D6 : BC;
79D7 : BD;
79D8 : BC;
79D9 : BC;
79DA : BC;
79DB : BC;
79DC : BC;
79DD : BC;
79DE : BC;
79DF : BD;
79E0 : BC;
79E1 : BC;
79E2 : BC;
79E3 : BC;
79E4 : BC;
79E5 : BC;
79E6 : BC;
79E7 : BD;
79E8 : BC;
79E9 : BC;
79EA : BC;
79EB : BC;
79EC : BC;
79ED : BC;
79EE : BC;
79EF : BD;
79F0 : BC;
79F1 : BC;
79F2 : BC;
79F3 : BC;
79F4 : BC;
79F5 : BC;
79F6 : BC;
79F7 : BD;
79F8 : B8;
79F9 : B8;
79FA : B8;
79FB : B8;
79FC : B8;
79FD : B8;
79FE : D8;
79FF : B9;
7A00 : 57;
7A01 : 37;
7A02 : 37;
7A03 : 37;
7A04 : 37;
7A05 : 37;
7A06 : 37;
7A07 : 37;
7A08 : 57;
7A09 : 37;
7A0A : 37;
7A0B : 37;
7A0C : 37;
7A0D : 37;
7A0E : 37;
7A0F : 37;
7A10 : 57;
7A11 : 37;
7A12 : 37;
7A13 : 37;
7A14 : 37;
7A15 : 37;
7A16 : 37;
7A17 : 37;
7A18 : 57;
7A19 : 37;
7A1A : 37;
7A1B : 37;
7A1C : 37;
7A1D : 37;
7A1E : 37;
7A1F : 37;
7A20 : 57;
7A21 : 37;
7A22 : 37;
7A23 : 37;
7A24 : 37;
7A25 : 37;
7A26 : 37;
7A27 : 37;
7A28 : 57;
7A29 : 37;
7A2A : 37;
7A2B : 37;
7A2C : 37;
7A2D : 37;
7A2E : 37;
7A2F : 37;
7A30 : 57;
7A31 : 37;
7A32 : 37;
7A33 : 37;
7A34 : 37;
7A35 : 37;
7A36 : 37;
7A37 : 37;
7A38 : 57;
7A39 : 37;
7A3A : 37;
7A3B : 37;
7A3C : 37;
7A3D : 37;
7A3E : 37;
7A3F : 37;
7A40 : 37;
7A41 : 37;
7A42 : 37;
7A43 : 37;
7A44 : 37;
7A45 : 35;
7A46 : 35;
7A47 : 35;
7A48 : 37;
7A49 : 37;
7A4A : 37;
7A4B : 37;
7A4C : 37;
7A4D : 35;
7A4E : 35;
7A4F : 35;
7A50 : 37;
7A51 : 37;
7A52 : 37;
7A53 : 37;
7A54 : 37;
7A55 : 35;
7A56 : 35;
7A57 : 35;
7A58 : 37;
7A59 : 37;
7A5A : 37;
7A5B : 37;
7A5C : 37;
7A5D : 35;
7A5E : 35;
7A5F : 35;
7A60 : 37;
7A61 : 37;
7A62 : 37;
7A63 : 37;
7A64 : 37;
7A65 : 35;
7A66 : 35;
7A67 : 35;
7A68 : 37;
7A69 : 37;
7A6A : 37;
7A6B : 37;
7A6C : 37;
7A6D : 35;
7A6E : 35;
7A6F : 35;
7A70 : 37;
7A71 : 37;
7A72 : 37;
7A73 : 37;
7A74 : 37;
7A75 : 35;
7A76 : 35;
7A77 : 35;
7A78 : 37;
7A79 : 37;
7A7A : 37;
7A7B : 37;
7A7C : 37;
7A7D : 55;
7A7E : 55;
7A7F : 35;
7A80 : 35;
7A81 : 35;
7A82 : 35;
7A83 : 35;
7A84 : 35;
7A85 : 35;
7A86 : 35;
7A87 : 35;
7A88 : 35;
7A89 : 35;
7A8A : 35;
7A8B : 35;
7A8C : 35;
7A8D : 35;
7A8E : 35;
7A8F : 35;
7A90 : 35;
7A91 : 35;
7A92 : 35;
7A93 : 35;
7A94 : 35;
7A95 : 35;
7A96 : 35;
7A97 : 35;
7A98 : 35;
7A99 : 35;
7A9A : 35;
7A9B : 35;
7A9C : 35;
7A9D : 35;
7A9E : 35;
7A9F : 35;
7AA0 : 35;
7AA1 : 35;
7AA2 : 35;
7AA3 : 35;
7AA4 : 35;
7AA5 : 35;
7AA6 : 35;
7AA7 : 35;
7AA8 : 35;
7AA9 : 35;
7AAA : 35;
7AAB : 35;
7AAC : 35;
7AAD : 35;
7AAE : 35;
7AAF : 35;
7AB0 : 35;
7AB1 : 35;
7AB2 : 35;
7AB3 : 35;
7AB4 : 35;
7AB5 : 35;
7AB6 : 35;
7AB7 : 35;
7AB8 : 35;
7AB9 : 35;
7ABA : 35;
7ABB : 35;
7ABC : 35;
7ABD : 35;
7ABE : 35;
7ABF : 35;
7AC0 : 15;
7AC1 : B8;
7AC2 : FC;
7AC3 : FC;
7AC4 : FC;
7AC5 : FC;
7AC6 : FC;
7AC7 : FC;
7AC8 : 15;
7AC9 : 98;
7ACA : FC;
7ACB : FC;
7ACC : FC;
7ACD : FC;
7ACE : FC;
7ACF : FC;
7AD0 : 15;
7AD1 : 98;
7AD2 : FC;
7AD3 : FC;
7AD4 : FC;
7AD5 : FC;
7AD6 : FC;
7AD7 : FC;
7AD8 : 15;
7AD9 : 98;
7ADA : FC;
7ADB : FC;
7ADC : FC;
7ADD : FC;
7ADE : FC;
7ADF : FC;
7AE0 : 15;
7AE1 : 98;
7AE2 : FC;
7AE3 : FC;
7AE4 : FC;
7AE5 : FC;
7AE6 : FC;
7AE7 : FC;
7AE8 : 15;
7AE9 : 98;
7AEA : FC;
7AEB : FC;
7AEC : FC;
7AED : FC;
7AEE : FC;
7AEF : FC;
7AF0 : 15;
7AF1 : 98;
7AF2 : FC;
7AF3 : FC;
7AF4 : FC;
7AF5 : FC;
7AF6 : FC;
7AF7 : FC;
7AF8 : 36;
7AF9 : B5;
7AFA : FD;
7AFB : F8;
7AFC : F8;
7AFD : F8;
7AFE : FC;
7AFF : FC;
7B00 : FC;
7B01 : FC;
7B02 : FC;
7B03 : FC;
7B04 : FC;
7B05 : FC;
7B06 : F4;
7B07 : F0;
7B08 : FC;
7B09 : FC;
7B0A : FC;
7B0B : FC;
7B0C : FC;
7B0D : FC;
7B0E : F4;
7B0F : F0;
7B10 : FC;
7B11 : FC;
7B12 : FC;
7B13 : FC;
7B14 : FC;
7B15 : FC;
7B16 : F4;
7B17 : F0;
7B18 : FC;
7B19 : FC;
7B1A : FC;
7B1B : FC;
7B1C : FC;
7B1D : FC;
7B1E : F4;
7B1F : F0;
7B20 : FC;
7B21 : FC;
7B22 : FC;
7B23 : FC;
7B24 : FC;
7B25 : FC;
7B26 : F4;
7B27 : F0;
7B28 : FC;
7B29 : FC;
7B2A : FC;
7B2B : FC;
7B2C : FC;
7B2D : FC;
7B2E : F4;
7B2F : F0;
7B30 : FC;
7B31 : FC;
7B32 : FC;
7B33 : FC;
7B34 : FC;
7B35 : FC;
7B36 : F4;
7B37 : F0;
7B38 : FC;
7B39 : FC;
7B3A : FC;
7B3B : F8;
7B3C : F9;
7B3D : FD;
7B3E : F4;
7B3F : F0;
7B40 : F0;
7B41 : F0;
7B42 : F0;
7B43 : F0;
7B44 : F0;
7B45 : F0;
7B46 : F0;
7B47 : F0;
7B48 : F0;
7B49 : F0;
7B4A : F0;
7B4B : F0;
7B4C : F0;
7B4D : F0;
7B4E : F0;
7B4F : F0;
7B50 : F0;
7B51 : F0;
7B52 : F0;
7B53 : F0;
7B54 : F0;
7B55 : F0;
7B56 : F0;
7B57 : F0;
7B58 : F0;
7B59 : F0;
7B5A : F0;
7B5B : F0;
7B5C : F0;
7B5D : F0;
7B5E : F0;
7B5F : F0;
7B60 : F0;
7B61 : F0;
7B62 : F0;
7B63 : F0;
7B64 : F0;
7B65 : F0;
7B66 : F0;
7B67 : F0;
7B68 : F0;
7B69 : F0;
7B6A : F0;
7B6B : F0;
7B6C : F0;
7B6D : F0;
7B6E : F0;
7B6F : F0;
7B70 : F0;
7B71 : F0;
7B72 : F0;
7B73 : F0;
7B74 : F0;
7B75 : F0;
7B76 : F0;
7B77 : F0;
7B78 : F0;
7B79 : F0;
7B7A : F0;
7B7B : F0;
7B7C : F0;
7B7D : F0;
7B7E : F0;
7B7F : F0;
7B80 : F0;
7B81 : F0;
7B82 : F0;
7B83 : E5;
7B84 : E2;
7B85 : E1;
7B86 : E1;
7B87 : E1;
7B88 : F0;
7B89 : F0;
7B8A : F0;
7B8B : E5;
7B8C : E2;
7B8D : E1;
7B8E : E1;
7B8F : E1;
7B90 : F0;
7B91 : F0;
7B92 : F0;
7B93 : E5;
7B94 : E2;
7B95 : E1;
7B96 : E1;
7B97 : E1;
7B98 : F0;
7B99 : F0;
7B9A : F0;
7B9B : E5;
7B9C : E2;
7B9D : E1;
7B9E : E1;
7B9F : E1;
7BA0 : F0;
7BA1 : F0;
7BA2 : F0;
7BA3 : E5;
7BA4 : E2;
7BA5 : E1;
7BA6 : E1;
7BA7 : E1;
7BA8 : F0;
7BA9 : F0;
7BAA : F0;
7BAB : E5;
7BAC : E2;
7BAD : E1;
7BAE : E1;
7BAF : E1;
7BB0 : F0;
7BB1 : F0;
7BB2 : F0;
7BB3 : E5;
7BB4 : E2;
7BB5 : E2;
7BB6 : E2;
7BB7 : E2;
7BB8 : F0;
7BB9 : F0;
7BBA : F0;
7BBB : C9;
7BBC : E6;
7BBD : E5;
7BBE : E5;
7BBF : E5;
7BC0 : E1;
7BC1 : E1;
7BC2 : E1;
7BC3 : E1;
7BC4 : E1;
7BC5 : E1;
7BC6 : E1;
7BC7 : E2;
7BC8 : E1;
7BC9 : E1;
7BCA : E1;
7BCB : E1;
7BCC : E1;
7BCD : E1;
7BCE : E1;
7BCF : E2;
7BD0 : E1;
7BD1 : E1;
7BD2 : E1;
7BD3 : E1;
7BD4 : E1;
7BD5 : E1;
7BD6 : E1;
7BD7 : E2;
7BD8 : E1;
7BD9 : E1;
7BDA : E1;
7BDB : E1;
7BDC : E1;
7BDD : E1;
7BDE : E1;
7BDF : E2;
7BE0 : E1;
7BE1 : E1;
7BE2 : E1;
7BE3 : E1;
7BE4 : E1;
7BE5 : E1;
7BE6 : E1;
7BE7 : E2;
7BE8 : E1;
7BE9 : E1;
7BEA : E1;
7BEB : E1;
7BEC : E1;
7BED : E1;
7BEE : E1;
7BEF : E2;
7BF0 : E2;
7BF1 : E2;
7BF2 : E2;
7BF3 : E2;
7BF4 : E2;
7BF5 : E2;
7BF6 : E2;
7BF7 : E2;
7BF8 : E5;
7BF9 : E5;
7BFA : E5;
7BFB : E5;
7BFC : E5;
7BFD : E5;
7BFE : E5;
7BFF : E5;
7C00 : 53;
7C01 : 53;
7C02 : 53;
7C03 : 53;
7C04 : 53;
7C05 : 53;
7C06 : 53;
7C07 : 53;
7C08 : 53;
7C09 : 53;
7C0A : 53;
7C0B : 53;
7C0C : 53;
7C0D : 53;
7C0E : 53;
7C0F : 53;
7C10 : 53;
7C11 : 53;
7C12 : 53;
7C13 : 53;
7C14 : 53;
7C15 : 53;
7C16 : 53;
7C17 : 53;
7C18 : 53;
7C19 : 53;
7C1A : 53;
7C1B : 53;
7C1C : 53;
7C1D : 53;
7C1E : 53;
7C1F : 53;
7C20 : 53;
7C21 : 53;
7C22 : 53;
7C23 : 53;
7C24 : 53;
7C25 : 53;
7C26 : 53;
7C27 : 53;
7C28 : 53;
7C29 : 53;
7C2A : 53;
7C2B : 53;
7C2C : 53;
7C2D : 53;
7C2E : 53;
7C2F : 53;
7C30 : 53;
7C31 : 53;
7C32 : 53;
7C33 : 53;
7C34 : 53;
7C35 : 53;
7C36 : 53;
7C37 : 53;
7C38 : 53;
7C39 : 53;
7C3A : 53;
7C3B : 53;
7C3C : 53;
7C3D : 53;
7C3E : 53;
7C3F : 53;
7C40 : 53;
7C41 : 53;
7C42 : 53;
7C43 : 33;
7C44 : 6F;
7C45 : 87;
7C46 : A7;
7C47 : A7;
7C48 : 53;
7C49 : 53;
7C4A : 53;
7C4B : 53;
7C4C : 6F;
7C4D : A3;
7C4E : A3;
7C4F : A3;
7C50 : 53;
7C51 : 53;
7C52 : 53;
7C53 : 53;
7C54 : 6F;
7C55 : A3;
7C56 : A3;
7C57 : A3;
7C58 : 53;
7C59 : 53;
7C5A : 53;
7C5B : 53;
7C5C : 6F;
7C5D : A3;
7C5E : A3;
7C5F : A3;
7C60 : 53;
7C61 : 53;
7C62 : 53;
7C63 : 53;
7C64 : 6F;
7C65 : A3;
7C66 : A3;
7C67 : A3;
7C68 : 53;
7C69 : 53;
7C6A : 53;
7C6B : 53;
7C6C : 6F;
7C6D : A3;
7C6E : A3;
7C6F : A3;
7C70 : 53;
7C71 : 53;
7C72 : 53;
7C73 : 53;
7C74 : 6F;
7C75 : A3;
7C76 : A3;
7C77 : A3;
7C78 : 53;
7C79 : 53;
7C7A : 53;
7C7B : 53;
7C7C : 6F;
7C7D : A3;
7C7E : A3;
7C7F : A3;
7C80 : A7;
7C81 : A7;
7C82 : A7;
7C83 : A7;
7C84 : A7;
7C85 : A7;
7C86 : A7;
7C87 : A7;
7C88 : A3;
7C89 : A3;
7C8A : A3;
7C8B : A3;
7C8C : A3;
7C8D : A3;
7C8E : A3;
7C8F : A3;
7C90 : A3;
7C91 : A3;
7C92 : A3;
7C93 : A3;
7C94 : A3;
7C95 : A3;
7C96 : A3;
7C97 : A3;
7C98 : A3;
7C99 : A3;
7C9A : A3;
7C9B : A3;
7C9C : A3;
7C9D : A3;
7C9E : A3;
7C9F : A3;
7CA0 : A3;
7CA1 : A3;
7CA2 : A3;
7CA3 : A3;
7CA4 : A3;
7CA5 : A3;
7CA6 : A3;
7CA7 : A3;
7CA8 : A3;
7CA9 : A3;
7CAA : A3;
7CAB : A3;
7CAC : A3;
7CAD : A3;
7CAE : A3;
7CAF : A3;
7CB0 : A3;
7CB1 : A3;
7CB2 : A3;
7CB3 : A3;
7CB4 : A3;
7CB5 : A3;
7CB6 : A3;
7CB7 : A3;
7CB8 : A3;
7CB9 : A3;
7CBA : A3;
7CBB : A3;
7CBC : A3;
7CBD : A3;
7CBE : A3;
7CBF : A3;
7CC0 : A7;
7CC1 : C6;
7CC2 : E4;
7CC3 : E4;
7CC4 : E4;
7CC5 : E4;
7CC6 : E4;
7CC7 : E4;
7CC8 : A3;
7CC9 : C2;
7CCA : E0;
7CCB : E0;
7CCC : E0;
7CCD : E0;
7CCE : E0;
7CCF : E0;
7CD0 : A3;
7CD1 : C2;
7CD2 : E0;
7CD3 : E0;
7CD4 : E0;
7CD5 : E0;
7CD6 : E0;
7CD7 : E0;
7CD8 : A3;
7CD9 : C2;
7CDA : E0;
7CDB : E0;
7CDC : E0;
7CDD : E0;
7CDE : E0;
7CDF : E0;
7CE0 : A3;
7CE1 : C2;
7CE2 : E0;
7CE3 : E0;
7CE4 : E0;
7CE5 : E0;
7CE6 : E0;
7CE7 : E0;
7CE8 : A3;
7CE9 : C2;
7CEA : E0;
7CEB : E0;
7CEC : E0;
7CED : E0;
7CEE : E0;
7CEF : E0;
7CF0 : A3;
7CF1 : C2;
7CF2 : E0;
7CF3 : E0;
7CF4 : E0;
7CF5 : E0;
7CF6 : E0;
7CF7 : E0;
7CF8 : A3;
7CF9 : C2;
7CFA : E0;
7CFB : E0;
7CFC : E0;
7CFD : E0;
7CFE : E0;
7CFF : E0;
7D00 : E4;
7D01 : E4;
7D02 : E4;
7D03 : E4;
7D04 : E4;
7D05 : E4;
7D06 : C8;
7D07 : B0;
7D08 : E0;
7D09 : E0;
7D0A : E0;
7D0B : E0;
7D0C : E0;
7D0D : E0;
7D0E : C8;
7D0F : 90;
7D10 : E0;
7D11 : E0;
7D12 : E0;
7D13 : E0;
7D14 : E0;
7D15 : E0;
7D16 : C8;
7D17 : B0;
7D18 : E0;
7D19 : E0;
7D1A : E0;
7D1B : E0;
7D1C : E0;
7D1D : E0;
7D1E : C8;
7D1F : B0;
7D20 : E0;
7D21 : E0;
7D22 : E0;
7D23 : E0;
7D24 : E0;
7D25 : E0;
7D26 : C8;
7D27 : B0;
7D28 : E0;
7D29 : E0;
7D2A : E0;
7D2B : E0;
7D2C : E0;
7D2D : E0;
7D2E : C8;
7D2F : B0;
7D30 : E0;
7D31 : E0;
7D32 : E0;
7D33 : E0;
7D34 : E0;
7D35 : E0;
7D36 : C8;
7D37 : B0;
7D38 : E0;
7D39 : E0;
7D3A : E0;
7D3B : E0;
7D3C : E0;
7D3D : E0;
7D3E : C8;
7D3F : B0;
7D40 : AC;
7D41 : AC;
7D42 : AC;
7D43 : AC;
7D44 : AC;
7D45 : AC;
7D46 : AC;
7D47 : AC;
7D48 : B0;
7D49 : B0;
7D4A : B0;
7D4B : B0;
7D4C : B0;
7D4D : B0;
7D4E : B0;
7D4F : B0;
7D50 : B0;
7D51 : B0;
7D52 : B0;
7D53 : B0;
7D54 : B0;
7D55 : B0;
7D56 : B0;
7D57 : B0;
7D58 : B0;
7D59 : B0;
7D5A : B0;
7D5B : B0;
7D5C : B0;
7D5D : B0;
7D5E : B0;
7D5F : B0;
7D60 : B0;
7D61 : B0;
7D62 : B0;
7D63 : B0;
7D64 : B0;
7D65 : B0;
7D66 : B0;
7D67 : B0;
7D68 : B0;
7D69 : B0;
7D6A : B0;
7D6B : B0;
7D6C : B0;
7D6D : B0;
7D6E : B0;
7D6F : B0;
7D70 : B0;
7D71 : B0;
7D72 : B0;
7D73 : B0;
7D74 : B0;
7D75 : B0;
7D76 : B0;
7D77 : B0;
7D78 : B0;
7D79 : B0;
7D7A : B0;
7D7B : B0;
7D7C : B0;
7D7D : B0;
7D7E : B0;
7D7F : B0;
7D80 : AC;
7D81 : AC;
7D82 : AC;
7D83 : D5;
7D84 : D9;
7D85 : D9;
7D86 : D9;
7D87 : D9;
7D88 : B0;
7D89 : B0;
7D8A : B0;
7D8B : D8;
7D8C : F8;
7D8D : D8;
7D8E : D8;
7D8F : D8;
7D90 : B0;
7D91 : B0;
7D92 : B0;
7D93 : D8;
7D94 : F8;
7D95 : D8;
7D96 : F8;
7D97 : F8;
7D98 : B0;
7D99 : B0;
7D9A : B0;
7D9B : D8;
7D9C : F8;
7D9D : D8;
7D9E : F8;
7D9F : F8;
7DA0 : B0;
7DA1 : B0;
7DA2 : B0;
7DA3 : D8;
7DA4 : F8;
7DA5 : F8;
7DA6 : F8;
7DA7 : F8;
7DA8 : B0;
7DA9 : B0;
7DAA : B0;
7DAB : D8;
7DAC : F8;
7DAD : F8;
7DAE : F8;
7DAF : F8;
7DB0 : B0;
7DB1 : B0;
7DB2 : B0;
7DB3 : D8;
7DB4 : F8;
7DB5 : D8;
7DB6 : D8;
7DB7 : D8;
7DB8 : B0;
7DB9 : B0;
7DBA : B0;
7DBB : D8;
7DBC : F8;
7DBD : D8;
7DBE : D8;
7DBF : D8;
7DC0 : D9;
7DC1 : D9;
7DC2 : D9;
7DC3 : D9;
7DC4 : D9;
7DC5 : D9;
7DC6 : F9;
7DC7 : D9;
7DC8 : D8;
7DC9 : D8;
7DCA : D8;
7DCB : D8;
7DCC : D8;
7DCD : D8;
7DCE : F8;
7DCF : D9;
7DD0 : F8;
7DD1 : F8;
7DD2 : F8;
7DD3 : F8;
7DD4 : F8;
7DD5 : F8;
7DD6 : F8;
7DD7 : D9;
7DD8 : F8;
7DD9 : F8;
7DDA : F8;
7DDB : F8;
7DDC : F8;
7DDD : F8;
7DDE : F8;
7DDF : D9;
7DE0 : F8;
7DE1 : F8;
7DE2 : F8;
7DE3 : F8;
7DE4 : F8;
7DE5 : F8;
7DE6 : F8;
7DE7 : D9;
7DE8 : F8;
7DE9 : F8;
7DEA : F8;
7DEB : F8;
7DEC : F8;
7DED : F8;
7DEE : F8;
7DEF : D9;
7DF0 : D8;
7DF1 : D8;
7DF2 : D8;
7DF3 : D8;
7DF4 : F8;
7DF5 : F8;
7DF6 : F8;
7DF7 : D9;
7DF8 : D8;
7DF9 : D8;
7DFA : D8;
7DFB : D8;
7DFC : F8;
7DFD : F8;
7DFE : F8;
7DFF : D9;
7E00 : 56;
7E01 : 13;
7E02 : 13;
7E03 : 17;
7E04 : 17;
7E05 : 17;
7E06 : 17;
7E07 : 13;
7E08 : 33;
7E09 : 13;
7E0A : 13;
7E0B : 13;
7E0C : 13;
7E0D : 13;
7E0E : 13;
7E0F : 13;
7E10 : 37;
7E11 : 13;
7E12 : 13;
7E13 : 13;
7E14 : 13;
7E15 : 13;
7E16 : 13;
7E17 : 13;
7E18 : 37;
7E19 : 13;
7E1A : 13;
7E1B : 13;
7E1C : 13;
7E1D : 13;
7E1E : 13;
7E1F : 13;
7E20 : 37;
7E21 : 13;
7E22 : 13;
7E23 : 13;
7E24 : 13;
7E25 : 13;
7E26 : 13;
7E27 : 13;
7E28 : 37;
7E29 : 13;
7E2A : 13;
7E2B : 13;
7E2C : 13;
7E2D : 13;
7E2E : 13;
7E2F : 13;
7E30 : 37;
7E31 : 13;
7E32 : 13;
7E33 : 13;
7E34 : 13;
7E35 : 13;
7E36 : 13;
7E37 : 13;
7E38 : 37;
7E39 : 13;
7E3A : 13;
7E3B : 13;
7E3C : 13;
7E3D : 13;
7E3E : 13;
7E3F : 13;
7E40 : 13;
7E41 : 13;
7E42 : 17;
7E43 : 17;
7E44 : 56;
7E45 : F8;
7E46 : F8;
7E47 : F8;
7E48 : 13;
7E49 : 13;
7E4A : 13;
7E4B : 13;
7E4C : 56;
7E4D : F8;
7E4E : F8;
7E4F : F8;
7E50 : 13;
7E51 : 13;
7E52 : 13;
7E53 : 13;
7E54 : 56;
7E55 : F8;
7E56 : F8;
7E57 : F8;
7E58 : 13;
7E59 : 13;
7E5A : 13;
7E5B : 13;
7E5C : 56;
7E5D : F8;
7E5E : F8;
7E5F : F8;
7E60 : 13;
7E61 : 13;
7E62 : 13;
7E63 : 13;
7E64 : 56;
7E65 : F8;
7E66 : F8;
7E67 : F8;
7E68 : 13;
7E69 : 13;
7E6A : 13;
7E6B : 13;
7E6C : 56;
7E6D : F8;
7E6E : F8;
7E6F : F8;
7E70 : 13;
7E71 : 13;
7E72 : 13;
7E73 : 13;
7E74 : 56;
7E75 : F8;
7E76 : F8;
7E77 : F8;
7E78 : 13;
7E79 : 13;
7E7A : 13;
7E7B : 13;
7E7C : 56;
7E7D : F8;
7E7E : F8;
7E7F : F8;
7E80 : F8;
7E81 : F8;
7E82 : F8;
7E83 : F8;
7E84 : F8;
7E85 : F8;
7E86 : F8;
7E87 : F8;
7E88 : F8;
7E89 : F8;
7E8A : F8;
7E8B : F8;
7E8C : F8;
7E8D : F8;
7E8E : F8;
7E8F : F8;
7E90 : F8;
7E91 : F8;
7E92 : F8;
7E93 : F8;
7E94 : F8;
7E95 : F8;
7E96 : F8;
7E97 : F8;
7E98 : F8;
7E99 : F8;
7E9A : F8;
7E9B : F8;
7E9C : F8;
7E9D : F8;
7E9E : F8;
7E9F : F8;
7EA0 : F8;
7EA1 : F8;
7EA2 : F8;
7EA3 : F8;
7EA4 : F8;
7EA5 : F8;
7EA6 : F8;
7EA7 : F8;
7EA8 : F8;
7EA9 : F8;
7EAA : F8;
7EAB : F8;
7EAC : F8;
7EAD : F8;
7EAE : F8;
7EAF : F8;
7EB0 : F8;
7EB1 : F8;
7EB2 : F8;
7EB3 : F8;
7EB4 : F8;
7EB5 : F8;
7EB6 : F8;
7EB7 : F8;
7EB8 : F8;
7EB9 : F8;
7EBA : F8;
7EBB : F8;
7EBC : F8;
7EBD : F8;
7EBE : F8;
7EBF : F8;
7EC0 : F8;
7EC1 : D8;
7EC2 : 9C;
7EC3 : 9C;
7EC4 : 9C;
7EC5 : 9C;
7EC6 : 9C;
7EC7 : 9C;
7EC8 : F8;
7EC9 : DC;
7ECA : 7C;
7ECB : 7C;
7ECC : 7C;
7ECD : 7C;
7ECE : 7C;
7ECF : 7C;
7ED0 : F8;
7ED1 : D8;
7ED2 : 7C;
7ED3 : 7C;
7ED4 : 7C;
7ED5 : 7C;
7ED6 : 7C;
7ED7 : 7C;
7ED8 : F8;
7ED9 : D8;
7EDA : 7C;
7EDB : 7C;
7EDC : 7C;
7EDD : 7C;
7EDE : 7C;
7EDF : 7C;
7EE0 : F8;
7EE1 : D8;
7EE2 : 7C;
7EE3 : 7C;
7EE4 : 7C;
7EE5 : 7C;
7EE6 : 7C;
7EE7 : 7C;
7EE8 : F8;
7EE9 : D8;
7EEA : 7C;
7EEB : 7C;
7EEC : 7C;
7EED : 7C;
7EEE : 7C;
7EEF : 7C;
7EF0 : F8;
7EF1 : DC;
7EF2 : 7C;
7EF3 : 7C;
7EF4 : 7C;
7EF5 : 7C;
7EF6 : 7C;
7EF7 : 7C;
7EF8 : F8;
7EF9 : DC;
7EFA : 7C;
7EFB : 7C;
7EFC : 7C;
7EFD : 7C;
7EFE : 7C;
7EFF : 7C;
7F00 : 9C;
7F01 : 9C;
7F02 : 9C;
7F03 : 9C;
7F04 : 9C;
7F05 : 9C;
7F06 : 56;
7F07 : 2E;
7F08 : 7C;
7F09 : 7C;
7F0A : 7C;
7F0B : 7C;
7F0C : 7C;
7F0D : 7C;
7F0E : 56;
7F0F : 0E;
7F10 : 7C;
7F11 : 7C;
7F12 : 7C;
7F13 : 7C;
7F14 : 7C;
7F15 : 7C;
7F16 : 56;
7F17 : 2E;
7F18 : 7C;
7F19 : 7C;
7F1A : 7C;
7F1B : 7C;
7F1C : 7C;
7F1D : 7C;
7F1E : 56;
7F1F : 2E;
7F20 : 7C;
7F21 : 7C;
7F22 : 7C;
7F23 : 7C;
7F24 : 7C;
7F25 : 7C;
7F26 : 56;
7F27 : 2E;
7F28 : 7C;
7F29 : 7C;
7F2A : 7C;
7F2B : 7C;
7F2C : 7C;
7F2D : 7C;
7F2E : 56;
7F2F : 2E;
7F30 : 7C;
7F31 : 7C;
7F32 : 7C;
7F33 : 7C;
7F34 : 7C;
7F35 : 7C;
7F36 : 56;
7F37 : 2E;
7F38 : 7C;
7F39 : 7C;
7F3A : 7C;
7F3B : 7C;
7F3C : 7C;
7F3D : 7C;
7F3E : 56;
7F3F : 2E;
7F40 : 2E;
7F41 : 2E;
7F42 : 2E;
7F43 : 4E;
7F44 : 4E;
7F45 : 4E;
7F46 : 4E;
7F47 : 4E;
7F48 : 32;
7F49 : 32;
7F4A : 32;
7F4B : 32;
7F4C : 32;
7F4D : 32;
7F4E : 32;
7F4F : 32;
7F50 : 32;
7F51 : 32;
7F52 : 32;
7F53 : 32;
7F54 : 32;
7F55 : 32;
7F56 : 32;
7F57 : 32;
7F58 : 32;
7F59 : 32;
7F5A : 32;
7F5B : 32;
7F5C : 32;
7F5D : 32;
7F5E : 32;
7F5F : 32;
7F60 : 32;
7F61 : 32;
7F62 : 32;
7F63 : 32;
7F64 : 32;
7F65 : 32;
7F66 : 32;
7F67 : 32;
7F68 : 32;
7F69 : 32;
7F6A : 32;
7F6B : 32;
7F6C : 32;
7F6D : 32;
7F6E : 32;
7F6F : 32;
7F70 : 32;
7F71 : 32;
7F72 : 32;
7F73 : 32;
7F74 : 32;
7F75 : 32;
7F76 : 32;
7F77 : 32;
7F78 : 32;
7F79 : 32;
7F7A : 32;
7F7B : 32;
7F7C : 32;
7F7D : 32;
7F7E : 32;
7F7F : 32;
7F80 : 4E;
7F81 : 4E;
7F82 : 4E;
7F83 : 2B;
7F84 : 27;
7F85 : 27;
7F86 : 27;
7F87 : 27;
7F88 : 32;
7F89 : 32;
7F8A : 32;
7F8B : 2B;
7F8C : 47;
7F8D : 27;
7F8E : 27;
7F8F : 27;
7F90 : 32;
7F91 : 32;
7F92 : 2E;
7F93 : 2B;
7F94 : 47;
7F95 : 27;
7F96 : 27;
7F97 : 27;
7F98 : 32;
7F99 : 32;
7F9A : 2E;
7F9B : 2B;
7F9C : 47;
7F9D : 27;
7F9E : 27;
7F9F : 27;
7FA0 : 32;
7FA1 : 32;
7FA2 : 2E;
7FA3 : 2B;
7FA4 : 47;
7FA5 : 27;
7FA6 : 27;
7FA7 : 27;
7FA8 : 32;
7FA9 : 32;
7FAA : 2E;
7FAB : 2B;
7FAC : 47;
7FAD : 27;
7FAE : 27;
7FAF : 27;
7FB0 : 32;
7FB1 : 32;
7FB2 : 2E;
7FB3 : 2B;
7FB4 : 47;
7FB5 : 27;
7FB6 : 27;
7FB7 : 27;
7FB8 : 32;
7FB9 : 32;
7FBA : 2E;
7FBB : 2B;
7FBC : 27;
7FBD : 27;
7FBE : 27;
7FBF : 27;
7FC0 : 27;
7FC1 : 27;
7FC2 : 27;
7FC3 : 27;
7FC4 : 27;
7FC5 : 27;
7FC6 : 27;
7FC7 : 4B;
7FC8 : 27;
7FC9 : 27;
7FCA : 27;
7FCB : 27;
7FCC : 27;
7FCD : 27;
7FCE : 27;
7FCF : 47;
7FD0 : 27;
7FD1 : 27;
7FD2 : 27;
7FD3 : 27;
7FD4 : 27;
7FD5 : 27;
7FD6 : 27;
7FD7 : 47;
7FD8 : 27;
7FD9 : 27;
7FDA : 27;
7FDB : 27;
7FDC : 27;
7FDD : 27;
7FDE : 27;
7FDF : 47;
7FE0 : 27;
7FE1 : 27;
7FE2 : 27;
7FE3 : 27;
7FE4 : 27;
7FE5 : 27;
7FE6 : 27;
7FE7 : 47;
7FE8 : 27;
7FE9 : 27;
7FEA : 27;
7FEB : 27;
7FEC : 27;
7FED : 27;
7FEE : 27;
7FEF : 47;
7FF0 : 27;
7FF1 : 27;
7FF2 : 27;
7FF3 : 27;
7FF4 : 27;
7FF5 : 27;
7FF6 : 27;
7FF7 : 47;
7FF8 : 27;
7FF9 : 27;
7FFA : 27;
7FFB : 27;
7FFC : 27;
7FFD : 27;
7FFE : 27;
7FFF : 4B;
8000 : 9C;
8001 : 9C;
8002 : 9C;
8003 : 9C;
8004 : 9C;
8005 : 9C;
8006 : 9C;
8007 : 9C;
8008 : 7C;
8009 : 7C;
800A : 7C;
800B : 7C;
800C : 7C;
800D : 7C;
800E : 7C;
800F : 7C;
8010 : 7C;
8011 : 7C;
8012 : 7C;
8013 : 7C;
8014 : 7C;
8015 : 7C;
8016 : 7C;
8017 : 7C;
8018 : 7C;
8019 : 7C;
801A : 7C;
801B : 7C;
801C : 7C;
801D : 7C;
801E : 7C;
801F : 7C;
8020 : 78;
8021 : 7C;
8022 : 7C;
8023 : 7C;
8024 : 7C;
8025 : 7C;
8026 : 7C;
8027 : 7C;
8028 : 7C;
8029 : 7C;
802A : 7C;
802B : 7C;
802C : 7C;
802D : 7C;
802E : 7C;
802F : 7C;
8030 : 7C;
8031 : 7C;
8032 : 7C;
8033 : 7C;
8034 : 7C;
8035 : 7C;
8036 : 7C;
8037 : 7C;
8038 : 7C;
8039 : 7C;
803A : 7C;
803B : 7C;
803C : 7C;
803D : 7C;
803E : 7C;
803F : 7C;
8040 : 9C;
8041 : 9C;
8042 : 9C;
8043 : 9C;
8044 : 7C;
8045 : 3C;
8046 : 3C;
8047 : 3C;
8048 : 7C;
8049 : 7C;
804A : 7C;
804B : 7C;
804C : 7C;
804D : 1C;
804E : 1C;
804F : 1C;
8050 : 7C;
8051 : 7C;
8052 : 7C;
8053 : 9C;
8054 : 7C;
8055 : 1C;
8056 : 1C;
8057 : 1C;
8058 : 7C;
8059 : 7C;
805A : 7C;
805B : 9C;
805C : 7C;
805D : 1C;
805E : 1C;
805F : 1C;
8060 : 7C;
8061 : 7C;
8062 : 7C;
8063 : 9C;
8064 : 7C;
8065 : 1C;
8066 : 1C;
8067 : 1C;
8068 : 7C;
8069 : 7C;
806A : 7C;
806B : 9C;
806C : 7C;
806D : 1C;
806E : 1C;
806F : 1C;
8070 : 7C;
8071 : 7C;
8072 : 7C;
8073 : 9C;
8074 : 7C;
8075 : 1C;
8076 : 1C;
8077 : 1C;
8078 : 7C;
8079 : 7C;
807A : 7C;
807B : 7C;
807C : 7C;
807D : 1C;
807E : 1C;
807F : 1C;
8080 : 3C;
8081 : 3C;
8082 : 3C;
8083 : 3C;
8084 : 3C;
8085 : 3C;
8086 : 3C;
8087 : 3C;
8088 : 1C;
8089 : 1C;
808A : 1C;
808B : 1C;
808C : 1C;
808D : 1C;
808E : 1C;
808F : 1C;
8090 : 1C;
8091 : 1C;
8092 : 1C;
8093 : 1C;
8094 : 1C;
8095 : 1C;
8096 : 1C;
8097 : 1C;
8098 : 1C;
8099 : 1C;
809A : 1C;
809B : 1C;
809C : 1C;
809D : 1C;
809E : 1C;
809F : 1C;
80A0 : 1C;
80A1 : 1C;
80A2 : 1C;
80A3 : 1C;
80A4 : 1C;
80A5 : 1C;
80A6 : 1C;
80A7 : 1C;
80A8 : 1C;
80A9 : 1C;
80AA : 1C;
80AB : 1C;
80AC : 1C;
80AD : 1C;
80AE : 1C;
80AF : 1C;
80B0 : 1C;
80B1 : 1C;
80B2 : 1C;
80B3 : 1C;
80B4 : 1C;
80B5 : 1C;
80B6 : 1C;
80B7 : 1C;
80B8 : 1C;
80B9 : 1C;
80BA : 1C;
80BB : 1C;
80BC : 1C;
80BD : 1C;
80BE : 1C;
80BF : 1C;
80C0 : 3C;
80C1 : 3A;
80C2 : 37;
80C3 : 37;
80C4 : 37;
80C5 : 37;
80C6 : 37;
80C7 : 37;
80C8 : 1C;
80C9 : 1A;
80CA : 17;
80CB : 17;
80CC : 17;
80CD : 17;
80CE : 17;
80CF : 17;
80D0 : 1C;
80D1 : 1A;
80D2 : 17;
80D3 : 17;
80D4 : 17;
80D5 : 17;
80D6 : 17;
80D7 : 17;
80D8 : 1C;
80D9 : 1A;
80DA : 17;
80DB : 17;
80DC : 17;
80DD : 17;
80DE : 17;
80DF : 17;
80E0 : 1C;
80E1 : 1A;
80E2 : 17;
80E3 : 17;
80E4 : 17;
80E5 : 17;
80E6 : 17;
80E7 : 17;
80E8 : 1C;
80E9 : 1A;
80EA : 17;
80EB : 17;
80EC : 17;
80ED : 17;
80EE : 17;
80EF : 17;
80F0 : 1C;
80F1 : 1A;
80F2 : 17;
80F3 : 17;
80F4 : 17;
80F5 : 17;
80F6 : 17;
80F7 : 17;
80F8 : 1C;
80F9 : 1A;
80FA : 17;
80FB : 17;
80FC : 17;
80FD : 17;
80FE : 17;
80FF : 17;
8100 : 37;
8101 : 37;
8102 : 37;
8103 : 37;
8104 : 37;
8105 : 37;
8106 : 4F;
8107 : 82;
8108 : 17;
8109 : 17;
810A : 17;
810B : 17;
810C : 17;
810D : 17;
810E : 4F;
810F : 86;
8110 : 17;
8111 : 17;
8112 : 17;
8113 : 17;
8114 : 17;
8115 : 17;
8116 : 4F;
8117 : 86;
8118 : 17;
8119 : 17;
811A : 17;
811B : 17;
811C : 17;
811D : 17;
811E : 4F;
811F : 86;
8120 : 17;
8121 : 17;
8122 : 17;
8123 : 17;
8124 : 17;
8125 : 17;
8126 : 4F;
8127 : 86;
8128 : 17;
8129 : 17;
812A : 17;
812B : 17;
812C : 17;
812D : 17;
812E : 4F;
812F : 86;
8130 : 17;
8131 : 17;
8132 : 17;
8133 : 17;
8134 : 17;
8135 : 17;
8136 : 4F;
8137 : 86;
8138 : 17;
8139 : 17;
813A : 17;
813B : 17;
813C : 17;
813D : 17;
813E : 4F;
813F : 86;
8140 : 66;
8141 : 66;
8142 : 66;
8143 : 66;
8144 : 66;
8145 : 66;
8146 : 66;
8147 : 66;
8148 : 66;
8149 : 66;
814A : 66;
814B : 66;
814C : 66;
814D : 66;
814E : 66;
814F : 66;
8150 : 66;
8151 : 66;
8152 : 66;
8153 : 66;
8154 : 66;
8155 : 66;
8156 : 66;
8157 : 66;
8158 : 66;
8159 : 66;
815A : 66;
815B : 66;
815C : 66;
815D : 66;
815E : 66;
815F : 66;
8160 : 66;
8161 : 66;
8162 : 66;
8163 : 66;
8164 : 66;
8165 : 66;
8166 : 66;
8167 : 66;
8168 : 66;
8169 : 66;
816A : 66;
816B : 66;
816C : 66;
816D : 66;
816E : 66;
816F : 66;
8170 : 66;
8171 : 66;
8172 : 66;
8173 : 66;
8174 : 66;
8175 : 66;
8176 : 66;
8177 : 66;
8178 : 66;
8179 : 66;
817A : 66;
817B : 66;
817C : 66;
817D : 66;
817E : 66;
817F : 66;
8180 : 66;
8181 : 66;
8182 : 66;
8183 : CA;
8184 : CA;
8185 : CA;
8186 : CA;
8187 : CA;
8188 : 66;
8189 : 66;
818A : 66;
818B : C6;
818C : E6;
818D : E6;
818E : E6;
818F : E6;
8190 : 66;
8191 : 66;
8192 : 66;
8193 : C6;
8194 : E6;
8195 : E6;
8196 : E6;
8197 : E6;
8198 : 66;
8199 : 66;
819A : 66;
819B : C6;
819C : E6;
819D : E6;
819E : E6;
819F : E6;
81A0 : 66;
81A1 : 66;
81A2 : 66;
81A3 : C6;
81A4 : E6;
81A5 : E6;
81A6 : E6;
81A7 : E6;
81A8 : 66;
81A9 : 66;
81AA : 66;
81AB : C6;
81AC : E6;
81AD : E6;
81AE : E6;
81AF : E6;
81B0 : 66;
81B1 : 66;
81B2 : 66;
81B3 : C6;
81B4 : E6;
81B5 : E6;
81B6 : E6;
81B7 : E6;
81B8 : 66;
81B9 : 66;
81BA : 66;
81BB : C6;
81BC : E6;
81BD : E6;
81BE : E6;
81BF : E6;
81C0 : CA;
81C1 : CA;
81C2 : CA;
81C3 : CA;
81C4 : CA;
81C5 : CA;
81C6 : CA;
81C7 : CA;
81C8 : E6;
81C9 : E6;
81CA : E6;
81CB : E6;
81CC : E6;
81CD : E6;
81CE : E6;
81CF : E6;
81D0 : E6;
81D1 : E6;
81D2 : E6;
81D3 : E6;
81D4 : E6;
81D5 : C6;
81D6 : C6;
81D7 : E6;
81D8 : E6;
81D9 : E6;
81DA : E6;
81DB : E6;
81DC : E6;
81DD : C6;
81DE : C6;
81DF : E6;
81E0 : E6;
81E1 : E6;
81E2 : E6;
81E3 : E6;
81E4 : E6;
81E5 : C6;
81E6 : C6;
81E7 : E6;
81E8 : E6;
81E9 : E6;
81EA : E6;
81EB : E6;
81EC : E6;
81ED : E6;
81EE : C6;
81EF : E6;
81F0 : E6;
81F1 : E6;
81F2 : E6;
81F3 : E6;
81F4 : E6;
81F5 : E6;
81F6 : E6;
81F7 : E6;
81F8 : E6;
81F9 : E6;
81FA : E6;
81FB : E6;
81FC : E6;
81FD : E6;
81FE : E6;
81FF : E6;
8200 : F0;
8201 : F0;
8202 : F0;
8203 : F0;
8204 : D0;
8205 : F0;
8206 : F0;
8207 : F0;
8208 : F0;
8209 : F0;
820A : F0;
820B : F0;
820C : F0;
820D : F0;
820E : F0;
820F : F0;
8210 : F0;
8211 : F0;
8212 : F0;
8213 : F0;
8214 : F0;
8215 : F0;
8216 : F0;
8217 : F0;
8218 : F0;
8219 : F0;
821A : F0;
821B : F0;
821C : F0;
821D : F0;
821E : F0;
821F : F0;
8220 : F0;
8221 : F0;
8222 : F0;
8223 : F0;
8224 : F0;
8225 : F0;
8226 : F0;
8227 : F0;
8228 : F0;
8229 : F0;
822A : F0;
822B : F0;
822C : F0;
822D : F0;
822E : F0;
822F : F0;
8230 : F0;
8231 : F0;
8232 : F0;
8233 : F0;
8234 : F0;
8235 : F0;
8236 : F0;
8237 : F0;
8238 : F0;
8239 : F0;
823A : F0;
823B : F0;
823C : F0;
823D : F0;
823E : F0;
823F : F0;
8240 : F0;
8241 : F0;
8242 : F0;
8243 : F0;
8244 : D5;
8245 : BB;
8246 : 9B;
8247 : 9B;
8248 : F0;
8249 : F0;
824A : F0;
824B : F0;
824C : D5;
824D : 9B;
824E : 9B;
824F : 9B;
8250 : F0;
8251 : F0;
8252 : F0;
8253 : F0;
8254 : D5;
8255 : 9B;
8256 : 9B;
8257 : 9B;
8258 : F0;
8259 : F0;
825A : F0;
825B : F0;
825C : D5;
825D : 9B;
825E : 9B;
825F : 9B;
8260 : F0;
8261 : F0;
8262 : F0;
8263 : F0;
8264 : D5;
8265 : 9B;
8266 : 9B;
8267 : 9B;
8268 : F0;
8269 : F0;
826A : F0;
826B : F0;
826C : D5;
826D : 9B;
826E : 9B;
826F : 9B;
8270 : F0;
8271 : F0;
8272 : F0;
8273 : F0;
8274 : D5;
8275 : 9B;
8276 : 9B;
8277 : 9B;
8278 : F0;
8279 : D0;
827A : F0;
827B : F0;
827C : D5;
827D : 9B;
827E : 9B;
827F : 9B;
8280 : 9B;
8281 : 9B;
8282 : 9B;
8283 : 9B;
8284 : 9B;
8285 : 9B;
8286 : 9B;
8287 : 9B;
8288 : 9B;
8289 : 9B;
828A : 9B;
828B : 9B;
828C : 9B;
828D : 9B;
828E : 9B;
828F : 9B;
8290 : 9B;
8291 : 9B;
8292 : 9B;
8293 : 9B;
8294 : 9B;
8295 : 9B;
8296 : 9B;
8297 : 9B;
8298 : 9B;
8299 : 9B;
829A : 9B;
829B : 9B;
829C : 9B;
829D : 9B;
829E : 9B;
829F : 9B;
82A0 : 9B;
82A1 : 9B;
82A2 : 9B;
82A3 : 9B;
82A4 : 9B;
82A5 : 9B;
82A6 : 9B;
82A7 : 9B;
82A8 : 9B;
82A9 : 9B;
82AA : 9B;
82AB : 9B;
82AC : 9B;
82AD : 9B;
82AE : 9B;
82AF : 9B;
82B0 : 9B;
82B1 : 9B;
82B2 : 9B;
82B3 : 9B;
82B4 : 9B;
82B5 : 9B;
82B6 : 9B;
82B7 : 9B;
82B8 : 9B;
82B9 : 9B;
82BA : 9B;
82BB : 9B;
82BC : 9B;
82BD : 9B;
82BE : 9B;
82BF : 9B;
82C0 : 9B;
82C1 : 97;
82C2 : 6A;
82C3 : 6E;
82C4 : 6E;
82C5 : 6E;
82C6 : 6E;
82C7 : 6E;
82C8 : 9B;
82C9 : 77;
82CA : 6A;
82CB : 6A;
82CC : 6E;
82CD : 6E;
82CE : 6E;
82CF : 6E;
82D0 : 9B;
82D1 : 77;
82D2 : 6A;
82D3 : 6E;
82D4 : 6E;
82D5 : 6E;
82D6 : 6E;
82D7 : 6E;
82D8 : 9B;
82D9 : 77;
82DA : 6A;
82DB : 6E;
82DC : 6E;
82DD : 6E;
82DE : 6E;
82DF : 6E;
82E0 : 9B;
82E1 : 77;
82E2 : 6A;
82E3 : 6E;
82E4 : 6E;
82E5 : 6E;
82E6 : 6E;
82E7 : 6E;
82E8 : 9B;
82E9 : 77;
82EA : 6A;
82EB : 6E;
82EC : 6E;
82ED : 6E;
82EE : 6E;
82EF : 6E;
82F0 : 9B;
82F1 : 77;
82F2 : 6A;
82F3 : 6E;
82F4 : 6E;
82F5 : 6E;
82F6 : 6E;
82F7 : 6E;
82F8 : 9B;
82F9 : 77;
82FA : 6A;
82FB : 6E;
82FC : 6E;
82FD : 6E;
82FE : 6E;
82FF : 6E;
8300 : 6E;
8301 : 6E;
8302 : 6E;
8303 : 6E;
8304 : 6E;
8305 : 6E;
8306 : 89;
8307 : A9;
8308 : 6E;
8309 : 6E;
830A : 6E;
830B : 6E;
830C : 6E;
830D : 6E;
830E : 89;
830F : A4;
8310 : 6E;
8311 : 6E;
8312 : 6E;
8313 : 6E;
8314 : 6E;
8315 : 6E;
8316 : 89;
8317 : A4;
8318 : 6E;
8319 : 6E;
831A : 6E;
831B : 6E;
831C : 6E;
831D : 6E;
831E : 89;
831F : A4;
8320 : 6E;
8321 : 6E;
8322 : 6E;
8323 : 6E;
8324 : 6E;
8325 : 6E;
8326 : 89;
8327 : A4;
8328 : 6E;
8329 : 6E;
832A : 6E;
832B : 6E;
832C : 6E;
832D : 6E;
832E : 89;
832F : A4;
8330 : 6E;
8331 : 6E;
8332 : 6E;
8333 : 6E;
8334 : 6E;
8335 : 6E;
8336 : 89;
8337 : A4;
8338 : 6E;
8339 : 6E;
833A : 6E;
833B : 6E;
833C : 6E;
833D : 6E;
833E : 89;
833F : A5;
8340 : A5;
8341 : A5;
8342 : A5;
8343 : A5;
8344 : A5;
8345 : A5;
8346 : A5;
8347 : A5;
8348 : A4;
8349 : A4;
834A : A4;
834B : A4;
834C : A4;
834D : A4;
834E : A4;
834F : A4;
8350 : A5;
8351 : A5;
8352 : A5;
8353 : A5;
8354 : A5;
8355 : A5;
8356 : A5;
8357 : A5;
8358 : A5;
8359 : A5;
835A : A5;
835B : A5;
835C : A5;
835D : A5;
835E : A5;
835F : A5;
8360 : A5;
8361 : A5;
8362 : A5;
8363 : A5;
8364 : A5;
8365 : A5;
8366 : A5;
8367 : A5;
8368 : A5;
8369 : A5;
836A : A5;
836B : A5;
836C : A5;
836D : A5;
836E : A5;
836F : A5;
8370 : A5;
8371 : A5;
8372 : A5;
8373 : A5;
8374 : A5;
8375 : A5;
8376 : A5;
8377 : A5;
8378 : A5;
8379 : A5;
837A : A5;
837B : A5;
837C : A5;
837D : A5;
837E : A5;
837F : A5;
8380 : A5;
8381 : A9;
8382 : A5;
8383 : CD;
8384 : EC;
8385 : CC;
8386 : CC;
8387 : CC;
8388 : A4;
8389 : A4;
838A : A4;
838B : C8;
838C : EC;
838D : EC;
838E : EC;
838F : EC;
8390 : A5;
8391 : A5;
8392 : A5;
8393 : C8;
8394 : EC;
8395 : EC;
8396 : EC;
8397 : EC;
8398 : A5;
8399 : A5;
839A : A5;
839B : C8;
839C : EC;
839D : EC;
839E : EC;
839F : EC;
83A0 : A5;
83A1 : A5;
83A2 : A5;
83A3 : C8;
83A4 : EC;
83A5 : EC;
83A6 : EC;
83A7 : EC;
83A8 : A5;
83A9 : A5;
83AA : A5;
83AB : C8;
83AC : EC;
83AD : EC;
83AE : EC;
83AF : EC;
83B0 : A5;
83B1 : A5;
83B2 : A5;
83B3 : C8;
83B4 : EC;
83B5 : EC;
83B6 : EC;
83B7 : EC;
83B8 : A5;
83B9 : A5;
83BA : A5;
83BB : C8;
83BC : EC;
83BD : EC;
83BE : EC;
83BF : EC;
83C0 : CC;
83C1 : CC;
83C2 : CC;
83C3 : CC;
83C4 : CC;
83C5 : CC;
83C6 : EC;
83C7 : AD;
83C8 : EC;
83C9 : EC;
83CA : EC;
83CB : EC;
83CC : EC;
83CD : EC;
83CE : E8;
83CF : CD;
83D0 : EC;
83D1 : EC;
83D2 : EC;
83D3 : EC;
83D4 : EC;
83D5 : CC;
83D6 : EC;
83D7 : CD;
83D8 : EC;
83D9 : EC;
83DA : EC;
83DB : EC;
83DC : EC;
83DD : CC;
83DE : EC;
83DF : CD;
83E0 : EC;
83E1 : EC;
83E2 : EC;
83E3 : EC;
83E4 : EC;
83E5 : CC;
83E6 : EC;
83E7 : CD;
83E8 : EC;
83E9 : EC;
83EA : EC;
83EB : EC;
83EC : EC;
83ED : CC;
83EE : EC;
83EF : CD;
83F0 : EC;
83F1 : EC;
83F2 : EC;
83F3 : EC;
83F4 : EC;
83F5 : EC;
83F6 : EC;
83F7 : CD;
83F8 : EC;
83F9 : EC;
83FA : EC;
83FB : EC;
83FC : EC;
83FD : EC;
83FE : EC;
83FF : CD;
8400 : 53;
8401 : 17;
8402 : 13;
8403 : 13;
8404 : 13;
8405 : 13;
8406 : 13;
8407 : 13;
8408 : 53;
8409 : 13;
840A : 13;
840B : 13;
840C : 13;
840D : 13;
840E : 13;
840F : 13;
8410 : 53;
8411 : 13;
8412 : 13;
8413 : 13;
8414 : 13;
8415 : 13;
8416 : 13;
8417 : 13;
8418 : 53;
8419 : 13;
841A : 13;
841B : 13;
841C : 13;
841D : 13;
841E : 13;
841F : 13;
8420 : 53;
8421 : 13;
8422 : 13;
8423 : 13;
8424 : 13;
8425 : 13;
8426 : 13;
8427 : 13;
8428 : 53;
8429 : 13;
842A : 13;
842B : 13;
842C : 13;
842D : 13;
842E : 13;
842F : 13;
8430 : 53;
8431 : 13;
8432 : 13;
8433 : 13;
8434 : 13;
8435 : 13;
8436 : 13;
8437 : 13;
8438 : 53;
8439 : 13;
843A : 13;
843B : 13;
843C : 13;
843D : 13;
843E : 13;
843F : 13;
8440 : 13;
8441 : 13;
8442 : 13;
8443 : 13;
8444 : 33;
8445 : 8F;
8446 : 8F;
8447 : 8F;
8448 : 13;
8449 : 13;
844A : 13;
844B : 13;
844C : 33;
844D : 8F;
844E : 8F;
844F : 8F;
8450 : 13;
8451 : 13;
8452 : 13;
8453 : 13;
8454 : 33;
8455 : 8F;
8456 : 8F;
8457 : 8F;
8458 : 13;
8459 : 13;
845A : 13;
845B : 13;
845C : 33;
845D : 8F;
845E : 8F;
845F : 8F;
8460 : 13;
8461 : 13;
8462 : 13;
8463 : 13;
8464 : 33;
8465 : 8F;
8466 : 8F;
8467 : 8F;
8468 : 13;
8469 : 13;
846A : 13;
846B : 13;
846C : 33;
846D : 8F;
846E : 8F;
846F : 8F;
8470 : 13;
8471 : 13;
8472 : 13;
8473 : 13;
8474 : 33;
8475 : 8F;
8476 : 8F;
8477 : 8F;
8478 : 13;
8479 : 13;
847A : 13;
847B : 13;
847C : 13;
847D : 8F;
847E : 8F;
847F : 8F;
8480 : 8F;
8481 : 8F;
8482 : 8F;
8483 : 8F;
8484 : 8F;
8485 : 8F;
8486 : 8F;
8487 : 8F;
8488 : 8F;
8489 : 8F;
848A : 8F;
848B : 8F;
848C : 8F;
848D : 8F;
848E : 8F;
848F : 8F;
8490 : 8F;
8491 : 8F;
8492 : 8F;
8493 : 8F;
8494 : 8F;
8495 : 8F;
8496 : 8F;
8497 : 8F;
8498 : 8F;
8499 : 8F;
849A : 8F;
849B : 8F;
849C : 8F;
849D : 8F;
849E : 8F;
849F : 8F;
84A0 : 8F;
84A1 : 8F;
84A2 : 8F;
84A3 : 8F;
84A4 : 8F;
84A5 : 8F;
84A6 : 8F;
84A7 : 8F;
84A8 : 8F;
84A9 : 8F;
84AA : 8F;
84AB : 8F;
84AC : 8F;
84AD : 8F;
84AE : 8F;
84AF : 8F;
84B0 : 8F;
84B1 : 8F;
84B2 : 8F;
84B3 : 8F;
84B4 : 8F;
84B5 : 8F;
84B6 : 8F;
84B7 : 8F;
84B8 : 8F;
84B9 : 8F;
84BA : 8F;
84BB : 8F;
84BC : 8F;
84BD : 8F;
84BE : 8F;
84BF : 8F;
84C0 : 6F;
84C1 : CB;
84C2 : E7;
84C3 : E7;
84C4 : E7;
84C5 : E7;
84C6 : E7;
84C7 : E7;
84C8 : 6F;
84C9 : CB;
84CA : E3;
84CB : E3;
84CC : E3;
84CD : E3;
84CE : E3;
84CF : E3;
84D0 : 6F;
84D1 : CB;
84D2 : E3;
84D3 : E3;
84D4 : E3;
84D5 : E3;
84D6 : E3;
84D7 : E3;
84D8 : 6F;
84D9 : CB;
84DA : E3;
84DB : E3;
84DC : E3;
84DD : E3;
84DE : E3;
84DF : E3;
84E0 : 6F;
84E1 : CB;
84E2 : E3;
84E3 : E3;
84E4 : E3;
84E5 : E3;
84E6 : E3;
84E7 : E3;
84E8 : 6F;
84E9 : CB;
84EA : E3;
84EB : E3;
84EC : E3;
84ED : E3;
84EE : E3;
84EF : E3;
84F0 : 6F;
84F1 : CB;
84F2 : E3;
84F3 : E3;
84F4 : E3;
84F5 : E3;
84F6 : E3;
84F7 : E3;
84F8 : 6F;
84F9 : CB;
84FA : E3;
84FB : E3;
84FC : E3;
84FD : E3;
84FE : E3;
84FF : E3;
8500 : E7;
8501 : E7;
8502 : E7;
8503 : E7;
8504 : E7;
8505 : E7;
8506 : C9;
8507 : AC;
8508 : E3;
8509 : E3;
850A : E3;
850B : E3;
850C : E3;
850D : E3;
850E : C5;
850F : AC;
8510 : E3;
8511 : E3;
8512 : E3;
8513 : E3;
8514 : E3;
8515 : E3;
8516 : C5;
8517 : AC;
8518 : E3;
8519 : E3;
851A : E3;
851B : E3;
851C : E3;
851D : E3;
851E : C5;
851F : AC;
8520 : E3;
8521 : E3;
8522 : E3;
8523 : E3;
8524 : E3;
8525 : E3;
8526 : C5;
8527 : AC;
8528 : E3;
8529 : E3;
852A : E3;
852B : E3;
852C : E3;
852D : E3;
852E : C5;
852F : AC;
8530 : E3;
8531 : E3;
8532 : E3;
8533 : E3;
8534 : E3;
8535 : E3;
8536 : C5;
8537 : AC;
8538 : E3;
8539 : E3;
853A : E3;
853B : E3;
853C : E3;
853D : E3;
853E : C5;
853F : AC;
8540 : A8;
8541 : A8;
8542 : AC;
8543 : A8;
8544 : A8;
8545 : A8;
8546 : A8;
8547 : A8;
8548 : A8;
8549 : A8;
854A : A8;
854B : A8;
854C : A8;
854D : A8;
854E : A8;
854F : A8;
8550 : A8;
8551 : A8;
8552 : A8;
8553 : A8;
8554 : A8;
8555 : A8;
8556 : A8;
8557 : A8;
8558 : A8;
8559 : A8;
855A : A8;
855B : A8;
855C : A8;
855D : A8;
855E : A8;
855F : A8;
8560 : A8;
8561 : A8;
8562 : A8;
8563 : A8;
8564 : A8;
8565 : A8;
8566 : A8;
8567 : A8;
8568 : A8;
8569 : A8;
856A : A8;
856B : A8;
856C : A8;
856D : A8;
856E : A8;
856F : A8;
8570 : A8;
8571 : A8;
8572 : A8;
8573 : A8;
8574 : A8;
8575 : A8;
8576 : A8;
8577 : A8;
8578 : A8;
8579 : A8;
857A : A8;
857B : A8;
857C : A8;
857D : A8;
857E : A8;
857F : A8;
8580 : A8;
8581 : A8;
8582 : AC;
8583 : D1;
8584 : D4;
8585 : F4;
8586 : F0;
8587 : F0;
8588 : A8;
8589 : A8;
858A : A8;
858B : D0;
858C : F4;
858D : F4;
858E : F4;
858F : D4;
8590 : A8;
8591 : A8;
8592 : A8;
8593 : D0;
8594 : F4;
8595 : F4;
8596 : F4;
8597 : F4;
8598 : A8;
8599 : A8;
859A : A8;
859B : D0;
859C : F4;
859D : F4;
859E : F4;
859F : F4;
85A0 : A8;
85A1 : A8;
85A2 : A8;
85A3 : D0;
85A4 : F4;
85A5 : F4;
85A6 : F4;
85A7 : F4;
85A8 : A8;
85A9 : A8;
85AA : A8;
85AB : D0;
85AC : F4;
85AD : F4;
85AE : F4;
85AF : F4;
85B0 : A8;
85B1 : A8;
85B2 : A8;
85B3 : D0;
85B4 : F4;
85B5 : F4;
85B6 : F4;
85B7 : D4;
85B8 : A8;
85B9 : A8;
85BA : A8;
85BB : D0;
85BC : F4;
85BD : D4;
85BE : D4;
85BF : D4;
85C0 : F0;
85C1 : F4;
85C2 : F0;
85C3 : F0;
85C4 : F0;
85C5 : F0;
85C6 : F0;
85C7 : F0;
85C8 : D4;
85C9 : D4;
85CA : D4;
85CB : D4;
85CC : D4;
85CD : D4;
85CE : F4;
85CF : F4;
85D0 : F4;
85D1 : F4;
85D2 : F4;
85D3 : F4;
85D4 : F4;
85D5 : F4;
85D6 : F4;
85D7 : F4;
85D8 : F4;
85D9 : F4;
85DA : F4;
85DB : F4;
85DC : F4;
85DD : F4;
85DE : F4;
85DF : F4;
85E0 : F4;
85E1 : F4;
85E2 : F4;
85E3 : F4;
85E4 : F4;
85E5 : F4;
85E6 : F4;
85E7 : F4;
85E8 : F4;
85E9 : F4;
85EA : F4;
85EB : F4;
85EC : F4;
85ED : F4;
85EE : F4;
85EF : F4;
85F0 : F4;
85F1 : F4;
85F2 : F4;
85F3 : F4;
85F4 : F4;
85F5 : F4;
85F6 : F4;
85F7 : F4;
85F8 : F4;
85F9 : F4;
85FA : F4;
85FB : F4;
85FC : F4;
85FD : F4;
85FE : F4;
85FF : F4;
8600 : 33;
8601 : 33;
8602 : 33;
8603 : 33;
8604 : 33;
8605 : 33;
8606 : 33;
8607 : 33;
8608 : 8B;
8609 : 8B;
860A : 8B;
860B : 8B;
860C : 8B;
860D : 8B;
860E : 8B;
860F : 8B;
8610 : E3;
8611 : E3;
8612 : E3;
8613 : E3;
8614 : E3;
8615 : E3;
8616 : E3;
8617 : E3;
8618 : E3;
8619 : E3;
861A : E3;
861B : E3;
861C : E3;
861D : E3;
861E : E3;
861F : E3;
8620 : E3;
8621 : E3;
8622 : E3;
8623 : E3;
8624 : E3;
8625 : E3;
8626 : E3;
8627 : E3;
8628 : E3;
8629 : E3;
862A : E3;
862B : E3;
862C : E3;
862D : E3;
862E : E3;
862F : E3;
8630 : E3;
8631 : E3;
8632 : E3;
8633 : E3;
8634 : E3;
8635 : E3;
8636 : E3;
8637 : E3;
8638 : E3;
8639 : E3;
863A : E3;
863B : E3;
863C : E3;
863D : E3;
863E : E3;
863F : E3;
8640 : 33;
8641 : 33;
8642 : 33;
8643 : 33;
8644 : 6F;
8645 : A3;
8646 : A3;
8647 : A3;
8648 : 8B;
8649 : 8B;
864A : 8B;
864B : 8B;
864C : 8B;
864D : 8B;
864E : 8B;
864F : 8B;
8650 : E3;
8651 : E3;
8652 : E3;
8653 : E3;
8654 : C7;
8655 : 53;
8656 : 33;
8657 : 53;
8658 : E3;
8659 : E3;
865A : E3;
865B : E3;
865C : C7;
865D : 73;
865E : 53;
865F : 53;
8660 : E3;
8661 : E3;
8662 : E3;
8663 : E3;
8664 : C7;
8665 : 73;
8666 : 53;
8667 : 53;
8668 : E3;
8669 : E3;
866A : E3;
866B : E3;
866C : C7;
866D : 73;
866E : 53;
866F : 53;
8670 : E3;
8671 : E3;
8672 : E3;
8673 : E3;
8674 : C7;
8675 : 73;
8676 : 53;
8677 : 53;
8678 : E3;
8679 : E3;
867A : E3;
867B : E3;
867C : C7;
867D : 53;
867E : 53;
867F : 53;
8680 : A3;
8681 : A3;
8682 : A3;
8683 : A3;
8684 : A3;
8685 : A3;
8686 : A3;
8687 : A3;
8688 : 8B;
8689 : 8B;
868A : 8B;
868B : 8B;
868C : 8B;
868D : 8B;
868E : 8B;
868F : 8B;
8690 : 53;
8691 : 53;
8692 : 53;
8693 : 53;
8694 : 53;
8695 : 53;
8696 : 53;
8697 : 53;
8698 : 53;
8699 : 53;
869A : 53;
869B : 53;
869C : 53;
869D : 53;
869E : 53;
869F : 53;
86A0 : 53;
86A1 : 53;
86A2 : 53;
86A3 : 53;
86A4 : 53;
86A5 : 53;
86A6 : 53;
86A7 : 53;
86A8 : 53;
86A9 : 53;
86AA : 53;
86AB : 53;
86AC : 53;
86AD : 53;
86AE : 53;
86AF : 53;
86B0 : 53;
86B1 : 53;
86B2 : 53;
86B3 : 53;
86B4 : 53;
86B5 : 53;
86B6 : 53;
86B7 : 53;
86B8 : 53;
86B9 : 53;
86BA : 53;
86BB : 53;
86BC : 53;
86BD : 53;
86BE : 53;
86BF : 53;
86C0 : A3;
86C1 : C2;
86C2 : E0;
86C3 : E0;
86C4 : E0;
86C5 : E0;
86C6 : E0;
86C7 : E0;
86C8 : 6B;
86C9 : A7;
86CA : C1;
86CB : C1;
86CC : C1;
86CD : C1;
86CE : C1;
86CF : C1;
86D0 : 33;
86D1 : 6B;
86D2 : A3;
86D3 : A3;
86D4 : A3;
86D5 : A3;
86D6 : A3;
86D7 : A3;
86D8 : 53;
86D9 : 6B;
86DA : A3;
86DB : A3;
86DC : A3;
86DD : A3;
86DE : A3;
86DF : A3;
86E0 : 53;
86E1 : 6B;
86E2 : A3;
86E3 : A3;
86E4 : A3;
86E5 : A3;
86E6 : A3;
86E7 : A3;
86E8 : 53;
86E9 : 6B;
86EA : A3;
86EB : A3;
86EC : A3;
86ED : A3;
86EE : A3;
86EF : A3;
86F0 : 53;
86F1 : 6B;
86F2 : A3;
86F3 : A3;
86F4 : A3;
86F5 : A3;
86F6 : A3;
86F7 : A3;
86F8 : 53;
86F9 : 6B;
86FA : A3;
86FB : A3;
86FC : A3;
86FD : A3;
86FE : A3;
86FF : A3;
8700 : E0;
8701 : E0;
8702 : E0;
8703 : E0;
8704 : E0;
8705 : E0;
8706 : C8;
8707 : 90;
8708 : C1;
8709 : C1;
870A : C1;
870B : C1;
870C : C1;
870D : C1;
870E : C5;
870F : C8;
8710 : A3;
8711 : A3;
8712 : A3;
8713 : A3;
8714 : A3;
8715 : A3;
8716 : C2;
8717 : E0;
8718 : A3;
8719 : A3;
871A : A3;
871B : A3;
871C : A3;
871D : A3;
871E : C2;
871F : E0;
8720 : A3;
8721 : A3;
8722 : A3;
8723 : A3;
8724 : A3;
8725 : A3;
8726 : C2;
8727 : E0;
8728 : A3;
8729 : A3;
872A : A3;
872B : A3;
872C : A3;
872D : A3;
872E : C2;
872F : E0;
8730 : A3;
8731 : A3;
8732 : A3;
8733 : A3;
8734 : A3;
8735 : A3;
8736 : C2;
8737 : E0;
8738 : A3;
8739 : A3;
873A : A3;
873B : A3;
873C : A3;
873D : A3;
873E : C2;
873F : E0;
8740 : B0;
8741 : B0;
8742 : B0;
8743 : B0;
8744 : B0;
8745 : B0;
8746 : B0;
8747 : B0;
8748 : C8;
8749 : C8;
874A : C8;
874B : C8;
874C : C8;
874D : C8;
874E : C8;
874F : C8;
8750 : E0;
8751 : E0;
8752 : E0;
8753 : E0;
8754 : E0;
8755 : E0;
8756 : E0;
8757 : E0;
8758 : E0;
8759 : E0;
875A : E0;
875B : E0;
875C : E0;
875D : E0;
875E : E0;
875F : E0;
8760 : E0;
8761 : E0;
8762 : E0;
8763 : E0;
8764 : E0;
8765 : E0;
8766 : E0;
8767 : E0;
8768 : E0;
8769 : E0;
876A : E0;
876B : E0;
876C : E0;
876D : E0;
876E : E0;
876F : E0;
8770 : E0;
8771 : E0;
8772 : E0;
8773 : E0;
8774 : E0;
8775 : E0;
8776 : E0;
8777 : E0;
8778 : E0;
8779 : E0;
877A : E0;
877B : E0;
877C : E0;
877D : E0;
877E : E0;
877F : E0;
8780 : B0;
8781 : B0;
8782 : B0;
8783 : D8;
8784 : F8;
8785 : F8;
8786 : F8;
8787 : F8;
8788 : C8;
8789 : C8;
878A : C8;
878B : D4;
878C : D4;
878D : D4;
878E : D4;
878F : D4;
8790 : E0;
8791 : E0;
8792 : E0;
8793 : AC;
8794 : B0;
8795 : AC;
8796 : AC;
8797 : AC;
8798 : E0;
8799 : E0;
879A : E0;
879B : AC;
879C : B0;
879D : B0;
879E : B0;
879F : B0;
87A0 : E0;
87A1 : E0;
87A2 : E1;
87A3 : AC;
87A4 : B0;
87A5 : B0;
87A6 : B0;
87A7 : B0;
87A8 : E0;
87A9 : E0;
87AA : E1;
87AB : AC;
87AC : B0;
87AD : B0;
87AE : B0;
87AF : B0;
87B0 : E0;
87B1 : E0;
87B2 : E1;
87B3 : AC;
87B4 : B0;
87B5 : B0;
87B6 : B0;
87B7 : B0;
87B8 : E0;
87B9 : E0;
87BA : E1;
87BB : AC;
87BC : B0;
87BD : B0;
87BE : B0;
87BF : B0;
87C0 : F8;
87C1 : F8;
87C2 : F8;
87C3 : F8;
87C4 : F8;
87C5 : F8;
87C6 : F8;
87C7 : D9;
87C8 : D4;
87C9 : D4;
87CA : D4;
87CB : D4;
87CC : D4;
87CD : D4;
87CE : D4;
87CF : D5;
87D0 : AC;
87D1 : AC;
87D2 : AC;
87D3 : AC;
87D4 : AC;
87D5 : AC;
87D6 : B0;
87D7 : AC;
87D8 : B0;
87D9 : B0;
87DA : B0;
87DB : B0;
87DC : B0;
87DD : B0;
87DE : B0;
87DF : AC;
87E0 : B0;
87E1 : B0;
87E2 : B0;
87E3 : B0;
87E4 : B0;
87E5 : B0;
87E6 : B0;
87E7 : AC;
87E8 : B0;
87E9 : B0;
87EA : B0;
87EB : B0;
87EC : B0;
87ED : B0;
87EE : B0;
87EF : AC;
87F0 : B0;
87F1 : B0;
87F2 : B0;
87F3 : B0;
87F4 : B0;
87F5 : B0;
87F6 : B0;
87F7 : AC;
87F8 : B0;
87F9 : B0;
87FA : B0;
87FB : B0;
87FC : B0;
87FD : B0;
87FE : B0;
87FF : AC;
8800 : 37;
8801 : 17;
8802 : 17;
8803 : 17;
8804 : 17;
8805 : 17;
8806 : 17;
8807 : 17;
8808 : 8D;
8809 : 6E;
880A : 6E;
880B : 6E;
880C : 6E;
880D : 6E;
880E : 6E;
880F : 6E;
8810 : E4;
8811 : E0;
8812 : E0;
8813 : E0;
8814 : E0;
8815 : E0;
8816 : E0;
8817 : E0;
8818 : E4;
8819 : E0;
881A : E0;
881B : E0;
881C : E0;
881D : E0;
881E : E0;
881F : E0;
8820 : E4;
8821 : E0;
8822 : E0;
8823 : E0;
8824 : E0;
8825 : E0;
8826 : E0;
8827 : E0;
8828 : E4;
8829 : E0;
882A : E0;
882B : E0;
882C : E0;
882D : E0;
882E : E0;
882F : E0;
8830 : E4;
8831 : E0;
8832 : E0;
8833 : E0;
8834 : E0;
8835 : E0;
8836 : E0;
8837 : E0;
8838 : E4;
8839 : E0;
883A : E0;
883B : E0;
883C : E0;
883D : E0;
883E : E0;
883F : E0;
8840 : 17;
8841 : 17;
8842 : 17;
8843 : 17;
8844 : 56;
8845 : F8;
8846 : F8;
8847 : F8;
8848 : 6E;
8849 : 6E;
884A : 6E;
884B : 6E;
884C : 92;
884D : 95;
884E : 95;
884F : 95;
8850 : E0;
8851 : E0;
8852 : E0;
8853 : E0;
8854 : A5;
8855 : 13;
8856 : 13;
8857 : 13;
8858 : E0;
8859 : E0;
885A : E0;
885B : E0;
885C : A5;
885D : 13;
885E : 13;
885F : 13;
8860 : E0;
8861 : E0;
8862 : E0;
8863 : E0;
8864 : A5;
8865 : 13;
8866 : 13;
8867 : 13;
8868 : E0;
8869 : E0;
886A : E0;
886B : E0;
886C : A5;
886D : 13;
886E : 13;
886F : 13;
8870 : E0;
8871 : E0;
8872 : E0;
8873 : E0;
8874 : A5;
8875 : 13;
8876 : 13;
8877 : 13;
8878 : E0;
8879 : E0;
887A : E0;
887B : E0;
887C : A5;
887D : 13;
887E : 13;
887F : 13;
8880 : F8;
8881 : F8;
8882 : F8;
8883 : F8;
8884 : F8;
8885 : F8;
8886 : F8;
8887 : F8;
8888 : 95;
8889 : 95;
888A : 95;
888B : 95;
888C : 95;
888D : 95;
888E : 95;
888F : 95;
8890 : 13;
8891 : 13;
8892 : 13;
8893 : 13;
8894 : 13;
8895 : 13;
8896 : 13;
8897 : 13;
8898 : 13;
8899 : 13;
889A : 13;
889B : 13;
889C : 13;
889D : 13;
889E : 13;
889F : 13;
88A0 : 13;
88A1 : 13;
88A2 : 13;
88A3 : 13;
88A4 : 13;
88A5 : 13;
88A6 : 13;
88A7 : 13;
88A8 : 13;
88A9 : 13;
88AA : 13;
88AB : 13;
88AC : 13;
88AD : 13;
88AE : 13;
88AF : 13;
88B0 : 13;
88B1 : 13;
88B2 : 13;
88B3 : 13;
88B4 : 13;
88B5 : 13;
88B6 : 13;
88B7 : 13;
88B8 : 13;
88B9 : 13;
88BA : 13;
88BB : 13;
88BC : 13;
88BD : 13;
88BE : 13;
88BF : 13;
88C0 : F8;
88C1 : DC;
88C2 : 7C;
88C3 : 7C;
88C4 : 7C;
88C5 : 7C;
88C6 : 7C;
88C7 : 7C;
88C8 : 95;
88C9 : B9;
88CA : BC;
88CB : BC;
88CC : BC;
88CD : BC;
88CE : BC;
88CF : BC;
88D0 : 13;
88D1 : 76;
88D2 : F8;
88D3 : F8;
88D4 : F8;
88D5 : F8;
88D6 : F8;
88D7 : F8;
88D8 : 13;
88D9 : 96;
88DA : F8;
88DB : F8;
88DC : F8;
88DD : F8;
88DE : F8;
88DF : F8;
88E0 : 13;
88E1 : 96;
88E2 : F8;
88E3 : F8;
88E4 : F8;
88E5 : F8;
88E6 : F8;
88E7 : F8;
88E8 : 13;
88E9 : 96;
88EA : F8;
88EB : F8;
88EC : F8;
88ED : F8;
88EE : F8;
88EF : F8;
88F0 : 13;
88F1 : 96;
88F2 : F8;
88F3 : F8;
88F4 : F8;
88F5 : F8;
88F6 : F8;
88F7 : F8;
88F8 : 13;
88F9 : 96;
88FA : F8;
88FB : F8;
88FC : F8;
88FD : F8;
88FE : F8;
88FF : F8;
8900 : 7C;
8901 : 7C;
8902 : 7C;
8903 : 7C;
8904 : 7C;
8905 : 7C;
8906 : 56;
8907 : 2F;
8908 : BC;
8909 : BC;
890A : BC;
890B : BC;
890C : BC;
890D : BC;
890E : 79;
890F : 55;
8910 : F8;
8911 : F8;
8912 : F8;
8913 : F8;
8914 : F8;
8915 : F8;
8916 : 9C;
8917 : 7C;
8918 : F8;
8919 : F8;
891A : F8;
891B : F8;
891C : F8;
891D : F8;
891E : 9C;
891F : 7C;
8920 : F8;
8921 : F8;
8922 : F8;
8923 : F8;
8924 : F8;
8925 : F8;
8926 : 9C;
8927 : 7C;
8928 : F8;
8929 : F8;
892A : F8;
892B : F8;
892C : F8;
892D : F8;
892E : 9C;
892F : 7C;
8930 : F8;
8931 : F8;
8932 : F8;
8933 : F8;
8934 : F8;
8935 : F8;
8936 : 9C;
8937 : 7C;
8938 : F8;
8939 : F8;
893A : F8;
893B : F8;
893C : F8;
893D : F8;
893E : 9C;
893F : 7C;
8940 : 2F;
8941 : 2E;
8942 : 2E;
8943 : 2E;
8944 : 2E;
8945 : 2E;
8946 : 2E;
8947 : 2E;
8948 : 55;
8949 : 55;
894A : 55;
894B : 55;
894C : 55;
894D : 55;
894E : 55;
894F : 55;
8950 : 7C;
8951 : 7C;
8952 : 7C;
8953 : 7C;
8954 : 7C;
8955 : 7C;
8956 : 7C;
8957 : 7C;
8958 : 7C;
8959 : 7C;
895A : 7C;
895B : 7C;
895C : 7C;
895D : 7C;
895E : 7C;
895F : 7C;
8960 : 7C;
8961 : 7C;
8962 : 7C;
8963 : 7C;
8964 : 7C;
8965 : 7C;
8966 : 7C;
8967 : 7C;
8968 : 7C;
8969 : 7C;
896A : 7C;
896B : 7C;
896C : 7C;
896D : 7C;
896E : 7C;
896F : 7C;
8970 : 7C;
8971 : 7C;
8972 : 7C;
8973 : 7C;
8974 : 7C;
8975 : 7C;
8976 : 7C;
8977 : 7C;
8978 : 7C;
8979 : 7C;
897A : 7C;
897B : 7C;
897C : 7C;
897D : 7C;
897E : 7C;
897F : 7C;
8980 : 2E;
8981 : 2E;
8982 : 2F;
8983 : 2B;
8984 : 27;
8985 : 27;
8986 : 27;
8987 : 27;
8988 : 55;
8989 : 55;
898A : 55;
898B : 2E;
898C : 2B;
898D : 2B;
898E : 2B;
898F : 2B;
8990 : 7C;
8991 : 7C;
8992 : 7C;
8993 : 35;
8994 : 2E;
8995 : 32;
8996 : 32;
8997 : 32;
8998 : 7C;
8999 : 7C;
899A : 7C;
899B : 31;
899C : 2E;
899D : 2E;
899E : 32;
899F : 32;
89A0 : 7C;
89A1 : 7C;
89A2 : 7C;
89A3 : 31;
89A4 : 2E;
89A5 : 2E;
89A6 : 32;
89A7 : 32;
89A8 : 7C;
89A9 : 7C;
89AA : 7C;
89AB : 31;
89AC : 2E;
89AD : 2E;
89AE : 32;
89AF : 32;
89B0 : 7C;
89B1 : 7C;
89B2 : 7C;
89B3 : 31;
89B4 : 2E;
89B5 : 2E;
89B6 : 32;
89B7 : 32;
89B8 : 7C;
89B9 : 7C;
89BA : 7C;
89BB : 31;
89BC : 2F;
89BD : 2E;
89BE : 32;
89BF : 32;
89C0 : 27;
89C1 : 27;
89C2 : 27;
89C3 : 27;
89C4 : 27;
89C5 : 27;
89C6 : 27;
89C7 : 47;
89C8 : 2B;
89C9 : 2B;
89CA : 2B;
89CB : 2B;
89CC : 2B;
89CD : 2B;
89CE : 2B;
89CF : 2B;
89D0 : 32;
89D1 : 32;
89D2 : 32;
89D3 : 32;
89D4 : 32;
89D5 : 32;
89D6 : 32;
89D7 : 32;
89D8 : 32;
89D9 : 32;
89DA : 32;
89DB : 32;
89DC : 32;
89DD : 32;
89DE : 2E;
89DF : 32;
89E0 : 32;
89E1 : 32;
89E2 : 32;
89E3 : 32;
89E4 : 32;
89E5 : 32;
89E6 : 2E;
89E7 : 32;
89E8 : 32;
89E9 : 32;
89EA : 32;
89EB : 32;
89EC : 32;
89ED : 32;
89EE : 2E;
89EF : 32;
89F0 : 32;
89F1 : 32;
89F2 : 32;
89F3 : 32;
89F4 : 32;
89F5 : 32;
89F6 : 2E;
89F7 : 32;
89F8 : 32;
89F9 : 32;
89FA : 32;
89FB : 32;
89FC : 32;
89FD : 32;
89FE : 2E;
89FF : 32;
8A00 : 7C;
8A01 : 7C;
8A02 : 9C;
8A03 : 9C;
8A04 : 9C;
8A05 : 9C;
8A06 : 9C;
8A07 : 9C;
8A08 : 5A;
8A09 : 59;
8A0A : 59;
8A0B : 59;
8A0C : 59;
8A0D : 59;
8A0E : 79;
8A0F : 79;
8A10 : 37;
8A11 : 37;
8A12 : 37;
8A13 : 37;
8A14 : 37;
8A15 : 37;
8A16 : 37;
8A17 : 37;
8A18 : 37;
8A19 : 37;
8A1A : 37;
8A1B : 37;
8A1C : 37;
8A1D : 37;
8A1E : 37;
8A1F : 37;
8A20 : 37;
8A21 : 37;
8A22 : 37;
8A23 : 37;
8A24 : 37;
8A25 : 37;
8A26 : 37;
8A27 : 37;
8A28 : 37;
8A29 : 37;
8A2A : 37;
8A2B : 37;
8A2C : 37;
8A2D : 37;
8A2E : 37;
8A2F : 37;
8A30 : 37;
8A31 : 37;
8A32 : 37;
8A33 : 37;
8A34 : 37;
8A35 : 37;
8A36 : 37;
8A37 : 37;
8A38 : 37;
8A39 : 37;
8A3A : 37;
8A3B : 37;
8A3C : 37;
8A3D : 37;
8A3E : 37;
8A3F : 37;
8A40 : 9C;
8A41 : 9C;
8A42 : 9C;
8A43 : 9C;
8A44 : 7C;
8A45 : 1C;
8A46 : 1C;
8A47 : 1C;
8A48 : 79;
8A49 : 79;
8A4A : 79;
8A4B : 79;
8A4C : 59;
8A4D : 5C;
8A4E : 3C;
8A4F : 3C;
8A50 : 37;
8A51 : 37;
8A52 : 37;
8A53 : 37;
8A54 : 57;
8A55 : 9C;
8A56 : 9C;
8A57 : 9C;
8A58 : 37;
8A59 : 37;
8A5A : 37;
8A5B : 37;
8A5C : 57;
8A5D : 9C;
8A5E : 7C;
8A5F : 7C;
8A60 : 37;
8A61 : 37;
8A62 : 37;
8A63 : 37;
8A64 : 57;
8A65 : 9C;
8A66 : 7C;
8A67 : 7C;
8A68 : 37;
8A69 : 37;
8A6A : 37;
8A6B : 37;
8A6C : 57;
8A6D : 9C;
8A6E : 7C;
8A6F : 7C;
8A70 : 37;
8A71 : 37;
8A72 : 37;
8A73 : 37;
8A74 : 57;
8A75 : 9C;
8A76 : 7C;
8A77 : 7C;
8A78 : 37;
8A79 : 37;
8A7A : 37;
8A7B : 37;
8A7C : 57;
8A7D : 9C;
8A7E : 7C;
8A7F : 7C;
8A80 : 1C;
8A81 : 1C;
8A82 : 1C;
8A83 : 1C;
8A84 : 1C;
8A85 : 1C;
8A86 : 1C;
8A87 : 1C;
8A88 : 3C;
8A89 : 3C;
8A8A : 5C;
8A8B : 5C;
8A8C : 5C;
8A8D : 5C;
8A8E : 5C;
8A8F : 5C;
8A90 : 9C;
8A91 : 9C;
8A92 : 9C;
8A93 : 9C;
8A94 : 9C;
8A95 : 9C;
8A96 : 9C;
8A97 : 9C;
8A98 : 7C;
8A99 : 7C;
8A9A : 7C;
8A9B : 7C;
8A9C : 7C;
8A9D : 7C;
8A9E : 7C;
8A9F : 7C;
8AA0 : 7C;
8AA1 : 7C;
8AA2 : 7C;
8AA3 : 7C;
8AA4 : 7C;
8AA5 : 7C;
8AA6 : 7C;
8AA7 : 7C;
8AA8 : 7C;
8AA9 : 7C;
8AAA : 7C;
8AAB : 7C;
8AAC : 7C;
8AAD : 7C;
8AAE : 7C;
8AAF : 7C;
8AB0 : 7C;
8AB1 : 7C;
8AB2 : 7C;
8AB3 : 7C;
8AB4 : 7C;
8AB5 : 7C;
8AB6 : 7C;
8AB7 : 7C;
8AB8 : 7C;
8AB9 : 7C;
8ABA : 7C;
8ABB : 7C;
8ABC : 7C;
8ABD : 7C;
8ABE : 7C;
8ABF : 7C;
8AC0 : 1C;
8AC1 : 1A;
8AC2 : 17;
8AC3 : 17;
8AC4 : 17;
8AC5 : 17;
8AC6 : 17;
8AC7 : 17;
8AC8 : 5C;
8AC9 : 39;
8ACA : 1A;
8ACB : 1A;
8ACC : 1A;
8ACD : 1A;
8ACE : 1A;
8ACF : 1A;
8AD0 : 9C;
8AD1 : 5C;
8AD2 : 1C;
8AD3 : 1C;
8AD4 : 1C;
8AD5 : 1C;
8AD6 : 1C;
8AD7 : 1C;
8AD8 : 9C;
8AD9 : 5C;
8ADA : 1C;
8ADB : 1C;
8ADC : 1C;
8ADD : 1C;
8ADE : 1C;
8ADF : 1C;
8AE0 : 9C;
8AE1 : 5C;
8AE2 : 1C;
8AE3 : 1C;
8AE4 : 1C;
8AE5 : 1C;
8AE6 : 1C;
8AE7 : 1C;
8AE8 : 9C;
8AE9 : 5C;
8AEA : 1C;
8AEB : 1C;
8AEC : 1C;
8AED : 1C;
8AEE : 1C;
8AEF : 1C;
8AF0 : 9C;
8AF1 : 5C;
8AF2 : 1C;
8AF3 : 1C;
8AF4 : 1C;
8AF5 : 1C;
8AF6 : 1C;
8AF7 : 1C;
8AF8 : 9C;
8AF9 : 5C;
8AFA : 1C;
8AFB : 1C;
8AFC : 1C;
8AFD : 1C;
8AFE : 1C;
8AFF : 1C;
8B00 : 17;
8B01 : 17;
8B02 : 17;
8B03 : 17;
8B04 : 17;
8B05 : 17;
8B06 : 4B;
8B07 : 82;
8B08 : 1A;
8B09 : 1A;
8B0A : 1A;
8B0B : 1A;
8B0C : 1A;
8B0D : 1A;
8B0E : 32;
8B0F : 4B;
8B10 : 1C;
8B11 : 1C;
8B12 : 1C;
8B13 : 1C;
8B14 : 1C;
8B15 : 1C;
8B16 : 1A;
8B17 : 17;
8B18 : 1C;
8B19 : 1C;
8B1A : 1C;
8B1B : 1C;
8B1C : 1C;
8B1D : 1C;
8B1E : 1A;
8B1F : 17;
8B20 : 1C;
8B21 : 1C;
8B22 : 1C;
8B23 : 1C;
8B24 : 1C;
8B25 : 1C;
8B26 : 1A;
8B27 : 17;
8B28 : 1C;
8B29 : 1C;
8B2A : 1C;
8B2B : 1C;
8B2C : 1C;
8B2D : 1C;
8B2E : 1A;
8B2F : 17;
8B30 : 1C;
8B31 : 1C;
8B32 : 1C;
8B33 : 1C;
8B34 : 1C;
8B35 : 1C;
8B36 : 1A;
8B37 : 17;
8B38 : 1C;
8B39 : 1C;
8B3A : 1C;
8B3B : 1C;
8B3C : 1C;
8B3D : 1C;
8B3E : 1A;
8B3F : 17;
8B40 : 86;
8B41 : 86;
8B42 : 86;
8B43 : 86;
8B44 : 86;
8B45 : 86;
8B46 : 86;
8B47 : 86;
8B48 : 4F;
8B49 : 4F;
8B4A : 4F;
8B4B : 4F;
8B4C : 4F;
8B4D : 4F;
8B4E : 4F;
8B4F : 4F;
8B50 : 17;
8B51 : 17;
8B52 : 17;
8B53 : 17;
8B54 : 17;
8B55 : 17;
8B56 : 17;
8B57 : 17;
8B58 : 17;
8B59 : 17;
8B5A : 17;
8B5B : 17;
8B5C : 17;
8B5D : 17;
8B5E : 17;
8B5F : 17;
8B60 : 17;
8B61 : 17;
8B62 : 17;
8B63 : 17;
8B64 : 17;
8B65 : 17;
8B66 : 17;
8B67 : 17;
8B68 : 17;
8B69 : 17;
8B6A : 17;
8B6B : 17;
8B6C : 17;
8B6D : 17;
8B6E : 17;
8B6F : 17;
8B70 : 17;
8B71 : 17;
8B72 : 17;
8B73 : 17;
8B74 : 17;
8B75 : 17;
8B76 : 17;
8B77 : 17;
8B78 : 17;
8B79 : 17;
8B7A : 17;
8B7B : 17;
8B7C : 17;
8B7D : 17;
8B7E : 17;
8B7F : 17;
8B80 : 86;
8B81 : 86;
8B82 : 86;
8B83 : C6;
8B84 : E6;
8B85 : E6;
8B86 : E6;
8B87 : E6;
8B88 : 4F;
8B89 : 4F;
8B8A : 4F;
8B8B : A6;
8B8C : A6;
8B8D : A6;
8B8E : A6;
8B8F : A6;
8B90 : 17;
8B91 : 17;
8B92 : 17;
8B93 : 6A;
8B94 : 66;
8B95 : 66;
8B96 : 66;
8B97 : 66;
8B98 : 17;
8B99 : 17;
8B9A : 17;
8B9B : 6A;
8B9C : 66;
8B9D : 66;
8B9E : 66;
8B9F : 66;
8BA0 : 17;
8BA1 : 17;
8BA2 : 17;
8BA3 : 6A;
8BA4 : 66;
8BA5 : 66;
8BA6 : 66;
8BA7 : 66;
8BA8 : 17;
8BA9 : 17;
8BAA : 17;
8BAB : 6A;
8BAC : 66;
8BAD : 66;
8BAE : 66;
8BAF : 66;
8BB0 : 17;
8BB1 : 17;
8BB2 : 17;
8BB3 : 6A;
8BB4 : 66;
8BB5 : 66;
8BB6 : 66;
8BB7 : 66;
8BB8 : 17;
8BB9 : 17;
8BBA : 17;
8BBB : 6A;
8BBC : 66;
8BBD : 66;
8BBE : 66;
8BBF : 66;
8BC0 : E6;
8BC1 : E6;
8BC2 : E6;
8BC3 : E6;
8BC4 : E6;
8BC5 : E6;
8BC6 : E6;
8BC7 : E6;
8BC8 : A6;
8BC9 : A6;
8BCA : A6;
8BCB : A6;
8BCC : A6;
8BCD : A6;
8BCE : A6;
8BCF : AA;
8BD0 : 66;
8BD1 : 66;
8BD2 : 66;
8BD3 : 66;
8BD4 : 66;
8BD5 : 66;
8BD6 : 66;
8BD7 : 6A;
8BD8 : 66;
8BD9 : 66;
8BDA : 66;
8BDB : 66;
8BDC : 66;
8BDD : 66;
8BDE : 66;
8BDF : 6A;
8BE0 : 66;
8BE1 : 66;
8BE2 : 66;
8BE3 : 66;
8BE4 : 66;
8BE5 : 66;
8BE6 : 66;
8BE7 : 6A;
8BE8 : 66;
8BE9 : 66;
8BEA : 66;
8BEB : 66;
8BEC : 66;
8BED : 66;
8BEE : 66;
8BEF : 6A;
8BF0 : 66;
8BF1 : 66;
8BF2 : 66;
8BF3 : 66;
8BF4 : 66;
8BF5 : 66;
8BF6 : 66;
8BF7 : 6A;
8BF8 : 66;
8BF9 : 66;
8BFA : 66;
8BFB : 66;
8BFC : 66;
8BFD : 66;
8BFE : 66;
8BFF : 6A;
8C00 : F0;
8C01 : F0;
8C02 : F0;
8C03 : F0;
8C04 : F0;
8C05 : F0;
8C06 : F0;
8C07 : F0;
8C08 : B4;
8C09 : B4;
8C0A : B4;
8C0B : B4;
8C0C : B4;
8C0D : B4;
8C0E : B4;
8C0F : B4;
8C10 : 5C;
8C11 : 5C;
8C12 : 5C;
8C13 : 5C;
8C14 : 5C;
8C15 : 5C;
8C16 : 5C;
8C17 : 5C;
8C18 : 5C;
8C19 : 5C;
8C1A : 5C;
8C1B : 5C;
8C1C : 5C;
8C1D : 5C;
8C1E : 5C;
8C1F : 5C;
8C20 : 5C;
8C21 : 5C;
8C22 : 5C;
8C23 : 5C;
8C24 : 5C;
8C25 : 5C;
8C26 : 5C;
8C27 : 5C;
8C28 : 5C;
8C29 : 5C;
8C2A : 5C;
8C2B : 5C;
8C2C : 5C;
8C2D : 5C;
8C2E : 5C;
8C2F : 5C;
8C30 : 5C;
8C31 : 5C;
8C32 : 5C;
8C33 : 5C;
8C34 : 5C;
8C35 : 5C;
8C36 : 5C;
8C37 : 5C;
8C38 : 5C;
8C39 : 5C;
8C3A : 5C;
8C3B : 5C;
8C3C : 5C;
8C3D : 5C;
8C3E : 5C;
8C3F : 5C;
8C40 : F0;
8C41 : F0;
8C42 : F0;
8C43 : F0;
8C44 : D5;
8C45 : 9B;
8C46 : 9B;
8C47 : 9B;
8C48 : B4;
8C49 : B4;
8C4A : B4;
8C4B : 94;
8C4C : B5;
8C4D : B6;
8C4E : B6;
8C4F : B6;
8C50 : 5C;
8C51 : 5C;
8C52 : 5C;
8C53 : 3C;
8C54 : 98;
8C55 : F0;
8C56 : F0;
8C57 : F0;
8C58 : 5C;
8C59 : 5C;
8C5A : 5C;
8C5B : 3C;
8C5C : 98;
8C5D : F0;
8C5E : F0;
8C5F : F0;
8C60 : 5C;
8C61 : 5C;
8C62 : 5C;
8C63 : 3C;
8C64 : 98;
8C65 : F0;
8C66 : F0;
8C67 : F0;
8C68 : 5C;
8C69 : 5C;
8C6A : 5C;
8C6B : 3C;
8C6C : 98;
8C6D : F0;
8C6E : F0;
8C6F : F0;
8C70 : 5C;
8C71 : 5C;
8C72 : 5C;
8C73 : 3C;
8C74 : 98;
8C75 : F0;
8C76 : F0;
8C77 : F0;
8C78 : 5C;
8C79 : 5C;
8C7A : 5C;
8C7B : 3C;
8C7C : 98;
8C7D : F0;
8C7E : F0;
8C7F : F0;
8C80 : 9B;
8C81 : 9B;
8C82 : 9B;
8C83 : 9B;
8C84 : 9B;
8C85 : 9B;
8C86 : 9B;
8C87 : 9B;
8C88 : B6;
8C89 : B6;
8C8A : B6;
8C8B : D6;
8C8C : D6;
8C8D : D6;
8C8E : D6;
8C8F : D6;
8C90 : F0;
8C91 : F0;
8C92 : F0;
8C93 : F0;
8C94 : F0;
8C95 : F0;
8C96 : F0;
8C97 : F0;
8C98 : F0;
8C99 : F0;
8C9A : F0;
8C9B : F0;
8C9C : F0;
8C9D : F0;
8C9E : F0;
8C9F : F0;
8CA0 : F0;
8CA1 : F0;
8CA2 : F0;
8CA3 : F0;
8CA4 : F0;
8CA5 : F0;
8CA6 : F0;
8CA7 : F0;
8CA8 : F0;
8CA9 : F0;
8CAA : F0;
8CAB : F0;
8CAC : F0;
8CAD : F0;
8CAE : F0;
8CAF : F0;
8CB0 : F0;
8CB1 : F0;
8CB2 : F0;
8CB3 : F0;
8CB4 : F0;
8CB5 : F0;
8CB6 : F0;
8CB7 : F0;
8CB8 : F0;
8CB9 : F0;
8CBA : F0;
8CBB : F0;
8CBC : F0;
8CBD : F0;
8CBE : F0;
8CBF : F0;
8CC0 : 9F;
8CC1 : 77;
8CC2 : 6A;
8CC3 : 6A;
8CC4 : 6A;
8CC5 : 6A;
8CC6 : 6A;
8CC7 : 6A;
8CC8 : D6;
8CC9 : B6;
8CCA : 72;
8CCB : 92;
8CCC : 72;
8CCD : 73;
8CCE : 73;
8CCF : 73;
8CD0 : F0;
8CD1 : D5;
8CD2 : 9F;
8CD3 : 9B;
8CD4 : 9B;
8CD5 : 9B;
8CD6 : 9B;
8CD7 : 9B;
8CD8 : F0;
8CD9 : D5;
8CDA : 9B;
8CDB : 9B;
8CDC : 9B;
8CDD : 9B;
8CDE : 9B;
8CDF : 9B;
8CE0 : F0;
8CE1 : D5;
8CE2 : 9B;
8CE3 : 9B;
8CE4 : 9B;
8CE5 : 9B;
8CE6 : 9B;
8CE7 : 9B;
8CE8 : F0;
8CE9 : D5;
8CEA : 9B;
8CEB : 9B;
8CEC : 9B;
8CED : 9B;
8CEE : 9B;
8CEF : 9B;
8CF0 : F0;
8CF1 : D5;
8CF2 : 9B;
8CF3 : 9B;
8CF4 : 9B;
8CF5 : 9B;
8CF6 : 9B;
8CF7 : 9B;
8CF8 : F0;
8CF9 : D5;
8CFA : 9B;
8CFB : 9B;
8CFC : 9B;
8CFD : 9B;
8CFE : 9B;
8CFF : 9B;
8D00 : 6A;
8D01 : 6A;
8D02 : 6A;
8D03 : 6A;
8D04 : 6A;
8D05 : 6E;
8D06 : 89;
8D07 : A5;
8D08 : 73;
8D09 : 73;
8D0A : 73;
8D0B : 73;
8D0C : 73;
8D0D : 72;
8D0E : 8E;
8D0F : 89;
8D10 : 9B;
8D11 : 9B;
8D12 : 9B;
8D13 : 9B;
8D14 : 9B;
8D15 : 9F;
8D16 : 73;
8D17 : 6A;
8D18 : 9B;
8D19 : 9B;
8D1A : 9B;
8D1B : 9B;
8D1C : 9B;
8D1D : 9B;
8D1E : 72;
8D1F : 6A;
8D20 : 9B;
8D21 : 9B;
8D22 : 9B;
8D23 : 9B;
8D24 : 9B;
8D25 : 9B;
8D26 : 72;
8D27 : 6A;
8D28 : 9B;
8D29 : 9B;
8D2A : 9B;
8D2B : 9B;
8D2C : 9B;
8D2D : 9B;
8D2E : 72;
8D2F : 6A;
8D30 : 9B;
8D31 : 9B;
8D32 : 9B;
8D33 : 9B;
8D34 : 9B;
8D35 : 9B;
8D36 : 72;
8D37 : 6A;
8D38 : 9B;
8D39 : 9B;
8D3A : 9B;
8D3B : 9B;
8D3C : 9B;
8D3D : 9B;
8D3E : 72;
8D3F : 6A;
8D40 : A4;
8D41 : A4;
8D42 : A4;
8D43 : A4;
8D44 : A4;
8D45 : A4;
8D46 : A4;
8D47 : A4;
8D48 : 89;
8D49 : 89;
8D4A : 89;
8D4B : 89;
8D4C : 89;
8D4D : 89;
8D4E : 89;
8D4F : 89;
8D50 : 6E;
8D51 : 6E;
8D52 : 6E;
8D53 : 6E;
8D54 : 6E;
8D55 : 6E;
8D56 : 6E;
8D57 : 6E;
8D58 : 6E;
8D59 : 6E;
8D5A : 6E;
8D5B : 6E;
8D5C : 6E;
8D5D : 6E;
8D5E : 6E;
8D5F : 6E;
8D60 : 6E;
8D61 : 6E;
8D62 : 6E;
8D63 : 6E;
8D64 : 6E;
8D65 : 6E;
8D66 : 6E;
8D67 : 6E;
8D68 : 6E;
8D69 : 6E;
8D6A : 6E;
8D6B : 6E;
8D6C : 6E;
8D6D : 6E;
8D6E : 6E;
8D6F : 6E;
8D70 : 6E;
8D71 : 6E;
8D72 : 6E;
8D73 : 6E;
8D74 : 6E;
8D75 : 6E;
8D76 : 6E;
8D77 : 6E;
8D78 : 6E;
8D79 : 6E;
8D7A : 6E;
8D7B : 6E;
8D7C : 6E;
8D7D : 6E;
8D7E : 6E;
8D7F : 6E;
8D80 : A4;
8D81 : A4;
8D82 : A5;
8D83 : C8;
8D84 : EC;
8D85 : EC;
8D86 : EC;
8D87 : EC;
8D88 : 89;
8D89 : 89;
8D8A : 89;
8D8B : C9;
8D8C : C8;
8D8D : C9;
8D8E : C9;
8D8F : C8;
8D90 : 6E;
8D91 : 6E;
8D92 : 6E;
8D93 : 85;
8D94 : A5;
8D95 : A5;
8D96 : A5;
8D97 : A5;
8D98 : 6E;
8D99 : 6E;
8D9A : 6E;
8D9B : A5;
8D9C : A5;
8D9D : A5;
8D9E : A5;
8D9F : A5;
8DA0 : 6E;
8DA1 : 6E;
8DA2 : 6E;
8DA3 : A5;
8DA4 : A5;
8DA5 : A5;
8DA6 : A5;
8DA7 : A5;
8DA8 : 6E;
8DA9 : 6E;
8DAA : 6E;
8DAB : A5;
8DAC : A5;
8DAD : A5;
8DAE : A5;
8DAF : A5;
8DB0 : 6E;
8DB1 : 6E;
8DB2 : 6E;
8DB3 : A5;
8DB4 : A5;
8DB5 : A5;
8DB6 : A5;
8DB7 : A5;
8DB8 : 6E;
8DB9 : 6E;
8DBA : 6E;
8DBB : A5;
8DBC : A5;
8DBD : A5;
8DBE : A5;
8DBF : A5;
8DC0 : EC;
8DC1 : EC;
8DC2 : EC;
8DC3 : EC;
8DC4 : EC;
8DC5 : EC;
8DC6 : EC;
8DC7 : CD;
8DC8 : C8;
8DC9 : C8;
8DCA : C9;
8DCB : C9;
8DCC : C9;
8DCD : C9;
8DCE : C8;
8DCF : C9;
8DD0 : A5;
8DD1 : A5;
8DD2 : A5;
8DD3 : A5;
8DD4 : A5;
8DD5 : A5;
8DD6 : A5;
8DD7 : A4;
8DD8 : A5;
8DD9 : A5;
8DDA : A5;
8DDB : A5;
8DDC : A5;
8DDD : A5;
8DDE : A5;
8DDF : A4;
8DE0 : A5;
8DE1 : A5;
8DE2 : A5;
8DE3 : A5;
8DE4 : A5;
8DE5 : A5;
8DE6 : A5;
8DE7 : A4;
8DE8 : A5;
8DE9 : A5;
8DEA : A5;
8DEB : A5;
8DEC : A5;
8DED : A5;
8DEE : A5;
8DEF : A4;
8DF0 : A5;
8DF1 : A5;
8DF2 : A5;
8DF3 : A5;
8DF4 : A5;
8DF5 : A5;
8DF6 : A5;
8DF7 : A4;
8DF8 : A5;
8DF9 : A5;
8DFA : A5;
8DFB : A5;
8DFC : A5;
8DFD : A5;
8DFE : A5;
8DFF : A4;
8E00 : 33;
8E01 : 17;
8E02 : 17;
8E03 : 17;
8E04 : 17;
8E05 : 17;
8E06 : 17;
8E07 : 17;
8E08 : 8E;
8E09 : 6E;
8E0A : 6E;
8E0B : 6E;
8E0C : 6E;
8E0D : 6E;
8E0E : 6E;
8E0F : 6E;
8E10 : E0;
8E11 : E0;
8E12 : E0;
8E13 : E0;
8E14 : E0;
8E15 : E0;
8E16 : E0;
8E17 : E0;
8E18 : E0;
8E19 : E0;
8E1A : E0;
8E1B : E0;
8E1C : E0;
8E1D : E0;
8E1E : E0;
8E1F : E0;
8E20 : E0;
8E21 : E0;
8E22 : E0;
8E23 : E0;
8E24 : E0;
8E25 : E0;
8E26 : E0;
8E27 : E0;
8E28 : E0;
8E29 : E0;
8E2A : E0;
8E2B : E0;
8E2C : E0;
8E2D : E0;
8E2E : E0;
8E2F : E0;
8E30 : E0;
8E31 : E0;
8E32 : E0;
8E33 : E0;
8E34 : E0;
8E35 : E0;
8E36 : E0;
8E37 : E0;
8E38 : E0;
8E39 : E0;
8E3A : E0;
8E3B : E0;
8E3C : E0;
8E3D : E0;
8E3E : E0;
8E3F : E0;
8E40 : 17;
8E41 : 17;
8E42 : 17;
8E43 : 17;
8E44 : 13;
8E45 : AF;
8E46 : 8F;
8E47 : 8F;
8E48 : 6E;
8E49 : 6E;
8E4A : 6E;
8E4B : 6E;
8E4C : 6E;
8E4D : 53;
8E4E : 53;
8E4F : 53;
8E50 : E0;
8E51 : E0;
8E52 : E0;
8E53 : E0;
8E54 : E5;
8E55 : 17;
8E56 : 13;
8E57 : 13;
8E58 : E0;
8E59 : E0;
8E5A : E0;
8E5B : E0;
8E5C : C5;
8E5D : 17;
8E5E : 13;
8E5F : 13;
8E60 : E0;
8E61 : E0;
8E62 : E0;
8E63 : E0;
8E64 : C5;
8E65 : 17;
8E66 : 13;
8E67 : 13;
8E68 : E0;
8E69 : E0;
8E6A : E0;
8E6B : E0;
8E6C : C5;
8E6D : 17;
8E6E : 13;
8E6F : 13;
8E70 : E0;
8E71 : E0;
8E72 : E0;
8E73 : E0;
8E74 : C5;
8E75 : 17;
8E76 : 13;
8E77 : 13;
8E78 : E0;
8E79 : E0;
8E7A : E0;
8E7B : E0;
8E7C : C5;
8E7D : 17;
8E7E : 13;
8E7F : 13;
8E80 : 8F;
8E81 : 8F;
8E82 : 8F;
8E83 : 8F;
8E84 : 8F;
8E85 : 8F;
8E86 : 8F;
8E87 : 8F;
8E88 : 53;
8E89 : 53;
8E8A : 53;
8E8B : 53;
8E8C : 53;
8E8D : 53;
8E8E : 53;
8E8F : 53;
8E90 : 13;
8E91 : 13;
8E92 : 13;
8E93 : 13;
8E94 : 13;
8E95 : 13;
8E96 : 13;
8E97 : 13;
8E98 : 13;
8E99 : 13;
8E9A : 13;
8E9B : 13;
8E9C : 13;
8E9D : 13;
8E9E : 13;
8E9F : 13;
8EA0 : 13;
8EA1 : 13;
8EA2 : 13;
8EA3 : 13;
8EA4 : 13;
8EA5 : 13;
8EA6 : 13;
8EA7 : 13;
8EA8 : 13;
8EA9 : 13;
8EAA : 13;
8EAB : 13;
8EAC : 13;
8EAD : 13;
8EAE : 13;
8EAF : 13;
8EB0 : 13;
8EB1 : 13;
8EB2 : 13;
8EB3 : 13;
8EB4 : 13;
8EB5 : 13;
8EB6 : 13;
8EB7 : 13;
8EB8 : 13;
8EB9 : 13;
8EBA : 13;
8EBB : 13;
8EBC : 13;
8EBD : 13;
8EBE : 13;
8EBF : 13;
8EC0 : 6F;
8EC1 : CB;
8EC2 : E3;
8EC3 : E3;
8EC4 : E3;
8EC5 : E3;
8EC6 : E3;
8EC7 : E3;
8EC8 : 53;
8EC9 : 8F;
8ECA : AB;
8ECB : A7;
8ECC : A7;
8ECD : A7;
8ECE : A7;
8ECF : A7;
8ED0 : 17;
8ED1 : 53;
8ED2 : 6F;
8ED3 : 8F;
8ED4 : 8F;
8ED5 : 8F;
8ED6 : 8F;
8ED7 : 6F;
8ED8 : 13;
8ED9 : 53;
8EDA : 8F;
8EDB : 8F;
8EDC : 8F;
8EDD : 8F;
8EDE : 8F;
8EDF : 8F;
8EE0 : 13;
8EE1 : 53;
8EE2 : 8F;
8EE3 : 8F;
8EE4 : 8F;
8EE5 : 8F;
8EE6 : 8F;
8EE7 : 8F;
8EE8 : 13;
8EE9 : 53;
8EEA : 8F;
8EEB : 8F;
8EEC : 8F;
8EED : 8F;
8EEE : 8F;
8EEF : 8F;
8EF0 : 13;
8EF1 : 53;
8EF2 : 8F;
8EF3 : 8F;
8EF4 : 8F;
8EF5 : 8F;
8EF6 : 8F;
8EF7 : 8F;
8EF8 : 13;
8EF9 : 53;
8EFA : 8F;
8EFB : 8F;
8EFC : 8F;
8EFD : 8F;
8EFE : 8F;
8EFF : 8F;
8F00 : E3;
8F01 : E3;
8F02 : E3;
8F03 : E3;
8F04 : E3;
8F05 : E3;
8F06 : C5;
8F07 : 8C;
8F08 : A7;
8F09 : A7;
8F0A : A7;
8F0B : A7;
8F0C : A7;
8F0D : A7;
8F0E : C6;
8F0F : C5;
8F10 : 6F;
8F11 : 6F;
8F12 : 6F;
8F13 : 6F;
8F14 : 6F;
8F15 : 6F;
8F16 : C7;
8F17 : E3;
8F18 : 8F;
8F19 : 8F;
8F1A : 8F;
8F1B : 8F;
8F1C : 8F;
8F1D : 6F;
8F1E : C7;
8F1F : E3;
8F20 : 8F;
8F21 : 8F;
8F22 : 8F;
8F23 : 8F;
8F24 : 8F;
8F25 : 6F;
8F26 : C7;
8F27 : E3;
8F28 : 8F;
8F29 : 8F;
8F2A : 8F;
8F2B : 8F;
8F2C : 8F;
8F2D : 6F;
8F2E : C7;
8F2F : E3;
8F30 : 8F;
8F31 : 8F;
8F32 : 8F;
8F33 : 8F;
8F34 : 8F;
8F35 : 6F;
8F36 : C7;
8F37 : E3;
8F38 : 8F;
8F39 : 8F;
8F3A : 8F;
8F3B : 8F;
8F3C : 8F;
8F3D : 6F;
8F3E : C7;
8F3F : E3;
8F40 : A8;
8F41 : A8;
8F42 : AC;
8F43 : AC;
8F44 : AC;
8F45 : AC;
8F46 : AC;
8F47 : AC;
8F48 : C5;
8F49 : C5;
8F4A : C5;
8F4B : C5;
8F4C : C5;
8F4D : C5;
8F4E : C5;
8F4F : C5;
8F50 : E3;
8F51 : E3;
8F52 : E3;
8F53 : E3;
8F54 : E3;
8F55 : E3;
8F56 : E3;
8F57 : E3;
8F58 : E3;
8F59 : E3;
8F5A : E3;
8F5B : E3;
8F5C : E3;
8F5D : E3;
8F5E : E3;
8F5F : E3;
8F60 : E3;
8F61 : E3;
8F62 : E3;
8F63 : E3;
8F64 : E3;
8F65 : E3;
8F66 : E3;
8F67 : E3;
8F68 : E3;
8F69 : E3;
8F6A : E3;
8F6B : E3;
8F6C : E3;
8F6D : E3;
8F6E : E3;
8F6F : E3;
8F70 : E3;
8F71 : E3;
8F72 : E3;
8F73 : E3;
8F74 : E3;
8F75 : E3;
8F76 : E3;
8F77 : E3;
8F78 : E3;
8F79 : E3;
8F7A : E3;
8F7B : E3;
8F7C : E3;
8F7D : E3;
8F7E : E3;
8F7F : E3;
8F80 : A8;
8F81 : A8;
8F82 : AC;
8F83 : D4;
8F84 : F4;
8F85 : F4;
8F86 : F4;
8F87 : F4;
8F88 : C5;
8F89 : C5;
8F8A : C9;
8F8B : CD;
8F8C : D0;
8F8D : D0;
8F8E : D0;
8F8F : D0;
8F90 : E3;
8F91 : E3;
8F92 : E3;
8F93 : C9;
8F94 : A8;
8F95 : A8;
8F96 : A8;
8F97 : A8;
8F98 : E3;
8F99 : E3;
8F9A : E3;
8F9B : C9;
8F9C : A8;
8F9D : A8;
8F9E : A8;
8F9F : A8;
8FA0 : E3;
8FA1 : E3;
8FA2 : E3;
8FA3 : C9;
8FA4 : A8;
8FA5 : A8;
8FA6 : A8;
8FA7 : A8;
8FA8 : E3;
8FA9 : E3;
8FAA : E3;
8FAB : C9;
8FAC : A8;
8FAD : A8;
8FAE : A8;
8FAF : A8;
8FB0 : E3;
8FB1 : E3;
8FB2 : E3;
8FB3 : C9;
8FB4 : A8;
8FB5 : A8;
8FB6 : A8;
8FB7 : A8;
8FB8 : E3;
8FB9 : E3;
8FBA : E3;
8FBB : C9;
8FBC : A8;
8FBD : A8;
8FBE : A8;
8FBF : A8;
8FC0 : F4;
8FC1 : F4;
8FC2 : F4;
8FC3 : F4;
8FC4 : F4;
8FC5 : F4;
8FC6 : F4;
8FC7 : F4;
8FC8 : D0;
8FC9 : D0;
8FCA : D0;
8FCB : D0;
8FCC : D0;
8FCD : D0;
8FCE : D0;
8FCF : D0;
8FD0 : A8;
8FD1 : A8;
8FD2 : A8;
8FD3 : A8;
8FD4 : A8;
8FD5 : A8;
8FD6 : A8;
8FD7 : A8;
8FD8 : A8;
8FD9 : A8;
8FDA : A8;
8FDB : A8;
8FDC : A8;
8FDD : A8;
8FDE : A8;
8FDF : A8;
8FE0 : A8;
8FE1 : A8;
8FE2 : A8;
8FE3 : A8;
8FE4 : A8;
8FE5 : A8;
8FE6 : A8;
8FE7 : A8;
8FE8 : A8;
8FE9 : A8;
8FEA : A8;
8FEB : A8;
8FEC : A8;
8FED : A8;
8FEE : A8;
8FEF : A8;
8FF0 : A8;
8FF1 : A8;
8FF2 : A8;
8FF3 : A8;
8FF4 : A8;
8FF5 : A8;
8FF6 : A8;
8FF7 : A8;
8FF8 : A8;
8FF9 : A8;
8FFA : A8;
8FFB : A8;
8FFC : A8;
8FFD : A8;
8FFE : A8;
8FFF : A8;
9000 : E3;
9001 : E3;
9002 : E3;
9003 : E3;
9004 : E3;
9005 : E3;
9006 : E3;
9007 : E3;
9008 : E3;
9009 : E3;
900A : E3;
900B : E3;
900C : E3;
900D : E3;
900E : E3;
900F : E3;
9010 : E3;
9011 : E3;
9012 : E3;
9013 : E3;
9014 : E3;
9015 : E3;
9016 : E3;
9017 : E3;
9018 : E1;
9019 : E1;
901A : E1;
901B : E1;
901C : E1;
901D : E1;
901E : E1;
901F : E1;
9020 : E4;
9021 : E4;
9022 : E4;
9023 : E4;
9024 : E4;
9025 : E4;
9026 : E4;
9027 : E4;
9028 : E0;
9029 : E0;
902A : E0;
902B : E0;
902C : E0;
902D : E0;
902E : E0;
902F : E0;
9030 : E0;
9031 : E0;
9032 : E0;
9033 : E0;
9034 : E0;
9035 : E0;
9036 : E0;
9037 : E0;
9038 : E0;
9039 : E0;
903A : E0;
903B : E0;
903C : E0;
903D : E0;
903E : E0;
903F : E0;
9040 : E3;
9041 : E3;
9042 : E3;
9043 : E3;
9044 : C7;
9045 : 53;
9046 : 53;
9047 : 53;
9048 : E3;
9049 : E3;
904A : E3;
904B : E3;
904C : C7;
904D : 53;
904E : 53;
904F : 53;
9050 : E3;
9051 : E3;
9052 : E3;
9053 : E3;
9054 : C7;
9055 : 73;
9056 : 53;
9057 : 53;
9058 : E1;
9059 : E1;
905A : E1;
905B : E1;
905C : E2;
905D : C7;
905E : C7;
905F : C7;
9060 : E0;
9061 : E0;
9062 : E0;
9063 : E4;
9064 : E1;
9065 : E3;
9066 : E3;
9067 : E3;
9068 : E0;
9069 : E0;
906A : E0;
906B : E4;
906C : E1;
906D : E3;
906E : E3;
906F : E3;
9070 : E0;
9071 : E0;
9072 : E0;
9073 : E4;
9074 : E1;
9075 : E3;
9076 : E3;
9077 : E3;
9078 : E0;
9079 : E0;
907A : E0;
907B : E4;
907C : E1;
907D : E3;
907E : E3;
907F : E3;
9080 : 53;
9081 : 53;
9082 : 53;
9083 : 53;
9084 : 53;
9085 : 53;
9086 : 53;
9087 : 53;
9088 : 53;
9089 : 53;
908A : 53;
908B : 53;
908C : 53;
908D : 53;
908E : 53;
908F : 53;
9090 : 53;
9091 : 53;
9092 : 53;
9093 : 53;
9094 : 53;
9095 : 53;
9096 : 53;
9097 : 53;
9098 : C7;
9099 : C7;
909A : C7;
909B : C7;
909C : C7;
909D : C7;
909E : C7;
909F : C7;
90A0 : E3;
90A1 : E3;
90A2 : E3;
90A3 : E3;
90A4 : E3;
90A5 : E3;
90A6 : E3;
90A7 : E3;
90A8 : E3;
90A9 : E3;
90AA : E3;
90AB : E3;
90AC : E3;
90AD : E3;
90AE : E3;
90AF : E3;
90B0 : E3;
90B1 : E3;
90B2 : E3;
90B3 : E3;
90B4 : E3;
90B5 : E3;
90B6 : E3;
90B7 : E3;
90B8 : E3;
90B9 : E3;
90BA : E3;
90BB : E3;
90BC : E3;
90BD : E3;
90BE : E3;
90BF : E3;
90C0 : 53;
90C1 : 6B;
90C2 : A3;
90C3 : A3;
90C4 : A3;
90C5 : A3;
90C6 : A3;
90C7 : A3;
90C8 : 53;
90C9 : 6B;
90CA : A3;
90CB : A3;
90CC : A3;
90CD : A3;
90CE : A3;
90CF : A3;
90D0 : 53;
90D1 : 6B;
90D2 : A3;
90D3 : A3;
90D4 : A3;
90D5 : A3;
90D6 : A3;
90D7 : A3;
90D8 : C7;
90D9 : 8B;
90DA : 6F;
90DB : 6F;
90DC : 6F;
90DD : 6F;
90DE : 6F;
90DF : 6F;
90E0 : E3;
90E1 : A7;
90E2 : 33;
90E3 : 53;
90E4 : 53;
90E5 : 53;
90E6 : 53;
90E7 : 53;
90E8 : E3;
90E9 : A7;
90EA : 33;
90EB : 53;
90EC : 53;
90ED : 53;
90EE : 53;
90EF : 53;
90F0 : E3;
90F1 : A7;
90F2 : 33;
90F3 : 53;
90F4 : 53;
90F5 : 53;
90F6 : 53;
90F7 : 53;
90F8 : E3;
90F9 : A7;
90FA : 33;
90FB : 53;
90FC : 53;
90FD : 53;
90FE : 53;
90FF : 53;
9100 : A3;
9101 : A3;
9102 : A3;
9103 : A3;
9104 : A3;
9105 : A3;
9106 : C2;
9107 : E0;
9108 : A3;
9109 : A3;
910A : A3;
910B : A3;
910C : A3;
910D : A3;
910E : E2;
910F : E0;
9110 : A3;
9111 : A3;
9112 : A3;
9113 : A3;
9114 : A3;
9115 : A3;
9116 : C2;
9117 : E0;
9118 : 6F;
9119 : 6F;
911A : 6F;
911B : 6F;
911C : 6F;
911D : 6F;
911E : 87;
911F : C3;
9120 : 53;
9121 : 53;
9122 : 53;
9123 : 53;
9124 : 53;
9125 : 53;
9126 : 8B;
9127 : A3;
9128 : 53;
9129 : 53;
912A : 53;
912B : 53;
912C : 53;
912D : 53;
912E : 8B;
912F : A3;
9130 : 53;
9131 : 53;
9132 : 53;
9133 : 53;
9134 : 53;
9135 : 53;
9136 : 8B;
9137 : A3;
9138 : 53;
9139 : 53;
913A : 53;
913B : 53;
913C : 53;
913D : 53;
913E : 8B;
913F : A3;
9140 : E0;
9141 : E0;
9142 : E0;
9143 : E0;
9144 : E0;
9145 : E0;
9146 : E0;
9147 : E0;
9148 : E0;
9149 : E0;
914A : E0;
914B : E0;
914C : E0;
914D : E0;
914E : E0;
914F : E0;
9150 : E1;
9151 : E0;
9152 : E0;
9153 : E0;
9154 : E0;
9155 : E0;
9156 : E0;
9157 : E0;
9158 : A3;
9159 : C3;
915A : C3;
915B : C3;
915C : C3;
915D : C3;
915E : C3;
915F : C3;
9160 : A3;
9161 : A3;
9162 : A3;
9163 : A3;
9164 : A3;
9165 : A3;
9166 : A3;
9167 : A3;
9168 : A3;
9169 : A3;
916A : A3;
916B : A3;
916C : A3;
916D : A3;
916E : A3;
916F : A3;
9170 : A3;
9171 : A3;
9172 : A3;
9173 : A3;
9174 : A3;
9175 : A3;
9176 : A3;
9177 : A3;
9178 : A3;
9179 : A3;
917A : A3;
917B : A3;
917C : A3;
917D : A3;
917E : A3;
917F : A3;
9180 : E0;
9181 : E0;
9182 : E1;
9183 : AC;
9184 : B0;
9185 : B0;
9186 : B0;
9187 : B0;
9188 : E0;
9189 : E0;
918A : E0;
918B : AC;
918C : B0;
918D : B0;
918E : B0;
918F : B0;
9190 : E0;
9191 : E0;
9192 : E1;
9193 : AC;
9194 : B0;
9195 : B0;
9196 : B0;
9197 : B0;
9198 : A3;
9199 : A3;
919A : C3;
919B : C5;
919C : E4;
919D : C4;
919E : C4;
919F : C4;
91A0 : A3;
91A1 : A3;
91A2 : 83;
91A3 : E1;
91A4 : E0;
91A5 : E0;
91A6 : E0;
91A7 : E0;
91A8 : A3;
91A9 : A3;
91AA : A3;
91AB : E1;
91AC : E0;
91AD : E0;
91AE : E0;
91AF : E0;
91B0 : A3;
91B1 : A3;
91B2 : A3;
91B3 : E1;
91B4 : E0;
91B5 : E0;
91B6 : E0;
91B7 : E0;
91B8 : A3;
91B9 : A3;
91BA : A3;
91BB : E1;
91BC : E0;
91BD : E0;
91BE : E0;
91BF : E0;
91C0 : B0;
91C1 : B0;
91C2 : B0;
91C3 : B0;
91C4 : B0;
91C5 : B0;
91C6 : B0;
91C7 : AC;
91C8 : B0;
91C9 : B0;
91CA : B0;
91CB : B0;
91CC : B0;
91CD : B0;
91CE : B0;
91CF : AC;
91D0 : B0;
91D1 : B0;
91D2 : B0;
91D3 : B0;
91D4 : B0;
91D5 : B0;
91D6 : B0;
91D7 : CC;
91D8 : C4;
91D9 : C4;
91DA : C4;
91DB : C4;
91DC : C4;
91DD : C4;
91DE : C4;
91DF : E4;
91E0 : E0;
91E1 : E0;
91E2 : E0;
91E3 : E0;
91E4 : E0;
91E5 : E0;
91E6 : E0;
91E7 : E0;
91E8 : E0;
91E9 : E0;
91EA : E0;
91EB : E0;
91EC : E0;
91ED : E0;
91EE : E0;
91EF : E0;
91F0 : E0;
91F1 : E0;
91F2 : E0;
91F3 : E0;
91F4 : E0;
91F5 : E0;
91F6 : E0;
91F7 : E0;
91F8 : E0;
91F9 : E0;
91FA : E0;
91FB : E0;
91FC : E0;
91FD : E0;
91FE : E0;
91FF : E0;
9200 : E4;
9201 : E0;
9202 : E0;
9203 : E0;
9204 : E0;
9205 : E0;
9206 : E0;
9207 : E0;
9208 : E4;
9209 : E0;
920A : E0;
920B : E0;
920C : E0;
920D : E0;
920E : E0;
920F : E0;
9210 : E4;
9211 : E0;
9212 : E0;
9213 : E0;
9214 : E0;
9215 : E0;
9216 : E0;
9217 : E0;
9218 : E8;
9219 : E8;
921A : E8;
921B : E8;
921C : E8;
921D : E8;
921E : E8;
921F : E8;
9220 : EC;
9221 : EC;
9222 : EC;
9223 : EC;
9224 : EC;
9225 : EC;
9226 : EC;
9227 : EC;
9228 : EC;
9229 : EC;
922A : EC;
922B : EC;
922C : EC;
922D : EC;
922E : EC;
922F : EC;
9230 : EC;
9231 : EC;
9232 : EC;
9233 : EC;
9234 : EC;
9235 : EC;
9236 : EC;
9237 : EC;
9238 : EC;
9239 : EC;
923A : EC;
923B : EC;
923C : EC;
923D : EC;
923E : EC;
923F : EC;
9240 : E0;
9241 : E0;
9242 : E0;
9243 : E0;
9244 : A5;
9245 : 13;
9246 : 13;
9247 : 13;
9248 : E0;
9249 : E0;
924A : E0;
924B : E0;
924C : A5;
924D : 17;
924E : 13;
924F : 13;
9250 : E0;
9251 : E0;
9252 : E0;
9253 : E0;
9254 : A9;
9255 : 37;
9256 : 33;
9257 : 33;
9258 : E8;
9259 : E8;
925A : E8;
925B : E8;
925C : E8;
925D : A5;
925E : C5;
925F : C5;
9260 : EC;
9261 : EC;
9262 : EC;
9263 : EC;
9264 : E8;
9265 : E0;
9266 : E0;
9267 : E0;
9268 : EC;
9269 : EC;
926A : EC;
926B : EC;
926C : E8;
926D : E0;
926E : E0;
926F : E0;
9270 : EC;
9271 : EC;
9272 : EC;
9273 : EC;
9274 : E8;
9275 : E0;
9276 : E0;
9277 : E0;
9278 : EC;
9279 : EC;
927A : EC;
927B : EC;
927C : E8;
927D : E0;
927E : E0;
927F : E0;
9280 : 13;
9281 : 13;
9282 : 13;
9283 : 13;
9284 : 13;
9285 : 13;
9286 : 13;
9287 : 13;
9288 : 13;
9289 : 13;
928A : 13;
928B : 13;
928C : 13;
928D : 13;
928E : 13;
928F : 13;
9290 : 33;
9291 : 33;
9292 : 33;
9293 : 33;
9294 : 33;
9295 : 37;
9296 : 13;
9297 : 33;
9298 : C5;
9299 : A5;
929A : A5;
929B : A5;
929C : A5;
929D : A5;
929E : A5;
929F : C5;
92A0 : E0;
92A1 : E0;
92A2 : E0;
92A3 : E0;
92A4 : E0;
92A5 : E0;
92A6 : E0;
92A7 : E0;
92A8 : E0;
92A9 : E0;
92AA : E0;
92AB : E0;
92AC : E0;
92AD : E0;
92AE : E0;
92AF : E0;
92B0 : E0;
92B1 : E0;
92B2 : E0;
92B3 : E0;
92B4 : E0;
92B5 : E0;
92B6 : E0;
92B7 : E0;
92B8 : E0;
92B9 : E0;
92BA : E0;
92BB : E0;
92BC : E0;
92BD : E0;
92BE : E0;
92BF : E0;
92C0 : 13;
92C1 : 96;
92C2 : F8;
92C3 : F8;
92C4 : F8;
92C5 : F8;
92C6 : F8;
92C7 : F8;
92C8 : 13;
92C9 : 96;
92CA : F8;
92CB : F8;
92CC : F8;
92CD : F8;
92CE : F8;
92CF : F8;
92D0 : 33;
92D1 : 96;
92D2 : F8;
92D3 : F8;
92D4 : F8;
92D5 : F8;
92D6 : F8;
92D7 : F8;
92D8 : A5;
92D9 : AD;
92DA : 76;
92DB : 56;
92DC : 56;
92DD : 56;
92DE : 56;
92DF : 56;
92E0 : E0;
92E1 : CA;
92E2 : 17;
92E3 : 13;
92E4 : 13;
92E5 : 13;
92E6 : 13;
92E7 : 13;
92E8 : E0;
92E9 : A9;
92EA : 17;
92EB : 13;
92EC : 13;
92ED : 13;
92EE : 13;
92EF : 13;
92F0 : E0;
92F1 : A9;
92F2 : 17;
92F3 : 13;
92F4 : 13;
92F5 : 13;
92F6 : 13;
92F7 : 13;
92F8 : E0;
92F9 : A9;
92FA : 17;
92FB : 13;
92FC : 13;
92FD : 13;
92FE : 13;
92FF : 13;
9300 : F8;
9301 : F8;
9302 : F8;
9303 : F8;
9304 : F8;
9305 : F8;
9306 : 9C;
9307 : 7C;
9308 : F8;
9309 : F8;
930A : F8;
930B : F8;
930C : F8;
930D : F8;
930E : 9C;
930F : 7C;
9310 : F8;
9311 : F8;
9312 : F8;
9313 : F8;
9314 : F8;
9315 : F8;
9316 : 9C;
9317 : 7C;
9318 : 56;
9319 : 56;
931A : 56;
931B : 56;
931C : 56;
931D : 56;
931E : B8;
931F : D8;
9320 : 13;
9321 : 13;
9322 : 13;
9323 : 13;
9324 : 13;
9325 : 13;
9326 : B5;
9327 : F8;
9328 : 13;
9329 : 13;
932A : 13;
932B : 13;
932C : 13;
932D : 13;
932E : B5;
932F : F8;
9330 : 13;
9331 : 13;
9332 : 13;
9333 : 13;
9334 : 13;
9335 : 13;
9336 : B5;
9337 : F8;
9338 : 13;
9339 : 13;
933A : 13;
933B : 13;
933C : 13;
933D : 13;
933E : B5;
933F : F8;
9340 : 7C;
9341 : 7C;
9342 : 7C;
9343 : 7C;
9344 : 7C;
9345 : 7C;
9346 : 7C;
9347 : 7C;
9348 : 7C;
9349 : 7C;
934A : 7C;
934B : 7C;
934C : 7C;
934D : 7C;
934E : 7C;
934F : 7C;
9350 : 7C;
9351 : 7C;
9352 : 7C;
9353 : 7C;
9354 : 7C;
9355 : 7C;
9356 : 7C;
9357 : 7C;
9358 : D8;
9359 : D8;
935A : D8;
935B : D8;
935C : D8;
935D : D8;
935E : D8;
935F : D8;
9360 : F8;
9361 : F8;
9362 : F8;
9363 : F8;
9364 : F8;
9365 : F8;
9366 : F8;
9367 : F8;
9368 : F8;
9369 : F8;
936A : F8;
936B : F8;
936C : F8;
936D : F8;
936E : F8;
936F : F8;
9370 : F8;
9371 : F8;
9372 : F8;
9373 : F8;
9374 : F8;
9375 : F8;
9376 : F8;
9377 : F8;
9378 : F8;
9379 : F8;
937A : F8;
937B : F8;
937C : F8;
937D : F8;
937E : F8;
937F : F8;
9380 : 7C;
9381 : 7C;
9382 : 7C;
9383 : 31;
9384 : 2F;
9385 : 32;
9386 : 32;
9387 : 32;
9388 : 7C;
9389 : 7C;
938A : 7C;
938B : 31;
938C : 2F;
938D : 2E;
938E : 32;
938F : 32;
9390 : 7C;
9391 : 7C;
9392 : 7C;
9393 : 31;
9394 : 2E;
9395 : 32;
9396 : 32;
9397 : 32;
9398 : D8;
9399 : D8;
939A : D8;
939B : 98;
939C : 5D;
939D : 7D;
939E : 7D;
939F : 7D;
93A0 : F8;
93A1 : F8;
93A2 : F8;
93A3 : BC;
93A4 : 7C;
93A5 : 7C;
93A6 : 7C;
93A7 : 7C;
93A8 : F8;
93A9 : F8;
93AA : F8;
93AB : BC;
93AC : 7C;
93AD : 7C;
93AE : 7C;
93AF : 7C;
93B0 : F8;
93B1 : F8;
93B2 : F8;
93B3 : BC;
93B4 : 7C;
93B5 : 7C;
93B6 : 7C;
93B7 : 7C;
93B8 : F8;
93B9 : F8;
93BA : F8;
93BB : BC;
93BC : 7C;
93BD : 7C;
93BE : 7C;
93BF : 7C;
93C0 : 32;
93C1 : 32;
93C2 : 32;
93C3 : 32;
93C4 : 32;
93C5 : 32;
93C6 : 2E;
93C7 : 32;
93C8 : 32;
93C9 : 32;
93CA : 32;
93CB : 2E;
93CC : 2E;
93CD : 2E;
93CE : 2E;
93CF : 32;
93D0 : 32;
93D1 : 32;
93D2 : 32;
93D3 : 32;
93D4 : 32;
93D5 : 32;
93D6 : 32;
93D7 : 32;
93D8 : 7D;
93D9 : 7D;
93DA : 7D;
93DB : 7D;
93DC : 7D;
93DD : 7D;
93DE : 7D;
93DF : 79;
93E0 : 7C;
93E1 : 7C;
93E2 : 7C;
93E3 : 7C;
93E4 : 7C;
93E5 : 7C;
93E6 : 7C;
93E7 : 7C;
93E8 : 7C;
93E9 : 7C;
93EA : 7C;
93EB : 7C;
93EC : 7C;
93ED : 7C;
93EE : 7C;
93EF : 7C;
93F0 : 7C;
93F1 : 7C;
93F2 : 7C;
93F3 : 7C;
93F4 : 7C;
93F5 : 7C;
93F6 : 7C;
93F7 : 7C;
93F8 : 7C;
93F9 : 7C;
93FA : 7C;
93FB : 7C;
93FC : 7C;
93FD : 7C;
93FE : 7C;
93FF : 7C;
9400 : 37;
9401 : 37;
9402 : 37;
9403 : 37;
9404 : 37;
9405 : 37;
9406 : 37;
9407 : 37;
9408 : 37;
9409 : 37;
940A : 37;
940B : 37;
940C : 37;
940D : 37;
940E : 37;
940F : 37;
9410 : 37;
9411 : 37;
9412 : 37;
9413 : 37;
9414 : 37;
9415 : 37;
9416 : 37;
9417 : 37;
9418 : 0E;
9419 : 0A;
941A : 0E;
941B : 0A;
941C : 0A;
941D : 0A;
941E : 0A;
941F : 0A;
9420 : 09;
9421 : 05;
9422 : 05;
9423 : 05;
9424 : 09;
9425 : 09;
9426 : 09;
9427 : 09;
9428 : 09;
9429 : 09;
942A : 09;
942B : 09;
942C : 09;
942D : 09;
942E : 09;
942F : 09;
9430 : 09;
9431 : 09;
9432 : 09;
9433 : 09;
9434 : 09;
9435 : 09;
9436 : 09;
9437 : 09;
9438 : 09;
9439 : 09;
943A : 09;
943B : 09;
943C : 09;
943D : 09;
943E : 09;
943F : 09;
9440 : 37;
9441 : 37;
9442 : 37;
9443 : 37;
9444 : 57;
9445 : 9C;
9446 : 7C;
9447 : 7C;
9448 : 37;
9449 : 37;
944A : 37;
944B : 37;
944C : 37;
944D : 7C;
944E : 7C;
944F : 7C;
9450 : 37;
9451 : 37;
9452 : 37;
9453 : 37;
9454 : 57;
9455 : 7C;
9456 : 7C;
9457 : 7C;
9458 : 0A;
9459 : 0A;
945A : 0A;
945B : 0A;
945C : 0E;
945D : 57;
945E : 57;
945F : 57;
9460 : 09;
9461 : 09;
9462 : 09;
9463 : 05;
9464 : 0A;
9465 : 37;
9466 : 37;
9467 : 37;
9468 : 09;
9469 : 09;
946A : 09;
946B : 05;
946C : 0A;
946D : 37;
946E : 37;
946F : 37;
9470 : 09;
9471 : 09;
9472 : 09;
9473 : 05;
9474 : 0A;
9475 : 37;
9476 : 37;
9477 : 37;
9478 : 09;
9479 : 09;
947A : 09;
947B : 05;
947C : 0A;
947D : 37;
947E : 37;
947F : 37;
9480 : 7C;
9481 : 7C;
9482 : 7C;
9483 : 7C;
9484 : 7C;
9485 : 7C;
9486 : 7C;
9487 : 7C;
9488 : 7C;
9489 : 7C;
948A : 7C;
948B : 7C;
948C : 7C;
948D : 7C;
948E : 7C;
948F : 7C;
9490 : 7C;
9491 : 7C;
9492 : 7C;
9493 : 7C;
9494 : 7C;
9495 : 7C;
9496 : 7C;
9497 : 7C;
9498 : 57;
9499 : 57;
949A : 57;
949B : 57;
949C : 57;
949D : 57;
949E : 57;
949F : 57;
94A0 : 37;
94A1 : 37;
94A2 : 37;
94A3 : 37;
94A4 : 37;
94A5 : 37;
94A6 : 37;
94A7 : 37;
94A8 : 37;
94A9 : 37;
94AA : 37;
94AB : 37;
94AC : 37;
94AD : 37;
94AE : 37;
94AF : 37;
94B0 : 37;
94B1 : 37;
94B2 : 37;
94B3 : 37;
94B4 : 37;
94B5 : 37;
94B6 : 37;
94B7 : 37;
94B8 : 37;
94B9 : 37;
94BA : 37;
94BB : 37;
94BC : 37;
94BD : 37;
94BE : 37;
94BF : 37;
94C0 : 9C;
94C1 : 5C;
94C2 : 1C;
94C3 : 1C;
94C4 : 1C;
94C5 : 1C;
94C6 : 1C;
94C7 : 1C;
94C8 : 9C;
94C9 : 5C;
94CA : 1C;
94CB : 1C;
94CC : 1C;
94CD : 1C;
94CE : 1C;
94CF : 1C;
94D0 : 9C;
94D1 : 5C;
94D2 : 1C;
94D3 : 1C;
94D4 : 1C;
94D5 : 1C;
94D6 : 1C;
94D7 : 1C;
94D8 : 57;
94D9 : 59;
94DA : 7C;
94DB : 7C;
94DC : 7C;
94DD : 7C;
94DE : 7C;
94DF : 7C;
94E0 : 37;
94E1 : 5A;
94E2 : 9C;
94E3 : 9C;
94E4 : 9C;
94E5 : 9C;
94E6 : 9C;
94E7 : 9C;
94E8 : 37;
94E9 : 5A;
94EA : 9C;
94EB : 7C;
94EC : 7C;
94ED : 7C;
94EE : 7C;
94EF : 7C;
94F0 : 37;
94F1 : 5A;
94F2 : 9C;
94F3 : 7C;
94F4 : 7C;
94F5 : 7C;
94F6 : 7C;
94F7 : 7C;
94F8 : 37;
94F9 : 5A;
94FA : 9C;
94FB : 7C;
94FC : 7C;
94FD : 7C;
94FE : 7C;
94FF : 7C;
9500 : 1C;
9501 : 1C;
9502 : 1C;
9503 : 1C;
9504 : 1C;
9505 : 1C;
9506 : 1A;
9507 : 17;
9508 : 1C;
9509 : 1C;
950A : 1C;
950B : 1C;
950C : 1C;
950D : 1C;
950E : 1A;
950F : 17;
9510 : 1C;
9511 : 1C;
9512 : 1C;
9513 : 1C;
9514 : 1C;
9515 : 1C;
9516 : 1A;
9517 : 17;
9518 : 7C;
9519 : 7C;
951A : 7C;
951B : 7C;
951C : 7C;
951D : 7C;
951E : 3C;
951F : 1D;
9520 : 9C;
9521 : 9C;
9522 : 9C;
9523 : 9C;
9524 : 9C;
9525 : 9C;
9526 : 5C;
9527 : 1C;
9528 : 7C;
9529 : 7C;
952A : 7C;
952B : 7C;
952C : 7C;
952D : 9C;
952E : 5C;
952F : 1C;
9530 : 7C;
9531 : 7C;
9532 : 7C;
9533 : 7C;
9534 : 7C;
9535 : 7C;
9536 : 5C;
9537 : 1C;
9538 : 7C;
9539 : 7C;
953A : 7C;
953B : 7C;
953C : 7C;
953D : 9C;
953E : 5C;
953F : 1C;
9540 : 17;
9541 : 17;
9542 : 17;
9543 : 17;
9544 : 17;
9545 : 17;
9546 : 17;
9547 : 17;
9548 : 17;
9549 : 17;
954A : 17;
954B : 17;
954C : 17;
954D : 17;
954E : 17;
954F : 17;
9550 : 17;
9551 : 17;
9552 : 17;
9553 : 17;
9554 : 17;
9555 : 17;
9556 : 17;
9557 : 17;
9558 : 1D;
9559 : 1D;
955A : 1D;
955B : 1D;
955C : 1D;
955D : 1D;
955E : 1D;
955F : 1D;
9560 : 1C;
9561 : 1C;
9562 : 1C;
9563 : 1C;
9564 : 1C;
9565 : 1C;
9566 : 1C;
9567 : 1C;
9568 : 1C;
9569 : 1C;
956A : 1C;
956B : 1C;
956C : 1C;
956D : 1C;
956E : 1C;
956F : 1C;
9570 : 1C;
9571 : 1C;
9572 : 1C;
9573 : 1C;
9574 : 1C;
9575 : 1C;
9576 : 1C;
9577 : 1C;
9578 : 1C;
9579 : 1C;
957A : 1C;
957B : 1C;
957C : 1C;
957D : 1C;
957E : 1C;
957F : 1C;
9580 : 17;
9581 : 17;
9582 : 17;
9583 : 6A;
9584 : 66;
9585 : 66;
9586 : 66;
9587 : 66;
9588 : 17;
9589 : 17;
958A : 17;
958B : 6A;
958C : 66;
958D : 66;
958E : 66;
958F : 66;
9590 : 17;
9591 : 17;
9592 : 17;
9593 : 6A;
9594 : 66;
9595 : 66;
9596 : 66;
9597 : 66;
9598 : 1D;
9599 : 1D;
959A : 1D;
959B : 33;
959C : 33;
959D : 33;
959E : 33;
959F : 33;
95A0 : 1C;
95A1 : 1C;
95A2 : 1C;
95A3 : 17;
95A4 : 17;
95A5 : 17;
95A6 : 17;
95A7 : 17;
95A8 : 1C;
95A9 : 1C;
95AA : 1C;
95AB : 17;
95AC : 17;
95AD : 17;
95AE : 17;
95AF : 17;
95B0 : 1C;
95B1 : 1C;
95B2 : 1C;
95B3 : 17;
95B4 : 17;
95B5 : 17;
95B6 : 17;
95B7 : 17;
95B8 : 1C;
95B9 : 1C;
95BA : 1C;
95BB : 17;
95BC : 17;
95BD : 17;
95BE : 17;
95BF : 17;
95C0 : 66;
95C1 : 66;
95C2 : 66;
95C3 : 66;
95C4 : 66;
95C5 : 66;
95C6 : 66;
95C7 : 6A;
95C8 : 66;
95C9 : 66;
95CA : 66;
95CB : 66;
95CC : 66;
95CD : 66;
95CE : 66;
95CF : 6A;
95D0 : 66;
95D1 : 66;
95D2 : 66;
95D3 : 66;
95D4 : 66;
95D5 : 66;
95D6 : 66;
95D7 : 6A;
95D8 : 33;
95D9 : 33;
95DA : 33;
95DB : 33;
95DC : 33;
95DD : 33;
95DE : 33;
95DF : 33;
95E0 : 17;
95E1 : 17;
95E2 : 17;
95E3 : 17;
95E4 : 17;
95E5 : 17;
95E6 : 17;
95E7 : 17;
95E8 : 17;
95E9 : 17;
95EA : 17;
95EB : 17;
95EC : 17;
95ED : 17;
95EE : 17;
95EF : 17;
95F0 : 17;
95F1 : 17;
95F2 : 17;
95F3 : 17;
95F4 : 17;
95F5 : 17;
95F6 : 17;
95F7 : 17;
95F8 : 17;
95F9 : 17;
95FA : 17;
95FB : 17;
95FC : 17;
95FD : 17;
95FE : 17;
95FF : 17;
9600 : 5C;
9601 : 5C;
9602 : 5C;
9603 : 5C;
9604 : 5C;
9605 : 5C;
9606 : 5C;
9607 : 5C;
9608 : 5C;
9609 : 5C;
960A : 5C;
960B : 5C;
960C : 5C;
960D : 5C;
960E : 5C;
960F : 5C;
9610 : 5C;
9611 : 5C;
9612 : 5C;
9613 : 5C;
9614 : 5C;
9615 : 5C;
9616 : 5C;
9617 : 5C;
9618 : 3E;
9619 : 1E;
961A : 1E;
961B : 1E;
961C : 1E;
961D : 1E;
961E : 1E;
961F : 1E;
9620 : 1E;
9621 : 1E;
9622 : 1E;
9623 : 1E;
9624 : 1E;
9625 : 1E;
9626 : 1E;
9627 : 1E;
9628 : 1E;
9629 : 1E;
962A : 1E;
962B : 1E;
962C : 1E;
962D : 1E;
962E : 1E;
962F : 1E;
9630 : 1E;
9631 : 1E;
9632 : 1E;
9633 : 1E;
9634 : 1E;
9635 : 1E;
9636 : 1E;
9637 : 1E;
9638 : 1E;
9639 : 1E;
963A : 1E;
963B : 1E;
963C : 1E;
963D : 1E;
963E : 1E;
963F : 1E;
9640 : 5C;
9641 : 5C;
9642 : 5C;
9643 : 3C;
9644 : 98;
9645 : F0;
9646 : F0;
9647 : F0;
9648 : 5C;
9649 : 5C;
964A : 5C;
964B : 3C;
964C : 98;
964D : F0;
964E : F0;
964F : F0;
9650 : 5C;
9651 : 5C;
9652 : 5C;
9653 : 3C;
9654 : 98;
9655 : F0;
9656 : F0;
9657 : F0;
9658 : 1E;
9659 : 3E;
965A : 3E;
965B : 1E;
965C : 5D;
965D : 78;
965E : 98;
965F : 98;
9660 : 1E;
9661 : 1E;
9662 : 1E;
9663 : 1F;
9664 : 1E;
9665 : 5C;
9666 : 5C;
9667 : 5C;
9668 : 1E;
9669 : 1E;
966A : 1E;
966B : 1F;
966C : 3E;
966D : 5C;
966E : 5C;
966F : 5C;
9670 : 1E;
9671 : 1E;
9672 : 1E;
9673 : 1F;
9674 : 3E;
9675 : 5C;
9676 : 5C;
9677 : 5C;
9678 : 1E;
9679 : 1E;
967A : 1E;
967B : 1F;
967C : 3E;
967D : 5C;
967E : 5C;
967F : 5C;
9680 : F0;
9681 : F0;
9682 : F0;
9683 : F0;
9684 : F0;
9685 : F0;
9686 : F0;
9687 : F0;
9688 : F0;
9689 : F0;
968A : F0;
968B : F0;
968C : F0;
968D : F0;
968E : F0;
968F : F0;
9690 : F0;
9691 : F0;
9692 : F0;
9693 : F0;
9694 : F0;
9695 : F0;
9696 : F0;
9697 : F0;
9698 : 98;
9699 : 98;
969A : 98;
969B : 98;
969C : 98;
969D : 98;
969E : 98;
969F : 98;
96A0 : 5C;
96A1 : 5C;
96A2 : 5C;
96A3 : 5C;
96A4 : 5C;
96A5 : 5C;
96A6 : 5C;
96A7 : 5C;
96A8 : 5C;
96A9 : 5C;
96AA : 5C;
96AB : 5C;
96AC : 5C;
96AD : 5C;
96AE : 5C;
96AF : 5C;
96B0 : 5C;
96B1 : 5C;
96B2 : 5C;
96B3 : 5C;
96B4 : 5C;
96B5 : 5C;
96B6 : 5C;
96B7 : 5C;
96B8 : 5C;
96B9 : 5C;
96BA : 5C;
96BB : 5C;
96BC : 5C;
96BD : 5C;
96BE : 5C;
96BF : 5C;
96C0 : F0;
96C1 : D5;
96C2 : 9B;
96C3 : 9B;
96C4 : 9B;
96C5 : 9B;
96C6 : 9B;
96C7 : 9B;
96C8 : F0;
96C9 : D5;
96CA : 9B;
96CB : 9B;
96CC : 9B;
96CD : 9B;
96CE : 9B;
96CF : 9B;
96D0 : F0;
96D1 : D5;
96D2 : 9B;
96D3 : 9B;
96D4 : 9B;
96D5 : 9B;
96D6 : 9B;
96D7 : 9B;
96D8 : 78;
96D9 : 98;
96DA : D1;
96DB : D1;
96DC : D5;
96DD : D5;
96DE : D5;
96DF : D5;
96E0 : 5C;
96E1 : 98;
96E2 : F0;
96E3 : F0;
96E4 : F0;
96E5 : F0;
96E6 : F0;
96E7 : F0;
96E8 : 5C;
96E9 : 98;
96EA : F0;
96EB : D0;
96EC : F0;
96ED : F0;
96EE : F0;
96EF : F0;
96F0 : 5C;
96F1 : 98;
96F2 : F0;
96F3 : F0;
96F4 : F0;
96F5 : F0;
96F6 : F0;
96F7 : F0;
96F8 : 5C;
96F9 : 98;
96FA : F0;
96FB : F0;
96FC : F0;
96FD : F0;
96FE : F0;
96FF : F0;
9700 : 9B;
9701 : 9B;
9702 : 9B;
9703 : 9B;
9704 : 9B;
9705 : 9B;
9706 : 72;
9707 : 6A;
9708 : 9B;
9709 : 9B;
970A : 9B;
970B : 9B;
970C : 9B;
970D : 9B;
970E : 72;
970F : 6A;
9710 : 9B;
9711 : 9B;
9712 : 9B;
9713 : 9B;
9714 : 9B;
9715 : 9B;
9716 : 72;
9717 : 6A;
9718 : D5;
9719 : D5;
971A : D5;
971B : D5;
971C : D5;
971D : D5;
971E : B6;
971F : 97;
9720 : F0;
9721 : F0;
9722 : F0;
9723 : F0;
9724 : F0;
9725 : F0;
9726 : B6;
9727 : 9B;
9728 : F0;
9729 : F0;
972A : F0;
972B : F0;
972C : F0;
972D : F0;
972E : B7;
972F : 9B;
9730 : F0;
9731 : F0;
9732 : F0;
9733 : F0;
9734 : F0;
9735 : F0;
9736 : B7;
9737 : 9B;
9738 : F0;
9739 : F0;
973A : F0;
973B : F0;
973C : F0;
973D : F0;
973E : B7;
973F : 9B;
9740 : 6E;
9741 : 6E;
9742 : 6E;
9743 : 6E;
9744 : 6E;
9745 : 6E;
9746 : 6E;
9747 : 6E;
9748 : 6E;
9749 : 6E;
974A : 6E;
974B : 6E;
974C : 6E;
974D : 6E;
974E : 6E;
974F : 6E;
9750 : 6E;
9751 : 6E;
9752 : 6E;
9753 : 6E;
9754 : 6E;
9755 : 6E;
9756 : 6E;
9757 : 6E;
9758 : 97;
9759 : 97;
975A : 97;
975B : 97;
975C : 97;
975D : 97;
975E : 97;
975F : 97;
9760 : 9B;
9761 : 9B;
9762 : 9B;
9763 : 9B;
9764 : 9B;
9765 : 9B;
9766 : 9B;
9767 : 9B;
9768 : 9B;
9769 : 9B;
976A : 9B;
976B : 9B;
976C : 9B;
976D : 9B;
976E : 9B;
976F : 9B;
9770 : 9B;
9771 : 9B;
9772 : 9B;
9773 : 9B;
9774 : 9B;
9775 : 9B;
9776 : 9B;
9777 : 9B;
9778 : 9B;
9779 : 9B;
977A : 9B;
977B : 9B;
977C : 9B;
977D : 9B;
977E : 9B;
977F : 9B;
9780 : 6E;
9781 : 6E;
9782 : 6A;
9783 : A5;
9784 : A4;
9785 : A5;
9786 : A5;
9787 : A5;
9788 : 6E;
9789 : 6E;
978A : 6A;
978B : A5;
978C : A4;
978D : A5;
978E : A5;
978F : A5;
9790 : 6E;
9791 : 6E;
9792 : 6A;
9793 : A5;
9794 : A5;
9795 : A5;
9796 : A5;
9797 : A5;
9798 : 97;
9799 : 97;
979A : 97;
979B : 8E;
979C : 89;
979D : 69;
979E : 69;
979F : 69;
97A0 : 9B;
97A1 : 9B;
97A2 : 9B;
97A3 : 6E;
97A4 : 6A;
97A5 : 6E;
97A6 : 6E;
97A7 : 6E;
97A8 : 9B;
97A9 : 9B;
97AA : 9B;
97AB : 6E;
97AC : 6A;
97AD : 6E;
97AE : 6E;
97AF : 6E;
97B0 : 9B;
97B1 : 9B;
97B2 : 9B;
97B3 : 6E;
97B4 : 6A;
97B5 : 6E;
97B6 : 6E;
97B7 : 6E;
97B8 : 9B;
97B9 : 9B;
97BA : 9B;
97BB : 6E;
97BC : 6A;
97BD : 6E;
97BE : 6E;
97BF : 6E;
97C0 : A5;
97C1 : A5;
97C2 : A5;
97C3 : A5;
97C4 : A5;
97C5 : A5;
97C6 : A5;
97C7 : A4;
97C8 : A5;
97C9 : A5;
97CA : A5;
97CB : A5;
97CC : A5;
97CD : A5;
97CE : A5;
97CF : A4;
97D0 : A5;
97D1 : A5;
97D2 : A5;
97D3 : A5;
97D4 : A5;
97D5 : A5;
97D6 : A5;
97D7 : A4;
97D8 : 69;
97D9 : 69;
97DA : 69;
97DB : 69;
97DC : 69;
97DD : 8A;
97DE : 6A;
97DF : 89;
97E0 : 6E;
97E1 : 6E;
97E2 : 6E;
97E3 : 6E;
97E4 : 6E;
97E5 : 6E;
97E6 : 4E;
97E7 : 6D;
97E8 : 6E;
97E9 : 6E;
97EA : 6E;
97EB : 6E;
97EC : 6E;
97ED : 6E;
97EE : 6E;
97EF : 89;
97F0 : 6E;
97F1 : 6E;
97F2 : 6E;
97F3 : 6E;
97F4 : 6E;
97F5 : 6E;
97F6 : 6E;
97F7 : 89;
97F8 : 6E;
97F9 : 6E;
97FA : 6E;
97FB : 6E;
97FC : 6E;
97FD : 6E;
97FE : 6E;
97FF : 89;
9800 : E0;
9801 : E0;
9802 : E0;
9803 : E0;
9804 : E0;
9805 : E0;
9806 : E0;
9807 : E0;
9808 : E0;
9809 : E0;
980A : E0;
980B : E0;
980C : E0;
980D : E0;
980E : E0;
980F : E0;
9810 : E0;
9811 : E0;
9812 : E0;
9813 : E0;
9814 : E0;
9815 : E0;
9816 : E0;
9817 : E0;
9818 : E8;
9819 : E8;
981A : E8;
981B : E8;
981C : E8;
981D : E8;
981E : E8;
981F : E8;
9820 : EC;
9821 : EC;
9822 : EC;
9823 : EC;
9824 : EC;
9825 : EC;
9826 : EC;
9827 : EC;
9828 : EC;
9829 : EC;
982A : EC;
982B : EC;
982C : EC;
982D : EC;
982E : EC;
982F : EC;
9830 : EC;
9831 : EC;
9832 : EC;
9833 : EC;
9834 : EC;
9835 : EC;
9836 : EC;
9837 : EC;
9838 : EC;
9839 : EC;
983A : EC;
983B : EC;
983C : EC;
983D : EC;
983E : EC;
983F : EC;
9840 : E0;
9841 : E0;
9842 : E0;
9843 : E0;
9844 : C5;
9845 : 17;
9846 : 13;
9847 : 13;
9848 : E0;
9849 : E0;
984A : E0;
984B : E0;
984C : C5;
984D : 17;
984E : 13;
984F : 13;
9850 : E0;
9851 : E0;
9852 : E0;
9853 : E0;
9854 : C5;
9855 : 17;
9856 : 33;
9857 : 33;
9858 : E8;
9859 : E8;
985A : E8;
985B : E8;
985C : E8;
985D : A5;
985E : A5;
985F : C5;
9860 : EC;
9861 : EC;
9862 : EC;
9863 : EC;
9864 : E8;
9865 : E0;
9866 : E0;
9867 : E0;
9868 : EC;
9869 : EC;
986A : EC;
986B : EC;
986C : E8;
986D : E0;
986E : E0;
986F : E0;
9870 : EC;
9871 : EC;
9872 : EC;
9873 : EC;
9874 : E8;
9875 : E0;
9876 : E0;
9877 : E0;
9878 : EC;
9879 : EC;
987A : EC;
987B : EC;
987C : E8;
987D : E0;
987E : E0;
987F : E0;
9880 : 13;
9881 : 13;
9882 : 13;
9883 : 13;
9884 : 13;
9885 : 13;
9886 : 13;
9887 : 13;
9888 : 13;
9889 : 13;
988A : 13;
988B : 13;
988C : 13;
988D : 13;
988E : 13;
988F : 13;
9890 : 33;
9891 : 33;
9892 : 33;
9893 : 33;
9894 : 33;
9895 : 33;
9896 : 33;
9897 : 33;
9898 : C5;
9899 : C5;
989A : C5;
989B : C5;
989C : C5;
989D : A5;
989E : A5;
989F : C5;
98A0 : E0;
98A1 : E0;
98A2 : E0;
98A3 : E0;
98A4 : E0;
98A5 : E0;
98A6 : E0;
98A7 : E0;
98A8 : E0;
98A9 : E0;
98AA : E0;
98AB : E0;
98AC : E0;
98AD : E0;
98AE : E0;
98AF : E0;
98B0 : E0;
98B1 : E0;
98B2 : E0;
98B3 : E0;
98B4 : E0;
98B5 : E0;
98B6 : E0;
98B7 : E0;
98B8 : E0;
98B9 : E0;
98BA : E0;
98BB : E0;
98BC : E0;
98BD : E0;
98BE : E0;
98BF : E0;
98C0 : 13;
98C1 : 53;
98C2 : 8F;
98C3 : 8F;
98C4 : 8F;
98C5 : 8F;
98C6 : 8F;
98C7 : 8F;
98C8 : 17;
98C9 : 53;
98CA : 8F;
98CB : 8F;
98CC : 8F;
98CD : 8F;
98CE : 8F;
98CF : 8F;
98D0 : 13;
98D1 : 53;
98D2 : 8F;
98D3 : 8F;
98D4 : 8F;
98D5 : 8F;
98D6 : 8F;
98D7 : 8F;
98D8 : A5;
98D9 : 8E;
98DA : 53;
98DB : 33;
98DC : 33;
98DD : 33;
98DE : 33;
98DF : 33;
98E0 : E0;
98E1 : 8A;
98E2 : 17;
98E3 : 13;
98E4 : 13;
98E5 : 13;
98E6 : 13;
98E7 : 13;
98E8 : E0;
98E9 : 8A;
98EA : 13;
98EB : 13;
98EC : 13;
98ED : 13;
98EE : 13;
98EF : 13;
98F0 : E0;
98F1 : 8A;
98F2 : 13;
98F3 : 13;
98F4 : 13;
98F5 : 13;
98F6 : 13;
98F7 : 13;
98F8 : E0;
98F9 : 8A;
98FA : 13;
98FB : 13;
98FC : 13;
98FD : 13;
98FE : 13;
98FF : 13;
9900 : 8F;
9901 : 8F;
9902 : 8F;
9903 : 8F;
9904 : 8F;
9905 : 6F;
9906 : C7;
9907 : E3;
9908 : 8F;
9909 : 8F;
990A : 8F;
990B : 8F;
990C : 8F;
990D : 6F;
990E : C7;
990F : E3;
9910 : 8F;
9911 : 8F;
9912 : 8F;
9913 : 8F;
9914 : 8F;
9915 : 8F;
9916 : C7;
9917 : E3;
9918 : 33;
9919 : 33;
991A : 33;
991B : 33;
991C : 33;
991D : 33;
991E : 6F;
991F : AB;
9920 : 13;
9921 : 13;
9922 : 13;
9923 : 13;
9924 : 13;
9925 : 13;
9926 : 53;
9927 : 8F;
9928 : 13;
9929 : 13;
992A : 13;
992B : 13;
992C : 13;
992D : 13;
992E : 53;
992F : 8F;
9930 : 13;
9931 : 13;
9932 : 13;
9933 : 13;
9934 : 13;
9935 : 13;
9936 : 53;
9937 : 8F;
9938 : 13;
9939 : 13;
993A : 13;
993B : 13;
993C : 13;
993D : 13;
993E : 53;
993F : 8F;
9940 : E3;
9941 : E3;
9942 : E3;
9943 : E3;
9944 : E3;
9945 : E3;
9946 : E3;
9947 : E3;
9948 : E3;
9949 : E3;
994A : E3;
994B : E3;
994C : E3;
994D : E3;
994E : E3;
994F : E3;
9950 : E3;
9951 : E3;
9952 : E3;
9953 : E3;
9954 : E3;
9955 : E3;
9956 : E3;
9957 : E3;
9958 : AB;
9959 : AB;
995A : AB;
995B : AB;
995C : AB;
995D : AB;
995E : AB;
995F : AB;
9960 : 6F;
9961 : 6F;
9962 : 8F;
9963 : 8F;
9964 : 8F;
9965 : 8F;
9966 : 8F;
9967 : 6F;
9968 : 8F;
9969 : 8F;
996A : 8F;
996B : 8F;
996C : 8F;
996D : 8F;
996E : 8F;
996F : 8F;
9970 : 8F;
9971 : 8F;
9972 : 8F;
9973 : 8F;
9974 : 8F;
9975 : 8F;
9976 : 8F;
9977 : 8F;
9978 : 8F;
9979 : 8F;
997A : 8F;
997B : 8F;
997C : 8F;
997D : 8F;
997E : 8F;
997F : 8F;
9980 : E3;
9981 : E3;
9982 : E3;
9983 : C9;
9984 : A8;
9985 : A8;
9986 : A8;
9987 : A8;
9988 : E3;
9989 : E3;
998A : E3;
998B : C9;
998C : A8;
998D : A8;
998E : A8;
998F : A8;
9990 : E3;
9991 : E3;
9992 : E3;
9993 : C9;
9994 : AC;
9995 : A8;
9996 : A8;
9997 : A8;
9998 : AB;
9999 : AB;
999A : AB;
999B : C7;
999C : E6;
999D : E7;
999E : E7;
999F : E7;
99A0 : 6F;
99A1 : 6F;
99A2 : 8F;
99A3 : E7;
99A4 : E3;
99A5 : E3;
99A6 : E3;
99A7 : E3;
99A8 : 8F;
99A9 : 8F;
99AA : 8F;
99AB : C7;
99AC : E3;
99AD : E3;
99AE : E3;
99AF : E3;
99B0 : 8F;
99B1 : 8F;
99B2 : 8F;
99B3 : C7;
99B4 : E3;
99B5 : E3;
99B6 : E3;
99B7 : E3;
99B8 : 8F;
99B9 : 8F;
99BA : 8F;
99BB : C7;
99BC : E3;
99BD : E3;
99BE : E3;
99BF : E3;
99C0 : A8;
99C1 : A8;
99C2 : A8;
99C3 : A8;
99C4 : A8;
99C5 : A8;
99C6 : A8;
99C7 : A8;
99C8 : A8;
99C9 : A8;
99CA : A8;
99CB : A8;
99CC : A8;
99CD : A8;
99CE : A8;
99CF : A8;
99D0 : A8;
99D1 : A8;
99D2 : A8;
99D3 : A8;
99D4 : A8;
99D5 : A8;
99D6 : A8;
99D7 : A8;
99D8 : E7;
99D9 : E7;
99DA : E7;
99DB : E7;
99DC : E7;
99DD : E7;
99DE : E7;
99DF : E7;
99E0 : E3;
99E1 : E3;
99E2 : E3;
99E3 : E3;
99E4 : E3;
99E5 : E3;
99E6 : E3;
99E7 : E3;
99E8 : E3;
99E9 : E3;
99EA : E3;
99EB : E3;
99EC : E3;
99ED : E3;
99EE : E3;
99EF : E3;
99F0 : E3;
99F1 : E3;
99F2 : E3;
99F3 : E3;
99F4 : E3;
99F5 : E3;
99F6 : E3;
99F7 : E3;
99F8 : E3;
99F9 : E3;
99FA : E3;
99FB : E3;
99FC : E3;
99FD : E3;
99FE : E3;
99FF : E3;
9A00 : E0;
9A01 : E0;
9A02 : E0;
9A03 : E0;
9A04 : E0;
9A05 : E0;
9A06 : E0;
9A07 : E0;
9A08 : E0;
9A09 : E0;
9A0A : E0;
9A0B : E0;
9A0C : E0;
9A0D : E0;
9A0E : E0;
9A0F : E0;
9A10 : E0;
9A11 : E0;
9A12 : E0;
9A13 : E0;
9A14 : E0;
9A15 : E0;
9A16 : E0;
9A17 : E0;
9A18 : E0;
9A19 : E0;
9A1A : E0;
9A1B : E0;
9A1C : E0;
9A1D : E0;
9A1E : E0;
9A1F : E0;
9A20 : E8;
9A21 : E8;
9A22 : E8;
9A23 : E8;
9A24 : E8;
9A25 : E8;
9A26 : E8;
9A27 : E8;
9A28 : B0;
9A29 : B0;
9A2A : B0;
9A2B : B0;
9A2C : B0;
9A2D : B0;
9A2E : B0;
9A2F : B0;
9A30 : B0;
9A31 : B0;
9A32 : B0;
9A33 : B0;
9A34 : B0;
9A35 : B0;
9A36 : B0;
9A37 : B0;
9A38 : B0;
9A39 : B0;
9A3A : B0;
9A3B : B0;
9A3C : B0;
9A3D : B0;
9A3E : B0;
9A3F : B0;
9A40 : E0;
9A41 : E0;
9A42 : E0;
9A43 : E4;
9A44 : E1;
9A45 : E3;
9A46 : E3;
9A47 : E3;
9A48 : E0;
9A49 : E0;
9A4A : E0;
9A4B : E4;
9A4C : E1;
9A4D : E3;
9A4E : E3;
9A4F : E3;
9A50 : E0;
9A51 : E0;
9A52 : E0;
9A53 : E4;
9A54 : E1;
9A55 : E3;
9A56 : E3;
9A57 : E3;
9A58 : E0;
9A59 : E0;
9A5A : E0;
9A5B : E4;
9A5C : E1;
9A5D : E3;
9A5E : E3;
9A5F : E3;
9A60 : E8;
9A61 : E8;
9A62 : E8;
9A63 : C8;
9A64 : E5;
9A65 : E2;
9A66 : E2;
9A67 : E2;
9A68 : B0;
9A69 : B0;
9A6A : B0;
9A6B : 90;
9A6C : D0;
9A6D : E4;
9A6E : E0;
9A6F : E0;
9A70 : B0;
9A71 : B0;
9A72 : B0;
9A73 : B0;
9A74 : CC;
9A75 : E4;
9A76 : E0;
9A77 : E0;
9A78 : B0;
9A79 : B0;
9A7A : B0;
9A7B : B0;
9A7C : CC;
9A7D : E4;
9A7E : E0;
9A7F : E4;
9A80 : E3;
9A81 : E3;
9A82 : E3;
9A83 : E3;
9A84 : E3;
9A85 : E3;
9A86 : E3;
9A87 : E3;
9A88 : E3;
9A89 : E3;
9A8A : E3;
9A8B : E3;
9A8C : E3;
9A8D : E3;
9A8E : E3;
9A8F : E3;
9A90 : E3;
9A91 : E3;
9A92 : E3;
9A93 : E3;
9A94 : E3;
9A95 : E3;
9A96 : E3;
9A97 : E3;
9A98 : E3;
9A99 : E3;
9A9A : E3;
9A9B : E3;
9A9C : E3;
9A9D : E3;
9A9E : E3;
9A9F : E3;
9AA0 : E2;
9AA1 : E2;
9AA2 : E2;
9AA3 : E2;
9AA4 : E2;
9AA5 : E2;
9AA6 : E2;
9AA7 : E2;
9AA8 : E0;
9AA9 : E0;
9AAA : E0;
9AAB : E0;
9AAC : E0;
9AAD : E0;
9AAE : E0;
9AAF : E0;
9AB0 : E0;
9AB1 : E0;
9AB2 : E0;
9AB3 : E0;
9AB4 : E0;
9AB5 : E0;
9AB6 : E0;
9AB7 : E0;
9AB8 : E0;
9AB9 : E0;
9ABA : E0;
9ABB : E0;
9ABC : E0;
9ABD : E0;
9ABE : E0;
9ABF : E0;
9AC0 : E3;
9AC1 : A7;
9AC2 : 33;
9AC3 : 53;
9AC4 : 53;
9AC5 : 53;
9AC6 : 53;
9AC7 : 53;
9AC8 : E3;
9AC9 : A7;
9ACA : 33;
9ACB : 53;
9ACC : 53;
9ACD : 53;
9ACE : 53;
9ACF : 53;
9AD0 : E3;
9AD1 : A7;
9AD2 : 33;
9AD3 : 53;
9AD4 : 53;
9AD5 : 53;
9AD6 : 53;
9AD7 : 53;
9AD8 : E3;
9AD9 : AB;
9ADA : 33;
9ADB : 53;
9ADC : 53;
9ADD : 53;
9ADE : 53;
9ADF : 53;
9AE0 : E2;
9AE1 : A7;
9AE2 : 6F;
9AE3 : 6F;
9AE4 : 6F;
9AE5 : 6F;
9AE6 : 6F;
9AE7 : 6F;
9AE8 : E4;
9AE9 : E1;
9AEA : E3;
9AEB : E3;
9AEC : E3;
9AED : E3;
9AEE : E3;
9AEF : E3;
9AF0 : E4;
9AF1 : E1;
9AF2 : E3;
9AF3 : E3;
9AF4 : E3;
9AF5 : E3;
9AF6 : E3;
9AF7 : E3;
9AF8 : E0;
9AF9 : E1;
9AFA : E3;
9AFB : E3;
9AFC : E3;
9AFD : E3;
9AFE : E3;
9AFF : E3;
9B00 : 53;
9B01 : 53;
9B02 : 53;
9B03 : 53;
9B04 : 53;
9B05 : 53;
9B06 : 8B;
9B07 : A3;
9B08 : 53;
9B09 : 53;
9B0A : 53;
9B0B : 53;
9B0C : 53;
9B0D : 53;
9B0E : 8B;
9B0F : A3;
9B10 : 53;
9B11 : 53;
9B12 : 53;
9B13 : 53;
9B14 : 53;
9B15 : 53;
9B16 : 8B;
9B17 : A3;
9B18 : 53;
9B19 : 53;
9B1A : 53;
9B1B : 53;
9B1C : 53;
9B1D : 53;
9B1E : 8B;
9B1F : C3;
9B20 : 6F;
9B21 : 6F;
9B22 : 6F;
9B23 : 6F;
9B24 : 6F;
9B25 : 6F;
9B26 : 8B;
9B27 : 87;
9B28 : E3;
9B29 : E3;
9B2A : E3;
9B2B : E3;
9B2C : E3;
9B2D : E3;
9B2E : AB;
9B2F : 33;
9B30 : E3;
9B31 : E3;
9B32 : E3;
9B33 : E3;
9B34 : E3;
9B35 : E3;
9B36 : AB;
9B37 : 33;
9B38 : E3;
9B39 : E3;
9B3A : E3;
9B3B : E3;
9B3C : E3;
9B3D : E3;
9B3E : AB;
9B3F : 33;
9B40 : A3;
9B41 : A3;
9B42 : A3;
9B43 : A3;
9B44 : A3;
9B45 : A3;
9B46 : A3;
9B47 : A3;
9B48 : A3;
9B49 : A3;
9B4A : A3;
9B4B : A3;
9B4C : A3;
9B4D : A3;
9B4E : A3;
9B4F : A3;
9B50 : A3;
9B51 : A3;
9B52 : A3;
9B53 : A3;
9B54 : A3;
9B55 : A3;
9B56 : A3;
9B57 : A3;
9B58 : A3;
9B59 : A3;
9B5A : A3;
9B5B : A3;
9B5C : A3;
9B5D : A3;
9B5E : A3;
9B5F : A3;
9B60 : 87;
9B61 : 87;
9B62 : 87;
9B63 : 87;
9B64 : 87;
9B65 : 87;
9B66 : 87;
9B67 : 87;
9B68 : 53;
9B69 : 53;
9B6A : 53;
9B6B : 53;
9B6C : 53;
9B6D : 53;
9B6E : 53;
9B6F : 53;
9B70 : 53;
9B71 : 53;
9B72 : 53;
9B73 : 53;
9B74 : 53;
9B75 : 53;
9B76 : 53;
9B77 : 53;
9B78 : 53;
9B79 : 53;
9B7A : 53;
9B7B : 53;
9B7C : 53;
9B7D : 53;
9B7E : 53;
9B7F : 53;
9B80 : A3;
9B81 : A3;
9B82 : A3;
9B83 : E1;
9B84 : E0;
9B85 : E0;
9B86 : E0;
9B87 : E0;
9B88 : A3;
9B89 : A3;
9B8A : A3;
9B8B : E1;
9B8C : E0;
9B8D : E0;
9B8E : E0;
9B8F : E0;
9B90 : A3;
9B91 : A3;
9B92 : A3;
9B93 : E1;
9B94 : E0;
9B95 : E0;
9B96 : E0;
9B97 : E0;
9B98 : A3;
9B99 : A3;
9B9A : A3;
9B9B : E1;
9B9C : E0;
9B9D : E0;
9B9E : E0;
9B9F : E0;
9BA0 : 87;
9BA1 : 87;
9BA2 : 87;
9BA3 : C1;
9BA4 : E1;
9BA5 : E1;
9BA6 : E1;
9BA7 : E1;
9BA8 : 53;
9BA9 : 53;
9BAA : 33;
9BAB : A7;
9BAC : A3;
9BAD : A3;
9BAE : A3;
9BAF : A3;
9BB0 : 53;
9BB1 : 53;
9BB2 : 33;
9BB3 : A7;
9BB4 : A3;
9BB5 : A3;
9BB6 : A3;
9BB7 : A3;
9BB8 : 53;
9BB9 : 53;
9BBA : 33;
9BBB : A7;
9BBC : A3;
9BBD : A3;
9BBE : A3;
9BBF : A3;
9BC0 : E0;
9BC1 : E0;
9BC2 : E0;
9BC3 : E0;
9BC4 : E0;
9BC5 : E0;
9BC6 : E0;
9BC7 : E0;
9BC8 : E0;
9BC9 : E0;
9BCA : E0;
9BCB : E0;
9BCC : E0;
9BCD : E0;
9BCE : E0;
9BCF : E0;
9BD0 : E0;
9BD1 : E0;
9BD2 : E0;
9BD3 : E0;
9BD4 : E0;
9BD5 : E0;
9BD6 : E0;
9BD7 : E0;
9BD8 : E0;
9BD9 : E0;
9BDA : E0;
9BDB : E0;
9BDC : E0;
9BDD : E0;
9BDE : E0;
9BDF : E0;
9BE0 : E1;
9BE1 : E1;
9BE2 : E1;
9BE3 : E1;
9BE4 : E1;
9BE5 : E1;
9BE6 : E1;
9BE7 : C5;
9BE8 : A3;
9BE9 : A3;
9BEA : A3;
9BEB : A3;
9BEC : A3;
9BED : A3;
9BEE : A3;
9BEF : A7;
9BF0 : A3;
9BF1 : A3;
9BF2 : A3;
9BF3 : A3;
9BF4 : A3;
9BF5 : A3;
9BF6 : A3;
9BF7 : A7;
9BF8 : A3;
9BF9 : A3;
9BFA : A3;
9BFB : A3;
9BFC : A3;
9BFD : A3;
9BFE : A3;
9BFF : A7;
9C00 : EC;
9C01 : EC;
9C02 : EC;
9C03 : EC;
9C04 : EC;
9C05 : EC;
9C06 : EC;
9C07 : EC;
9C08 : EC;
9C09 : EC;
9C0A : EC;
9C0B : EC;
9C0C : EC;
9C0D : EC;
9C0E : EC;
9C0F : EC;
9C10 : EC;
9C11 : EC;
9C12 : EC;
9C13 : EC;
9C14 : EC;
9C15 : EC;
9C16 : EC;
9C17 : EC;
9C18 : EC;
9C19 : EC;
9C1A : EC;
9C1B : EC;
9C1C : EC;
9C1D : EC;
9C1E : EC;
9C1F : EC;
9C20 : EC;
9C21 : F0;
9C22 : EC;
9C23 : EC;
9C24 : EC;
9C25 : EC;
9C26 : EC;
9C27 : EC;
9C28 : B5;
9C29 : 94;
9C2A : B4;
9C2B : B4;
9C2C : B4;
9C2D : B4;
9C2E : B4;
9C2F : B4;
9C30 : B1;
9C31 : B4;
9C32 : B4;
9C33 : B4;
9C34 : B4;
9C35 : B4;
9C36 : B4;
9C37 : B4;
9C38 : B1;
9C39 : B4;
9C3A : B4;
9C3B : B4;
9C3C : B4;
9C3D : B4;
9C3E : B4;
9C3F : B4;
9C40 : EC;
9C41 : EC;
9C42 : EC;
9C43 : EC;
9C44 : E8;
9C45 : E0;
9C46 : E0;
9C47 : E0;
9C48 : EC;
9C49 : EC;
9C4A : EC;
9C4B : EC;
9C4C : E8;
9C4D : E0;
9C4E : E0;
9C4F : E0;
9C50 : EC;
9C51 : EC;
9C52 : EC;
9C53 : EC;
9C54 : E8;
9C55 : E0;
9C56 : E0;
9C57 : E0;
9C58 : EC;
9C59 : EC;
9C5A : EC;
9C5B : EC;
9C5C : E8;
9C5D : E0;
9C5E : E0;
9C5F : E0;
9C60 : EC;
9C61 : EC;
9C62 : EC;
9C63 : D0;
9C64 : EC;
9C65 : E4;
9C66 : E4;
9C67 : E4;
9C68 : B4;
9C69 : B4;
9C6A : B4;
9C6B : 94;
9C6C : B4;
9C6D : EC;
9C6E : EC;
9C6F : EC;
9C70 : B4;
9C71 : B4;
9C72 : B4;
9C73 : 94;
9C74 : B0;
9C75 : EC;
9C76 : EC;
9C77 : EC;
9C78 : B4;
9C79 : B4;
9C7A : B4;
9C7B : 94;
9C7C : B0;
9C7D : EC;
9C7E : EC;
9C7F : EC;
9C80 : E0;
9C81 : E0;
9C82 : E0;
9C83 : E0;
9C84 : E0;
9C85 : E0;
9C86 : E0;
9C87 : E0;
9C88 : E0;
9C89 : E0;
9C8A : E0;
9C8B : E0;
9C8C : E0;
9C8D : E0;
9C8E : E0;
9C8F : E0;
9C90 : E0;
9C91 : E0;
9C92 : E0;
9C93 : E0;
9C94 : E0;
9C95 : E0;
9C96 : E0;
9C97 : E0;
9C98 : E0;
9C99 : E0;
9C9A : E0;
9C9B : E0;
9C9C : E0;
9C9D : E0;
9C9E : E0;
9C9F : E0;
9CA0 : E4;
9CA1 : E4;
9CA2 : E4;
9CA3 : E4;
9CA4 : E4;
9CA5 : E4;
9CA6 : E4;
9CA7 : E4;
9CA8 : EC;
9CA9 : EC;
9CAA : EC;
9CAB : EC;
9CAC : EC;
9CAD : EC;
9CAE : EC;
9CAF : EC;
9CB0 : EC;
9CB1 : EC;
9CB2 : EC;
9CB3 : EC;
9CB4 : EC;
9CB5 : EC;
9CB6 : EC;
9CB7 : EC;
9CB8 : EC;
9CB9 : EC;
9CBA : EC;
9CBB : EC;
9CBC : EC;
9CBD : EC;
9CBE : EC;
9CBF : EC;
9CC0 : E0;
9CC1 : A9;
9CC2 : 17;
9CC3 : 13;
9CC4 : 13;
9CC5 : 13;
9CC6 : 13;
9CC7 : 13;
9CC8 : E0;
9CC9 : A9;
9CCA : 17;
9CCB : 13;
9CCC : 13;
9CCD : 13;
9CCE : 13;
9CCF : 13;
9CD0 : E0;
9CD1 : A9;
9CD2 : 17;
9CD3 : 13;
9CD4 : 13;
9CD5 : 13;
9CD6 : 13;
9CD7 : 13;
9CD8 : E0;
9CD9 : AA;
9CDA : 17;
9CDB : 17;
9CDC : 13;
9CDD : 17;
9CDE : 13;
9CDF : 13;
9CE0 : E4;
9CE1 : C9;
9CE2 : 53;
9CE3 : 53;
9CE4 : 4E;
9CE5 : 53;
9CE6 : 4F;
9CE7 : 4F;
9CE8 : EC;
9CE9 : E8;
9CEA : E0;
9CEB : E0;
9CEC : E0;
9CED : E0;
9CEE : E0;
9CEF : E0;
9CF0 : EC;
9CF1 : E8;
9CF2 : E0;
9CF3 : E0;
9CF4 : E0;
9CF5 : E0;
9CF6 : E0;
9CF7 : E0;
9CF8 : EC;
9CF9 : E8;
9CFA : E0;
9CFB : E0;
9CFC : E0;
9CFD : E0;
9CFE : E0;
9CFF : E0;
9D00 : 13;
9D01 : 13;
9D02 : 13;
9D03 : 13;
9D04 : 13;
9D05 : 13;
9D06 : B5;
9D07 : F8;
9D08 : 13;
9D09 : 13;
9D0A : 13;
9D0B : 13;
9D0C : 13;
9D0D : 13;
9D0E : B5;
9D0F : F8;
9D10 : 13;
9D11 : 13;
9D12 : 13;
9D13 : 13;
9D14 : 13;
9D15 : 13;
9D16 : B5;
9D17 : F8;
9D18 : 13;
9D19 : 13;
9D1A : 13;
9D1B : 13;
9D1C : 17;
9D1D : 13;
9D1E : B5;
9D1F : F8;
9D20 : 4F;
9D21 : 4E;
9D22 : 4F;
9D23 : 4F;
9D24 : 52;
9D25 : 4F;
9D26 : B5;
9D27 : D9;
9D28 : E0;
9D29 : E0;
9D2A : E0;
9D2B : E0;
9D2C : E0;
9D2D : E0;
9D2E : 6E;
9D2F : 13;
9D30 : E0;
9D31 : E0;
9D32 : E0;
9D33 : E0;
9D34 : E0;
9D35 : E0;
9D36 : 6E;
9D37 : 17;
9D38 : E0;
9D39 : E0;
9D3A : E0;
9D3B : E0;
9D3C : E0;
9D3D : E0;
9D3E : 6E;
9D3F : 13;
9D40 : F8;
9D41 : F8;
9D42 : F8;
9D43 : F8;
9D44 : F8;
9D45 : F8;
9D46 : F8;
9D47 : F8;
9D48 : F8;
9D49 : F8;
9D4A : F8;
9D4B : F8;
9D4C : F8;
9D4D : F8;
9D4E : F8;
9D4F : F8;
9D50 : F8;
9D51 : F8;
9D52 : F8;
9D53 : F8;
9D54 : F8;
9D55 : F8;
9D56 : F8;
9D57 : F8;
9D58 : F8;
9D59 : F8;
9D5A : F8;
9D5B : F8;
9D5C : F8;
9D5D : F8;
9D5E : F8;
9D5F : F8;
9D60 : D9;
9D61 : D9;
9D62 : D9;
9D63 : D9;
9D64 : D9;
9D65 : D9;
9D66 : D9;
9D67 : D9;
9D68 : 13;
9D69 : 13;
9D6A : 13;
9D6B : 13;
9D6C : 13;
9D6D : 13;
9D6E : 13;
9D6F : 13;
9D70 : 13;
9D71 : 13;
9D72 : 13;
9D73 : 13;
9D74 : 13;
9D75 : 13;
9D76 : 13;
9D77 : 13;
9D78 : 13;
9D79 : 13;
9D7A : 13;
9D7B : 13;
9D7C : 13;
9D7D : 13;
9D7E : 13;
9D7F : 13;
9D80 : F8;
9D81 : F8;
9D82 : F8;
9D83 : BC;
9D84 : 7C;
9D85 : 7C;
9D86 : 7C;
9D87 : 7C;
9D88 : F8;
9D89 : F8;
9D8A : F8;
9D8B : 9C;
9D8C : 7C;
9D8D : 7C;
9D8E : 7C;
9D8F : 7C;
9D90 : F8;
9D91 : F8;
9D92 : F8;
9D93 : 9C;
9D94 : 7C;
9D95 : 7C;
9D96 : 7C;
9D97 : 7C;
9D98 : F8;
9D99 : F8;
9D9A : F8;
9D9B : BC;
9D9C : 5C;
9D9D : 7C;
9D9E : 7C;
9D9F : 7C;
9DA0 : D9;
9DA1 : D5;
9DA2 : D9;
9DA3 : BC;
9DA4 : 9C;
9DA5 : 9C;
9DA6 : 9C;
9DA7 : 9C;
9DA8 : 13;
9DA9 : 13;
9DAA : 33;
9DAB : D9;
9DAC : F8;
9DAD : F8;
9DAE : F8;
9DAF : F8;
9DB0 : 13;
9DB1 : 13;
9DB2 : 33;
9DB3 : D9;
9DB4 : F8;
9DB5 : F8;
9DB6 : F8;
9DB7 : F8;
9DB8 : 13;
9DB9 : 13;
9DBA : 33;
9DBB : D9;
9DBC : F8;
9DBD : F8;
9DBE : F8;
9DBF : F8;
9DC0 : 7C;
9DC1 : 7C;
9DC2 : 7C;
9DC3 : 7C;
9DC4 : 7C;
9DC5 : 7C;
9DC6 : 7C;
9DC7 : 7C;
9DC8 : 7C;
9DC9 : 7C;
9DCA : 7C;
9DCB : 7C;
9DCC : 7C;
9DCD : 7C;
9DCE : 7C;
9DCF : 7C;
9DD0 : 7C;
9DD1 : 7C;
9DD2 : 7C;
9DD3 : 7C;
9DD4 : 7C;
9DD5 : 7C;
9DD6 : 7C;
9DD7 : 7C;
9DD8 : 7C;
9DD9 : 7C;
9DDA : 7C;
9DDB : 7C;
9DDC : 7C;
9DDD : 7C;
9DDE : 7C;
9DDF : 7C;
9DE0 : 9C;
9DE1 : 9C;
9DE2 : 9C;
9DE3 : 9C;
9DE4 : 9C;
9DE5 : 9C;
9DE6 : 9C;
9DE7 : 9C;
9DE8 : F8;
9DE9 : F8;
9DEA : F8;
9DEB : F8;
9DEC : F8;
9DED : F8;
9DEE : F8;
9DEF : F8;
9DF0 : F8;
9DF1 : F8;
9DF2 : F8;
9DF3 : F8;
9DF4 : F8;
9DF5 : F8;
9DF6 : F8;
9DF7 : F8;
9DF8 : F8;
9DF9 : F8;
9DFA : F8;
9DFB : F8;
9DFC : F8;
9DFD : F8;
9DFE : F8;
9DFF : F8;
9E00 : 09;
9E01 : 09;
9E02 : 09;
9E03 : 09;
9E04 : 09;
9E05 : 09;
9E06 : 09;
9E07 : 09;
9E08 : 09;
9E09 : 09;
9E0A : 09;
9E0B : 09;
9E0C : 09;
9E0D : 09;
9E0E : 09;
9E0F : 09;
9E10 : 09;
9E11 : 05;
9E12 : 0A;
9E13 : 0A;
9E14 : 0A;
9E15 : 09;
9E16 : 09;
9E17 : 09;
9E18 : 09;
9E19 : 0A;
9E1A : 0A;
9E1B : 0A;
9E1C : 0A;
9E1D : 0A;
9E1E : 09;
9E1F : 09;
9E20 : 49;
9E21 : 25;
9E22 : 25;
9E23 : 29;
9E24 : 29;
9E25 : 29;
9E26 : 29;
9E27 : 29;
9E28 : A5;
9E29 : A5;
9E2A : A5;
9E2B : A5;
9E2C : A5;
9E2D : A5;
9E2E : A5;
9E2F : A5;
9E30 : A5;
9E31 : A5;
9E32 : A5;
9E33 : A5;
9E34 : A5;
9E35 : A5;
9E36 : A5;
9E37 : A5;
9E38 : A5;
9E39 : A5;
9E3A : A5;
9E3B : A5;
9E3C : A5;
9E3D : A5;
9E3E : A5;
9E3F : A5;
9E40 : 09;
9E41 : 09;
9E42 : 09;
9E43 : 05;
9E44 : 0A;
9E45 : 37;
9E46 : 37;
9E47 : 37;
9E48 : 09;
9E49 : 09;
9E4A : 09;
9E4B : 05;
9E4C : 0A;
9E4D : 37;
9E4E : 37;
9E4F : 37;
9E50 : 09;
9E51 : 09;
9E52 : 09;
9E53 : 05;
9E54 : 0A;
9E55 : 37;
9E56 : 37;
9E57 : 37;
9E58 : 09;
9E59 : 0A;
9E5A : 0A;
9E5B : 09;
9E5C : 0A;
9E5D : 37;
9E5E : 37;
9E5F : 37;
9E60 : 29;
9E61 : 29;
9E62 : 29;
9E63 : 29;
9E64 : 4A;
9E65 : 33;
9E66 : 33;
9E67 : 33;
9E68 : A5;
9E69 : A5;
9E6A : A5;
9E6B : A5;
9E6C : A5;
9E6D : 09;
9E6E : 09;
9E6F : 09;
9E70 : A5;
9E71 : A5;
9E72 : A5;
9E73 : A5;
9E74 : 85;
9E75 : 09;
9E76 : 09;
9E77 : 09;
9E78 : A5;
9E79 : A5;
9E7A : A5;
9E7B : A5;
9E7C : 85;
9E7D : 09;
9E7E : 09;
9E7F : 09;
9E80 : 37;
9E81 : 37;
9E82 : 37;
9E83 : 37;
9E84 : 37;
9E85 : 37;
9E86 : 37;
9E87 : 37;
9E88 : 37;
9E89 : 37;
9E8A : 37;
9E8B : 37;
9E8C : 37;
9E8D : 37;
9E8E : 37;
9E8F : 37;
9E90 : 37;
9E91 : 37;
9E92 : 37;
9E93 : 37;
9E94 : 37;
9E95 : 37;
9E96 : 37;
9E97 : 37;
9E98 : 37;
9E99 : 37;
9E9A : 37;
9E9B : 37;
9E9C : 37;
9E9D : 37;
9E9E : 37;
9E9F : 37;
9EA0 : 33;
9EA1 : 33;
9EA2 : 33;
9EA3 : 33;
9EA4 : 33;
9EA5 : 33;
9EA6 : 33;
9EA7 : 33;
9EA8 : 09;
9EA9 : 09;
9EAA : 09;
9EAB : 09;
9EAC : 09;
9EAD : 09;
9EAE : 09;
9EAF : 09;
9EB0 : 09;
9EB1 : 09;
9EB2 : 09;
9EB3 : 09;
9EB4 : 09;
9EB5 : 09;
9EB6 : 09;
9EB7 : 09;
9EB8 : 09;
9EB9 : 09;
9EBA : 09;
9EBB : 09;
9EBC : 09;
9EBD : 09;
9EBE : 09;
9EBF : 09;
9EC0 : 37;
9EC1 : 5A;
9EC2 : 7C;
9EC3 : 7C;
9EC4 : 7C;
9EC5 : 7C;
9EC6 : 7C;
9EC7 : 7C;
9EC8 : 37;
9EC9 : 5A;
9ECA : 9C;
9ECB : 7C;
9ECC : 7C;
9ECD : 7C;
9ECE : 7C;
9ECF : 7C;
9ED0 : 37;
9ED1 : 5A;
9ED2 : 9C;
9ED3 : 7C;
9ED4 : 7C;
9ED5 : 7C;
9ED6 : 7C;
9ED7 : 7C;
9ED8 : 37;
9ED9 : 5A;
9EDA : 9C;
9EDB : 7C;
9EDC : 7C;
9EDD : 7C;
9EDE : 7C;
9EDF : 7C;
9EE0 : 33;
9EE1 : 56;
9EE2 : 7D;
9EE3 : 79;
9EE4 : 79;
9EE5 : 79;
9EE6 : 79;
9EE7 : 79;
9EE8 : 05;
9EE9 : 0E;
9EEA : 37;
9EEB : 37;
9EEC : 37;
9EED : 37;
9EEE : 37;
9EEF : 37;
9EF0 : 05;
9EF1 : 0E;
9EF2 : 37;
9EF3 : 37;
9EF4 : 37;
9EF5 : 37;
9EF6 : 37;
9EF7 : 37;
9EF8 : 05;
9EF9 : 0E;
9EFA : 37;
9EFB : 37;
9EFC : 37;
9EFD : 37;
9EFE : 37;
9EFF : 37;
9F00 : 7C;
9F01 : 7C;
9F02 : 7C;
9F03 : 7C;
9F04 : 7C;
9F05 : 7C;
9F06 : 5C;
9F07 : 1C;
9F08 : 7C;
9F09 : 7C;
9F0A : 7C;
9F0B : 7C;
9F0C : 7C;
9F0D : 9C;
9F0E : 5C;
9F0F : 1C;
9F10 : 7C;
9F11 : 7C;
9F12 : 7C;
9F13 : 7C;
9F14 : 7C;
9F15 : 9C;
9F16 : 5C;
9F17 : 1C;
9F18 : 7C;
9F19 : 7C;
9F1A : 7C;
9F1B : 7C;
9F1C : 9C;
9F1D : 9C;
9F1E : 5C;
9F1F : 1C;
9F20 : 79;
9F21 : 79;
9F22 : 79;
9F23 : 79;
9F24 : 79;
9F25 : 79;
9F26 : 5C;
9F27 : 3C;
9F28 : 37;
9F29 : 37;
9F2A : 37;
9F2B : 37;
9F2C : 37;
9F2D : 37;
9F2E : 7A;
9F2F : 9C;
9F30 : 37;
9F31 : 37;
9F32 : 37;
9F33 : 37;
9F34 : 37;
9F35 : 37;
9F36 : 7A;
9F37 : 9C;
9F38 : 37;
9F39 : 37;
9F3A : 37;
9F3B : 37;
9F3C : 37;
9F3D : 37;
9F3E : 7A;
9F3F : 9C;
9F40 : 1C;
9F41 : 1C;
9F42 : 1C;
9F43 : 1C;
9F44 : 1C;
9F45 : 1C;
9F46 : 1C;
9F47 : 1C;
9F48 : 1C;
9F49 : 1C;
9F4A : 1C;
9F4B : 1C;
9F4C : 1C;
9F4D : 1C;
9F4E : 1C;
9F4F : 1C;
9F50 : 1C;
9F51 : 1C;
9F52 : 1C;
9F53 : 1C;
9F54 : 1C;
9F55 : 1C;
9F56 : 1C;
9F57 : 1C;
9F58 : 1C;
9F59 : 1C;
9F5A : 1C;
9F5B : 1C;
9F5C : 1C;
9F5D : 1C;
9F5E : 1C;
9F5F : 1C;
9F60 : 3C;
9F61 : 3C;
9F62 : 3C;
9F63 : 3C;
9F64 : 3C;
9F65 : 3C;
9F66 : 3C;
9F67 : 3C;
9F68 : 9C;
9F69 : 9C;
9F6A : 9C;
9F6B : 9C;
9F6C : 9C;
9F6D : 9C;
9F6E : 9C;
9F6F : 9C;
9F70 : 7C;
9F71 : 7C;
9F72 : 7C;
9F73 : 7C;
9F74 : 7C;
9F75 : 7C;
9F76 : 7C;
9F77 : 7C;
9F78 : 7C;
9F79 : 7C;
9F7A : 7C;
9F7B : 7C;
9F7C : 7C;
9F7D : 7C;
9F7E : 7C;
9F7F : 7C;
9F80 : 1C;
9F81 : 1C;
9F82 : 1C;
9F83 : 17;
9F84 : 17;
9F85 : 17;
9F86 : 17;
9F87 : 17;
9F88 : 1C;
9F89 : 1C;
9F8A : 1C;
9F8B : 17;
9F8C : 17;
9F8D : 17;
9F8E : 17;
9F8F : 17;
9F90 : 1C;
9F91 : 1C;
9F92 : 1C;
9F93 : 17;
9F94 : 17;
9F95 : 17;
9F96 : 17;
9F97 : 17;
9F98 : 1C;
9F99 : 1C;
9F9A : 1C;
9F9B : 17;
9F9C : 17;
9F9D : 17;
9F9E : 17;
9F9F : 17;
9FA0 : 3C;
9FA1 : 3C;
9FA2 : 3C;
9FA3 : 1A;
9FA4 : 16;
9FA5 : 16;
9FA6 : 16;
9FA7 : 16;
9FA8 : 9C;
9FA9 : 9C;
9FAA : 9C;
9FAB : 3C;
9FAC : 1C;
9FAD : 1C;
9FAE : 1C;
9FAF : 1C;
9FB0 : 7C;
9FB1 : 7C;
9FB2 : 7C;
9FB3 : 3C;
9FB4 : 1C;
9FB5 : 1C;
9FB6 : 1C;
9FB7 : 1C;
9FB8 : 7C;
9FB9 : 7C;
9FBA : 7C;
9FBB : 3C;
9FBC : 1C;
9FBD : 1C;
9FBE : 1C;
9FBF : 1C;
9FC0 : 17;
9FC1 : 17;
9FC2 : 17;
9FC3 : 17;
9FC4 : 17;
9FC5 : 17;
9FC6 : 17;
9FC7 : 17;
9FC8 : 17;
9FC9 : 17;
9FCA : 17;
9FCB : 17;
9FCC : 17;
9FCD : 17;
9FCE : 17;
9FCF : 17;
9FD0 : 17;
9FD1 : 17;
9FD2 : 17;
9FD3 : 17;
9FD4 : 17;
9FD5 : 17;
9FD6 : 17;
9FD7 : 17;
9FD8 : 17;
9FD9 : 17;
9FDA : 17;
9FDB : 17;
9FDC : 17;
9FDD : 17;
9FDE : 17;
9FDF : 17;
9FE0 : 16;
9FE1 : 16;
9FE2 : 16;
9FE3 : 16;
9FE4 : 16;
9FE5 : 17;
9FE6 : 16;
9FE7 : 17;
9FE8 : 1C;
9FE9 : 1C;
9FEA : 1C;
9FEB : 1C;
9FEC : 1C;
9FED : 1C;
9FEE : 1C;
9FEF : 1C;
9FF0 : 1C;
9FF1 : 1C;
9FF2 : 1C;
9FF3 : 1C;
9FF4 : 1C;
9FF5 : 1C;
9FF6 : 1C;
9FF7 : 1C;
9FF8 : 1C;
9FF9 : 1C;
9FFA : 1C;
9FFB : 1C;
9FFC : 1C;
9FFD : 1C;
9FFE : 1C;
9FFF : 1C;
A000 : 1E;
A001 : 1E;
A002 : 1E;
A003 : 1E;
A004 : 1E;
A005 : 1E;
A006 : 1E;
A007 : 1E;
A008 : 1E;
A009 : 1E;
A00A : 1E;
A00B : 1E;
A00C : 1E;
A00D : 1E;
A00E : 1E;
A00F : 1E;
A010 : 1E;
A011 : 1E;
A012 : 1E;
A013 : 1E;
A014 : 1E;
A015 : 1E;
A016 : 1E;
A017 : 1E;
A018 : 1E;
A019 : 1E;
A01A : 1E;
A01B : 1E;
A01C : 1E;
A01D : 1E;
A01E : 1E;
A01F : 1E;
A020 : 3A;
A021 : 3A;
A022 : 3A;
A023 : 3A;
A024 : 3A;
A025 : 3A;
A026 : 3A;
A027 : 3A;
A028 : 46;
A029 : 46;
A02A : 46;
A02B : 46;
A02C : 46;
A02D : 46;
A02E : 46;
A02F : 46;
A030 : 46;
A031 : 46;
A032 : 46;
A033 : 46;
A034 : 46;
A035 : 46;
A036 : 46;
A037 : 46;
A038 : 46;
A039 : 46;
A03A : 46;
A03B : 46;
A03C : 46;
A03D : 46;
A03E : 46;
A03F : 46;
A040 : 1E;
A041 : 1E;
A042 : 1E;
A043 : 1F;
A044 : 3E;
A045 : 5C;
A046 : 5C;
A047 : 5C;
A048 : 1E;
A049 : 1E;
A04A : 1E;
A04B : 1F;
A04C : 3E;
A04D : 5C;
A04E : 5C;
A04F : 5C;
A050 : 1E;
A051 : 1E;
A052 : 1E;
A053 : 1F;
A054 : 3E;
A055 : 5C;
A056 : 5C;
A057 : 5C;
A058 : 1E;
A059 : 1E;
A05A : 1E;
A05B : 1E;
A05C : 3E;
A05D : 5C;
A05E : 5C;
A05F : 5C;
A060 : 3A;
A061 : 3A;
A062 : 3A;
A063 : 3B;
A064 : 3A;
A065 : 5D;
A066 : 5C;
A067 : 5C;
A068 : 46;
A069 : 46;
A06A : 46;
A06B : 46;
A06C : 2E;
A06D : 1F;
A06E : 1E;
A06F : 1E;
A070 : 46;
A071 : 46;
A072 : 46;
A073 : 46;
A074 : 2E;
A075 : 1E;
A076 : 1E;
A077 : 1E;
A078 : 46;
A079 : 46;
A07A : 46;
A07B : 42;
A07C : 2E;
A07D : 1E;
A07E : 1E;
A07F : 1E;
A080 : 5C;
A081 : 5C;
A082 : 5C;
A083 : 5C;
A084 : 5C;
A085 : 5C;
A086 : 5C;
A087 : 5C;
A088 : 5C;
A089 : 5C;
A08A : 5C;
A08B : 5C;
A08C : 5C;
A08D : 5C;
A08E : 5C;
A08F : 5C;
A090 : 5C;
A091 : 5C;
A092 : 5C;
A093 : 5C;
A094 : 5C;
A095 : 5C;
A096 : 5C;
A097 : 5C;
A098 : 7C;
A099 : 7C;
A09A : 5C;
A09B : 5C;
A09C : 5C;
A09D : 5C;
A09E : 5C;
A09F : 5C;
A0A0 : 5C;
A0A1 : 5C;
A0A2 : 5C;
A0A3 : 5C;
A0A4 : 5C;
A0A5 : 5C;
A0A6 : 3C;
A0A7 : 3C;
A0A8 : 1E;
A0A9 : 1E;
A0AA : 1E;
A0AB : 1E;
A0AC : 1E;
A0AD : 1E;
A0AE : 1E;
A0AF : 1E;
A0B0 : 1E;
A0B1 : 1E;
A0B2 : 1E;
A0B3 : 1E;
A0B4 : 1E;
A0B5 : 1E;
A0B6 : 1E;
A0B7 : 1E;
A0B8 : 1E;
A0B9 : 1E;
A0BA : 1E;
A0BB : 1E;
A0BC : 1E;
A0BD : 1E;
A0BE : 1E;
A0BF : 1E;
A0C0 : 5C;
A0C1 : 98;
A0C2 : F0;
A0C3 : F0;
A0C4 : F0;
A0C5 : F0;
A0C6 : F0;
A0C7 : F0;
A0C8 : 5C;
A0C9 : 98;
A0CA : F0;
A0CB : F0;
A0CC : F0;
A0CD : F0;
A0CE : F0;
A0CF : F0;
A0D0 : 5C;
A0D1 : 98;
A0D2 : F0;
A0D3 : F0;
A0D4 : F0;
A0D5 : F0;
A0D6 : F0;
A0D7 : F0;
A0D8 : 5C;
A0D9 : 98;
A0DA : F0;
A0DB : F0;
A0DC : F0;
A0DD : F0;
A0DE : F0;
A0DF : F0;
A0E0 : 3C;
A0E1 : 78;
A0E2 : D4;
A0E3 : D4;
A0E4 : D4;
A0E5 : D4;
A0E6 : D4;
A0E7 : D4;
A0E8 : 1F;
A0E9 : 3E;
A0EA : 7C;
A0EB : 5C;
A0EC : 5C;
A0ED : 5C;
A0EE : 5C;
A0EF : 5C;
A0F0 : 1E;
A0F1 : 3E;
A0F2 : 7C;
A0F3 : 5C;
A0F4 : 5C;
A0F5 : 5C;
A0F6 : 5C;
A0F7 : 5C;
A0F8 : 1E;
A0F9 : 3E;
A0FA : 7C;
A0FB : 5C;
A0FC : 5C;
A0FD : 5C;
A0FE : 5C;
A0FF : 5C;
A100 : F0;
A101 : F0;
A102 : F0;
A103 : F0;
A104 : F0;
A105 : F0;
A106 : B7;
A107 : 9B;
A108 : F0;
A109 : F0;
A10A : F0;
A10B : F0;
A10C : F0;
A10D : F0;
A10E : B7;
A10F : 9B;
A110 : F0;
A111 : F0;
A112 : F0;
A113 : F0;
A114 : F0;
A115 : F0;
A116 : BB;
A117 : 9B;
A118 : F0;
A119 : F0;
A11A : F0;
A11B : F0;
A11C : F0;
A11D : F0;
A11E : B7;
A11F : 9B;
A120 : D4;
A121 : D4;
A122 : D4;
A123 : D4;
A124 : D4;
A125 : B4;
A126 : B6;
A127 : BB;
A128 : 5C;
A129 : 5C;
A12A : 5C;
A12B : 5C;
A12C : 5C;
A12D : 5C;
A12E : D4;
A12F : F0;
A130 : 5C;
A131 : 5C;
A132 : 5C;
A133 : 5C;
A134 : 5C;
A135 : 5C;
A136 : D4;
A137 : F0;
A138 : 5C;
A139 : 5C;
A13A : 5C;
A13B : 5C;
A13C : 5C;
A13D : 5C;
A13E : D4;
A13F : F0;
A140 : 9B;
A141 : 9B;
A142 : 9B;
A143 : 9B;
A144 : 9B;
A145 : 9B;
A146 : 9B;
A147 : 9B;
A148 : 9B;
A149 : 9B;
A14A : 9B;
A14B : 9B;
A14C : 9B;
A14D : 9B;
A14E : 9B;
A14F : 9B;
A150 : 9B;
A151 : 9B;
A152 : 9B;
A153 : 9B;
A154 : 9B;
A155 : 9B;
A156 : 9B;
A157 : 9B;
A158 : 9B;
A159 : 9B;
A15A : 9B;
A15B : 9B;
A15C : 9B;
A15D : 9B;
A15E : 9B;
A15F : 9B;
A160 : BB;
A161 : BB;
A162 : BB;
A163 : BB;
A164 : BB;
A165 : BB;
A166 : BB;
A167 : BB;
A168 : F0;
A169 : F0;
A16A : F0;
A16B : F0;
A16C : F0;
A16D : F0;
A16E : F0;
A16F : F0;
A170 : F0;
A171 : F0;
A172 : F0;
A173 : F0;
A174 : F0;
A175 : F0;
A176 : F0;
A177 : F0;
A178 : F0;
A179 : F0;
A17A : F0;
A17B : F0;
A17C : F0;
A17D : F0;
A17E : F0;
A17F : F0;
A180 : 9B;
A181 : 9B;
A182 : 9B;
A183 : 6E;
A184 : 6A;
A185 : 6E;
A186 : 6E;
A187 : 6E;
A188 : 9B;
A189 : 9B;
A18A : 9B;
A18B : 6E;
A18C : 6A;
A18D : 6E;
A18E : 6E;
A18F : 6E;
A190 : 9B;
A191 : 9B;
A192 : 9B;
A193 : 6E;
A194 : 6A;
A195 : 6E;
A196 : 6E;
A197 : 6E;
A198 : 9B;
A199 : 9B;
A19A : 9B;
A19B : 6E;
A19C : 6A;
A19D : 6A;
A19E : 6A;
A19F : 6A;
A1A0 : BB;
A1A1 : BB;
A1A2 : BB;
A1A3 : 72;
A1A4 : 6E;
A1A5 : 6E;
A1A6 : 6E;
A1A7 : 6E;
A1A8 : F0;
A1A9 : F0;
A1AA : F0;
A1AB : BB;
A1AC : 9B;
A1AD : 9B;
A1AE : 9B;
A1AF : 9B;
A1B0 : F0;
A1B1 : F0;
A1B2 : F0;
A1B3 : BB;
A1B4 : 9B;
A1B5 : 9B;
A1B6 : 9B;
A1B7 : 9B;
A1B8 : F0;
A1B9 : F0;
A1BA : F0;
A1BB : BB;
A1BC : 9B;
A1BD : 9B;
A1BE : 9B;
A1BF : 9B;
A1C0 : 6E;
A1C1 : 6E;
A1C2 : 6E;
A1C3 : 6E;
A1C4 : 6E;
A1C5 : 6E;
A1C6 : 6E;
A1C7 : 89;
A1C8 : 6E;
A1C9 : 6E;
A1CA : 6E;
A1CB : 6E;
A1CC : 6E;
A1CD : 6E;
A1CE : 6E;
A1CF : 8D;
A1D0 : 6E;
A1D1 : 6E;
A1D2 : 6E;
A1D3 : 6E;
A1D4 : 6E;
A1D5 : 6E;
A1D6 : 4E;
A1D7 : 6D;
A1D8 : 6A;
A1D9 : 6A;
A1DA : 6A;
A1DB : 6A;
A1DC : 6A;
A1DD : 6A;
A1DE : 6A;
A1DF : 89;
A1E0 : 6E;
A1E1 : 6E;
A1E2 : 6E;
A1E3 : 6E;
A1E4 : 6E;
A1E5 : 6E;
A1E6 : 6E;
A1E7 : 8E;
A1E8 : 9B;
A1E9 : 9B;
A1EA : 9B;
A1EB : 9B;
A1EC : 9B;
A1ED : 9B;
A1EE : 9B;
A1EF : 9B;
A1F0 : 9B;
A1F1 : 9B;
A1F2 : 9B;
A1F3 : 9B;
A1F4 : 9B;
A1F5 : 9B;
A1F6 : 9B;
A1F7 : 9B;
A1F8 : 9B;
A1F9 : 9B;
A1FA : 9B;
A1FB : 9B;
A1FC : 9B;
A1FD : 9B;
A1FE : 9B;
A1FF : 9B;
A200 : EC;
A201 : EC;
A202 : EC;
A203 : EC;
A204 : EC;
A205 : EC;
A206 : EC;
A207 : EC;
A208 : EC;
A209 : EC;
A20A : EC;
A20B : EC;
A20C : EC;
A20D : EC;
A20E : EC;
A20F : EC;
A210 : EC;
A211 : EC;
A212 : EC;
A213 : EC;
A214 : EC;
A215 : EC;
A216 : EC;
A217 : EC;
A218 : EC;
A219 : EC;
A21A : EC;
A21B : EC;
A21C : EC;
A21D : EC;
A21E : EC;
A21F : EC;
A220 : CC;
A221 : EC;
A222 : EC;
A223 : F0;
A224 : F0;
A225 : F0;
A226 : EC;
A227 : EC;
A228 : 95;
A229 : B4;
A22A : B4;
A22B : B4;
A22C : B4;
A22D : B4;
A22E : B4;
A22F : B4;
A230 : 95;
A231 : B4;
A232 : B4;
A233 : B4;
A234 : B4;
A235 : B4;
A236 : B4;
A237 : B4;
A238 : 95;
A239 : B4;
A23A : B4;
A23B : B4;
A23C : B4;
A23D : B4;
A23E : B4;
A23F : B4;
A240 : EC;
A241 : EC;
A242 : EC;
A243 : EC;
A244 : E8;
A245 : E0;
A246 : E0;
A247 : E0;
A248 : EC;
A249 : EC;
A24A : EC;
A24B : EC;
A24C : E8;
A24D : E0;
A24E : E0;
A24F : E0;
A250 : EC;
A251 : EC;
A252 : EC;
A253 : EC;
A254 : E8;
A255 : E0;
A256 : E0;
A257 : E0;
A258 : EC;
A259 : EC;
A25A : EC;
A25B : EC;
A25C : E8;
A25D : E0;
A25E : E0;
A25F : E0;
A260 : EC;
A261 : EC;
A262 : EC;
A263 : CC;
A264 : EC;
A265 : E4;
A266 : E4;
A267 : E4;
A268 : B4;
A269 : B4;
A26A : B4;
A26B : 94;
A26C : B4;
A26D : EC;
A26E : EC;
A26F : EC;
A270 : B4;
A271 : B4;
A272 : B4;
A273 : B4;
A274 : B4;
A275 : EC;
A276 : EC;
A277 : EC;
A278 : B4;
A279 : B4;
A27A : B4;
A27B : B4;
A27C : B4;
A27D : EC;
A27E : EC;
A27F : EC;
A280 : E0;
A281 : E0;
A282 : E0;
A283 : E0;
A284 : E0;
A285 : E0;
A286 : E0;
A287 : E0;
A288 : E0;
A289 : E0;
A28A : E0;
A28B : E0;
A28C : E0;
A28D : E0;
A28E : E0;
A28F : E0;
A290 : E0;
A291 : E0;
A292 : E0;
A293 : E0;
A294 : E0;
A295 : E0;
A296 : E0;
A297 : E0;
A298 : E0;
A299 : E0;
A29A : E0;
A29B : E0;
A29C : E0;
A29D : E0;
A29E : E0;
A29F : E0;
A2A0 : E4;
A2A1 : E4;
A2A2 : E4;
A2A3 : E4;
A2A4 : E4;
A2A5 : E4;
A2A6 : E4;
A2A7 : E4;
A2A8 : EC;
A2A9 : EC;
A2AA : EC;
A2AB : EC;
A2AC : EC;
A2AD : EC;
A2AE : EC;
A2AF : EC;
A2B0 : EC;
A2B1 : EC;
A2B2 : EC;
A2B3 : EC;
A2B4 : EC;
A2B5 : EC;
A2B6 : EC;
A2B7 : EC;
A2B8 : EC;
A2B9 : EC;
A2BA : EC;
A2BB : EC;
A2BC : EC;
A2BD : EC;
A2BE : EC;
A2BF : EC;
A2C0 : E0;
A2C1 : 8A;
A2C2 : 13;
A2C3 : 13;
A2C4 : 13;
A2C5 : 13;
A2C6 : 13;
A2C7 : 13;
A2C8 : E0;
A2C9 : 8A;
A2CA : 13;
A2CB : 13;
A2CC : 13;
A2CD : 13;
A2CE : 13;
A2CF : 13;
A2D0 : E0;
A2D1 : 8A;
A2D2 : 13;
A2D3 : 13;
A2D4 : 13;
A2D5 : 13;
A2D6 : 13;
A2D7 : 13;
A2D8 : E0;
A2D9 : 8A;
A2DA : 17;
A2DB : 13;
A2DC : 13;
A2DD : 13;
A2DE : 13;
A2DF : 13;
A2E0 : E4;
A2E1 : A9;
A2E2 : 72;
A2E3 : 52;
A2E4 : 52;
A2E5 : 52;
A2E6 : 52;
A2E7 : 52;
A2E8 : EC;
A2E9 : E8;
A2EA : E0;
A2EB : E0;
A2EC : E0;
A2ED : E0;
A2EE : E0;
A2EF : E0;
A2F0 : EC;
A2F1 : E8;
A2F2 : E0;
A2F3 : E0;
A2F4 : E0;
A2F5 : E0;
A2F6 : E0;
A2F7 : E0;
A2F8 : EC;
A2F9 : E8;
A2FA : E0;
A2FB : E0;
A2FC : E0;
A2FD : E0;
A2FE : E0;
A2FF : E0;
A300 : 13;
A301 : 13;
A302 : 13;
A303 : 13;
A304 : 13;
A305 : 13;
A306 : 53;
A307 : 8F;
A308 : 13;
A309 : 13;
A30A : 13;
A30B : 13;
A30C : 13;
A30D : 13;
A30E : 53;
A30F : 8F;
A310 : 13;
A311 : 13;
A312 : 13;
A313 : 13;
A314 : 13;
A315 : 13;
A316 : 53;
A317 : 8F;
A318 : 13;
A319 : 13;
A31A : 13;
A31B : 13;
A31C : 13;
A31D : 17;
A31E : 53;
A31F : 8F;
A320 : 52;
A321 : 52;
A322 : 52;
A323 : 52;
A324 : 52;
A325 : 52;
A326 : 73;
A327 : 6F;
A328 : E0;
A329 : E0;
A32A : E0;
A32B : E0;
A32C : E0;
A32D : E0;
A32E : 6E;
A32F : 17;
A330 : E0;
A331 : E0;
A332 : E0;
A333 : E0;
A334 : E0;
A335 : E0;
A336 : 6E;
A337 : 17;
A338 : E0;
A339 : E0;
A33A : E0;
A33B : E0;
A33C : E0;
A33D : E0;
A33E : 6E;
A33F : 17;
A340 : 8F;
A341 : 8F;
A342 : 8F;
A343 : 8F;
A344 : 8F;
A345 : 8F;
A346 : 8F;
A347 : 8F;
A348 : 8F;
A349 : 8F;
A34A : 8F;
A34B : 8F;
A34C : 8F;
A34D : 8F;
A34E : 8F;
A34F : 8F;
A350 : 8F;
A351 : 8F;
A352 : 8F;
A353 : 8F;
A354 : 8F;
A355 : 8F;
A356 : 8F;
A357 : 8F;
A358 : 8F;
A359 : 8F;
A35A : 8F;
A35B : 8F;
A35C : 8F;
A35D : 8F;
A35E : 8F;
A35F : 8F;
A360 : 6F;
A361 : 6F;
A362 : 6F;
A363 : 6F;
A364 : 6F;
A365 : 6F;
A366 : 6F;
A367 : 6F;
A368 : 13;
A369 : 13;
A36A : 13;
A36B : 13;
A36C : 13;
A36D : 13;
A36E : 13;
A36F : 13;
A370 : 13;
A371 : 13;
A372 : 13;
A373 : 13;
A374 : 13;
A375 : 13;
A376 : 13;
A377 : 13;
A378 : 13;
A379 : 13;
A37A : 13;
A37B : 13;
A37C : 13;
A37D : 13;
A37E : 13;
A37F : 13;
A380 : 8F;
A381 : 6F;
A382 : 8F;
A383 : C7;
A384 : E3;
A385 : E3;
A386 : E3;
A387 : E3;
A388 : 8F;
A389 : 6F;
A38A : 8F;
A38B : C7;
A38C : E3;
A38D : E3;
A38E : E3;
A38F : E3;
A390 : 8F;
A391 : 8F;
A392 : 8F;
A393 : C7;
A394 : E3;
A395 : E3;
A396 : E3;
A397 : E3;
A398 : 8F;
A399 : 8F;
A39A : 8F;
A39B : E7;
A39C : E3;
A39D : E3;
A39E : E3;
A39F : E3;
A3A0 : 6F;
A3A1 : 6F;
A3A2 : 6F;
A3A3 : CB;
A3A4 : C7;
A3A5 : C7;
A3A6 : C7;
A3A7 : C7;
A3A8 : 13;
A3A9 : 13;
A3AA : 13;
A3AB : 6F;
A3AC : 8F;
A3AD : 8F;
A3AE : 6F;
A3AF : 8F;
A3B0 : 13;
A3B1 : 13;
A3B2 : 13;
A3B3 : 6F;
A3B4 : 8F;
A3B5 : 8F;
A3B6 : 8F;
A3B7 : 8F;
A3B8 : 13;
A3B9 : 13;
A3BA : 13;
A3BB : 6F;
A3BC : 8F;
A3BD : 8F;
A3BE : 8F;
A3BF : 8F;
A3C0 : E3;
A3C1 : E3;
A3C2 : E3;
A3C3 : E3;
A3C4 : E3;
A3C5 : E3;
A3C6 : E3;
A3C7 : E3;
A3C8 : E3;
A3C9 : E3;
A3CA : E3;
A3CB : E3;
A3CC : E3;
A3CD : E3;
A3CE : E3;
A3CF : E3;
A3D0 : E3;
A3D1 : E3;
A3D2 : E3;
A3D3 : E3;
A3D4 : E3;
A3D5 : E3;
A3D6 : E3;
A3D7 : E3;
A3D8 : E3;
A3D9 : E3;
A3DA : E3;
A3DB : E3;
A3DC : E3;
A3DD : E3;
A3DE : E3;
A3DF : E3;
A3E0 : C7;
A3E1 : C7;
A3E2 : C7;
A3E3 : C7;
A3E4 : C7;
A3E5 : C7;
A3E6 : C7;
A3E7 : C7;
A3E8 : 8F;
A3E9 : 8F;
A3EA : 8F;
A3EB : 8F;
A3EC : 8F;
A3ED : 8F;
A3EE : 8F;
A3EF : 8F;
A3F0 : 8F;
A3F1 : 8F;
A3F2 : 8F;
A3F3 : 8F;
A3F4 : 8F;
A3F5 : 8F;
A3F6 : 8F;
A3F7 : 8F;
A3F8 : 8F;
A3F9 : 8F;
A3FA : 8F;
A3FB : 8F;
A3FC : 8F;
A3FD : 8F;
A3FE : 8F;
A3FF : 8F;
A400 : B0;
A401 : B0;
A402 : B0;
A403 : B0;
A404 : B0;
A405 : B0;
A406 : B0;
A407 : B0;
A408 : B0;
A409 : B0;
A40A : B0;
A40B : B0;
A40C : B0;
A40D : B0;
A40E : B0;
A40F : B0;
A410 : B0;
A411 : B0;
A412 : B0;
A413 : B0;
A414 : B0;
A415 : B0;
A416 : B0;
A417 : B0;
A418 : B0;
A419 : B0;
A41A : B0;
A41B : B0;
A41C : B0;
A41D : B0;
A41E : B0;
A41F : B0;
A420 : B0;
A421 : B0;
A422 : B0;
A423 : B0;
A424 : B0;
A425 : B0;
A426 : B0;
A427 : B0;
A428 : B0;
A429 : B0;
A42A : B0;
A42B : B0;
A42C : B0;
A42D : B0;
A42E : B0;
A42F : B0;
A430 : D8;
A431 : D8;
A432 : D8;
A433 : D8;
A434 : D8;
A435 : D8;
A436 : D8;
A437 : D8;
A438 : DC;
A439 : DC;
A43A : DC;
A43B : DC;
A43C : DC;
A43D : DC;
A43E : DC;
A43F : DC;
A440 : B0;
A441 : B0;
A442 : B0;
A443 : B0;
A444 : CC;
A445 : E4;
A446 : E0;
A447 : E0;
A448 : B0;
A449 : B0;
A44A : B0;
A44B : B0;
A44C : CC;
A44D : E4;
A44E : E0;
A44F : E0;
A450 : B0;
A451 : B0;
A452 : B0;
A453 : B0;
A454 : CC;
A455 : E4;
A456 : E0;
A457 : E0;
A458 : B0;
A459 : B0;
A45A : B0;
A45B : B0;
A45C : CC;
A45D : E4;
A45E : E0;
A45F : E0;
A460 : B0;
A461 : B0;
A462 : B0;
A463 : B0;
A464 : CC;
A465 : E4;
A466 : E0;
A467 : E0;
A468 : B0;
A469 : B0;
A46A : B0;
A46B : B0;
A46C : CC;
A46D : E4;
A46E : E0;
A46F : E0;
A470 : D8;
A471 : D8;
A472 : D8;
A473 : D8;
A474 : D4;
A475 : CC;
A476 : CC;
A477 : CC;
A478 : DC;
A479 : DC;
A47A : DC;
A47B : DC;
A47C : D8;
A47D : B0;
A47E : B0;
A47F : B0;
A480 : E0;
A481 : E0;
A482 : E0;
A483 : E0;
A484 : E0;
A485 : E0;
A486 : E0;
A487 : E0;
A488 : E0;
A489 : E0;
A48A : E0;
A48B : E0;
A48C : E0;
A48D : E0;
A48E : E0;
A48F : E0;
A490 : E0;
A491 : E0;
A492 : E0;
A493 : E0;
A494 : E0;
A495 : E0;
A496 : E0;
A497 : E0;
A498 : E0;
A499 : E0;
A49A : E0;
A49B : E0;
A49C : E0;
A49D : E0;
A49E : E0;
A49F : E0;
A4A0 : E0;
A4A1 : E0;
A4A2 : E0;
A4A3 : E0;
A4A4 : E0;
A4A5 : E0;
A4A6 : E0;
A4A7 : E0;
A4A8 : E0;
A4A9 : E0;
A4AA : E0;
A4AB : E0;
A4AC : E0;
A4AD : E0;
A4AE : E0;
A4AF : E0;
A4B0 : CC;
A4B1 : CC;
A4B2 : CC;
A4B3 : CC;
A4B4 : CC;
A4B5 : CC;
A4B6 : CC;
A4B7 : CC;
A4B8 : 90;
A4B9 : B0;
A4BA : B0;
A4BB : B0;
A4BC : B0;
A4BD : B0;
A4BE : B0;
A4BF : B0;
A4C0 : E0;
A4C1 : E1;
A4C2 : E3;
A4C3 : E3;
A4C4 : E3;
A4C5 : E3;
A4C6 : E3;
A4C7 : E3;
A4C8 : E0;
A4C9 : E1;
A4CA : E3;
A4CB : E3;
A4CC : E3;
A4CD : E3;
A4CE : E3;
A4CF : E3;
A4D0 : E0;
A4D1 : E1;
A4D2 : E3;
A4D3 : E3;
A4D4 : E3;
A4D5 : E3;
A4D6 : E3;
A4D7 : E3;
A4D8 : E4;
A4D9 : E1;
A4DA : E3;
A4DB : E3;
A4DC : E3;
A4DD : E3;
A4DE : E3;
A4DF : E3;
A4E0 : E0;
A4E1 : E1;
A4E2 : E3;
A4E3 : E3;
A4E4 : E3;
A4E5 : E3;
A4E6 : E3;
A4E7 : E3;
A4E8 : E4;
A4E9 : E1;
A4EA : E3;
A4EB : E3;
A4EC : E3;
A4ED : E3;
A4EE : E3;
A4EF : E3;
A4F0 : CC;
A4F1 : E8;
A4F2 : E1;
A4F3 : E1;
A4F4 : E1;
A4F5 : E1;
A4F6 : E1;
A4F7 : E1;
A4F8 : 90;
A4F9 : AC;
A4FA : E0;
A4FB : E4;
A4FC : E4;
A4FD : E4;
A4FE : E0;
A4FF : E0;
A500 : E3;
A501 : E3;
A502 : E3;
A503 : E3;
A504 : E3;
A505 : E3;
A506 : AB;
A507 : 33;
A508 : E3;
A509 : E3;
A50A : E3;
A50B : E3;
A50C : E3;
A50D : E3;
A50E : AB;
A50F : 33;
A510 : E3;
A511 : E3;
A512 : E3;
A513 : E3;
A514 : E3;
A515 : E3;
A516 : AB;
A517 : 33;
A518 : E3;
A519 : E3;
A51A : E3;
A51B : E3;
A51C : E3;
A51D : E3;
A51E : AB;
A51F : 33;
A520 : E3;
A521 : E3;
A522 : E3;
A523 : E3;
A524 : E3;
A525 : E3;
A526 : AB;
A527 : 33;
A528 : E3;
A529 : E3;
A52A : E3;
A52B : E3;
A52C : E3;
A52D : E3;
A52E : AB;
A52F : 53;
A530 : E1;
A531 : E1;
A532 : E1;
A533 : E1;
A534 : E1;
A535 : E1;
A536 : C6;
A537 : AB;
A538 : E0;
A539 : E0;
A53A : E0;
A53B : E0;
A53C : E4;
A53D : E4;
A53E : E2;
A53F : E3;
A540 : 53;
A541 : 53;
A542 : 53;
A543 : 53;
A544 : 53;
A545 : 53;
A546 : 53;
A547 : 53;
A548 : 53;
A549 : 53;
A54A : 53;
A54B : 53;
A54C : 53;
A54D : 53;
A54E : 53;
A54F : 53;
A550 : 53;
A551 : 53;
A552 : 53;
A553 : 53;
A554 : 53;
A555 : 53;
A556 : 53;
A557 : 53;
A558 : 53;
A559 : 53;
A55A : 53;
A55B : 53;
A55C : 53;
A55D : 53;
A55E : 53;
A55F : 53;
A560 : 53;
A561 : 53;
A562 : 53;
A563 : 53;
A564 : 53;
A565 : 53;
A566 : 53;
A567 : 53;
A568 : 53;
A569 : 53;
A56A : 53;
A56B : 53;
A56C : 53;
A56D : 53;
A56E : 53;
A56F : 53;
A570 : AB;
A571 : AB;
A572 : AB;
A573 : AB;
A574 : AB;
A575 : AB;
A576 : AB;
A577 : AB;
A578 : E3;
A579 : E3;
A57A : E3;
A57B : E3;
A57C : E3;
A57D : E3;
A57E : E3;
A57F : E3;
A580 : 53;
A581 : 53;
A582 : 33;
A583 : A7;
A584 : A3;
A585 : A3;
A586 : A3;
A587 : A3;
A588 : 53;
A589 : 53;
A58A : 33;
A58B : A7;
A58C : A3;
A58D : A3;
A58E : A3;
A58F : A3;
A590 : 53;
A591 : 53;
A592 : 33;
A593 : A7;
A594 : A3;
A595 : A3;
A596 : A3;
A597 : A3;
A598 : 53;
A599 : 53;
A59A : 33;
A59B : A7;
A59C : A3;
A59D : A3;
A59E : A3;
A59F : A3;
A5A0 : 53;
A5A1 : 53;
A5A2 : 33;
A5A3 : A7;
A5A4 : A3;
A5A5 : A3;
A5A6 : A3;
A5A7 : A3;
A5A8 : 53;
A5A9 : 53;
A5AA : 53;
A5AB : A7;
A5AC : A3;
A5AD : A3;
A5AE : A3;
A5AF : A3;
A5B0 : AB;
A5B1 : AB;
A5B2 : AB;
A5B3 : 8B;
A5B4 : 6B;
A5B5 : 6B;
A5B6 : 6B;
A5B7 : 6B;
A5B8 : E3;
A5B9 : E3;
A5BA : E3;
A5BB : 4F;
A5BC : 33;
A5BD : 53;
A5BE : 53;
A5BF : 53;
A5C0 : A3;
A5C1 : A3;
A5C2 : A3;
A5C3 : A3;
A5C4 : A3;
A5C5 : A3;
A5C6 : A3;
A5C7 : A7;
A5C8 : A3;
A5C9 : A3;
A5CA : A3;
A5CB : A3;
A5CC : A3;
A5CD : A3;
A5CE : A3;
A5CF : A7;
A5D0 : A3;
A5D1 : A3;
A5D2 : A3;
A5D3 : A3;
A5D4 : A3;
A5D5 : A3;
A5D6 : A3;
A5D7 : A7;
A5D8 : A3;
A5D9 : A3;
A5DA : A3;
A5DB : A3;
A5DC : A3;
A5DD : A3;
A5DE : A3;
A5DF : A7;
A5E0 : A3;
A5E1 : A3;
A5E2 : A3;
A5E3 : A3;
A5E4 : A3;
A5E5 : A3;
A5E6 : A3;
A5E7 : A7;
A5E8 : A3;
A5E9 : A3;
A5EA : A3;
A5EB : A3;
A5EC : A3;
A5ED : A3;
A5EE : A3;
A5EF : A7;
A5F0 : 6B;
A5F1 : 6B;
A5F2 : 6B;
A5F3 : 6B;
A5F4 : 6B;
A5F5 : 6B;
A5F6 : 6B;
A5F7 : 6F;
A5F8 : 53;
A5F9 : 53;
A5FA : 53;
A5FB : 53;
A5FC : 53;
A5FD : 53;
A5FE : 53;
A5FF : 53;
A600 : B1;
A601 : B4;
A602 : B4;
A603 : B4;
A604 : B4;
A605 : B4;
A606 : B4;
A607 : B4;
A608 : B1;
A609 : B4;
A60A : B4;
A60B : B4;
A60C : B4;
A60D : B4;
A60E : B4;
A60F : B4;
A610 : B1;
A611 : B4;
A612 : B4;
A613 : B4;
A614 : B4;
A615 : B4;
A616 : B4;
A617 : B4;
A618 : B1;
A619 : B4;
A61A : B4;
A61B : B4;
A61C : B4;
A61D : B4;
A61E : B4;
A61F : B4;
A620 : B1;
A621 : B4;
A622 : B4;
A623 : B4;
A624 : B4;
A625 : B4;
A626 : B4;
A627 : B4;
A628 : B1;
A629 : B4;
A62A : B4;
A62B : B4;
A62C : B4;
A62D : B4;
A62E : B4;
A62F : B4;
A630 : 99;
A631 : 78;
A632 : 78;
A633 : 78;
A634 : 78;
A635 : 78;
A636 : 78;
A637 : 78;
A638 : 59;
A639 : 5C;
A63A : 5C;
A63B : 5C;
A63C : 5C;
A63D : 5C;
A63E : 5C;
A63F : 5C;
A640 : B4;
A641 : B4;
A642 : B4;
A643 : 94;
A644 : B0;
A645 : EC;
A646 : EC;
A647 : EC;
A648 : B4;
A649 : B4;
A64A : B4;
A64B : 94;
A64C : B0;
A64D : EC;
A64E : EC;
A64F : EC;
A650 : B4;
A651 : B4;
A652 : B4;
A653 : 94;
A654 : B0;
A655 : EC;
A656 : EC;
A657 : EC;
A658 : B4;
A659 : B4;
A65A : B4;
A65B : 94;
A65C : B0;
A65D : EC;
A65E : EC;
A65F : EC;
A660 : B4;
A661 : B4;
A662 : B4;
A663 : B4;
A664 : B0;
A665 : EC;
A666 : EC;
A667 : EC;
A668 : B4;
A669 : B4;
A66A : B4;
A66B : 94;
A66C : B0;
A66D : EC;
A66E : EC;
A66F : EC;
A670 : 78;
A671 : 78;
A672 : 78;
A673 : 78;
A674 : 98;
A675 : D0;
A676 : D0;
A677 : D0;
A678 : 5C;
A679 : 5C;
A67A : 5C;
A67B : 5C;
A67C : 78;
A67D : B4;
A67E : 94;
A67F : 94;
A680 : EC;
A681 : EC;
A682 : EC;
A683 : EC;
A684 : EC;
A685 : EC;
A686 : EC;
A687 : EC;
A688 : EC;
A689 : EC;
A68A : EC;
A68B : EC;
A68C : EC;
A68D : EC;
A68E : EC;
A68F : EC;
A690 : EC;
A691 : EC;
A692 : EC;
A693 : EC;
A694 : EC;
A695 : EC;
A696 : EC;
A697 : EC;
A698 : EC;
A699 : EC;
A69A : EC;
A69B : EC;
A69C : EC;
A69D : EC;
A69E : EC;
A69F : EC;
A6A0 : EC;
A6A1 : EC;
A6A2 : EC;
A6A3 : EC;
A6A4 : EC;
A6A5 : EC;
A6A6 : EC;
A6A7 : EC;
A6A8 : EC;
A6A9 : EC;
A6AA : EC;
A6AB : EC;
A6AC : EC;
A6AD : EC;
A6AE : EC;
A6AF : EC;
A6B0 : D0;
A6B1 : D0;
A6B2 : D0;
A6B3 : D0;
A6B4 : D0;
A6B5 : D0;
A6B6 : D0;
A6B7 : D0;
A6B8 : 94;
A6B9 : 94;
A6BA : 94;
A6BB : 94;
A6BC : 94;
A6BD : 94;
A6BE : 94;
A6BF : 94;
A6C0 : EC;
A6C1 : E8;
A6C2 : E0;
A6C3 : E0;
A6C4 : E0;
A6C5 : E0;
A6C6 : E0;
A6C7 : E0;
A6C8 : EC;
A6C9 : E8;
A6CA : E0;
A6CB : E0;
A6CC : E0;
A6CD : E0;
A6CE : E0;
A6CF : E0;
A6D0 : EC;
A6D1 : E8;
A6D2 : E0;
A6D3 : E0;
A6D4 : E0;
A6D5 : E0;
A6D6 : E0;
A6D7 : E0;
A6D8 : EC;
A6D9 : E8;
A6DA : E0;
A6DB : E0;
A6DC : E0;
A6DD : E0;
A6DE : E0;
A6DF : E0;
A6E0 : EC;
A6E1 : E8;
A6E2 : E0;
A6E3 : E0;
A6E4 : E0;
A6E5 : E0;
A6E6 : E0;
A6E7 : E0;
A6E8 : EC;
A6E9 : E8;
A6EA : E0;
A6EB : E0;
A6EC : E0;
A6ED : E0;
A6EE : E0;
A6EF : E0;
A6F0 : D0;
A6F1 : CC;
A6F2 : E8;
A6F3 : E8;
A6F4 : E8;
A6F5 : E8;
A6F6 : E8;
A6F7 : E8;
A6F8 : 94;
A6F9 : B0;
A6FA : EC;
A6FB : EC;
A6FC : EC;
A6FD : EC;
A6FE : EC;
A6FF : EC;
A700 : E0;
A701 : E0;
A702 : E0;
A703 : E0;
A704 : E0;
A705 : E0;
A706 : 6E;
A707 : 17;
A708 : E0;
A709 : E0;
A70A : E0;
A70B : E0;
A70C : E0;
A70D : E0;
A70E : 6E;
A70F : 17;
A710 : E0;
A711 : E0;
A712 : E0;
A713 : E0;
A714 : E0;
A715 : E0;
A716 : 6E;
A717 : 17;
A718 : E0;
A719 : E0;
A71A : E0;
A71B : E0;
A71C : E0;
A71D : E0;
A71E : 6E;
A71F : 17;
A720 : E0;
A721 : E0;
A722 : E0;
A723 : E0;
A724 : E0;
A725 : E0;
A726 : 4E;
A727 : 17;
A728 : E0;
A729 : E0;
A72A : E0;
A72B : E0;
A72C : E0;
A72D : E0;
A72E : 6E;
A72F : 17;
A730 : E8;
A731 : E8;
A732 : E8;
A733 : E8;
A734 : E8;
A735 : E8;
A736 : A9;
A737 : 89;
A738 : EC;
A739 : EC;
A73A : EC;
A73B : EC;
A73C : EC;
A73D : EC;
A73E : E4;
A73F : E0;
A740 : 13;
A741 : 13;
A742 : 13;
A743 : 13;
A744 : 13;
A745 : 13;
A746 : 13;
A747 : 13;
A748 : 13;
A749 : 13;
A74A : 13;
A74B : 13;
A74C : 13;
A74D : 13;
A74E : 13;
A74F : 13;
A750 : 13;
A751 : 13;
A752 : 13;
A753 : 13;
A754 : 13;
A755 : 13;
A756 : 13;
A757 : 13;
A758 : 13;
A759 : 13;
A75A : 13;
A75B : 13;
A75C : 13;
A75D : 13;
A75E : 13;
A75F : 13;
A760 : 13;
A761 : 13;
A762 : 13;
A763 : 13;
A764 : 13;
A765 : 13;
A766 : 13;
A767 : 13;
A768 : 13;
A769 : 13;
A76A : 13;
A76B : 13;
A76C : 13;
A76D : 13;
A76E : 13;
A76F : 13;
A770 : 89;
A771 : A9;
A772 : A9;
A773 : A9;
A774 : A9;
A775 : A9;
A776 : A9;
A777 : 89;
A778 : E0;
A779 : E0;
A77A : E0;
A77B : E0;
A77C : E0;
A77D : E0;
A77E : E0;
A77F : E0;
A780 : 13;
A781 : 13;
A782 : 33;
A783 : D9;
A784 : F8;
A785 : F8;
A786 : F8;
A787 : F8;
A788 : 13;
A789 : 13;
A78A : 33;
A78B : D9;
A78C : F8;
A78D : F8;
A78E : F8;
A78F : F8;
A790 : 13;
A791 : 13;
A792 : 33;
A793 : D9;
A794 : F8;
A795 : F8;
A796 : F8;
A797 : F8;
A798 : 13;
A799 : 13;
A79A : 33;
A79B : D9;
A79C : F8;
A79D : F8;
A79E : F8;
A79F : F8;
A7A0 : 13;
A7A1 : 13;
A7A2 : 33;
A7A3 : D9;
A7A4 : F8;
A7A5 : F8;
A7A6 : F8;
A7A7 : F8;
A7A8 : 13;
A7A9 : 13;
A7AA : 33;
A7AB : D9;
A7AC : F8;
A7AD : F8;
A7AE : F8;
A7AF : F8;
A7B0 : 89;
A7B1 : 89;
A7B2 : 89;
A7B3 : B2;
A7B4 : 96;
A7B5 : 76;
A7B6 : 96;
A7B7 : 96;
A7B8 : E0;
A7B9 : E0;
A7BA : E0;
A7BB : 6E;
A7BC : 17;
A7BD : 13;
A7BE : 13;
A7BF : 13;
A7C0 : F8;
A7C1 : F8;
A7C2 : F8;
A7C3 : F8;
A7C4 : F8;
A7C5 : F8;
A7C6 : F8;
A7C7 : F8;
A7C8 : F8;
A7C9 : F8;
A7CA : F8;
A7CB : F8;
A7CC : F8;
A7CD : F8;
A7CE : F8;
A7CF : F8;
A7D0 : F8;
A7D1 : F8;
A7D2 : F8;
A7D3 : F8;
A7D4 : F8;
A7D5 : F8;
A7D6 : F8;
A7D7 : F8;
A7D8 : F8;
A7D9 : F8;
A7DA : F8;
A7DB : F8;
A7DC : F8;
A7DD : F8;
A7DE : F8;
A7DF : F8;
A7E0 : F8;
A7E1 : F8;
A7E2 : F8;
A7E3 : F8;
A7E4 : F8;
A7E5 : F8;
A7E6 : F8;
A7E7 : F8;
A7E8 : F8;
A7E9 : F8;
A7EA : F8;
A7EB : F8;
A7EC : F8;
A7ED : F8;
A7EE : F8;
A7EF : F8;
A7F0 : 96;
A7F1 : 96;
A7F2 : 96;
A7F3 : 96;
A7F4 : 96;
A7F5 : 96;
A7F6 : 76;
A7F7 : 96;
A7F8 : 13;
A7F9 : 13;
A7FA : 13;
A7FB : 13;
A7FC : 13;
A7FD : 13;
A7FE : 13;
A7FF : 33;
A800 : A5;
A801 : A5;
A802 : A5;
A803 : A5;
A804 : A5;
A805 : A5;
A806 : A5;
A807 : A5;
A808 : A5;
A809 : A5;
A80A : A5;
A80B : A5;
A80C : A5;
A80D : A5;
A80E : A5;
A80F : A5;
A810 : A5;
A811 : A5;
A812 : A5;
A813 : A5;
A814 : A5;
A815 : A5;
A816 : A5;
A817 : A5;
A818 : A5;
A819 : A5;
A81A : A5;
A81B : A5;
A81C : A5;
A81D : A5;
A81E : A5;
A81F : A5;
A820 : A5;
A821 : A5;
A822 : A5;
A823 : A5;
A824 : A5;
A825 : A5;
A826 : A5;
A827 : A5;
A828 : A4;
A829 : A5;
A82A : A5;
A82B : A5;
A82C : A5;
A82D : A5;
A82E : A5;
A82F : A5;
A830 : C8;
A831 : C8;
A832 : C8;
A833 : C8;
A834 : C9;
A835 : C9;
A836 : C9;
A837 : C9;
A838 : ED;
A839 : CC;
A83A : CC;
A83B : EC;
A83C : EC;
A83D : EC;
A83E : EC;
A83F : EC;
A840 : A5;
A841 : A5;
A842 : A5;
A843 : A5;
A844 : 85;
A845 : 09;
A846 : 09;
A847 : 09;
A848 : A5;
A849 : A5;
A84A : A5;
A84B : A5;
A84C : 85;
A84D : 09;
A84E : 09;
A84F : 09;
A850 : A5;
A851 : A5;
A852 : A5;
A853 : A5;
A854 : 85;
A855 : 09;
A856 : 09;
A857 : 09;
A858 : A5;
A859 : A5;
A85A : A5;
A85B : A5;
A85C : 85;
A85D : 09;
A85E : 09;
A85F : 09;
A860 : A5;
A861 : A5;
A862 : A5;
A863 : A5;
A864 : 85;
A865 : 09;
A866 : 0A;
A867 : 0A;
A868 : A5;
A869 : A5;
A86A : A5;
A86B : A5;
A86C : 85;
A86D : 09;
A86E : 09;
A86F : 09;
A870 : C9;
A871 : C9;
A872 : C9;
A873 : C8;
A874 : A9;
A875 : 65;
A876 : 65;
A877 : 65;
A878 : EC;
A879 : EC;
A87A : EC;
A87B : EC;
A87C : C8;
A87D : A5;
A87E : A4;
A87F : A4;
A880 : 09;
A881 : 09;
A882 : 09;
A883 : 09;
A884 : 09;
A885 : 09;
A886 : 09;
A887 : 09;
A888 : 09;
A889 : 09;
A88A : 09;
A88B : 09;
A88C : 09;
A88D : 09;
A88E : 09;
A88F : 09;
A890 : 0A;
A891 : 09;
A892 : 09;
A893 : 09;
A894 : 09;
A895 : 09;
A896 : 09;
A897 : 09;
A898 : 0A;
A899 : 0A;
A89A : 09;
A89B : 09;
A89C : 09;
A89D : 09;
A89E : 09;
A89F : 09;
A8A0 : 0A;
A8A1 : 0A;
A8A2 : 09;
A8A3 : 09;
A8A4 : 09;
A8A5 : 09;
A8A6 : 09;
A8A7 : 09;
A8A8 : 09;
A8A9 : 09;
A8AA : 09;
A8AB : 09;
A8AC : 09;
A8AD : 09;
A8AE : 09;
A8AF : 09;
A8B0 : 65;
A8B1 : 65;
A8B2 : 65;
A8B3 : 65;
A8B4 : 65;
A8B5 : 65;
A8B6 : 65;
A8B7 : 65;
A8B8 : A4;
A8B9 : A4;
A8BA : A5;
A8BB : A5;
A8BC : A5;
A8BD : A5;
A8BE : A5;
A8BF : A5;
A8C0 : 05;
A8C1 : 0E;
A8C2 : 37;
A8C3 : 37;
A8C4 : 37;
A8C5 : 37;
A8C6 : 37;
A8C7 : 37;
A8C8 : 05;
A8C9 : 0E;
A8CA : 37;
A8CB : 37;
A8CC : 37;
A8CD : 37;
A8CE : 37;
A8CF : 37;
A8D0 : 05;
A8D1 : 0E;
A8D2 : 37;
A8D3 : 37;
A8D4 : 37;
A8D5 : 37;
A8D6 : 37;
A8D7 : 37;
A8D8 : 05;
A8D9 : 0E;
A8DA : 37;
A8DB : 37;
A8DC : 37;
A8DD : 37;
A8DE : 37;
A8DF : 37;
A8E0 : 05;
A8E1 : 0E;
A8E2 : 37;
A8E3 : 37;
A8E4 : 37;
A8E5 : 37;
A8E6 : 37;
A8E7 : 37;
A8E8 : 05;
A8E9 : 0E;
A8EA : 37;
A8EB : 37;
A8EC : 37;
A8ED : 37;
A8EE : 37;
A8EF : 37;
A8F0 : 85;
A8F1 : 4A;
A8F2 : 0E;
A8F3 : 0E;
A8F4 : 0E;
A8F5 : 0E;
A8F6 : 0E;
A8F7 : 0E;
A8F8 : C4;
A8F9 : 65;
A8FA : 09;
A8FB : 09;
A8FC : 05;
A8FD : 05;
A8FE : 05;
A8FF : 05;
A900 : 37;
A901 : 37;
A902 : 37;
A903 : 37;
A904 : 37;
A905 : 37;
A906 : 7A;
A907 : 9C;
A908 : 37;
A909 : 37;
A90A : 37;
A90B : 37;
A90C : 37;
A90D : 37;
A90E : 7A;
A90F : 9C;
A910 : 37;
A911 : 37;
A912 : 37;
A913 : 37;
A914 : 37;
A915 : 37;
A916 : 7A;
A917 : 9C;
A918 : 37;
A919 : 37;
A91A : 37;
A91B : 37;
A91C : 37;
A91D : 37;
A91E : 7A;
A91F : 9C;
A920 : 37;
A921 : 37;
A922 : 37;
A923 : 37;
A924 : 37;
A925 : 37;
A926 : 7A;
A927 : 9C;
A928 : 37;
A929 : 37;
A92A : 37;
A92B : 37;
A92C : 37;
A92D : 37;
A92E : 7A;
A92F : 9C;
A930 : 0E;
A931 : 0E;
A932 : 0E;
A933 : 0E;
A934 : 0E;
A935 : 0E;
A936 : 36;
A937 : 5A;
A938 : 05;
A939 : 05;
A93A : 05;
A93B : 05;
A93C : 05;
A93D : 05;
A93E : 33;
A93F : 37;
A940 : 7C;
A941 : 7C;
A942 : 7C;
A943 : 7C;
A944 : 7C;
A945 : 7C;
A946 : 7C;
A947 : 7C;
A948 : 7C;
A949 : 7C;
A94A : 7C;
A94B : 7C;
A94C : 7C;
A94D : 7C;
A94E : 7C;
A94F : 7C;
A950 : 7C;
A951 : 7C;
A952 : 7C;
A953 : 7C;
A954 : 7C;
A955 : 7C;
A956 : 7C;
A957 : 7C;
A958 : 7C;
A959 : 7C;
A95A : 7C;
A95B : 7C;
A95C : 7C;
A95D : 7C;
A95E : 7C;
A95F : 7C;
A960 : 7C;
A961 : 7C;
A962 : 7C;
A963 : 7C;
A964 : 7C;
A965 : 7C;
A966 : 7C;
A967 : 7C;
A968 : 7C;
A969 : 7C;
A96A : 7C;
A96B : 7C;
A96C : 7C;
A96D : 7C;
A96E : 7C;
A96F : 7C;
A970 : 5A;
A971 : 56;
A972 : 56;
A973 : 5A;
A974 : 5A;
A975 : 5A;
A976 : 5A;
A977 : 5A;
A978 : 37;
A979 : 37;
A97A : 37;
A97B : 37;
A97C : 37;
A97D : 37;
A97E : 37;
A97F : 37;
A980 : 7C;
A981 : 7C;
A982 : 7C;
A983 : 3C;
A984 : 1C;
A985 : 1C;
A986 : 1C;
A987 : 1C;
A988 : 7C;
A989 : 7C;
A98A : 7C;
A98B : 3C;
A98C : 1C;
A98D : 1C;
A98E : 1C;
A98F : 1C;
A990 : 7C;
A991 : 7C;
A992 : 7C;
A993 : 3C;
A994 : 1C;
A995 : 1C;
A996 : 1C;
A997 : 1C;
A998 : 7C;
A999 : 7C;
A99A : 7C;
A99B : 3C;
A99C : 1C;
A99D : 1C;
A99E : 1C;
A99F : 1C;
A9A0 : 7C;
A9A1 : 7C;
A9A2 : 7C;
A9A3 : 3C;
A9A4 : 1C;
A9A5 : 1C;
A9A6 : 1C;
A9A7 : 1C;
A9A8 : 7C;
A9A9 : 9C;
A9AA : 9C;
A9AB : 3C;
A9AC : 1C;
A9AD : 1C;
A9AE : 1C;
A9AF : 1C;
A9B0 : 5A;
A9B1 : 5A;
A9B2 : 5A;
A9B3 : 5D;
A9B4 : 5C;
A9B5 : 5C;
A9B6 : 5C;
A9B7 : 5C;
A9B8 : 37;
A9B9 : 37;
A9BA : 37;
A9BB : 79;
A9BC : 9C;
A9BD : 9C;
A9BE : 9C;
A9BF : 9C;
A9C0 : 1C;
A9C1 : 1C;
A9C2 : 1C;
A9C3 : 1C;
A9C4 : 1C;
A9C5 : 1C;
A9C6 : 1C;
A9C7 : 1C;
A9C8 : 1C;
A9C9 : 1C;
A9CA : 1C;
A9CB : 1C;
A9CC : 1C;
A9CD : 1C;
A9CE : 1C;
A9CF : 1C;
A9D0 : 1C;
A9D1 : 1C;
A9D2 : 1C;
A9D3 : 1C;
A9D4 : 1C;
A9D5 : 1C;
A9D6 : 1C;
A9D7 : 1C;
A9D8 : 1C;
A9D9 : 1C;
A9DA : 1C;
A9DB : 1C;
A9DC : 1C;
A9DD : 1C;
A9DE : 1C;
A9DF : 1C;
A9E0 : 1C;
A9E1 : 1C;
A9E2 : 1C;
A9E3 : 1C;
A9E4 : 1C;
A9E5 : 1C;
A9E6 : 1C;
A9E7 : 1C;
A9E8 : 1C;
A9E9 : 1C;
A9EA : 1C;
A9EB : 1C;
A9EC : 1C;
A9ED : 1C;
A9EE : 1C;
A9EF : 1C;
A9F0 : 5C;
A9F1 : 5C;
A9F2 : 5C;
A9F3 : 5C;
A9F4 : 5C;
A9F5 : 5C;
A9F6 : 5C;
A9F7 : 5C;
A9F8 : 9C;
A9F9 : 9C;
A9FA : 9C;
A9FB : 9C;
A9FC : 9C;
A9FD : 9C;
A9FE : 7C;
A9FF : 98;
AA00 : 46;
AA01 : 46;
AA02 : 46;
AA03 : 46;
AA04 : 46;
AA05 : 46;
AA06 : 46;
AA07 : 46;
AA08 : 46;
AA09 : 46;
AA0A : 46;
AA0B : 46;
AA0C : 46;
AA0D : 46;
AA0E : 46;
AA0F : 46;
AA10 : 46;
AA11 : 46;
AA12 : 46;
AA13 : 46;
AA14 : 46;
AA15 : 46;
AA16 : 46;
AA17 : 46;
AA18 : 46;
AA19 : 46;
AA1A : 46;
AA1B : 46;
AA1C : 46;
AA1D : 46;
AA1E : 46;
AA1F : 46;
AA20 : 46;
AA21 : 46;
AA22 : 46;
AA23 : 46;
AA24 : 46;
AA25 : 46;
AA26 : 46;
AA27 : 46;
AA28 : 46;
AA29 : 46;
AA2A : 46;
AA2B : 46;
AA2C : 46;
AA2D : 46;
AA2E : 46;
AA2F : 46;
AA30 : 8B;
AA31 : A7;
AA32 : 87;
AA33 : 87;
AA34 : 87;
AA35 : 87;
AA36 : 87;
AA37 : 87;
AA38 : CB;
AA39 : C7;
AA3A : C7;
AA3B : C7;
AA3C : C7;
AA3D : C7;
AA3E : C7;
AA3F : C7;
AA40 : 46;
AA41 : 46;
AA42 : 46;
AA43 : 46;
AA44 : 2E;
AA45 : 1E;
AA46 : 1E;
AA47 : 1E;
AA48 : 46;
AA49 : 46;
AA4A : 46;
AA4B : 46;
AA4C : 2E;
AA4D : 1E;
AA4E : 1E;
AA4F : 1E;
AA50 : 46;
AA51 : 46;
AA52 : 46;
AA53 : 46;
AA54 : 2E;
AA55 : 1E;
AA56 : 1E;
AA57 : 1E;
AA58 : 46;
AA59 : 46;
AA5A : 46;
AA5B : 46;
AA5C : 2E;
AA5D : 1E;
AA5E : 1E;
AA5F : 1E;
AA60 : 46;
AA61 : 46;
AA62 : 46;
AA63 : 46;
AA64 : 2E;
AA65 : 1E;
AA66 : 1E;
AA67 : 1E;
AA68 : 46;
AA69 : 46;
AA6A : 46;
AA6B : 42;
AA6C : 2E;
AA6D : 1E;
AA6E : 1E;
AA6F : 1E;
AA70 : 87;
AA71 : 87;
AA72 : 87;
AA73 : A7;
AA74 : 6B;
AA75 : 32;
AA76 : 32;
AA77 : 32;
AA78 : C7;
AA79 : C7;
AA7A : C7;
AA7B : C7;
AA7C : A7;
AA7D : 62;
AA7E : 46;
AA7F : 46;
AA80 : 1E;
AA81 : 1E;
AA82 : 1E;
AA83 : 1E;
AA84 : 1E;
AA85 : 1E;
AA86 : 1E;
AA87 : 1E;
AA88 : 1E;
AA89 : 1E;
AA8A : 1E;
AA8B : 1E;
AA8C : 1E;
AA8D : 1E;
AA8E : 1E;
AA8F : 1E;
AA90 : 1E;
AA91 : 1E;
AA92 : 1E;
AA93 : 1E;
AA94 : 1E;
AA95 : 1E;
AA96 : 1E;
AA97 : 1E;
AA98 : 1E;
AA99 : 1E;
AA9A : 1E;
AA9B : 1E;
AA9C : 1E;
AA9D : 1E;
AA9E : 1E;
AA9F : 1E;
AAA0 : 1E;
AAA1 : 1E;
AAA2 : 1E;
AAA3 : 1E;
AAA4 : 1E;
AAA5 : 1E;
AAA6 : 1E;
AAA7 : 1E;
AAA8 : 1E;
AAA9 : 1E;
AAAA : 1E;
AAAB : 1E;
AAAC : 1E;
AAAD : 1E;
AAAE : 1E;
AAAF : 1E;
AAB0 : 32;
AAB1 : 32;
AAB2 : 32;
AAB3 : 32;
AAB4 : 32;
AAB5 : 32;
AAB6 : 32;
AAB7 : 32;
AAB8 : 46;
AAB9 : 46;
AABA : 46;
AABB : 46;
AABC : 46;
AABD : 46;
AABE : 46;
AABF : 46;
AAC0 : 1E;
AAC1 : 3E;
AAC2 : 7C;
AAC3 : 5C;
AAC4 : 5C;
AAC5 : 5C;
AAC6 : 5C;
AAC7 : 5C;
AAC8 : 1E;
AAC9 : 3E;
AACA : 7C;
AACB : 5C;
AACC : 5C;
AACD : 5C;
AACE : 5C;
AACF : 5C;
AAD0 : 1E;
AAD1 : 3E;
AAD2 : 7C;
AAD3 : 5C;
AAD4 : 5C;
AAD5 : 5C;
AAD6 : 5C;
AAD7 : 5C;
AAD8 : 1E;
AAD9 : 3E;
AADA : 7C;
AADB : 5C;
AADC : 5C;
AADD : 5C;
AADE : 5C;
AADF : 5C;
AAE0 : 1E;
AAE1 : 3E;
AAE2 : 7C;
AAE3 : 5C;
AAE4 : 5C;
AAE5 : 5C;
AAE6 : 5C;
AAE7 : 5C;
AAE8 : 1E;
AAE9 : 3E;
AAEA : 5C;
AAEB : 5C;
AAEC : 5C;
AAED : 5C;
AAEE : 5C;
AAEF : 5C;
AAF0 : 32;
AAF1 : 36;
AAF2 : 3D;
AAF3 : 3D;
AAF4 : 3D;
AAF5 : 3D;
AAF6 : 3E;
AAF7 : 3E;
AAF8 : 42;
AAF9 : 4F;
AAFA : 1E;
AAFB : 1E;
AAFC : 1E;
AAFD : 1E;
AAFE : 1F;
AAFF : 1F;
AB00 : 5C;
AB01 : 5C;
AB02 : 5C;
AB03 : 5C;
AB04 : 5C;
AB05 : 5C;
AB06 : D4;
AB07 : F0;
AB08 : 5C;
AB09 : 5C;
AB0A : 5C;
AB0B : 5C;
AB0C : 5C;
AB0D : 5C;
AB0E : D4;
AB0F : F0;
AB10 : 5C;
AB11 : 5C;
AB12 : 5C;
AB13 : 5C;
AB14 : 5C;
AB15 : 5C;
AB16 : D4;
AB17 : F0;
AB18 : 5C;
AB19 : 5C;
AB1A : 5C;
AB1B : 5C;
AB1C : 5C;
AB1D : 5C;
AB1E : D4;
AB1F : F0;
AB20 : 5C;
AB21 : 5C;
AB22 : 5C;
AB23 : 5C;
AB24 : 5C;
AB25 : 5C;
AB26 : D4;
AB27 : F0;
AB28 : 5C;
AB29 : 5C;
AB2A : 5C;
AB2B : 5C;
AB2C : 5C;
AB2D : 5C;
AB2E : D4;
AB2F : F0;
AB30 : 3E;
AB31 : 3E;
AB32 : 3E;
AB33 : 3E;
AB34 : 3E;
AB35 : 3D;
AB36 : 78;
AB37 : 98;
AB38 : 1F;
AB39 : 1F;
AB3A : 1F;
AB3B : 1F;
AB3C : 1F;
AB3D : 1F;
AB3E : 3D;
AB3F : 5C;
AB40 : F0;
AB41 : F0;
AB42 : F0;
AB43 : F0;
AB44 : F0;
AB45 : F0;
AB46 : F0;
AB47 : F0;
AB48 : F0;
AB49 : F0;
AB4A : F0;
AB4B : F0;
AB4C : F0;
AB4D : F0;
AB4E : F0;
AB4F : F0;
AB50 : F0;
AB51 : F0;
AB52 : F0;
AB53 : F0;
AB54 : F0;
AB55 : F0;
AB56 : F0;
AB57 : F0;
AB58 : F0;
AB59 : F0;
AB5A : F0;
AB5B : F0;
AB5C : F0;
AB5D : F0;
AB5E : F0;
AB5F : F0;
AB60 : F0;
AB61 : F0;
AB62 : F0;
AB63 : F0;
AB64 : F0;
AB65 : F0;
AB66 : F0;
AB67 : F0;
AB68 : F0;
AB69 : F0;
AB6A : F0;
AB6B : F0;
AB6C : F0;
AB6D : F0;
AB6E : F0;
AB6F : F0;
AB70 : 98;
AB71 : 98;
AB72 : 98;
AB73 : 98;
AB74 : 98;
AB75 : 98;
AB76 : 98;
AB77 : 98;
AB78 : 5C;
AB79 : 5C;
AB7A : 5C;
AB7B : 5C;
AB7C : 5C;
AB7D : 5C;
AB7E : 5C;
AB7F : 5C;
AB80 : F0;
AB81 : F0;
AB82 : F0;
AB83 : BB;
AB84 : 9B;
AB85 : 9B;
AB86 : 9B;
AB87 : 9B;
AB88 : F0;
AB89 : F0;
AB8A : F0;
AB8B : BB;
AB8C : 9B;
AB8D : 9B;
AB8E : 9B;
AB8F : 9B;
AB90 : F0;
AB91 : F0;
AB92 : F0;
AB93 : BB;
AB94 : 9B;
AB95 : 9B;
AB96 : 9B;
AB97 : 9B;
AB98 : F0;
AB99 : F0;
AB9A : F0;
AB9B : BB;
AB9C : 9B;
AB9D : 9B;
AB9E : 9B;
AB9F : 9B;
ABA0 : F0;
ABA1 : F0;
ABA2 : F0;
ABA3 : BB;
ABA4 : 9B;
ABA5 : 9B;
ABA6 : 9B;
ABA7 : 9B;
ABA8 : F0;
ABA9 : F0;
ABAA : F0;
ABAB : BB;
ABAC : 9B;
ABAD : 9B;
ABAE : 9B;
ABAF : 9B;
ABB0 : 98;
ABB1 : 98;
ABB2 : 98;
ABB3 : B5;
ABB4 : D6;
ABB5 : D6;
ABB6 : D6;
ABB7 : D6;
ABB8 : 5C;
ABB9 : 5C;
ABBA : 5C;
ABBB : D4;
ABBC : F0;
ABBD : F0;
ABBE : F0;
ABBF : F0;
ABC0 : 9B;
ABC1 : 9B;
ABC2 : 9B;
ABC3 : 9B;
ABC4 : 9B;
ABC5 : 9B;
ABC6 : 9B;
ABC7 : 9B;
ABC8 : 9B;
ABC9 : 9B;
ABCA : 9B;
ABCB : 9B;
ABCC : 9B;
ABCD : 9B;
ABCE : 9B;
ABCF : 9B;
ABD0 : 9B;
ABD1 : 9B;
ABD2 : 9B;
ABD3 : 9B;
ABD4 : 9B;
ABD5 : 9B;
ABD6 : 9B;
ABD7 : 9B;
ABD8 : 9B;
ABD9 : 9B;
ABDA : 9B;
ABDB : 9B;
ABDC : 9B;
ABDD : 9B;
ABDE : 9B;
ABDF : 9B;
ABE0 : 9B;
ABE1 : 9B;
ABE2 : 9B;
ABE3 : 9B;
ABE4 : 9B;
ABE5 : 9B;
ABE6 : 9B;
ABE7 : 9B;
ABE8 : 9B;
ABE9 : 9B;
ABEA : 9B;
ABEB : 9B;
ABEC : 9B;
ABED : 9B;
ABEE : 9B;
ABEF : 9B;
ABF0 : D6;
ABF1 : D6;
ABF2 : D6;
ABF3 : D6;
ABF4 : D6;
ABF5 : D6;
ABF6 : D6;
ABF7 : B5;
ABF8 : F0;
ABF9 : F0;
ABFA : F0;
ABFB : F0;
ABFC : F0;
ABFD : F0;
ABFE : F0;
ABFF : D0;
AC00 : 95;
AC01 : B4;
AC02 : B4;
AC03 : B4;
AC04 : B4;
AC05 : B4;
AC06 : B4;
AC07 : B4;
AC08 : 95;
AC09 : B4;
AC0A : B4;
AC0B : B4;
AC0C : B4;
AC0D : B4;
AC0E : B4;
AC0F : B4;
AC10 : 95;
AC11 : B4;
AC12 : B4;
AC13 : B4;
AC14 : B4;
AC15 : B4;
AC16 : B4;
AC17 : B4;
AC18 : 95;
AC19 : B4;
AC1A : B4;
AC1B : B4;
AC1C : B4;
AC1D : B4;
AC1E : B4;
AC1F : B4;
AC20 : 95;
AC21 : B4;
AC22 : B4;
AC23 : B4;
AC24 : B4;
AC25 : B4;
AC26 : B4;
AC27 : B4;
AC28 : 95;
AC29 : B4;
AC2A : B4;
AC2B : B4;
AC2C : B4;
AC2D : B4;
AC2E : B4;
AC2F : B4;
AC30 : 99;
AC31 : 78;
AC32 : 78;
AC33 : 78;
AC34 : 78;
AC35 : 78;
AC36 : 78;
AC37 : 78;
AC38 : 78;
AC39 : 5C;
AC3A : 5C;
AC3B : 5C;
AC3C : 5C;
AC3D : 5C;
AC3E : 5C;
AC3F : 5C;
AC40 : B4;
AC41 : B4;
AC42 : B4;
AC43 : B4;
AC44 : B4;
AC45 : EC;
AC46 : EC;
AC47 : EC;
AC48 : B4;
AC49 : B4;
AC4A : B4;
AC4B : B4;
AC4C : B4;
AC4D : EC;
AC4E : EC;
AC4F : EC;
AC50 : B4;
AC51 : B4;
AC52 : B4;
AC53 : B4;
AC54 : B4;
AC55 : EC;
AC56 : EC;
AC57 : EC;
AC58 : B4;
AC59 : B4;
AC5A : B4;
AC5B : B4;
AC5C : B4;
AC5D : EC;
AC5E : EC;
AC5F : EC;
AC60 : B4;
AC61 : B4;
AC62 : B4;
AC63 : B4;
AC64 : B4;
AC65 : EC;
AC66 : EC;
AC67 : EC;
AC68 : B4;
AC69 : B4;
AC6A : B4;
AC6B : B4;
AC6C : B4;
AC6D : EC;
AC6E : EC;
AC6F : EC;
AC70 : 78;
AC71 : 78;
AC72 : 78;
AC73 : 78;
AC74 : 98;
AC75 : D0;
AC76 : D0;
AC77 : D0;
AC78 : 5C;
AC79 : 5C;
AC7A : 5C;
AC7B : 5C;
AC7C : 58;
AC7D : B4;
AC7E : 94;
AC7F : 94;
AC80 : EC;
AC81 : EC;
AC82 : EC;
AC83 : EC;
AC84 : EC;
AC85 : EC;
AC86 : EC;
AC87 : EC;
AC88 : EC;
AC89 : EC;
AC8A : EC;
AC8B : EC;
AC8C : EC;
AC8D : EC;
AC8E : EC;
AC8F : EC;
AC90 : EC;
AC91 : EC;
AC92 : EC;
AC93 : EC;
AC94 : EC;
AC95 : EC;
AC96 : EC;
AC97 : EC;
AC98 : EC;
AC99 : EC;
AC9A : EC;
AC9B : EC;
AC9C : EC;
AC9D : EC;
AC9E : EC;
AC9F : EC;
ACA0 : EC;
ACA1 : EC;
ACA2 : EC;
ACA3 : EC;
ACA4 : EC;
ACA5 : EC;
ACA6 : EC;
ACA7 : EC;
ACA8 : EC;
ACA9 : EC;
ACAA : EC;
ACAB : EC;
ACAC : EC;
ACAD : EC;
ACAE : EC;
ACAF : EC;
ACB0 : D0;
ACB1 : D0;
ACB2 : D0;
ACB3 : D0;
ACB4 : D0;
ACB5 : D0;
ACB6 : D0;
ACB7 : D0;
ACB8 : 94;
ACB9 : 94;
ACBA : 94;
ACBB : 94;
ACBC : 94;
ACBD : 94;
ACBE : 94;
ACBF : 94;
ACC0 : EC;
ACC1 : E8;
ACC2 : E0;
ACC3 : E0;
ACC4 : E0;
ACC5 : E0;
ACC6 : E0;
ACC7 : E0;
ACC8 : EC;
ACC9 : E8;
ACCA : E0;
ACCB : E0;
ACCC : E0;
ACCD : E0;
ACCE : E0;
ACCF : E0;
ACD0 : EC;
ACD1 : E8;
ACD2 : E0;
ACD3 : E0;
ACD4 : E0;
ACD5 : E0;
ACD6 : E0;
ACD7 : E0;
ACD8 : EC;
ACD9 : E8;
ACDA : E0;
ACDB : E0;
ACDC : E0;
ACDD : E0;
ACDE : E0;
ACDF : E0;
ACE0 : EC;
ACE1 : E8;
ACE2 : E0;
ACE3 : E0;
ACE4 : E0;
ACE5 : E0;
ACE6 : E0;
ACE7 : E0;
ACE8 : EC;
ACE9 : E8;
ACEA : E0;
ACEB : E0;
ACEC : E0;
ACED : E0;
ACEE : E0;
ACEF : E0;
ACF0 : D0;
ACF1 : CC;
ACF2 : E8;
ACF3 : E8;
ACF4 : E8;
ACF5 : E8;
ACF6 : E8;
ACF7 : E8;
ACF8 : 94;
ACF9 : D0;
ACFA : EC;
ACFB : EC;
ACFC : EC;
ACFD : EC;
ACFE : EC;
ACFF : EC;
AD00 : E0;
AD01 : E0;
AD02 : E0;
AD03 : E0;
AD04 : E0;
AD05 : E0;
AD06 : 6E;
AD07 : 17;
AD08 : E0;
AD09 : E0;
AD0A : E0;
AD0B : E0;
AD0C : E0;
AD0D : E0;
AD0E : 6E;
AD0F : 17;
AD10 : E0;
AD11 : E0;
AD12 : E0;
AD13 : E0;
AD14 : E0;
AD15 : E0;
AD16 : 6E;
AD17 : 17;
AD18 : E0;
AD19 : E0;
AD1A : E0;
AD1B : E0;
AD1C : E0;
AD1D : E0;
AD1E : 6E;
AD1F : 17;
AD20 : E0;
AD21 : E0;
AD22 : E0;
AD23 : E0;
AD24 : E0;
AD25 : E0;
AD26 : 6E;
AD27 : 17;
AD28 : E0;
AD29 : E0;
AD2A : E0;
AD2B : E0;
AD2C : E0;
AD2D : E0;
AD2E : 6E;
AD2F : 17;
AD30 : E8;
AD31 : E8;
AD32 : E8;
AD33 : E8;
AD34 : E8;
AD35 : E8;
AD36 : C9;
AD37 : 8A;
AD38 : EC;
AD39 : EC;
AD3A : EC;
AD3B : EC;
AD3C : EC;
AD3D : EC;
AD3E : E4;
AD3F : E0;
AD40 : 13;
AD41 : 13;
AD42 : 13;
AD43 : 13;
AD44 : 13;
AD45 : 13;
AD46 : 13;
AD47 : 13;
AD48 : 13;
AD49 : 13;
AD4A : 13;
AD4B : 13;
AD4C : 13;
AD4D : 13;
AD4E : 13;
AD4F : 13;
AD50 : 13;
AD51 : 13;
AD52 : 13;
AD53 : 13;
AD54 : 13;
AD55 : 13;
AD56 : 13;
AD57 : 13;
AD58 : 13;
AD59 : 13;
AD5A : 13;
AD5B : 13;
AD5C : 13;
AD5D : 13;
AD5E : 13;
AD5F : 13;
AD60 : 13;
AD61 : 13;
AD62 : 13;
AD63 : 13;
AD64 : 13;
AD65 : 13;
AD66 : 13;
AD67 : 13;
AD68 : 13;
AD69 : 13;
AD6A : 13;
AD6B : 13;
AD6C : 13;
AD6D : 13;
AD6E : 13;
AD6F : 13;
AD70 : 89;
AD71 : 89;
AD72 : 89;
AD73 : 89;
AD74 : 89;
AD75 : 89;
AD76 : 89;
AD77 : 89;
AD78 : E0;
AD79 : E0;
AD7A : E0;
AD7B : E0;
AD7C : E0;
AD7D : E0;
AD7E : E0;
AD7F : E0;
AD80 : 13;
AD81 : 13;
AD82 : 13;
AD83 : 6F;
AD84 : 8F;
AD85 : 8F;
AD86 : 8F;
AD87 : 8F;
AD88 : 13;
AD89 : 13;
AD8A : 13;
AD8B : 6F;
AD8C : 8F;
AD8D : 8F;
AD8E : 8F;
AD8F : 8F;
AD90 : 13;
AD91 : 13;
AD92 : 13;
AD93 : 6F;
AD94 : 8F;
AD95 : 8F;
AD96 : 8F;
AD97 : 8F;
AD98 : 13;
AD99 : 13;
AD9A : 13;
AD9B : 6F;
AD9C : 8F;
AD9D : 8F;
AD9E : 8F;
AD9F : 8F;
ADA0 : 13;
ADA1 : 13;
ADA2 : 13;
ADA3 : 6F;
ADA4 : 8F;
ADA5 : 8F;
ADA6 : 8F;
ADA7 : 8F;
ADA8 : 13;
ADA9 : 17;
ADAA : 33;
ADAB : 6F;
ADAC : 8F;
ADAD : 8F;
ADAE : 8F;
ADAF : 8F;
ADB0 : 89;
ADB1 : 89;
ADB2 : 8A;
ADB3 : 6F;
ADB4 : 53;
ADB5 : 53;
ADB6 : 53;
ADB7 : 53;
ADB8 : E0;
ADB9 : E0;
ADBA : E0;
ADBB : 6F;
ADBC : 17;
ADBD : 13;
ADBE : 13;
ADBF : 13;
ADC0 : 8F;
ADC1 : 8F;
ADC2 : 8F;
ADC3 : 8F;
ADC4 : 8F;
ADC5 : 8F;
ADC6 : 8F;
ADC7 : 8F;
ADC8 : 8F;
ADC9 : 8F;
ADCA : 8F;
ADCB : 8F;
ADCC : 8F;
ADCD : 8F;
ADCE : 8F;
ADCF : 8F;
ADD0 : 8F;
ADD1 : 8F;
ADD2 : 8F;
ADD3 : 8F;
ADD4 : 8F;
ADD5 : 8F;
ADD6 : 8F;
ADD7 : 8F;
ADD8 : 8F;
ADD9 : 8F;
ADDA : 8F;
ADDB : 8F;
ADDC : 8F;
ADDD : 8F;
ADDE : 8F;
ADDF : 8F;
ADE0 : 8F;
ADE1 : 8F;
ADE2 : 8F;
ADE3 : 8F;
ADE4 : 8F;
ADE5 : 8F;
ADE6 : 8F;
ADE7 : 8F;
ADE8 : 8F;
ADE9 : 8F;
ADEA : 8F;
ADEB : 8F;
ADEC : 8F;
ADED : 8F;
ADEE : 8F;
ADEF : 8F;
ADF0 : 53;
ADF1 : 53;
ADF2 : 53;
ADF3 : 53;
ADF4 : 53;
ADF5 : 53;
ADF6 : 53;
ADF7 : 53;
ADF8 : 13;
ADF9 : 13;
ADFA : 13;
ADFB : 13;
ADFC : 13;
ADFD : 13;
ADFE : 13;
ADFF : 13;
AE00 : D8;
AE01 : D8;
AE02 : D8;
AE03 : D8;
AE04 : D8;
AE05 : D8;
AE06 : D8;
AE07 : D8;
AE08 : DC;
AE09 : DC;
AE0A : DC;
AE0B : DC;
AE0C : DC;
AE0D : DC;
AE0E : DC;
AE0F : DC;
AE10 : DC;
AE11 : DC;
AE12 : DC;
AE13 : DC;
AE14 : DC;
AE15 : DC;
AE16 : DC;
AE17 : DC;
AE18 : DC;
AE19 : DC;
AE1A : DC;
AE1B : DC;
AE1C : DC;
AE1D : DC;
AE1E : DC;
AE1F : DC;
AE20 : DC;
AE21 : DC;
AE22 : DC;
AE23 : DC;
AE24 : DC;
AE25 : DC;
AE26 : DC;
AE27 : DC;
AE28 : DC;
AE29 : DC;
AE2A : DC;
AE2B : DC;
AE2C : DC;
AE2D : DC;
AE2E : DC;
AE2F : DC;
AE30 : D8;
AE31 : D8;
AE32 : D8;
AE33 : D8;
AE34 : D8;
AE35 : D8;
AE36 : D8;
AE37 : D8;
AE38 : DC;
AE39 : DC;
AE3A : DC;
AE3B : DC;
AE3C : DC;
AE3D : DC;
AE3E : DC;
AE3F : DC;
AE40 : D8;
AE41 : D8;
AE42 : D8;
AE43 : DC;
AE44 : D8;
AE45 : B0;
AE46 : B0;
AE47 : B0;
AE48 : DC;
AE49 : DC;
AE4A : DC;
AE4B : DC;
AE4C : D8;
AE4D : B0;
AE4E : B0;
AE4F : B0;
AE50 : DC;
AE51 : DC;
AE52 : DC;
AE53 : DC;
AE54 : D8;
AE55 : B0;
AE56 : B0;
AE57 : B0;
AE58 : DC;
AE59 : DC;
AE5A : DC;
AE5B : DC;
AE5C : D8;
AE5D : B0;
AE5E : B0;
AE5F : B0;
AE60 : DC;
AE61 : DC;
AE62 : DC;
AE63 : DC;
AE64 : D8;
AE65 : B0;
AE66 : B0;
AE67 : B0;
AE68 : DC;
AE69 : DC;
AE6A : DC;
AE6B : DC;
AE6C : D8;
AE6D : B0;
AE6E : B0;
AE6F : B0;
AE70 : D8;
AE71 : D8;
AE72 : D8;
AE73 : DC;
AE74 : D8;
AE75 : B0;
AE76 : B0;
AE77 : B0;
AE78 : DC;
AE79 : DC;
AE7A : DC;
AE7B : DC;
AE7C : D8;
AE7D : B0;
AE7E : B0;
AE7F : B0;
AE80 : B0;
AE81 : B0;
AE82 : B0;
AE83 : B0;
AE84 : B0;
AE85 : B0;
AE86 : B0;
AE87 : B0;
AE88 : B0;
AE89 : B0;
AE8A : B0;
AE8B : B0;
AE8C : B0;
AE8D : B0;
AE8E : B0;
AE8F : B0;
AE90 : B0;
AE91 : B0;
AE92 : B0;
AE93 : B0;
AE94 : B0;
AE95 : B0;
AE96 : B0;
AE97 : B0;
AE98 : B0;
AE99 : B0;
AE9A : B0;
AE9B : B0;
AE9C : B0;
AE9D : B0;
AE9E : B0;
AE9F : B0;
AEA0 : B0;
AEA1 : B0;
AEA2 : B0;
AEA3 : B0;
AEA4 : B0;
AEA5 : B0;
AEA6 : B0;
AEA7 : B0;
AEA8 : B0;
AEA9 : B0;
AEAA : B0;
AEAB : B0;
AEAC : B0;
AEAD : B0;
AEAE : B0;
AEAF : B0;
AEB0 : B0;
AEB1 : B0;
AEB2 : B0;
AEB3 : B0;
AEB4 : B0;
AEB5 : B0;
AEB6 : B0;
AEB7 : B0;
AEB8 : B0;
AEB9 : B0;
AEBA : B0;
AEBB : B0;
AEBC : B0;
AEBD : B0;
AEBE : B0;
AEBF : B0;
AEC0 : B0;
AEC1 : CC;
AEC2 : E0;
AEC3 : E0;
AEC4 : E0;
AEC5 : E0;
AEC6 : E0;
AEC7 : E0;
AEC8 : B0;
AEC9 : CC;
AECA : E0;
AECB : E0;
AECC : E0;
AECD : E0;
AECE : E0;
AECF : E0;
AED0 : B0;
AED1 : CC;
AED2 : E0;
AED3 : E0;
AED4 : E0;
AED5 : E0;
AED6 : E0;
AED7 : E0;
AED8 : B0;
AED9 : CC;
AEDA : E0;
AEDB : E0;
AEDC : E0;
AEDD : E0;
AEDE : E0;
AEDF : E0;
AEE0 : B0;
AEE1 : CC;
AEE2 : E0;
AEE3 : E0;
AEE4 : E0;
AEE5 : E0;
AEE6 : E0;
AEE7 : E0;
AEE8 : B0;
AEE9 : CC;
AEEA : E0;
AEEB : E0;
AEEC : E0;
AEED : E0;
AEEE : E0;
AEEF : E0;
AEF0 : 90;
AEF1 : CC;
AEF2 : E0;
AEF3 : E0;
AEF4 : E0;
AEF5 : E0;
AEF6 : E0;
AEF7 : E0;
AEF8 : B0;
AEF9 : CC;
AEFA : E4;
AEFB : E4;
AEFC : E4;
AEFD : E4;
AEFE : E4;
AEFF : E4;
AF00 : E0;
AF01 : E0;
AF02 : E0;
AF03 : E0;
AF04 : E0;
AF05 : E0;
AF06 : E2;
AF07 : E3;
AF08 : E0;
AF09 : E0;
AF0A : E0;
AF0B : E0;
AF0C : E0;
AF0D : E0;
AF0E : E2;
AF0F : E3;
AF10 : E0;
AF11 : E0;
AF12 : E0;
AF13 : E0;
AF14 : E0;
AF15 : E0;
AF16 : E2;
AF17 : E3;
AF18 : E0;
AF19 : E0;
AF1A : E0;
AF1B : E0;
AF1C : E0;
AF1D : E0;
AF1E : E2;
AF1F : E3;
AF20 : E0;
AF21 : E0;
AF22 : E0;
AF23 : E0;
AF24 : E0;
AF25 : E0;
AF26 : E2;
AF27 : E3;
AF28 : E0;
AF29 : E0;
AF2A : E0;
AF2B : E0;
AF2C : E0;
AF2D : E0;
AF2E : E2;
AF2F : E3;
AF30 : E0;
AF31 : E0;
AF32 : E0;
AF33 : E0;
AF34 : E0;
AF35 : E0;
AF36 : E2;
AF37 : E3;
AF38 : E4;
AF39 : E4;
AF3A : E4;
AF3B : E4;
AF3C : E4;
AF3D : E4;
AF3E : E2;
AF3F : E3;
AF40 : E3;
AF41 : E3;
AF42 : E3;
AF43 : E3;
AF44 : E3;
AF45 : E3;
AF46 : E3;
AF47 : E3;
AF48 : E3;
AF49 : E3;
AF4A : E3;
AF4B : E3;
AF4C : E3;
AF4D : E3;
AF4E : E3;
AF4F : E3;
AF50 : E3;
AF51 : E3;
AF52 : E3;
AF53 : E3;
AF54 : E3;
AF55 : E3;
AF56 : E3;
AF57 : E3;
AF58 : E3;
AF59 : E3;
AF5A : E3;
AF5B : E3;
AF5C : E3;
AF5D : E3;
AF5E : E3;
AF5F : E3;
AF60 : E3;
AF61 : E3;
AF62 : E3;
AF63 : E3;
AF64 : E3;
AF65 : E3;
AF66 : E3;
AF67 : E3;
AF68 : E3;
AF69 : E3;
AF6A : E3;
AF6B : E3;
AF6C : E3;
AF6D : E3;
AF6E : E3;
AF6F : E3;
AF70 : E3;
AF71 : E3;
AF72 : E3;
AF73 : E3;
AF74 : E3;
AF75 : E3;
AF76 : E3;
AF77 : E3;
AF78 : E3;
AF79 : E3;
AF7A : E3;
AF7B : E3;
AF7C : E3;
AF7D : E3;
AF7E : E3;
AF7F : E3;
AF80 : E3;
AF81 : E3;
AF82 : E3;
AF83 : 4F;
AF84 : 53;
AF85 : 53;
AF86 : 53;
AF87 : 53;
AF88 : E3;
AF89 : E3;
AF8A : E3;
AF8B : 4F;
AF8C : 53;
AF8D : 53;
AF8E : 53;
AF8F : 53;
AF90 : E3;
AF91 : E3;
AF92 : E3;
AF93 : 6F;
AF94 : 53;
AF95 : 53;
AF96 : 53;
AF97 : 53;
AF98 : E3;
AF99 : E3;
AF9A : E3;
AF9B : 6F;
AF9C : 53;
AF9D : 53;
AF9E : 53;
AF9F : 53;
AFA0 : E3;
AFA1 : E3;
AFA2 : E3;
AFA3 : 6F;
AFA4 : 53;
AFA5 : 53;
AFA6 : 53;
AFA7 : 53;
AFA8 : E3;
AFA9 : E3;
AFAA : E3;
AFAB : 6F;
AFAC : 53;
AFAD : 53;
AFAE : 53;
AFAF : 53;
AFB0 : E3;
AFB1 : E3;
AFB2 : E3;
AFB3 : 6F;
AFB4 : 53;
AFB5 : 53;
AFB6 : 53;
AFB7 : 53;
AFB8 : E3;
AFB9 : E3;
AFBA : E3;
AFBB : 6F;
AFBC : 53;
AFBD : 53;
AFBE : 53;
AFBF : 53;
AFC0 : 53;
AFC1 : 53;
AFC2 : 53;
AFC3 : 53;
AFC4 : 53;
AFC5 : 53;
AFC6 : 53;
AFC7 : 53;
AFC8 : 53;
AFC9 : 53;
AFCA : 53;
AFCB : 53;
AFCC : 53;
AFCD : 53;
AFCE : 53;
AFCF : 53;
AFD0 : 53;
AFD1 : 53;
AFD2 : 53;
AFD3 : 53;
AFD4 : 53;
AFD5 : 53;
AFD6 : 53;
AFD7 : 53;
AFD8 : 53;
AFD9 : 53;
AFDA : 53;
AFDB : 53;
AFDC : 53;
AFDD : 53;
AFDE : 53;
AFDF : 53;
AFE0 : 53;
AFE1 : 53;
AFE2 : 53;
AFE3 : 53;
AFE4 : 53;
AFE5 : 53;
AFE6 : 53;
AFE7 : 53;
AFE8 : 53;
AFE9 : 53;
AFEA : 53;
AFEB : 53;
AFEC : 53;
AFED : 53;
AFEE : 53;
AFEF : 53;
AFF0 : 53;
AFF1 : 53;
AFF2 : 53;
AFF3 : 53;
AFF4 : 53;
AFF5 : 53;
AFF6 : 53;
AFF7 : 53;
AFF8 : 53;
AFF9 : 53;
AFFA : 53;
AFFB : 53;
AFFC : 53;
AFFD : 53;
AFFE : 53;
AFFF : 53;
B000 : 79;
B001 : 5C;
B002 : 58;
B003 : 58;
B004 : 58;
B005 : 58;
B006 : 5C;
B007 : 5C;
B008 : 79;
B009 : 5C;
B00A : 58;
B00B : 5C;
B00C : 5C;
B00D : 5C;
B00E : 5C;
B00F : 5C;
B010 : 79;
B011 : 5C;
B012 : 5C;
B013 : 5C;
B014 : 5C;
B015 : 5C;
B016 : 5C;
B017 : 5C;
B018 : 79;
B019 : 5C;
B01A : 5C;
B01B : 5C;
B01C : 5C;
B01D : 5C;
B01E : 5C;
B01F : 5C;
B020 : 79;
B021 : 5C;
B022 : 5C;
B023 : 5C;
B024 : 5C;
B025 : 5C;
B026 : 5C;
B027 : 5C;
B028 : 79;
B029 : 5C;
B02A : 5C;
B02B : 5C;
B02C : 5C;
B02D : 5C;
B02E : 5C;
B02F : 5C;
B030 : 79;
B031 : 5C;
B032 : 5C;
B033 : 5C;
B034 : 5C;
B035 : 5C;
B036 : 5C;
B037 : 5C;
B038 : 59;
B039 : 5C;
B03A : 5C;
B03B : 5C;
B03C : 5C;
B03D : 5C;
B03E : 5C;
B03F : 5C;
B040 : 5C;
B041 : 5C;
B042 : 58;
B043 : 5C;
B044 : 78;
B045 : B4;
B046 : B4;
B047 : B4;
B048 : 5C;
B049 : 5C;
B04A : 5C;
B04B : 5C;
B04C : 78;
B04D : B4;
B04E : B4;
B04F : B4;
B050 : 5C;
B051 : 5C;
B052 : 5C;
B053 : 5C;
B054 : 78;
B055 : B4;
B056 : B4;
B057 : B4;
B058 : 5C;
B059 : 5C;
B05A : 5C;
B05B : 5C;
B05C : 78;
B05D : B4;
B05E : B4;
B05F : B4;
B060 : 5C;
B061 : 5C;
B062 : 5C;
B063 : 5C;
B064 : 78;
B065 : B4;
B066 : B4;
B067 : B4;
B068 : 5C;
B069 : 5C;
B06A : 5C;
B06B : 5C;
B06C : 78;
B06D : B4;
B06E : B4;
B06F : B4;
B070 : 5C;
B071 : 5C;
B072 : 5C;
B073 : 5C;
B074 : 78;
B075 : B4;
B076 : B4;
B077 : B4;
B078 : 5C;
B079 : 5C;
B07A : 5C;
B07B : 5C;
B07C : 78;
B07D : B4;
B07E : B4;
B07F : B4;
B080 : B4;
B081 : B4;
B082 : B4;
B083 : B4;
B084 : B4;
B085 : B4;
B086 : B4;
B087 : B4;
B088 : B4;
B089 : B4;
B08A : B4;
B08B : B4;
B08C : B4;
B08D : B4;
B08E : B4;
B08F : B4;
B090 : B4;
B091 : B4;
B092 : B4;
B093 : B4;
B094 : B4;
B095 : B4;
B096 : B4;
B097 : B4;
B098 : B4;
B099 : B4;
B09A : B4;
B09B : B4;
B09C : B4;
B09D : B4;
B09E : B4;
B09F : B4;
B0A0 : B4;
B0A1 : B4;
B0A2 : B4;
B0A3 : B4;
B0A4 : B4;
B0A5 : B4;
B0A6 : B4;
B0A7 : B4;
B0A8 : B4;
B0A9 : B4;
B0AA : B4;
B0AB : B4;
B0AC : B4;
B0AD : B4;
B0AE : B4;
B0AF : B4;
B0B0 : B4;
B0B1 : B4;
B0B2 : B4;
B0B3 : B4;
B0B4 : B4;
B0B5 : B4;
B0B6 : B4;
B0B7 : B4;
B0B8 : B4;
B0B9 : B4;
B0BA : B4;
B0BB : B4;
B0BC : B4;
B0BD : B4;
B0BE : B4;
B0BF : B4;
B0C0 : B4;
B0C1 : D0;
B0C2 : EC;
B0C3 : EC;
B0C4 : EC;
B0C5 : EC;
B0C6 : EC;
B0C7 : EC;
B0C8 : B4;
B0C9 : D0;
B0CA : EC;
B0CB : EC;
B0CC : EC;
B0CD : EC;
B0CE : EC;
B0CF : EC;
B0D0 : B4;
B0D1 : D0;
B0D2 : EC;
B0D3 : EC;
B0D4 : EC;
B0D5 : EC;
B0D6 : EC;
B0D7 : EC;
B0D8 : B4;
B0D9 : D0;
B0DA : EC;
B0DB : EC;
B0DC : EC;
B0DD : EC;
B0DE : EC;
B0DF : EC;
B0E0 : B4;
B0E1 : D0;
B0E2 : EC;
B0E3 : EC;
B0E4 : EC;
B0E5 : EC;
B0E6 : EC;
B0E7 : EC;
B0E8 : B4;
B0E9 : D0;
B0EA : EC;
B0EB : EC;
B0EC : EC;
B0ED : EC;
B0EE : EC;
B0EF : EC;
B0F0 : B4;
B0F1 : D0;
B0F2 : EC;
B0F3 : EC;
B0F4 : EC;
B0F5 : EC;
B0F6 : EC;
B0F7 : EC;
B0F8 : B4;
B0F9 : B0;
B0FA : CC;
B0FB : CC;
B0FC : CC;
B0FD : CC;
B0FE : CC;
B0FF : CC;
B100 : EC;
B101 : EC;
B102 : EC;
B103 : EC;
B104 : EC;
B105 : EC;
B106 : E4;
B107 : E0;
B108 : EC;
B109 : EC;
B10A : EC;
B10B : EC;
B10C : EC;
B10D : EC;
B10E : E4;
B10F : E0;
B110 : EC;
B111 : EC;
B112 : EC;
B113 : EC;
B114 : EC;
B115 : EC;
B116 : E4;
B117 : E0;
B118 : EC;
B119 : EC;
B11A : EC;
B11B : EC;
B11C : EC;
B11D : EC;
B11E : E4;
B11F : E0;
B120 : EC;
B121 : EC;
B122 : EC;
B123 : EC;
B124 : EC;
B125 : EC;
B126 : E4;
B127 : E0;
B128 : EC;
B129 : EC;
B12A : EC;
B12B : EC;
B12C : EC;
B12D : EC;
B12E : E4;
B12F : E0;
B130 : EC;
B131 : EC;
B132 : EC;
B133 : EC;
B134 : EC;
B135 : EC;
B136 : E4;
B137 : E0;
B138 : CC;
B139 : CC;
B13A : CC;
B13B : CC;
B13C : CC;
B13D : D0;
B13E : E8;
B13F : E0;
B140 : E0;
B141 : E0;
B142 : E0;
B143 : E0;
B144 : E0;
B145 : E0;
B146 : E0;
B147 : E0;
B148 : E0;
B149 : E0;
B14A : E0;
B14B : E0;
B14C : E0;
B14D : E0;
B14E : E0;
B14F : E0;
B150 : E0;
B151 : E0;
B152 : E0;
B153 : E0;
B154 : E0;
B155 : E0;
B156 : E0;
B157 : E0;
B158 : E0;
B159 : E0;
B15A : E0;
B15B : E0;
B15C : E0;
B15D : E0;
B15E : E0;
B15F : E0;
B160 : E0;
B161 : E0;
B162 : E0;
B163 : E0;
B164 : E0;
B165 : E0;
B166 : E0;
B167 : E0;
B168 : E0;
B169 : E0;
B16A : E0;
B16B : E0;
B16C : E0;
B16D : E0;
B16E : E0;
B16F : E0;
B170 : E0;
B171 : E0;
B172 : E0;
B173 : E0;
B174 : E0;
B175 : E0;
B176 : E0;
B177 : E0;
B178 : E0;
B179 : E0;
B17A : E0;
B17B : E0;
B17C : E0;
B17D : E0;
B17E : E0;
B17F : E0;
B180 : E0;
B181 : E0;
B182 : E0;
B183 : 72;
B184 : 17;
B185 : 13;
B186 : 13;
B187 : 13;
B188 : E0;
B189 : E0;
B18A : E0;
B18B : 72;
B18C : 17;
B18D : 13;
B18E : 13;
B18F : 13;
B190 : E0;
B191 : E0;
B192 : E0;
B193 : 72;
B194 : 17;
B195 : 13;
B196 : 13;
B197 : 13;
B198 : E0;
B199 : E0;
B19A : E0;
B19B : 72;
B19C : 17;
B19D : 13;
B19E : 13;
B19F : 13;
B1A0 : E0;
B1A1 : E0;
B1A2 : E0;
B1A3 : 72;
B1A4 : 17;
B1A5 : 13;
B1A6 : 13;
B1A7 : 13;
B1A8 : E0;
B1A9 : E0;
B1AA : E0;
B1AB : 72;
B1AC : 17;
B1AD : 13;
B1AE : 13;
B1AF : 13;
B1B0 : E0;
B1B1 : E0;
B1B2 : E0;
B1B3 : 72;
B1B4 : 17;
B1B5 : 13;
B1B6 : 13;
B1B7 : 13;
B1B8 : E0;
B1B9 : E0;
B1BA : C4;
B1BB : 6E;
B1BC : 33;
B1BD : 33;
B1BE : 33;
B1BF : 33;
B1C0 : 13;
B1C1 : 13;
B1C2 : 13;
B1C3 : 13;
B1C4 : 13;
B1C5 : 13;
B1C6 : 13;
B1C7 : 33;
B1C8 : 13;
B1C9 : 13;
B1CA : 13;
B1CB : 13;
B1CC : 13;
B1CD : 13;
B1CE : 13;
B1CF : 33;
B1D0 : 13;
B1D1 : 13;
B1D2 : 13;
B1D3 : 13;
B1D4 : 13;
B1D5 : 13;
B1D6 : 13;
B1D7 : 33;
B1D8 : 13;
B1D9 : 13;
B1DA : 13;
B1DB : 13;
B1DC : 13;
B1DD : 13;
B1DE : 13;
B1DF : 33;
B1E0 : 13;
B1E1 : 13;
B1E2 : 13;
B1E3 : 13;
B1E4 : 13;
B1E5 : 13;
B1E6 : 13;
B1E7 : 33;
B1E8 : 13;
B1E9 : 13;
B1EA : 13;
B1EB : 13;
B1EC : 13;
B1ED : 13;
B1EE : 13;
B1EF : 33;
B1F0 : 13;
B1F1 : 13;
B1F2 : 13;
B1F3 : 13;
B1F4 : 13;
B1F5 : 13;
B1F6 : 13;
B1F7 : 33;
B1F8 : 33;
B1F9 : 33;
B1FA : 33;
B1FB : 33;
B1FC : 33;
B1FD : 33;
B1FE : 33;
B1FF : 53;
B200 : ED;
B201 : EC;
B202 : EC;
B203 : EC;
B204 : EC;
B205 : EC;
B206 : EC;
B207 : EC;
B208 : ED;
B209 : EC;
B20A : EC;
B20B : EC;
B20C : EC;
B20D : EC;
B20E : EC;
B20F : EC;
B210 : ED;
B211 : EC;
B212 : EC;
B213 : EC;
B214 : EC;
B215 : EC;
B216 : EC;
B217 : EC;
B218 : EC;
B219 : EC;
B21A : EC;
B21B : EC;
B21C : EC;
B21D : EC;
B21E : EC;
B21F : EC;
B220 : EC;
B221 : EC;
B222 : EC;
B223 : EC;
B224 : CC;
B225 : CC;
B226 : CC;
B227 : CC;
B228 : EC;
B229 : CC;
B22A : CC;
B22B : CC;
B22C : CC;
B22D : CC;
B22E : CC;
B22F : CC;
B230 : ED;
B231 : EC;
B232 : EC;
B233 : EC;
B234 : EC;
B235 : EC;
B236 : EC;
B237 : EC;
B238 : ED;
B239 : EC;
B23A : EC;
B23B : EC;
B23C : EC;
B23D : EC;
B23E : EC;
B23F : EC;
B240 : EC;
B241 : EC;
B242 : CC;
B243 : CC;
B244 : C8;
B245 : A5;
B246 : A5;
B247 : A5;
B248 : EC;
B249 : EC;
B24A : CC;
B24B : CC;
B24C : C8;
B24D : A5;
B24E : A5;
B24F : A5;
B250 : EC;
B251 : EC;
B252 : CC;
B253 : CC;
B254 : C8;
B255 : A5;
B256 : A5;
B257 : A5;
B258 : EC;
B259 : EC;
B25A : CC;
B25B : CC;
B25C : C8;
B25D : A5;
B25E : A5;
B25F : A5;
B260 : CC;
B261 : CC;
B262 : CC;
B263 : CC;
B264 : C8;
B265 : A5;
B266 : A5;
B267 : A5;
B268 : CC;
B269 : CC;
B26A : CC;
B26B : CC;
B26C : C8;
B26D : A5;
B26E : A5;
B26F : A5;
B270 : EC;
B271 : EC;
B272 : CC;
B273 : EC;
B274 : C8;
B275 : A5;
B276 : A5;
B277 : A5;
B278 : EC;
B279 : EC;
B27A : EC;
B27B : CC;
B27C : CC;
B27D : A5;
B27E : A5;
B27F : A5;
B280 : A5;
B281 : A5;
B282 : A5;
B283 : A5;
B284 : A5;
B285 : A5;
B286 : A5;
B287 : A5;
B288 : A5;
B289 : A5;
B28A : A5;
B28B : A5;
B28C : A5;
B28D : A5;
B28E : A5;
B28F : A5;
B290 : A5;
B291 : A5;
B292 : A5;
B293 : A5;
B294 : A5;
B295 : A5;
B296 : A5;
B297 : A5;
B298 : A5;
B299 : A5;
B29A : A5;
B29B : A5;
B29C : A5;
B29D : A5;
B29E : A5;
B29F : A5;
B2A0 : A5;
B2A1 : A5;
B2A2 : A5;
B2A3 : A5;
B2A4 : A5;
B2A5 : A5;
B2A6 : A5;
B2A7 : A5;
B2A8 : A5;
B2A9 : A5;
B2AA : A5;
B2AB : A5;
B2AC : A5;
B2AD : A5;
B2AE : A5;
B2AF : A5;
B2B0 : A5;
B2B1 : A5;
B2B2 : A5;
B2B3 : A5;
B2B4 : A5;
B2B5 : A5;
B2B6 : A5;
B2B7 : A5;
B2B8 : A5;
B2B9 : A5;
B2BA : A5;
B2BB : A5;
B2BC : A5;
B2BD : A5;
B2BE : A5;
B2BF : A5;
B2C0 : A4;
B2C1 : 65;
B2C2 : 09;
B2C3 : 09;
B2C4 : 09;
B2C5 : 09;
B2C6 : 09;
B2C7 : 09;
B2C8 : A4;
B2C9 : 65;
B2CA : 09;
B2CB : 09;
B2CC : 09;
B2CD : 09;
B2CE : 09;
B2CF : 09;
B2D0 : A4;
B2D1 : 65;
B2D2 : 09;
B2D3 : 09;
B2D4 : 09;
B2D5 : 09;
B2D6 : 09;
B2D7 : 09;
B2D8 : A4;
B2D9 : 65;
B2DA : 09;
B2DB : 09;
B2DC : 09;
B2DD : 09;
B2DE : 09;
B2DF : 09;
B2E0 : A4;
B2E1 : 65;
B2E2 : 09;
B2E3 : 09;
B2E4 : 09;
B2E5 : 09;
B2E6 : 09;
B2E7 : 09;
B2E8 : A4;
B2E9 : 65;
B2EA : 09;
B2EB : 09;
B2EC : 09;
B2ED : 09;
B2EE : 09;
B2EF : 09;
B2F0 : C4;
B2F1 : 65;
B2F2 : 09;
B2F3 : 09;
B2F4 : 09;
B2F5 : 09;
B2F6 : 09;
B2F7 : 09;
B2F8 : A5;
B2F9 : 69;
B2FA : 2A;
B2FB : 0A;
B2FC : 0A;
B2FD : 0A;
B2FE : 0A;
B2FF : 0A;
B300 : 09;
B301 : 09;
B302 : 09;
B303 : 09;
B304 : 09;
B305 : 05;
B306 : 33;
B307 : 37;
B308 : 09;
B309 : 09;
B30A : 09;
B30B : 09;
B30C : 09;
B30D : 05;
B30E : 33;
B30F : 37;
B310 : 09;
B311 : 09;
B312 : 09;
B313 : 09;
B314 : 09;
B315 : 05;
B316 : 33;
B317 : 37;
B318 : 09;
B319 : 09;
B31A : 09;
B31B : 09;
B31C : 09;
B31D : 05;
B31E : 33;
B31F : 37;
B320 : 09;
B321 : 09;
B322 : 09;
B323 : 09;
B324 : 09;
B325 : 05;
B326 : 33;
B327 : 37;
B328 : 09;
B329 : 09;
B32A : 09;
B32B : 09;
B32C : 09;
B32D : 05;
B32E : 33;
B32F : 37;
B330 : 09;
B331 : 09;
B332 : 09;
B333 : 09;
B334 : 09;
B335 : 05;
B336 : 33;
B337 : 37;
B338 : 0A;
B339 : 0A;
B33A : 0A;
B33B : 0A;
B33C : 0A;
B33D : 09;
B33E : 33;
B33F : 37;
B340 : 37;
B341 : 37;
B342 : 37;
B343 : 37;
B344 : 37;
B345 : 37;
B346 : 37;
B347 : 37;
B348 : 37;
B349 : 37;
B34A : 37;
B34B : 37;
B34C : 37;
B34D : 37;
B34E : 37;
B34F : 37;
B350 : 37;
B351 : 37;
B352 : 37;
B353 : 37;
B354 : 37;
B355 : 37;
B356 : 37;
B357 : 37;
B358 : 37;
B359 : 37;
B35A : 37;
B35B : 37;
B35C : 37;
B35D : 37;
B35E : 37;
B35F : 37;
B360 : 37;
B361 : 37;
B362 : 37;
B363 : 37;
B364 : 37;
B365 : 37;
B366 : 37;
B367 : 37;
B368 : 37;
B369 : 37;
B36A : 37;
B36B : 37;
B36C : 37;
B36D : 37;
B36E : 37;
B36F : 37;
B370 : 37;
B371 : 37;
B372 : 37;
B373 : 37;
B374 : 37;
B375 : 37;
B376 : 37;
B377 : 37;
B378 : 37;
B379 : 37;
B37A : 37;
B37B : 37;
B37C : 37;
B37D : 37;
B37E : 37;
B37F : 37;
B380 : 37;
B381 : 37;
B382 : 37;
B383 : 79;
B384 : 7C;
B385 : 7C;
B386 : 7C;
B387 : 7C;
B388 : 37;
B389 : 37;
B38A : 37;
B38B : 79;
B38C : 7C;
B38D : 7C;
B38E : 7C;
B38F : 7C;
B390 : 37;
B391 : 37;
B392 : 37;
B393 : 79;
B394 : 7C;
B395 : 7C;
B396 : 7C;
B397 : 7C;
B398 : 37;
B399 : 37;
B39A : 37;
B39B : 79;
B39C : 7C;
B39D : 7C;
B39E : 7C;
B39F : 7C;
B3A0 : 37;
B3A1 : 37;
B3A2 : 37;
B3A3 : 79;
B3A4 : 7C;
B3A5 : 7C;
B3A6 : 7C;
B3A7 : 7C;
B3A8 : 37;
B3A9 : 37;
B3AA : 37;
B3AB : 79;
B3AC : 7C;
B3AD : 7C;
B3AE : 7C;
B3AF : 7C;
B3B0 : 37;
B3B1 : 37;
B3B2 : 37;
B3B3 : 79;
B3B4 : 7C;
B3B5 : 7C;
B3B6 : 7C;
B3B7 : 7C;
B3B8 : 37;
B3B9 : 37;
B3BA : 37;
B3BB : 79;
B3BC : 98;
B3BD : 78;
B3BE : 78;
B3BF : 78;
B3C0 : 7C;
B3C1 : 7C;
B3C2 : 7C;
B3C3 : 7C;
B3C4 : 7C;
B3C5 : 9C;
B3C6 : 7C;
B3C7 : 78;
B3C8 : 7C;
B3C9 : 7C;
B3CA : 7C;
B3CB : 7C;
B3CC : 7C;
B3CD : 9C;
B3CE : 7C;
B3CF : 78;
B3D0 : 7C;
B3D1 : 7C;
B3D2 : 7C;
B3D3 : 7C;
B3D4 : 7C;
B3D5 : 9C;
B3D6 : 7C;
B3D7 : 78;
B3D8 : 7C;
B3D9 : 7C;
B3DA : 7C;
B3DB : 7C;
B3DC : 7C;
B3DD : 9C;
B3DE : 7C;
B3DF : 78;
B3E0 : 7C;
B3E1 : 7C;
B3E2 : 7C;
B3E3 : 7C;
B3E4 : 7C;
B3E5 : 9C;
B3E6 : 7C;
B3E7 : 78;
B3E8 : 7C;
B3E9 : 7C;
B3EA : 7C;
B3EB : 7C;
B3EC : 7C;
B3ED : 9C;
B3EE : 7C;
B3EF : 78;
B3F0 : 7C;
B3F1 : 7C;
B3F2 : 7C;
B3F3 : 7C;
B3F4 : 7C;
B3F5 : 7C;
B3F6 : 7C;
B3F7 : 7C;
B3F8 : 78;
B3F9 : 78;
B3FA : 78;
B3FB : 78;
B3FC : 78;
B3FD : 98;
B3FE : 98;
B3FF : 78;
B400 : CB;
B401 : C7;
B402 : C7;
B403 : C7;
B404 : C7;
B405 : C7;
B406 : C7;
B407 : C7;
B408 : CB;
B409 : C7;
B40A : C7;
B40B : C7;
B40C : C7;
B40D : C7;
B40E : C7;
B40F : C7;
B410 : CB;
B411 : C7;
B412 : C7;
B413 : C7;
B414 : C7;
B415 : C7;
B416 : C7;
B417 : C7;
B418 : CB;
B419 : C7;
B41A : C7;
B41B : C7;
B41C : C7;
B41D : C7;
B41E : C7;
B41F : C7;
B420 : CB;
B421 : C7;
B422 : C7;
B423 : C7;
B424 : C7;
B425 : C7;
B426 : C7;
B427 : C7;
B428 : CB;
B429 : C7;
B42A : C7;
B42B : C7;
B42C : C7;
B42D : C7;
B42E : C7;
B42F : C7;
B430 : C7;
B431 : C7;
B432 : C7;
B433 : C7;
B434 : C7;
B435 : C7;
B436 : C7;
B437 : C7;
B438 : CA;
B439 : C7;
B43A : C7;
B43B : C7;
B43C : C7;
B43D : C7;
B43E : C7;
B43F : C7;
B440 : C7;
B441 : C7;
B442 : C7;
B443 : C7;
B444 : A7;
B445 : 46;
B446 : 46;
B447 : 46;
B448 : C7;
B449 : C7;
B44A : C7;
B44B : C7;
B44C : A7;
B44D : 46;
B44E : 46;
B44F : 46;
B450 : C7;
B451 : C7;
B452 : C7;
B453 : C7;
B454 : A7;
B455 : 46;
B456 : 46;
B457 : 46;
B458 : C7;
B459 : C7;
B45A : C7;
B45B : C7;
B45C : A7;
B45D : 46;
B45E : 46;
B45F : 46;
B460 : C7;
B461 : C7;
B462 : C7;
B463 : C7;
B464 : A7;
B465 : 46;
B466 : 46;
B467 : 46;
B468 : C7;
B469 : C7;
B46A : C7;
B46B : C7;
B46C : A7;
B46D : 46;
B46E : 46;
B46F : 46;
B470 : C7;
B471 : C7;
B472 : C7;
B473 : C7;
B474 : A7;
B475 : 46;
B476 : 46;
B477 : 46;
B478 : C7;
B479 : C7;
B47A : C7;
B47B : C7;
B47C : A7;
B47D : 46;
B47E : 46;
B47F : 46;
B480 : 46;
B481 : 46;
B482 : 46;
B483 : 46;
B484 : 46;
B485 : 46;
B486 : 46;
B487 : 46;
B488 : 46;
B489 : 46;
B48A : 46;
B48B : 46;
B48C : 46;
B48D : 46;
B48E : 46;
B48F : 46;
B490 : 46;
B491 : 46;
B492 : 46;
B493 : 46;
B494 : 46;
B495 : 46;
B496 : 46;
B497 : 46;
B498 : 46;
B499 : 46;
B49A : 46;
B49B : 46;
B49C : 46;
B49D : 46;
B49E : 46;
B49F : 46;
B4A0 : 46;
B4A1 : 46;
B4A2 : 46;
B4A3 : 46;
B4A4 : 46;
B4A5 : 46;
B4A6 : 46;
B4A7 : 46;
B4A8 : 46;
B4A9 : 46;
B4AA : 46;
B4AB : 46;
B4AC : 46;
B4AD : 46;
B4AE : 46;
B4AF : 46;
B4B0 : 46;
B4B1 : 46;
B4B2 : 46;
B4B3 : 46;
B4B4 : 46;
B4B5 : 46;
B4B6 : 46;
B4B7 : 46;
B4B8 : 46;
B4B9 : 46;
B4BA : 46;
B4BB : 46;
B4BC : 46;
B4BD : 46;
B4BE : 46;
B4BF : 46;
B4C0 : 46;
B4C1 : 53;
B4C2 : 1E;
B4C3 : 1E;
B4C4 : 1E;
B4C5 : 1E;
B4C6 : 1E;
B4C7 : 1E;
B4C8 : 46;
B4C9 : 53;
B4CA : 1E;
B4CB : 1E;
B4CC : 1E;
B4CD : 1E;
B4CE : 1E;
B4CF : 1E;
B4D0 : 46;
B4D1 : 52;
B4D2 : 1E;
B4D3 : 1E;
B4D4 : 1E;
B4D5 : 1E;
B4D6 : 1E;
B4D7 : 1E;
B4D8 : 46;
B4D9 : 52;
B4DA : 1E;
B4DB : 1E;
B4DC : 1E;
B4DD : 1E;
B4DE : 1E;
B4DF : 1E;
B4E0 : 46;
B4E1 : 52;
B4E2 : 1E;
B4E3 : 1E;
B4E4 : 1E;
B4E5 : 1E;
B4E6 : 1E;
B4E7 : 1E;
B4E8 : 46;
B4E9 : 52;
B4EA : 1E;
B4EB : 1E;
B4EC : 1E;
B4ED : 1E;
B4EE : 1E;
B4EF : 1E;
B4F0 : 46;
B4F1 : 52;
B4F2 : 1E;
B4F3 : 1E;
B4F4 : 1E;
B4F5 : 1E;
B4F6 : 1E;
B4F7 : 1E;
B4F8 : 46;
B4F9 : 4E;
B4FA : 3E;
B4FB : 3E;
B4FC : 3E;
B4FD : 3E;
B4FE : 3E;
B4FF : 3E;
B500 : 1E;
B501 : 1E;
B502 : 1E;
B503 : 1E;
B504 : 1E;
B505 : 1E;
B506 : 5D;
B507 : 7C;
B508 : 1E;
B509 : 1E;
B50A : 1E;
B50B : 1E;
B50C : 1E;
B50D : 1E;
B50E : 5D;
B50F : 5C;
B510 : 1E;
B511 : 1E;
B512 : 1E;
B513 : 1E;
B514 : 1E;
B515 : 1E;
B516 : 5D;
B517 : 5C;
B518 : 1E;
B519 : 1E;
B51A : 1E;
B51B : 1E;
B51C : 1E;
B51D : 1E;
B51E : 5D;
B51F : 5C;
B520 : 1E;
B521 : 1E;
B522 : 1E;
B523 : 1E;
B524 : 1E;
B525 : 1E;
B526 : 5D;
B527 : 5C;
B528 : 1E;
B529 : 1E;
B52A : 1E;
B52B : 1E;
B52C : 1E;
B52D : 1E;
B52E : 5D;
B52F : 5C;
B530 : 1E;
B531 : 1E;
B532 : 1E;
B533 : 1E;
B534 : 1E;
B535 : 1E;
B536 : 3D;
B537 : 5C;
B538 : 3E;
B539 : 3E;
B53A : 3E;
B53B : 3E;
B53C : 3E;
B53D : 3E;
B53E : 5D;
B53F : 5C;
B540 : 5C;
B541 : 5C;
B542 : 5C;
B543 : 5C;
B544 : 5C;
B545 : 5C;
B546 : 5C;
B547 : 5C;
B548 : 5C;
B549 : 5C;
B54A : 5C;
B54B : 5C;
B54C : 5C;
B54D : 5C;
B54E : 5C;
B54F : 5C;
B550 : 5C;
B551 : 5C;
B552 : 5C;
B553 : 5C;
B554 : 5C;
B555 : 5C;
B556 : 5C;
B557 : 5C;
B558 : 5C;
B559 : 5C;
B55A : 5C;
B55B : 5C;
B55C : 5C;
B55D : 5C;
B55E : 5C;
B55F : 5C;
B560 : 5C;
B561 : 5C;
B562 : 5C;
B563 : 5C;
B564 : 5C;
B565 : 5C;
B566 : 5C;
B567 : 5C;
B568 : 5C;
B569 : 5C;
B56A : 5C;
B56B : 5C;
B56C : 5C;
B56D : 5C;
B56E : 5C;
B56F : 5C;
B570 : 5C;
B571 : 5C;
B572 : 5C;
B573 : 5C;
B574 : 5C;
B575 : 5C;
B576 : 5C;
B577 : 5C;
B578 : 5C;
B579 : 5C;
B57A : 5C;
B57B : 5C;
B57C : 5C;
B57D : 5C;
B57E : 5C;
B57F : 5C;
B580 : 5C;
B581 : 5C;
B582 : 5C;
B583 : D4;
B584 : F0;
B585 : F0;
B586 : F0;
B587 : F0;
B588 : 5C;
B589 : 5C;
B58A : 5C;
B58B : D4;
B58C : F0;
B58D : F0;
B58E : F0;
B58F : F0;
B590 : 5C;
B591 : 5C;
B592 : 5C;
B593 : D4;
B594 : F0;
B595 : F0;
B596 : F0;
B597 : F0;
B598 : 5C;
B599 : 5C;
B59A : 5C;
B59B : D4;
B59C : F0;
B59D : F0;
B59E : F0;
B59F : F0;
B5A0 : 5C;
B5A1 : 5C;
B5A2 : 5C;
B5A3 : D4;
B5A4 : F0;
B5A5 : F0;
B5A6 : F0;
B5A7 : F0;
B5A8 : 5C;
B5A9 : 5C;
B5AA : 5C;
B5AB : D4;
B5AC : F0;
B5AD : F0;
B5AE : F0;
B5AF : F0;
B5B0 : 5C;
B5B1 : 5C;
B5B2 : 5C;
B5B3 : D4;
B5B4 : F0;
B5B5 : F0;
B5B6 : F0;
B5B7 : F0;
B5B8 : 5C;
B5B9 : 5C;
B5BA : 5C;
B5BB : D4;
B5BC : F0;
B5BD : F0;
B5BE : F0;
B5BF : F0;
B5C0 : F0;
B5C1 : F0;
B5C2 : F0;
B5C3 : F0;
B5C4 : F0;
B5C5 : F0;
B5C6 : F0;
B5C7 : D0;
B5C8 : F0;
B5C9 : F0;
B5CA : F0;
B5CB : F0;
B5CC : F0;
B5CD : F0;
B5CE : F0;
B5CF : D0;
B5D0 : F0;
B5D1 : F0;
B5D2 : F0;
B5D3 : F0;
B5D4 : F0;
B5D5 : F0;
B5D6 : F0;
B5D7 : D0;
B5D8 : F0;
B5D9 : F0;
B5DA : F0;
B5DB : F0;
B5DC : F0;
B5DD : F0;
B5DE : F0;
B5DF : D0;
B5E0 : F0;
B5E1 : F0;
B5E2 : F0;
B5E3 : F0;
B5E4 : F0;
B5E5 : F0;
B5E6 : F0;
B5E7 : D0;
B5E8 : F0;
B5E9 : F0;
B5EA : F0;
B5EB : F0;
B5EC : F0;
B5ED : F0;
B5EE : F0;
B5EF : D0;
B5F0 : F0;
B5F1 : F0;
B5F2 : F0;
B5F3 : F0;
B5F4 : F0;
B5F5 : F0;
B5F6 : F0;
B5F7 : D0;
B5F8 : F0;
B5F9 : F0;
B5FA : F0;
B5FB : F0;
B5FC : F0;
B5FD : F0;
B5FE : F0;
B5FF : D0;
B600 : 78;
B601 : 5C;
B602 : 5C;
B603 : 5C;
B604 : 5C;
B605 : 5C;
B606 : 5C;
B607 : 5C;
B608 : 78;
B609 : 5C;
B60A : 5C;
B60B : 5C;
B60C : 5C;
B60D : 5C;
B60E : 5C;
B60F : 5C;
B610 : 78;
B611 : 5C;
B612 : 5C;
B613 : 5C;
B614 : 5C;
B615 : 5C;
B616 : 5C;
B617 : 5C;
B618 : 78;
B619 : 5C;
B61A : 5C;
B61B : 5C;
B61C : 5C;
B61D : 5C;
B61E : 5C;
B61F : 5C;
B620 : 78;
B621 : 5C;
B622 : 5C;
B623 : 5C;
B624 : 5C;
B625 : 5C;
B626 : 5C;
B627 : 5C;
B628 : 78;
B629 : 5C;
B62A : 5C;
B62B : 5C;
B62C : 5C;
B62D : 5C;
B62E : 5C;
B62F : 5C;
B630 : 78;
B631 : 5C;
B632 : 5C;
B633 : 5C;
B634 : 5C;
B635 : 5C;
B636 : 5C;
B637 : 5C;
B638 : 78;
B639 : 5C;
B63A : 5C;
B63B : 5C;
B63C : 5C;
B63D : 5C;
B63E : 5C;
B63F : 5C;
B640 : 5C;
B641 : 5C;
B642 : 5C;
B643 : 5C;
B644 : 78;
B645 : B4;
B646 : B4;
B647 : B4;
B648 : 5C;
B649 : 5C;
B64A : 5C;
B64B : 5C;
B64C : 78;
B64D : B4;
B64E : B4;
B64F : B4;
B650 : 5C;
B651 : 5C;
B652 : 5C;
B653 : 5C;
B654 : 78;
B655 : B4;
B656 : B4;
B657 : B4;
B658 : 5C;
B659 : 5C;
B65A : 5C;
B65B : 5C;
B65C : 78;
B65D : B4;
B65E : B4;
B65F : B4;
B660 : 5C;
B661 : 5C;
B662 : 5C;
B663 : 5C;
B664 : 78;
B665 : B4;
B666 : B4;
B667 : B4;
B668 : 5C;
B669 : 5C;
B66A : 5C;
B66B : 5C;
B66C : 78;
B66D : B4;
B66E : B4;
B66F : B4;
B670 : 5C;
B671 : 5C;
B672 : 5C;
B673 : 5C;
B674 : 78;
B675 : B4;
B676 : B4;
B677 : B4;
B678 : 5C;
B679 : 5C;
B67A : 5C;
B67B : 5C;
B67C : 58;
B67D : B0;
B67E : B4;
B67F : B4;
B680 : B4;
B681 : B4;
B682 : B4;
B683 : B4;
B684 : B4;
B685 : B4;
B686 : B4;
B687 : B4;
B688 : B4;
B689 : B4;
B68A : B4;
B68B : B4;
B68C : B4;
B68D : B4;
B68E : B4;
B68F : B4;
B690 : B4;
B691 : B4;
B692 : B4;
B693 : B4;
B694 : B4;
B695 : B4;
B696 : B4;
B697 : B4;
B698 : B4;
B699 : B4;
B69A : B4;
B69B : B4;
B69C : B4;
B69D : B4;
B69E : B4;
B69F : B4;
B6A0 : B4;
B6A1 : B4;
B6A2 : B4;
B6A3 : B4;
B6A4 : B4;
B6A5 : B4;
B6A6 : B4;
B6A7 : B4;
B6A8 : B4;
B6A9 : B4;
B6AA : B4;
B6AB : B4;
B6AC : B4;
B6AD : B4;
B6AE : B4;
B6AF : B4;
B6B0 : B4;
B6B1 : B4;
B6B2 : B4;
B6B3 : B4;
B6B4 : B4;
B6B5 : B4;
B6B6 : B4;
B6B7 : B4;
B6B8 : B4;
B6B9 : B4;
B6BA : B4;
B6BB : B4;
B6BC : B4;
B6BD : B4;
B6BE : B4;
B6BF : B4;
B6C0 : 94;
B6C1 : D0;
B6C2 : EC;
B6C3 : EC;
B6C4 : EC;
B6C5 : EC;
B6C6 : EC;
B6C7 : EC;
B6C8 : 94;
B6C9 : D0;
B6CA : EC;
B6CB : EC;
B6CC : EC;
B6CD : EC;
B6CE : EC;
B6CF : EC;
B6D0 : 94;
B6D1 : D0;
B6D2 : EC;
B6D3 : EC;
B6D4 : EC;
B6D5 : EC;
B6D6 : EC;
B6D7 : EC;
B6D8 : 94;
B6D9 : D0;
B6DA : EC;
B6DB : EC;
B6DC : EC;
B6DD : EC;
B6DE : EC;
B6DF : EC;
B6E0 : 94;
B6E1 : D0;
B6E2 : EC;
B6E3 : EC;
B6E4 : EC;
B6E5 : EC;
B6E6 : EC;
B6E7 : EC;
B6E8 : 94;
B6E9 : D0;
B6EA : EC;
B6EB : EC;
B6EC : EC;
B6ED : EC;
B6EE : EC;
B6EF : EC;
B6F0 : 94;
B6F1 : D0;
B6F2 : EC;
B6F3 : EC;
B6F4 : EC;
B6F5 : EC;
B6F6 : EC;
B6F7 : EC;
B6F8 : B4;
B6F9 : D0;
B6FA : EC;
B6FB : EC;
B6FC : EC;
B6FD : EC;
B6FE : EC;
B6FF : EC;
B700 : EC;
B701 : EC;
B702 : EC;
B703 : EC;
B704 : EC;
B705 : EC;
B706 : E4;
B707 : E0;
B708 : EC;
B709 : EC;
B70A : EC;
B70B : EC;
B70C : EC;
B70D : EC;
B70E : E4;
B70F : E0;
B710 : EC;
B711 : EC;
B712 : EC;
B713 : EC;
B714 : EC;
B715 : EC;
B716 : E4;
B717 : E0;
B718 : EC;
B719 : EC;
B71A : EC;
B71B : EC;
B71C : EC;
B71D : EC;
B71E : E4;
B71F : E0;
B720 : EC;
B721 : EC;
B722 : EC;
B723 : EC;
B724 : EC;
B725 : EC;
B726 : E4;
B727 : E0;
B728 : EC;
B729 : EC;
B72A : EC;
B72B : EC;
B72C : EC;
B72D : EC;
B72E : E4;
B72F : E0;
B730 : EC;
B731 : EC;
B732 : EC;
B733 : EC;
B734 : EC;
B735 : EC;
B736 : E4;
B737 : E0;
B738 : EC;
B739 : EC;
B73A : EC;
B73B : EC;
B73C : EC;
B73D : EC;
B73E : E4;
B73F : E0;
B740 : E0;
B741 : E0;
B742 : E0;
B743 : E0;
B744 : E0;
B745 : E0;
B746 : E0;
B747 : E0;
B748 : E0;
B749 : E0;
B74A : E0;
B74B : E0;
B74C : E0;
B74D : E0;
B74E : E0;
B74F : E0;
B750 : E0;
B751 : E0;
B752 : E0;
B753 : E0;
B754 : E0;
B755 : E0;
B756 : E0;
B757 : E0;
B758 : E0;
B759 : E0;
B75A : E0;
B75B : E0;
B75C : E0;
B75D : E0;
B75E : E0;
B75F : E0;
B760 : E0;
B761 : E0;
B762 : E0;
B763 : E0;
B764 : E0;
B765 : E0;
B766 : E0;
B767 : E0;
B768 : E0;
B769 : E0;
B76A : E0;
B76B : E0;
B76C : E0;
B76D : E0;
B76E : E0;
B76F : E0;
B770 : E0;
B771 : E0;
B772 : E0;
B773 : E0;
B774 : E0;
B775 : E0;
B776 : E0;
B777 : E0;
B778 : E0;
B779 : E0;
B77A : E0;
B77B : E0;
B77C : E0;
B77D : E0;
B77E : E0;
B77F : E0;
B780 : E0;
B781 : E0;
B782 : C4;
B783 : 73;
B784 : 17;
B785 : 13;
B786 : 13;
B787 : 13;
B788 : E0;
B789 : E0;
B78A : C4;
B78B : 6F;
B78C : 17;
B78D : 13;
B78E : 13;
B78F : 13;
B790 : E0;
B791 : E0;
B792 : C4;
B793 : 73;
B794 : 13;
B795 : 13;
B796 : 13;
B797 : 13;
B798 : E0;
B799 : E0;
B79A : C4;
B79B : 73;
B79C : 13;
B79D : 13;
B79E : 13;
B79F : 13;
B7A0 : E0;
B7A1 : E0;
B7A2 : C4;
B7A3 : 73;
B7A4 : 13;
B7A5 : 13;
B7A6 : 13;
B7A7 : 13;
B7A8 : E0;
B7A9 : E0;
B7AA : C4;
B7AB : 73;
B7AC : 13;
B7AD : 13;
B7AE : 13;
B7AF : 13;
B7B0 : E0;
B7B1 : E0;
B7B2 : C0;
B7B3 : 6F;
B7B4 : 13;
B7B5 : 13;
B7B6 : 13;
B7B7 : 13;
B7B8 : E0;
B7B9 : E0;
B7BA : C4;
B7BB : 72;
B7BC : 37;
B7BD : 37;
B7BE : 37;
B7BF : 37;
B7C0 : 13;
B7C1 : 13;
B7C2 : 13;
B7C3 : 13;
B7C4 : 13;
B7C5 : 13;
B7C6 : 13;
B7C7 : 13;
B7C8 : 13;
B7C9 : 13;
B7CA : 13;
B7CB : 13;
B7CC : 13;
B7CD : 13;
B7CE : 13;
B7CF : 13;
B7D0 : 13;
B7D1 : 13;
B7D2 : 13;
B7D3 : 13;
B7D4 : 13;
B7D5 : 13;
B7D6 : 13;
B7D7 : 13;
B7D8 : 13;
B7D9 : 13;
B7DA : 13;
B7DB : 13;
B7DC : 13;
B7DD : 13;
B7DE : 13;
B7DF : 13;
B7E0 : 13;
B7E1 : 13;
B7E2 : 13;
B7E3 : 13;
B7E4 : 13;
B7E5 : 13;
B7E6 : 13;
B7E7 : 13;
B7E8 : 13;
B7E9 : 13;
B7EA : 13;
B7EB : 13;
B7EC : 13;
B7ED : 13;
B7EE : 13;
B7EF : 13;
B7F0 : 13;
B7F1 : 13;
B7F2 : 13;
B7F3 : 13;
B7F4 : 13;
B7F5 : 13;
B7F6 : 13;
B7F7 : 13;
B7F8 : 37;
B7F9 : 37;
B7FA : 37;
B7FB : 37;
B7FC : 37;
B7FD : 37;
B7FE : 37;
B7FF : 37;
B800 : 3F;
B801 : 3F;
B802 : 3F;
B803 : 3F;
B804 : 3F;
B805 : 3F;
B806 : 3F;
B807 : 3F;
B808 : 1F;
B809 : 1F;
B80A : 1F;
B80B : 1F;
B80C : 1F;
B80D : 1F;
B80E : 1F;
B80F : 1F;
B810 : 1F;
B811 : 1F;
B812 : 1F;
B813 : 1F;
B814 : 1F;
B815 : 1F;
B816 : 1F;
B817 : 1F;
B818 : 1F;
B819 : 1F;
B81A : 1F;
B81B : 1F;
B81C : 1F;
B81D : 1F;
B81E : 1F;
B81F : 1F;
B820 : 1F;
B821 : 1F;
B822 : 1F;
B823 : 1F;
B824 : 1F;
B825 : 1F;
B826 : 1F;
B827 : 1F;
B828 : 1F;
B829 : 1F;
B82A : 1F;
B82B : 1F;
B82C : 1F;
B82D : 1F;
B82E : 1F;
B82F : 1F;
B830 : 1F;
B831 : 1F;
B832 : 1F;
B833 : 1F;
B834 : 1F;
B835 : 1F;
B836 : 1F;
B837 : 1F;
B838 : 1F;
B839 : 1F;
B83A : 1F;
B83B : 1F;
B83C : 1F;
B83D : 1F;
B83E : 1F;
B83F : 1F;
B840 : 3F;
B841 : 3F;
B842 : 3F;
B843 : 1F;
B844 : 7B;
B845 : C5;
B846 : E0;
B847 : E0;
B848 : 1F;
B849 : 1F;
B84A : 1F;
B84B : 1F;
B84C : 7B;
B84D : C5;
B84E : E0;
B84F : E0;
B850 : 1F;
B851 : 1F;
B852 : 1F;
B853 : 1F;
B854 : 7B;
B855 : C5;
B856 : E0;
B857 : E0;
B858 : 1F;
B859 : 1F;
B85A : 1F;
B85B : 1F;
B85C : 7B;
B85D : C5;
B85E : E0;
B85F : E0;
B860 : 1F;
B861 : 1F;
B862 : 1F;
B863 : 1F;
B864 : 7B;
B865 : C5;
B866 : E0;
B867 : E0;
B868 : 1F;
B869 : 1F;
B86A : 1F;
B86B : 1F;
B86C : 7B;
B86D : C5;
B86E : E0;
B86F : E0;
B870 : 1F;
B871 : 1F;
B872 : 1F;
B873 : 1F;
B874 : 7B;
B875 : C5;
B876 : E0;
B877 : E0;
B878 : 1F;
B879 : 1F;
B87A : 1F;
B87B : 1F;
B87C : 7B;
B87D : C5;
B87E : E0;
B87F : E0;
B880 : E0;
B881 : E0;
B882 : E0;
B883 : E0;
B884 : E0;
B885 : E0;
B886 : E0;
B887 : E0;
B888 : E0;
B889 : E0;
B88A : E0;
B88B : E0;
B88C : E0;
B88D : E0;
B88E : E0;
B88F : E0;
B890 : E0;
B891 : E0;
B892 : E0;
B893 : E0;
B894 : E0;
B895 : E0;
B896 : E0;
B897 : E0;
B898 : E0;
B899 : E0;
B89A : E0;
B89B : E0;
B89C : E0;
B89D : E0;
B89E : E0;
B89F : E0;
B8A0 : E0;
B8A1 : E0;
B8A2 : E0;
B8A3 : E0;
B8A4 : E0;
B8A5 : E0;
B8A6 : E0;
B8A7 : E0;
B8A8 : E0;
B8A9 : E0;
B8AA : E0;
B8AB : E0;
B8AC : E0;
B8AD : E0;
B8AE : E0;
B8AF : E0;
B8B0 : E0;
B8B1 : E0;
B8B2 : E0;
B8B3 : E0;
B8B4 : E0;
B8B5 : E0;
B8B6 : E0;
B8B7 : E0;
B8B8 : E0;
B8B9 : E0;
B8BA : E0;
B8BB : E0;
B8BC : E0;
B8BD : E0;
B8BE : E0;
B8BF : E0;
B8C0 : E0;
B8C1 : E4;
B8C2 : E8;
B8C3 : E8;
B8C4 : E8;
B8C5 : E8;
B8C6 : E8;
B8C7 : E8;
B8C8 : E1;
B8C9 : E4;
B8CA : EC;
B8CB : E8;
B8CC : E8;
B8CD : E8;
B8CE : E8;
B8CF : E8;
B8D0 : E1;
B8D1 : E4;
B8D2 : EC;
B8D3 : E8;
B8D4 : E8;
B8D5 : E8;
B8D6 : E8;
B8D7 : E8;
B8D8 : E1;
B8D9 : E4;
B8DA : EC;
B8DB : E8;
B8DC : E8;
B8DD : E8;
B8DE : E8;
B8DF : E8;
B8E0 : E1;
B8E1 : E4;
B8E2 : EC;
B8E3 : E8;
B8E4 : E8;
B8E5 : E8;
B8E6 : E8;
B8E7 : E8;
B8E8 : E1;
B8E9 : E4;
B8EA : EC;
B8EB : E8;
B8EC : E8;
B8ED : E8;
B8EE : E8;
B8EF : E8;
B8F0 : E1;
B8F1 : E4;
B8F2 : EC;
B8F3 : E8;
B8F4 : E8;
B8F5 : E8;
B8F6 : E8;
B8F7 : E8;
B8F8 : E1;
B8F9 : E4;
B8FA : EC;
B8FB : E8;
B8FC : E8;
B8FD : E8;
B8FE : E8;
B8FF : E8;
B900 : E8;
B901 : E8;
B902 : E8;
B903 : E8;
B904 : E8;
B905 : E8;
B906 : D0;
B907 : B4;
B908 : E8;
B909 : E8;
B90A : E8;
B90B : E8;
B90C : E8;
B90D : E8;
B90E : D0;
B90F : B4;
B910 : E8;
B911 : E8;
B912 : E8;
B913 : E8;
B914 : E8;
B915 : EC;
B916 : D0;
B917 : B4;
B918 : E8;
B919 : E8;
B91A : E8;
B91B : E8;
B91C : E8;
B91D : E8;
B91E : D0;
B91F : B4;
B920 : E8;
B921 : E8;
B922 : E8;
B923 : E8;
B924 : E8;
B925 : E8;
B926 : D0;
B927 : B4;
B928 : E8;
B929 : E8;
B92A : E8;
B92B : E8;
B92C : E8;
B92D : E8;
B92E : D0;
B92F : B4;
B930 : E8;
B931 : E8;
B932 : E8;
B933 : E8;
B934 : E8;
B935 : E8;
B936 : D0;
B937 : B4;
B938 : E8;
B939 : E8;
B93A : E8;
B93B : E8;
B93C : E8;
B93D : E8;
B93E : D0;
B93F : B4;
B940 : B4;
B941 : B4;
B942 : B4;
B943 : B4;
B944 : B4;
B945 : B4;
B946 : B4;
B947 : B4;
B948 : B4;
B949 : B4;
B94A : B4;
B94B : B4;
B94C : B4;
B94D : B4;
B94E : B4;
B94F : B4;
B950 : B4;
B951 : B4;
B952 : B4;
B953 : B4;
B954 : B4;
B955 : B4;
B956 : B4;
B957 : B4;
B958 : B4;
B959 : B4;
B95A : B4;
B95B : B4;
B95C : B4;
B95D : B4;
B95E : B4;
B95F : B4;
B960 : B4;
B961 : B4;
B962 : B4;
B963 : B4;
B964 : B4;
B965 : B4;
B966 : B4;
B967 : B4;
B968 : B4;
B969 : B4;
B96A : B4;
B96B : B4;
B96C : B4;
B96D : B4;
B96E : B4;
B96F : B4;
B970 : B4;
B971 : B4;
B972 : B4;
B973 : B4;
B974 : B4;
B975 : B4;
B976 : B4;
B977 : B4;
B978 : B4;
B979 : B4;
B97A : B4;
B97B : B4;
B97C : B4;
B97D : B4;
B97E : B4;
B97F : B4;
B980 : B4;
B981 : B4;
B982 : B0;
B983 : 79;
B984 : 79;
B985 : 78;
B986 : 78;
B987 : 78;
B988 : B4;
B989 : B4;
B98A : B4;
B98B : 78;
B98C : 7C;
B98D : 7C;
B98E : 7C;
B98F : 7C;
B990 : B4;
B991 : B4;
B992 : B4;
B993 : 78;
B994 : 7C;
B995 : 7C;
B996 : 7C;
B997 : 7C;
B998 : B4;
B999 : B4;
B99A : B4;
B99B : 78;
B99C : 7C;
B99D : 7C;
B99E : 7C;
B99F : 7C;
B9A0 : B4;
B9A1 : B4;
B9A2 : B4;
B9A3 : 78;
B9A4 : 7C;
B9A5 : 7C;
B9A6 : 7C;
B9A7 : 7C;
B9A8 : B4;
B9A9 : B4;
B9AA : B4;
B9AB : 78;
B9AC : 7C;
B9AD : 7C;
B9AE : 7C;
B9AF : 7C;
B9B0 : B4;
B9B1 : B4;
B9B2 : B4;
B9B3 : 78;
B9B4 : 7C;
B9B5 : 7C;
B9B6 : 7C;
B9B7 : 7C;
B9B8 : B4;
B9B9 : B4;
B9BA : B4;
B9BB : 78;
B9BC : 7C;
B9BD : 7C;
B9BE : 7C;
B9BF : 7C;
B9C0 : 78;
B9C1 : 79;
B9C2 : 79;
B9C3 : 79;
B9C4 : 79;
B9C5 : 79;
B9C6 : 79;
B9C7 : 79;
B9C8 : 7C;
B9C9 : 7C;
B9CA : 7C;
B9CB : 7C;
B9CC : 78;
B9CD : 7C;
B9CE : 7C;
B9CF : 7D;
B9D0 : 7C;
B9D1 : 7C;
B9D2 : 7C;
B9D3 : 7C;
B9D4 : 7C;
B9D5 : 7C;
B9D6 : 7C;
B9D7 : 7D;
B9D8 : 7C;
B9D9 : 7C;
B9DA : 7C;
B9DB : 7C;
B9DC : 7C;
B9DD : 7C;
B9DE : 78;
B9DF : 7C;
B9E0 : 7C;
B9E1 : 7C;
B9E2 : 7C;
B9E3 : 7C;
B9E4 : 7C;
B9E5 : 78;
B9E6 : 78;
B9E7 : 7C;
B9E8 : 7C;
B9E9 : 7C;
B9EA : 7C;
B9EB : 7C;
B9EC : 7C;
B9ED : 78;
B9EE : 78;
B9EF : 7C;
B9F0 : 7C;
B9F1 : 7C;
B9F2 : 7C;
B9F3 : 7C;
B9F4 : 7C;
B9F5 : 78;
B9F6 : 78;
B9F7 : 7C;
B9F8 : 7C;
B9F9 : 7C;
B9FA : 7C;
B9FB : 7C;
B9FC : 7C;
B9FD : 7C;
B9FE : 78;
B9FF : 7C;
BA00 : 3D;
BA01 : 1D;
BA02 : 1D;
BA03 : 1D;
BA04 : 1D;
BA05 : 1D;
BA06 : 1D;
BA07 : 1D;
BA08 : 1D;
BA09 : 1D;
BA0A : 1D;
BA0B : 1D;
BA0C : 1D;
BA0D : 1D;
BA0E : 1D;
BA0F : 1D;
BA10 : 3D;
BA11 : 1D;
BA12 : 1D;
BA13 : 1D;
BA14 : 1D;
BA15 : 1D;
BA16 : 1D;
BA17 : 1D;
BA18 : 3D;
BA19 : 1D;
BA1A : 1D;
BA1B : 1D;
BA1C : 1D;
BA1D : 1D;
BA1E : 1D;
BA1F : 1D;
BA20 : 3D;
BA21 : 1D;
BA22 : 1D;
BA23 : 1D;
BA24 : 1D;
BA25 : 1D;
BA26 : 1D;
BA27 : 1D;
BA28 : 3D;
BA29 : 1D;
BA2A : 1D;
BA2B : 1D;
BA2C : 1D;
BA2D : 1D;
BA2E : 1D;
BA2F : 1D;
BA30 : 3D;
BA31 : 1D;
BA32 : 1D;
BA33 : 1D;
BA34 : 1D;
BA35 : 1D;
BA36 : 1D;
BA37 : 1D;
BA38 : 3D;
BA39 : 1D;
BA3A : 1D;
BA3B : 1D;
BA3C : 1D;
BA3D : 1D;
BA3E : 1D;
BA3F : 1D;
BA40 : 1D;
BA41 : 1D;
BA42 : 1D;
BA43 : 1D;
BA44 : 3D;
BA45 : 9C;
BA46 : 7C;
BA47 : 7C;
BA48 : 1D;
BA49 : 1D;
BA4A : 1D;
BA4B : 1D;
BA4C : 3D;
BA4D : 9C;
BA4E : 7C;
BA4F : 7C;
BA50 : 1D;
BA51 : 1D;
BA52 : 1D;
BA53 : 1D;
BA54 : 3D;
BA55 : 9C;
BA56 : 7C;
BA57 : 7C;
BA58 : 1D;
BA59 : 1D;
BA5A : 1D;
BA5B : 1D;
BA5C : 3D;
BA5D : 9C;
BA5E : 7C;
BA5F : 7C;
BA60 : 1D;
BA61 : 1D;
BA62 : 1D;
BA63 : 1D;
BA64 : 3D;
BA65 : 9C;
BA66 : 7C;
BA67 : 7C;
BA68 : 1D;
BA69 : 1D;
BA6A : 1D;
BA6B : 1D;
BA6C : 3D;
BA6D : 9C;
BA6E : 7C;
BA6F : 7C;
BA70 : 1D;
BA71 : 1D;
BA72 : 1D;
BA73 : 1D;
BA74 : 3D;
BA75 : 9C;
BA76 : 7C;
BA77 : 7C;
BA78 : 1D;
BA79 : 1D;
BA7A : 1D;
BA7B : 1D;
BA7C : 3D;
BA7D : 9C;
BA7E : 7C;
BA7F : 7C;
BA80 : 7C;
BA81 : 7C;
BA82 : 7C;
BA83 : 7C;
BA84 : 7C;
BA85 : 7C;
BA86 : 7C;
BA87 : 7C;
BA88 : 7C;
BA89 : 7C;
BA8A : 7C;
BA8B : 7C;
BA8C : 7C;
BA8D : 7C;
BA8E : 7C;
BA8F : 7C;
BA90 : 7C;
BA91 : 7C;
BA92 : 7C;
BA93 : 7C;
BA94 : 7C;
BA95 : 7C;
BA96 : 7C;
BA97 : 7C;
BA98 : 7C;
BA99 : 7C;
BA9A : 7C;
BA9B : 7C;
BA9C : 7C;
BA9D : 7C;
BA9E : 7C;
BA9F : 7C;
BAA0 : 7C;
BAA1 : 7C;
BAA2 : 7C;
BAA3 : 7C;
BAA4 : 7C;
BAA5 : 7C;
BAA6 : 7C;
BAA7 : 7C;
BAA8 : 7C;
BAA9 : 7C;
BAAA : 7C;
BAAB : 7C;
BAAC : 7C;
BAAD : 7C;
BAAE : 7C;
BAAF : 7C;
BAB0 : 7C;
BAB1 : 7C;
BAB2 : 7C;
BAB3 : 7C;
BAB4 : 7C;
BAB5 : 7C;
BAB6 : 7C;
BAB7 : 7C;
BAB8 : 7C;
BAB9 : 7C;
BABA : 7C;
BABB : 7C;
BABC : 7C;
BABD : 7C;
BABE : 7C;
BABF : 7C;
BAC0 : 7C;
BAC1 : 5D;
BAC2 : 3E;
BAC3 : 3E;
BAC4 : 3E;
BAC5 : 3D;
BAC6 : 3E;
BAC7 : 3E;
BAC8 : 7C;
BAC9 : 5D;
BACA : 1E;
BACB : 1E;
BACC : 1E;
BACD : 1E;
BACE : 1E;
BACF : 1E;
BAD0 : 9C;
BAD1 : 5D;
BAD2 : 1E;
BAD3 : 1E;
BAD4 : 1E;
BAD5 : 1E;
BAD6 : 1E;
BAD7 : 1E;
BAD8 : 9C;
BAD9 : 5D;
BADA : 1E;
BADB : 1E;
BADC : 1E;
BADD : 1E;
BADE : 1E;
BADF : 1E;
BAE0 : 9C;
BAE1 : 5D;
BAE2 : 1E;
BAE3 : 1E;
BAE4 : 1E;
BAE5 : 1E;
BAE6 : 1E;
BAE7 : 1E;
BAE8 : 9C;
BAE9 : 5D;
BAEA : 1E;
BAEB : 1E;
BAEC : 1E;
BAED : 1E;
BAEE : 1E;
BAEF : 1E;
BAF0 : 9C;
BAF1 : 5D;
BAF2 : 1E;
BAF3 : 1E;
BAF4 : 1E;
BAF5 : 1E;
BAF6 : 1E;
BAF7 : 1E;
BAF8 : 9C;
BAF9 : 5D;
BAFA : 1E;
BAFB : 1E;
BAFC : 1E;
BAFD : 1E;
BAFE : 1E;
BAFF : 1E;
BB00 : 3E;
BB01 : 3E;
BB02 : 3E;
BB03 : 3E;
BB04 : 3E;
BB05 : 1D;
BB06 : 4E;
BB07 : 46;
BB08 : 1E;
BB09 : 1E;
BB0A : 1E;
BB0B : 1E;
BB0C : 1E;
BB0D : 1D;
BB0E : 4E;
BB0F : 46;
BB10 : 1E;
BB11 : 1E;
BB12 : 1E;
BB13 : 1E;
BB14 : 1E;
BB15 : 1D;
BB16 : 4E;
BB17 : 46;
BB18 : 1E;
BB19 : 1E;
BB1A : 1E;
BB1B : 1E;
BB1C : 1E;
BB1D : 1D;
BB1E : 4E;
BB1F : 46;
BB20 : 1E;
BB21 : 1E;
BB22 : 1E;
BB23 : 1E;
BB24 : 1E;
BB25 : 1D;
BB26 : 4E;
BB27 : 46;
BB28 : 1E;
BB29 : 1E;
BB2A : 1E;
BB2B : 1E;
BB2C : 1E;
BB2D : 1D;
BB2E : 4E;
BB2F : 46;
BB30 : 1E;
BB31 : 1E;
BB32 : 1E;
BB33 : 1E;
BB34 : 1E;
BB35 : 1D;
BB36 : 4E;
BB37 : 46;
BB38 : 1E;
BB39 : 1E;
BB3A : 1E;
BB3B : 1E;
BB3C : 1E;
BB3D : 1D;
BB3E : 4E;
BB3F : 46;
BB40 : 46;
BB41 : 46;
BB42 : 46;
BB43 : 46;
BB44 : 46;
BB45 : 46;
BB46 : 46;
BB47 : 46;
BB48 : 46;
BB49 : 26;
BB4A : 26;
BB4B : 46;
BB4C : 46;
BB4D : 46;
BB4E : 46;
BB4F : 46;
BB50 : 46;
BB51 : 46;
BB52 : 46;
BB53 : 46;
BB54 : 46;
BB55 : 46;
BB56 : 46;
BB57 : 46;
BB58 : 46;
BB59 : 46;
BB5A : 46;
BB5B : 46;
BB5C : 46;
BB5D : 46;
BB5E : 46;
BB5F : 46;
BB60 : 46;
BB61 : 46;
BB62 : 46;
BB63 : 46;
BB64 : 46;
BB65 : 46;
BB66 : 46;
BB67 : 46;
BB68 : 46;
BB69 : 46;
BB6A : 46;
BB6B : 46;
BB6C : 46;
BB6D : 46;
BB6E : 46;
BB6F : 46;
BB70 : 46;
BB71 : 46;
BB72 : 46;
BB73 : 46;
BB74 : 46;
BB75 : 46;
BB76 : 46;
BB77 : 46;
BB78 : 46;
BB79 : 46;
BB7A : 46;
BB7B : 46;
BB7C : 46;
BB7D : 46;
BB7E : 46;
BB7F : 46;
BB80 : 46;
BB81 : 46;
BB82 : 46;
BB83 : 87;
BB84 : A7;
BB85 : A7;
BB86 : A7;
BB87 : A7;
BB88 : 46;
BB89 : 46;
BB8A : 46;
BB8B : 87;
BB8C : A7;
BB8D : A7;
BB8E : A7;
BB8F : A7;
BB90 : 46;
BB91 : 46;
BB92 : 46;
BB93 : 87;
BB94 : A7;
BB95 : A7;
BB96 : A7;
BB97 : A7;
BB98 : 46;
BB99 : 46;
BB9A : 46;
BB9B : 87;
BB9C : A7;
BB9D : A7;
BB9E : A7;
BB9F : A7;
BBA0 : 46;
BBA1 : 46;
BBA2 : 46;
BBA3 : 87;
BBA4 : A7;
BBA5 : A7;
BBA6 : A7;
BBA7 : A7;
BBA8 : 46;
BBA9 : 46;
BBAA : 46;
BBAB : 87;
BBAC : A7;
BBAD : A7;
BBAE : A7;
BBAF : A7;
BBB0 : 46;
BBB1 : 46;
BBB2 : 46;
BBB3 : 87;
BBB4 : A7;
BBB5 : A7;
BBB6 : A7;
BBB7 : A7;
BBB8 : 46;
BBB9 : 46;
BBBA : 46;
BBBB : 87;
BBBC : A7;
BBBD : A7;
BBBE : A7;
BBBF : A7;
BBC0 : A7;
BBC1 : A7;
BBC2 : A7;
BBC3 : A7;
BBC4 : A7;
BBC5 : A7;
BBC6 : A7;
BBC7 : AB;
BBC8 : A7;
BBC9 : A7;
BBCA : A7;
BBCB : A7;
BBCC : A7;
BBCD : A7;
BBCE : A7;
BBCF : AB;
BBD0 : A7;
BBD1 : A7;
BBD2 : A7;
BBD3 : A7;
BBD4 : A7;
BBD5 : A7;
BBD6 : A7;
BBD7 : AB;
BBD8 : A7;
BBD9 : A7;
BBDA : A7;
BBDB : A7;
BBDC : A7;
BBDD : A7;
BBDE : A7;
BBDF : AB;
BBE0 : A7;
BBE1 : A7;
BBE2 : A7;
BBE3 : A7;
BBE4 : A7;
BBE5 : A7;
BBE6 : A7;
BBE7 : AB;
BBE8 : A7;
BBE9 : A7;
BBEA : A7;
BBEB : A7;
BBEC : A7;
BBED : A7;
BBEE : A7;
BBEF : AB;
BBF0 : A7;
BBF1 : A7;
BBF2 : A7;
BBF3 : A7;
BBF4 : A7;
BBF5 : A7;
BBF6 : A7;
BBF7 : AB;
BBF8 : A7;
BBF9 : A7;
BBFA : A7;
BBFB : A7;
BBFC : A7;
BBFD : A7;
BBFE : A7;
BBFF : AB;
BC00 : 98;
BC01 : 9C;
BC02 : 9C;
BC03 : 9C;
BC04 : 9C;
BC05 : 9C;
BC06 : 9C;
BC07 : 9C;
BC08 : 9C;
BC09 : BC;
BC0A : 9C;
BC0B : 9C;
BC0C : 9C;
BC0D : 9C;
BC0E : 9C;
BC0F : 9C;
BC10 : 98;
BC11 : BC;
BC12 : 9C;
BC13 : 9C;
BC14 : 9C;
BC15 : 9C;
BC16 : 9C;
BC17 : 9C;
BC18 : 9C;
BC19 : BC;
BC1A : 9C;
BC1B : 9C;
BC1C : 9C;
BC1D : 9C;
BC1E : 9C;
BC1F : 9C;
BC20 : 9C;
BC21 : BC;
BC22 : 9C;
BC23 : 9C;
BC24 : 9C;
BC25 : 9C;
BC26 : 9C;
BC27 : 9C;
BC28 : 9C;
BC29 : 9C;
BC2A : 9C;
BC2B : 9C;
BC2C : 9C;
BC2D : 9C;
BC2E : 9C;
BC2F : 9C;
BC30 : 9C;
BC31 : 9C;
BC32 : 9C;
BC33 : 9C;
BC34 : 9C;
BC35 : 9C;
BC36 : 9C;
BC37 : 9C;
BC38 : 9C;
BC39 : 9C;
BC3A : 9C;
BC3B : 9C;
BC3C : 9C;
BC3D : 9C;
BC3E : 9C;
BC3F : 9C;
BC40 : 9C;
BC41 : 9C;
BC42 : 9C;
BC43 : BC;
BC44 : 99;
BC45 : 17;
BC46 : 17;
BC47 : 17;
BC48 : 9C;
BC49 : 9C;
BC4A : 9C;
BC4B : BC;
BC4C : 99;
BC4D : 17;
BC4E : 17;
BC4F : 17;
BC50 : 9C;
BC51 : 9C;
BC52 : 9C;
BC53 : 9C;
BC54 : 99;
BC55 : 17;
BC56 : 17;
BC57 : 17;
BC58 : 9C;
BC59 : 9C;
BC5A : 9C;
BC5B : 9C;
BC5C : 99;
BC5D : 17;
BC5E : 17;
BC5F : 17;
BC60 : 9C;
BC61 : 9C;
BC62 : 9C;
BC63 : 9C;
BC64 : 99;
BC65 : 17;
BC66 : 17;
BC67 : 17;
BC68 : 9C;
BC69 : 9C;
BC6A : 9C;
BC6B : 9C;
BC6C : 99;
BC6D : 17;
BC6E : 17;
BC6F : 17;
BC70 : 9C;
BC71 : 9C;
BC72 : 9C;
BC73 : 9C;
BC74 : 99;
BC75 : 17;
BC76 : 17;
BC77 : 17;
BC78 : 9C;
BC79 : 9C;
BC7A : 9C;
BC7B : 9C;
BC7C : 99;
BC7D : 17;
BC7E : 17;
BC7F : 17;
BC80 : 17;
BC81 : 17;
BC82 : 17;
BC83 : 17;
BC84 : 17;
BC85 : 17;
BC86 : 17;
BC87 : 17;
BC88 : 17;
BC89 : 17;
BC8A : 17;
BC8B : 17;
BC8C : 17;
BC8D : 17;
BC8E : 17;
BC8F : 17;
BC90 : 17;
BC91 : 17;
BC92 : 17;
BC93 : 17;
BC94 : 17;
BC95 : 17;
BC96 : 17;
BC97 : 17;
BC98 : 17;
BC99 : 17;
BC9A : 17;
BC9B : 17;
BC9C : 17;
BC9D : 17;
BC9E : 17;
BC9F : 17;
BCA0 : 17;
BCA1 : 17;
BCA2 : 17;
BCA3 : 17;
BCA4 : 17;
BCA5 : 17;
BCA6 : 17;
BCA7 : 17;
BCA8 : 17;
BCA9 : 17;
BCAA : 17;
BCAB : 17;
BCAC : 17;
BCAD : 17;
BCAE : 17;
BCAF : 17;
BCB0 : 17;
BCB1 : 17;
BCB2 : 17;
BCB3 : 17;
BCB4 : 17;
BCB5 : 17;
BCB6 : 17;
BCB7 : 17;
BCB8 : 17;
BCB9 : 17;
BCBA : 17;
BCBB : 17;
BCBC : 17;
BCBD : 17;
BCBE : 17;
BCBF : 17;
BCC0 : 17;
BCC1 : 73;
BCC2 : 93;
BCC3 : 93;
BCC4 : 93;
BCC5 : 93;
BCC6 : 93;
BCC7 : 93;
BCC8 : 17;
BCC9 : 77;
BCCA : B3;
BCCB : B3;
BCCC : B3;
BCCD : B3;
BCCE : B3;
BCCF : B3;
BCD0 : 17;
BCD1 : 77;
BCD2 : B3;
BCD3 : B3;
BCD4 : B3;
BCD5 : B3;
BCD6 : B3;
BCD7 : B3;
BCD8 : 17;
BCD9 : 77;
BCDA : B3;
BCDB : B3;
BCDC : 93;
BCDD : 93;
BCDE : 93;
BCDF : 93;
BCE0 : 17;
BCE1 : 77;
BCE2 : B3;
BCE3 : 93;
BCE4 : 93;
BCE5 : 93;
BCE6 : 93;
BCE7 : 93;
BCE8 : 17;
BCE9 : 77;
BCEA : B3;
BCEB : 93;
BCEC : 93;
BCED : 93;
BCEE : 93;
BCEF : 93;
BCF0 : 17;
BCF1 : 77;
BCF2 : B3;
BCF3 : 93;
BCF4 : 93;
BCF5 : 93;
BCF6 : 93;
BCF7 : 93;
BCF8 : 17;
BCF9 : 77;
BCFA : B3;
BCFB : 93;
BCFC : 93;
BCFD : 93;
BCFE : 93;
BCFF : 93;
BD00 : 93;
BD01 : 93;
BD02 : 93;
BD03 : 93;
BD04 : 93;
BD05 : 93;
BD06 : AA;
BD07 : A5;
BD08 : B3;
BD09 : B3;
BD0A : B3;
BD0B : B3;
BD0C : 93;
BD0D : 93;
BD0E : 8E;
BD0F : A5;
BD10 : B3;
BD11 : B3;
BD12 : B3;
BD13 : B3;
BD14 : 93;
BD15 : 93;
BD16 : 8E;
BD17 : A5;
BD18 : 93;
BD19 : 93;
BD1A : 93;
BD1B : 93;
BD1C : 93;
BD1D : 93;
BD1E : 8E;
BD1F : A5;
BD20 : 93;
BD21 : 93;
BD22 : 93;
BD23 : 93;
BD24 : 93;
BD25 : 93;
BD26 : 8E;
BD27 : A5;
BD28 : 93;
BD29 : 93;
BD2A : 93;
BD2B : 93;
BD2C : 93;
BD2D : 93;
BD2E : 8E;
BD2F : A5;
BD30 : 93;
BD31 : 93;
BD32 : 93;
BD33 : 93;
BD34 : 93;
BD35 : 93;
BD36 : 8E;
BD37 : A5;
BD38 : 93;
BD39 : 93;
BD3A : 93;
BD3B : 93;
BD3C : 93;
BD3D : 93;
BD3E : 8E;
BD3F : A5;
BD40 : A5;
BD41 : A5;
BD42 : A5;
BD43 : A5;
BD44 : A5;
BD45 : A5;
BD46 : A5;
BD47 : A5;
BD48 : A5;
BD49 : A5;
BD4A : A5;
BD4B : A5;
BD4C : A5;
BD4D : A5;
BD4E : A5;
BD4F : A5;
BD50 : A5;
BD51 : A5;
BD52 : A5;
BD53 : A5;
BD54 : A5;
BD55 : A5;
BD56 : A5;
BD57 : A5;
BD58 : A5;
BD59 : A5;
BD5A : A5;
BD5B : A5;
BD5C : A5;
BD5D : A5;
BD5E : A5;
BD5F : A5;
BD60 : A5;
BD61 : A5;
BD62 : A5;
BD63 : A5;
BD64 : A5;
BD65 : A5;
BD66 : A5;
BD67 : A5;
BD68 : A5;
BD69 : A5;
BD6A : A5;
BD6B : A5;
BD6C : A5;
BD6D : A5;
BD6E : A5;
BD6F : A5;
BD70 : A5;
BD71 : A5;
BD72 : A5;
BD73 : A5;
BD74 : A5;
BD75 : A5;
BD76 : A5;
BD77 : A5;
BD78 : A5;
BD79 : A5;
BD7A : A5;
BD7B : A5;
BD7C : A5;
BD7D : A5;
BD7E : A5;
BD7F : A5;
BD80 : A5;
BD81 : A5;
BD82 : A5;
BD83 : C8;
BD84 : EC;
BD85 : CC;
BD86 : CC;
BD87 : CC;
BD88 : A5;
BD89 : A5;
BD8A : A5;
BD8B : C8;
BD8C : E8;
BD8D : E8;
BD8E : E8;
BD8F : E8;
BD90 : A5;
BD91 : A5;
BD92 : A5;
BD93 : C8;
BD94 : E8;
BD95 : E8;
BD96 : E8;
BD97 : E8;
BD98 : A5;
BD99 : A5;
BD9A : A5;
BD9B : C8;
BD9C : E8;
BD9D : E8;
BD9E : E8;
BD9F : E8;
BDA0 : A5;
BDA1 : A5;
BDA2 : A5;
BDA3 : C8;
BDA4 : E8;
BDA5 : E8;
BDA6 : E8;
BDA7 : E8;
BDA8 : A5;
BDA9 : A5;
BDAA : A5;
BDAB : C8;
BDAC : E8;
BDAD : E8;
BDAE : E8;
BDAF : E8;
BDB0 : A5;
BDB1 : A5;
BDB2 : A5;
BDB3 : C8;
BDB4 : E8;
BDB5 : E8;
BDB6 : E8;
BDB7 : E8;
BDB8 : A5;
BDB9 : A5;
BDBA : A5;
BDBB : C8;
BDBC : E8;
BDBD : E8;
BDBE : E8;
BDBF : E8;
BDC0 : CC;
BDC1 : CC;
BDC2 : CC;
BDC3 : CC;
BDC4 : CC;
BDC5 : EC;
BDC6 : EC;
BDC7 : EC;
BDC8 : E8;
BDC9 : E8;
BDCA : E8;
BDCB : E8;
BDCC : E8;
BDCD : E8;
BDCE : C8;
BDCF : E8;
BDD0 : E8;
BDD1 : E8;
BDD2 : E8;
BDD3 : E8;
BDD4 : E8;
BDD5 : E8;
BDD6 : C8;
BDD7 : E8;
BDD8 : E8;
BDD9 : E8;
BDDA : E8;
BDDB : E8;
BDDC : E8;
BDDD : E8;
BDDE : C8;
BDDF : E8;
BDE0 : E8;
BDE1 : E8;
BDE2 : E8;
BDE3 : E8;
BDE4 : E8;
BDE5 : E8;
BDE6 : C8;
BDE7 : E8;
BDE8 : E8;
BDE9 : E8;
BDEA : E8;
BDEB : E8;
BDEC : E8;
BDED : E8;
BDEE : C8;
BDEF : E8;
BDF0 : E8;
BDF1 : E8;
BDF2 : E8;
BDF3 : E8;
BDF4 : E8;
BDF5 : E8;
BDF6 : C8;
BDF7 : E8;
BDF8 : E8;
BDF9 : E8;
BDFA : E8;
BDFB : E8;
BDFC : E8;
BDFD : E8;
BDFE : E8;
BDFF : E8;
BE00 : EC;
BE01 : EC;
BE02 : EC;
BE03 : EC;
BE04 : EC;
BE05 : EC;
BE06 : EC;
BE07 : EC;
BE08 : F0;
BE09 : F0;
BE0A : F0;
BE0B : F0;
BE0C : F0;
BE0D : F0;
BE0E : F0;
BE0F : F0;
BE10 : F0;
BE11 : F0;
BE12 : F0;
BE13 : F0;
BE14 : F0;
BE15 : F0;
BE16 : F0;
BE17 : F0;
BE18 : EC;
BE19 : F0;
BE1A : F0;
BE1B : F0;
BE1C : F0;
BE1D : F0;
BE1E : F0;
BE1F : F0;
BE20 : EC;
BE21 : F0;
BE22 : F0;
BE23 : F0;
BE24 : F0;
BE25 : F0;
BE26 : F0;
BE27 : F0;
BE28 : EC;
BE29 : F0;
BE2A : F0;
BE2B : F0;
BE2C : F0;
BE2D : F0;
BE2E : F0;
BE2F : F0;
BE30 : EC;
BE31 : F0;
BE32 : F0;
BE33 : F0;
BE34 : F0;
BE35 : F0;
BE36 : F0;
BE37 : F0;
BE38 : EC;
BE39 : F0;
BE3A : F0;
BE3B : F0;
BE3C : F0;
BE3D : F0;
BE3E : F0;
BE3F : F0;
BE40 : EC;
BE41 : EC;
BE42 : EC;
BE43 : EC;
BE44 : AD;
BE45 : 46;
BE46 : 46;
BE47 : 46;
BE48 : F0;
BE49 : F0;
BE4A : F0;
BE4B : F0;
BE4C : AD;
BE4D : 46;
BE4E : 46;
BE4F : 46;
BE50 : F0;
BE51 : F0;
BE52 : F0;
BE53 : F0;
BE54 : CD;
BE55 : 46;
BE56 : 46;
BE57 : 46;
BE58 : F0;
BE59 : F0;
BE5A : F0;
BE5B : F0;
BE5C : CD;
BE5D : 46;
BE5E : 46;
BE5F : 46;
BE60 : F0;
BE61 : F0;
BE62 : F0;
BE63 : F0;
BE64 : AD;
BE65 : 46;
BE66 : 26;
BE67 : 46;
BE68 : F0;
BE69 : F0;
BE6A : F0;
BE6B : F0;
BE6C : CD;
BE6D : 46;
BE6E : 46;
BE6F : 46;
BE70 : F0;
BE71 : F0;
BE72 : F0;
BE73 : F0;
BE74 : CD;
BE75 : 46;
BE76 : 46;
BE77 : 46;
BE78 : F0;
BE79 : F0;
BE7A : F0;
BE7B : F0;
BE7C : CD;
BE7D : 46;
BE7E : 46;
BE7F : 46;
BE80 : 46;
BE81 : 46;
BE82 : 46;
BE83 : 46;
BE84 : 46;
BE85 : 46;
BE86 : 46;
BE87 : 46;
BE88 : 46;
BE89 : 46;
BE8A : 46;
BE8B : 46;
BE8C : 46;
BE8D : 46;
BE8E : 46;
BE8F : 46;
BE90 : 46;
BE91 : 46;
BE92 : 46;
BE93 : 46;
BE94 : 46;
BE95 : 46;
BE96 : 46;
BE97 : 46;
BE98 : 46;
BE99 : 46;
BE9A : 46;
BE9B : 46;
BE9C : 46;
BE9D : 46;
BE9E : 46;
BE9F : 46;
BEA0 : 46;
BEA1 : 46;
BEA2 : 46;
BEA3 : 46;
BEA4 : 46;
BEA5 : 46;
BEA6 : 46;
BEA7 : 46;
BEA8 : 46;
BEA9 : 46;
BEAA : 46;
BEAB : 46;
BEAC : 46;
BEAD : 46;
BEAE : 46;
BEAF : 46;
BEB0 : 46;
BEB1 : 46;
BEB2 : 46;
BEB3 : 46;
BEB4 : 46;
BEB5 : 46;
BEB6 : 46;
BEB7 : 46;
BEB8 : 46;
BEB9 : 46;
BEBA : 46;
BEBB : 46;
BEBC : 46;
BEBD : 46;
BEBE : 46;
BEBF : 46;
BEC0 : 46;
BEC1 : 86;
BEC2 : E7;
BEC3 : E7;
BEC4 : E7;
BEC5 : E7;
BEC6 : E7;
BEC7 : E7;
BEC8 : 46;
BEC9 : 86;
BECA : E3;
BECB : E3;
BECC : E3;
BECD : E3;
BECE : E3;
BECF : E3;
BED0 : 46;
BED1 : 86;
BED2 : E3;
BED3 : E3;
BED4 : E3;
BED5 : E3;
BED6 : E3;
BED7 : E3;
BED8 : 46;
BED9 : 86;
BEDA : E3;
BEDB : E3;
BEDC : E3;
BEDD : E3;
BEDE : E3;
BEDF : E3;
BEE0 : 46;
BEE1 : 86;
BEE2 : E3;
BEE3 : E3;
BEE4 : E3;
BEE5 : E3;
BEE6 : E3;
BEE7 : E3;
BEE8 : 46;
BEE9 : 86;
BEEA : E3;
BEEB : E3;
BEEC : E3;
BEED : E3;
BEEE : E3;
BEEF : E3;
BEF0 : 46;
BEF1 : 86;
BEF2 : E3;
BEF3 : E3;
BEF4 : E3;
BEF5 : E3;
BEF6 : E3;
BEF7 : E3;
BEF8 : 46;
BEF9 : 86;
BEFA : E3;
BEFB : E3;
BEFC : E3;
BEFD : E3;
BEFE : E3;
BEFF : E3;
BF00 : E7;
BF01 : E7;
BF02 : E7;
BF03 : E7;
BF04 : E7;
BF05 : E7;
BF06 : CA;
BF07 : AC;
BF08 : E3;
BF09 : E3;
BF0A : E3;
BF0B : E3;
BF0C : E3;
BF0D : E3;
BF0E : C9;
BF0F : A8;
BF10 : E3;
BF11 : E3;
BF12 : E3;
BF13 : E3;
BF14 : E3;
BF15 : E3;
BF16 : C9;
BF17 : A8;
BF18 : E3;
BF19 : E3;
BF1A : E3;
BF1B : E3;
BF1C : E3;
BF1D : E3;
BF1E : C9;
BF1F : A8;
BF20 : E3;
BF21 : E3;
BF22 : E3;
BF23 : E3;
BF24 : E3;
BF25 : E3;
BF26 : C9;
BF27 : A8;
BF28 : E3;
BF29 : E3;
BF2A : E3;
BF2B : E3;
BF2C : E3;
BF2D : E3;
BF2E : C9;
BF2F : A8;
BF30 : E3;
BF31 : E3;
BF32 : E3;
BF33 : E3;
BF34 : E3;
BF35 : E3;
BF36 : C9;
BF37 : A8;
BF38 : E3;
BF39 : E3;
BF3A : E3;
BF3B : E3;
BF3C : E3;
BF3D : E3;
BF3E : A9;
BF3F : A8;
BF40 : AC;
BF41 : AC;
BF42 : AC;
BF43 : AC;
BF44 : AC;
BF45 : AC;
BF46 : AC;
BF47 : AC;
BF48 : A8;
BF49 : A8;
BF4A : A8;
BF4B : A8;
BF4C : A8;
BF4D : A8;
BF4E : A8;
BF4F : A8;
BF50 : A8;
BF51 : A8;
BF52 : A8;
BF53 : A8;
BF54 : A8;
BF55 : A8;
BF56 : A8;
BF57 : A8;
BF58 : A8;
BF59 : A8;
BF5A : A8;
BF5B : A8;
BF5C : A8;
BF5D : A8;
BF5E : A8;
BF5F : A8;
BF60 : A8;
BF61 : A8;
BF62 : A8;
BF63 : A8;
BF64 : A8;
BF65 : A8;
BF66 : A8;
BF67 : A8;
BF68 : A8;
BF69 : A8;
BF6A : A8;
BF6B : A8;
BF6C : A8;
BF6D : A8;
BF6E : A8;
BF6F : A8;
BF70 : A8;
BF71 : A8;
BF72 : A8;
BF73 : A8;
BF74 : A8;
BF75 : A8;
BF76 : A8;
BF77 : A8;
BF78 : A8;
BF79 : A8;
BF7A : A8;
BF7B : A8;
BF7C : A8;
BF7D : A8;
BF7E : A8;
BF7F : A8;
BF80 : AC;
BF81 : AC;
BF82 : AC;
BF83 : D0;
BF84 : F4;
BF85 : D4;
BF86 : D4;
BF87 : D4;
BF88 : A8;
BF89 : A8;
BF8A : A8;
BF8B : D0;
BF8C : F4;
BF8D : F4;
BF8E : D4;
BF8F : D4;
BF90 : A8;
BF91 : A8;
BF92 : A8;
BF93 : D0;
BF94 : F4;
BF95 : F4;
BF96 : F4;
BF97 : F4;
BF98 : A8;
BF99 : A8;
BF9A : A8;
BF9B : D0;
BF9C : F4;
BF9D : F4;
BF9E : F4;
BF9F : F4;
BFA0 : A8;
BFA1 : A8;
BFA2 : A8;
BFA3 : D0;
BFA4 : F4;
BFA5 : F4;
BFA6 : F4;
BFA7 : F4;
BFA8 : A8;
BFA9 : A8;
BFAA : A8;
BFAB : D0;
BFAC : F4;
BFAD : F4;
BFAE : F4;
BFAF : F4;
BFB0 : A8;
BFB1 : A8;
BFB2 : A8;
BFB3 : D0;
BFB4 : F4;
BFB5 : F4;
BFB6 : F4;
BFB7 : F4;
BFB8 : A8;
BFB9 : A8;
BFBA : A8;
BFBB : D0;
BFBC : F4;
BFBD : F4;
BFBE : F4;
BFBF : F4;
BFC0 : D4;
BFC1 : D4;
BFC2 : D4;
BFC3 : D4;
BFC4 : D4;
BFC5 : D4;
BFC6 : F4;
BFC7 : D5;
BFC8 : D4;
BFC9 : D4;
BFCA : F4;
BFCB : F4;
BFCC : F4;
BFCD : D4;
BFCE : F4;
BFCF : D5;
BFD0 : F4;
BFD1 : F4;
BFD2 : F4;
BFD3 : F4;
BFD4 : F4;
BFD5 : D4;
BFD6 : F4;
BFD7 : D5;
BFD8 : F4;
BFD9 : F4;
BFDA : F4;
BFDB : F4;
BFDC : F4;
BFDD : D4;
BFDE : F4;
BFDF : D5;
BFE0 : F4;
BFE1 : F4;
BFE2 : F4;
BFE3 : F4;
BFE4 : F4;
BFE5 : D4;
BFE6 : F4;
BFE7 : D5;
BFE8 : F4;
BFE9 : F4;
BFEA : F4;
BFEB : F4;
BFEC : F4;
BFED : D4;
BFEE : F4;
BFEF : D5;
BFF0 : F4;
BFF1 : F4;
BFF2 : F4;
BFF3 : F4;
BFF4 : F4;
BFF5 : D4;
BFF6 : F4;
BFF7 : D5;
BFF8 : F4;
BFF9 : F4;
BFFA : F4;
BFFB : F4;
BFFC : F4;
BFFD : D4;
BFFE : F4;
BFFF : D5;
C000 : 5B;
C001 : 1B;
C002 : 1B;
C003 : 1B;
C004 : 1B;
C005 : 1B;
C006 : 1B;
C007 : 1B;
C008 : 3B;
C009 : 1B;
C00A : 1B;
C00B : 1B;
C00C : 1B;
C00D : 1B;
C00E : 1B;
C00F : 1B;
C010 : 3B;
C011 : 1B;
C012 : 1B;
C013 : 1B;
C014 : 1B;
C015 : 1B;
C016 : 1B;
C017 : 1B;
C018 : 3B;
C019 : 1B;
C01A : 1B;
C01B : 1B;
C01C : 1B;
C01D : 1B;
C01E : 1B;
C01F : 1B;
C020 : 3B;
C021 : 1B;
C022 : 1B;
C023 : 1B;
C024 : 1B;
C025 : 1B;
C026 : 1B;
C027 : 1B;
C028 : 5B;
C029 : 1B;
C02A : 1B;
C02B : 1B;
C02C : 1B;
C02D : 1B;
C02E : 1B;
C02F : 1B;
C030 : 5B;
C031 : 1B;
C032 : 1B;
C033 : 1B;
C034 : 1B;
C035 : 1B;
C036 : 1B;
C037 : 1B;
C038 : 5B;
C039 : 1B;
C03A : 1B;
C03B : 1B;
C03C : 1B;
C03D : 1B;
C03E : 1B;
C03F : 1B;
C040 : 1B;
C041 : 1B;
C042 : 1B;
C043 : 1B;
C044 : 37;
C045 : E3;
C046 : E7;
C047 : E7;
C048 : 1B;
C049 : 1B;
C04A : 1B;
C04B : 1B;
C04C : 37;
C04D : E3;
C04E : E3;
C04F : E3;
C050 : 1B;
C051 : 1B;
C052 : 1B;
C053 : 1B;
C054 : 37;
C055 : E3;
C056 : E3;
C057 : E3;
C058 : 1B;
C059 : 1B;
C05A : 1B;
C05B : 1B;
C05C : 37;
C05D : E3;
C05E : E3;
C05F : E3;
C060 : 1B;
C061 : 1B;
C062 : 1B;
C063 : 1B;
C064 : 37;
C065 : E3;
C066 : E3;
C067 : E3;
C068 : 1B;
C069 : 1B;
C06A : 1B;
C06B : 1B;
C06C : 37;
C06D : E3;
C06E : E3;
C06F : E3;
C070 : 1B;
C071 : 1B;
C072 : 1B;
C073 : 1B;
C074 : 37;
C075 : E3;
C076 : E3;
C077 : E3;
C078 : 1B;
C079 : 1B;
C07A : 1B;
C07B : 1B;
C07C : 37;
C07D : E3;
C07E : E3;
C07F : E3;
C080 : E7;
C081 : E7;
C082 : E7;
C083 : E7;
C084 : E7;
C085 : E7;
C086 : E7;
C087 : E7;
C088 : E3;
C089 : E3;
C08A : E3;
C08B : E3;
C08C : E3;
C08D : E3;
C08E : E3;
C08F : E3;
C090 : E3;
C091 : E3;
C092 : E3;
C093 : E3;
C094 : E3;
C095 : E3;
C096 : E3;
C097 : E3;
C098 : E3;
C099 : E3;
C09A : E3;
C09B : E3;
C09C : E3;
C09D : E3;
C09E : E3;
C09F : E3;
C0A0 : E3;
C0A1 : E3;
C0A2 : E3;
C0A3 : E3;
C0A4 : E3;
C0A5 : E3;
C0A6 : E3;
C0A7 : E3;
C0A8 : E3;
C0A9 : E3;
C0AA : E3;
C0AB : E3;
C0AC : E3;
C0AD : E3;
C0AE : E3;
C0AF : E3;
C0B0 : E3;
C0B1 : E3;
C0B2 : E3;
C0B3 : E3;
C0B4 : E3;
C0B5 : E3;
C0B6 : E3;
C0B7 : E3;
C0B8 : E3;
C0B9 : E3;
C0BA : E3;
C0BB : E3;
C0BC : E3;
C0BD : E3;
C0BE : E3;
C0BF : E3;
C0C0 : E7;
C0C1 : E2;
C0C2 : E0;
C0C3 : E0;
C0C4 : E0;
C0C5 : E0;
C0C6 : E0;
C0C7 : E0;
C0C8 : E3;
C0C9 : E2;
C0CA : E0;
C0CB : E0;
C0CC : E0;
C0CD : E0;
C0CE : E0;
C0CF : E0;
C0D0 : E3;
C0D1 : E2;
C0D2 : E0;
C0D3 : E0;
C0D4 : E0;
C0D5 : E0;
C0D6 : E0;
C0D7 : E0;
C0D8 : E3;
C0D9 : E2;
C0DA : E0;
C0DB : E0;
C0DC : E0;
C0DD : E0;
C0DE : E0;
C0DF : E0;
C0E0 : E3;
C0E1 : E2;
C0E2 : E0;
C0E3 : E0;
C0E4 : E0;
C0E5 : E0;
C0E6 : E0;
C0E7 : E0;
C0E8 : E3;
C0E9 : E2;
C0EA : E0;
C0EB : E0;
C0EC : E0;
C0ED : E0;
C0EE : E0;
C0EF : E0;
C0F0 : E3;
C0F1 : E2;
C0F2 : E0;
C0F3 : E0;
C0F4 : E0;
C0F5 : E0;
C0F6 : E0;
C0F7 : E0;
C0F8 : E3;
C0F9 : E2;
C0FA : E0;
C0FB : E0;
C0FC : E0;
C0FD : E0;
C0FE : E0;
C0FF : E0;
C100 : E0;
C101 : E0;
C102 : E0;
C103 : E0;
C104 : E0;
C105 : E0;
C106 : CC;
C107 : 90;
C108 : E0;
C109 : E0;
C10A : E0;
C10B : E0;
C10C : E0;
C10D : E0;
C10E : C8;
C10F : 90;
C110 : E0;
C111 : E0;
C112 : E0;
C113 : E0;
C114 : E0;
C115 : E0;
C116 : C8;
C117 : 90;
C118 : E0;
C119 : E0;
C11A : E0;
C11B : E0;
C11C : E0;
C11D : E0;
C11E : C8;
C11F : 90;
C120 : E0;
C121 : E0;
C122 : E0;
C123 : E0;
C124 : E0;
C125 : E0;
C126 : C8;
C127 : 90;
C128 : E0;
C129 : E0;
C12A : E0;
C12B : E0;
C12C : E0;
C12D : E0;
C12E : C8;
C12F : 90;
C130 : E0;
C131 : E0;
C132 : E0;
C133 : E0;
C134 : E0;
C135 : E0;
C136 : C8;
C137 : 90;
C138 : E0;
C139 : E0;
C13A : E0;
C13B : E0;
C13C : E0;
C13D : E0;
C13E : CC;
C13F : 90;
C140 : B0;
C141 : B0;
C142 : B0;
C143 : B0;
C144 : B0;
C145 : B0;
C146 : B0;
C147 : B0;
C148 : B0;
C149 : B0;
C14A : B0;
C14B : B0;
C14C : B0;
C14D : B0;
C14E : B0;
C14F : B0;
C150 : B0;
C151 : B0;
C152 : B0;
C153 : B0;
C154 : B0;
C155 : B0;
C156 : B0;
C157 : B0;
C158 : B0;
C159 : B0;
C15A : B0;
C15B : B0;
C15C : B0;
C15D : B0;
C15E : B0;
C15F : B0;
C160 : B0;
C161 : B0;
C162 : B0;
C163 : B0;
C164 : B0;
C165 : B0;
C166 : B0;
C167 : B0;
C168 : B0;
C169 : B0;
C16A : B0;
C16B : B0;
C16C : B0;
C16D : B0;
C16E : B0;
C16F : B0;
C170 : B0;
C171 : B0;
C172 : B0;
C173 : B0;
C174 : B0;
C175 : B0;
C176 : B0;
C177 : B0;
C178 : B0;
C179 : B0;
C17A : B0;
C17B : B0;
C17C : B0;
C17D : B0;
C17E : B0;
C17F : B0;
C180 : B0;
C181 : B0;
C182 : B0;
C183 : D8;
C184 : D8;
C185 : D9;
C186 : D8;
C187 : D8;
C188 : B0;
C189 : B0;
C18A : B0;
C18B : D8;
C18C : FC;
C18D : F8;
C18E : F8;
C18F : F8;
C190 : B0;
C191 : B0;
C192 : B0;
C193 : D8;
C194 : FC;
C195 : D8;
C196 : D8;
C197 : F8;
C198 : B0;
C199 : B0;
C19A : B0;
C19B : D8;
C19C : FC;
C19D : D8;
C19E : D8;
C19F : F8;
C1A0 : B0;
C1A1 : B0;
C1A2 : B0;
C1A3 : D8;
C1A4 : FC;
C1A5 : D8;
C1A6 : D8;
C1A7 : F8;
C1A8 : B0;
C1A9 : B0;
C1AA : B0;
C1AB : D8;
C1AC : FC;
C1AD : D8;
C1AE : D8;
C1AF : F8;
C1B0 : B0;
C1B1 : B0;
C1B2 : B0;
C1B3 : D8;
C1B4 : FC;
C1B5 : D8;
C1B6 : D8;
C1B7 : F8;
C1B8 : B0;
C1B9 : B0;
C1BA : B0;
C1BB : D8;
C1BC : FC;
C1BD : D8;
C1BE : D8;
C1BF : F8;
C1C0 : D8;
C1C1 : D8;
C1C2 : D8;
C1C3 : D8;
C1C4 : D8;
C1C5 : D8;
C1C6 : D8;
C1C7 : D8;
C1C8 : F8;
C1C9 : F8;
C1CA : F8;
C1CB : F8;
C1CC : F8;
C1CD : F8;
C1CE : F8;
C1CF : F8;
C1D0 : F8;
C1D1 : F8;
C1D2 : F8;
C1D3 : F8;
C1D4 : F8;
C1D5 : F8;
C1D6 : F8;
C1D7 : F8;
C1D8 : F8;
C1D9 : F8;
C1DA : F8;
C1DB : F8;
C1DC : F8;
C1DD : F8;
C1DE : F8;
C1DF : F8;
C1E0 : F8;
C1E1 : F8;
C1E2 : F8;
C1E3 : F8;
C1E4 : F8;
C1E5 : F8;
C1E6 : F8;
C1E7 : F8;
C1E8 : F8;
C1E9 : F8;
C1EA : F8;
C1EB : F8;
C1EC : F8;
C1ED : F8;
C1EE : F8;
C1EF : F8;
C1F0 : F8;
C1F1 : F8;
C1F2 : F8;
C1F3 : F8;
C1F4 : F8;
C1F5 : F8;
C1F6 : F8;
C1F7 : F8;
C1F8 : F8;
C1F9 : F8;
C1FA : F8;
C1FB : F8;
C1FC : F8;
C1FD : F8;
C1FE : F8;
C1FF : F8;
C200 : 1F;
C201 : 1F;
C202 : 1F;
C203 : 1F;
C204 : 1F;
C205 : 1F;
C206 : 1F;
C207 : 1F;
C208 : 77;
C209 : 77;
C20A : 77;
C20B : 77;
C20C : 77;
C20D : 77;
C20E : 77;
C20F : 77;
C210 : E3;
C211 : E3;
C212 : E3;
C213 : E3;
C214 : E3;
C215 : E3;
C216 : E3;
C217 : E3;
C218 : E3;
C219 : E3;
C21A : E3;
C21B : E3;
C21C : E3;
C21D : E3;
C21E : E3;
C21F : E3;
C220 : E3;
C221 : E3;
C222 : E3;
C223 : E3;
C224 : E3;
C225 : E3;
C226 : E3;
C227 : E3;
C228 : E3;
C229 : E3;
C22A : E3;
C22B : E3;
C22C : E3;
C22D : E3;
C22E : E3;
C22F : E3;
C230 : E3;
C231 : E3;
C232 : E3;
C233 : E3;
C234 : E3;
C235 : E3;
C236 : E3;
C237 : E3;
C238 : E3;
C239 : E3;
C23A : E3;
C23B : E3;
C23C : E3;
C23D : E3;
C23E : E3;
C23F : E3;
C240 : 1F;
C241 : 1F;
C242 : 1F;
C243 : 1F;
C244 : 7B;
C245 : C5;
C246 : E0;
C247 : E0;
C248 : 77;
C249 : 77;
C24A : 77;
C24B : 77;
C24C : 93;
C24D : B2;
C24E : AE;
C24F : B2;
C250 : E3;
C251 : E3;
C252 : E3;
C253 : E3;
C254 : AB;
C255 : 3F;
C256 : 1F;
C257 : 1F;
C258 : E3;
C259 : E3;
C25A : E3;
C25B : E3;
C25C : AF;
C25D : 3F;
C25E : 1F;
C25F : 1F;
C260 : E3;
C261 : E3;
C262 : E3;
C263 : E3;
C264 : AB;
C265 : 3F;
C266 : 1F;
C267 : 1F;
C268 : E3;
C269 : E3;
C26A : E3;
C26B : E3;
C26C : AB;
C26D : 3F;
C26E : 1F;
C26F : 1F;
C270 : E3;
C271 : E3;
C272 : E3;
C273 : E3;
C274 : AB;
C275 : 3F;
C276 : 1F;
C277 : 1F;
C278 : E3;
C279 : E3;
C27A : E3;
C27B : E3;
C27C : AB;
C27D : 3F;
C27E : 1F;
C27F : 1F;
C280 : E0;
C281 : E0;
C282 : E0;
C283 : E0;
C284 : E0;
C285 : E0;
C286 : E0;
C287 : E0;
C288 : B2;
C289 : B2;
C28A : B2;
C28B : B2;
C28C : AE;
C28D : AE;
C28E : AE;
C28F : AE;
C290 : 1F;
C291 : 1F;
C292 : 1F;
C293 : 1F;
C294 : 1F;
C295 : 1F;
C296 : 1F;
C297 : 1F;
C298 : 1F;
C299 : 1F;
C29A : 1F;
C29B : 1F;
C29C : 1F;
C29D : 1F;
C29E : 1F;
C29F : 1F;
C2A0 : 1F;
C2A1 : 1F;
C2A2 : 1F;
C2A3 : 1F;
C2A4 : 1F;
C2A5 : 1F;
C2A6 : 1F;
C2A7 : 1F;
C2A8 : 1F;
C2A9 : 1F;
C2AA : 1F;
C2AB : 1F;
C2AC : 1F;
C2AD : 1F;
C2AE : 1F;
C2AF : 1F;
C2B0 : 1F;
C2B1 : 1F;
C2B2 : 1F;
C2B3 : 1F;
C2B4 : 1F;
C2B5 : 1F;
C2B6 : 1F;
C2B7 : 1F;
C2B8 : 1F;
C2B9 : 1F;
C2BA : 1F;
C2BB : 1F;
C2BC : 1F;
C2BD : 1F;
C2BE : 1F;
C2BF : 1F;
C2C0 : E0;
C2C1 : E4;
C2C2 : EC;
C2C3 : E8;
C2C4 : EC;
C2C5 : EC;
C2C6 : EC;
C2C7 : EC;
C2C8 : B2;
C2C9 : CD;
C2CA : E4;
C2CB : E8;
C2CC : E8;
C2CD : E8;
C2CE : E8;
C2CF : E8;
C2D0 : 1F;
C2D1 : 72;
C2D2 : E0;
C2D3 : E1;
C2D4 : E1;
C2D5 : E1;
C2D6 : E1;
C2D7 : E1;
C2D8 : 1F;
C2D9 : 72;
C2DA : E0;
C2DB : E0;
C2DC : E0;
C2DD : E0;
C2DE : E0;
C2DF : E0;
C2E0 : 1F;
C2E1 : 72;
C2E2 : E0;
C2E3 : E0;
C2E4 : E0;
C2E5 : E0;
C2E6 : E0;
C2E7 : E0;
C2E8 : 1F;
C2E9 : 72;
C2EA : E0;
C2EB : E0;
C2EC : E0;
C2ED : E0;
C2EE : E0;
C2EF : E0;
C2F0 : 1F;
C2F1 : 72;
C2F2 : E0;
C2F3 : E0;
C2F4 : E0;
C2F5 : E0;
C2F6 : E0;
C2F7 : E0;
C2F8 : 1F;
C2F9 : 72;
C2FA : E0;
C2FB : E0;
C2FC : E0;
C2FD : E0;
C2FE : E0;
C2FF : E0;
C300 : EC;
C301 : EC;
C302 : EC;
C303 : EC;
C304 : E8;
C305 : EC;
C306 : D0;
C307 : B4;
C308 : E8;
C309 : E8;
C30A : E8;
C30B : E8;
C30C : E8;
C30D : E4;
C30E : CC;
C30F : D0;
C310 : E1;
C311 : E1;
C312 : E1;
C313 : E1;
C314 : E1;
C315 : E0;
C316 : E4;
C317 : E8;
C318 : E0;
C319 : E0;
C31A : E0;
C31B : E0;
C31C : E0;
C31D : E0;
C31E : E4;
C31F : EC;
C320 : E0;
C321 : E0;
C322 : E0;
C323 : E0;
C324 : E0;
C325 : E0;
C326 : E4;
C327 : EC;
C328 : E0;
C329 : E0;
C32A : E0;
C32B : E0;
C32C : E0;
C32D : E0;
C32E : E4;
C32F : EC;
C330 : E0;
C331 : E0;
C332 : E0;
C333 : E0;
C334 : E0;
C335 : E0;
C336 : E4;
C337 : EC;
C338 : E0;
C339 : E0;
C33A : E0;
C33B : E0;
C33C : E0;
C33D : E0;
C33E : E4;
C33F : EC;
C340 : B4;
C341 : B4;
C342 : B4;
C343 : B4;
C344 : B4;
C345 : B4;
C346 : B4;
C347 : B4;
C348 : D0;
C349 : D0;
C34A : D0;
C34B : D0;
C34C : D0;
C34D : D0;
C34E : D0;
C34F : D0;
C350 : E8;
C351 : E8;
C352 : E8;
C353 : E8;
C354 : E8;
C355 : E8;
C356 : E8;
C357 : E8;
C358 : E8;
C359 : E8;
C35A : E8;
C35B : E8;
C35C : E8;
C35D : E8;
C35E : E8;
C35F : E8;
C360 : E8;
C361 : E8;
C362 : E8;
C363 : E8;
C364 : E8;
C365 : E8;
C366 : E8;
C367 : E8;
C368 : E8;
C369 : E8;
C36A : E8;
C36B : E8;
C36C : E8;
C36D : E8;
C36E : E8;
C36F : E8;
C370 : E8;
C371 : E8;
C372 : E8;
C373 : E8;
C374 : E8;
C375 : E8;
C376 : E8;
C377 : E8;
C378 : E8;
C379 : E8;
C37A : E8;
C37B : E8;
C37C : E8;
C37D : E8;
C37E : E8;
C37F : E8;
C380 : B4;
C381 : B4;
C382 : B4;
C383 : 78;
C384 : 7C;
C385 : 7C;
C386 : 7C;
C387 : 7C;
C388 : D0;
C389 : D0;
C38A : D0;
C38B : 98;
C38C : 98;
C38D : 98;
C38E : 98;
C38F : 98;
C390 : E8;
C391 : E8;
C392 : E8;
C393 : B0;
C394 : B4;
C395 : B4;
C396 : B4;
C397 : B4;
C398 : E8;
C399 : E8;
C39A : E8;
C39B : B0;
C39C : B4;
C39D : B4;
C39E : B4;
C39F : B4;
C3A0 : E8;
C3A1 : E8;
C3A2 : E8;
C3A3 : B0;
C3A4 : B4;
C3A5 : B4;
C3A6 : B4;
C3A7 : B4;
C3A8 : E8;
C3A9 : E8;
C3AA : E8;
C3AB : B0;
C3AC : B4;
C3AD : B4;
C3AE : B4;
C3AF : B4;
C3B0 : E8;
C3B1 : E8;
C3B2 : E8;
C3B3 : B0;
C3B4 : B4;
C3B5 : B4;
C3B6 : B4;
C3B7 : B4;
C3B8 : E8;
C3B9 : E8;
C3BA : E8;
C3BB : B0;
C3BC : B4;
C3BD : B4;
C3BE : B4;
C3BF : B4;
C3C0 : 7C;
C3C1 : 7C;
C3C2 : 7C;
C3C3 : 7C;
C3C4 : 7C;
C3C5 : 7C;
C3C6 : 7C;
C3C7 : 7C;
C3C8 : 98;
C3C9 : 98;
C3CA : 98;
C3CB : 98;
C3CC : 98;
C3CD : 98;
C3CE : 98;
C3CF : 78;
C3D0 : B4;
C3D1 : B4;
C3D2 : B4;
C3D3 : B4;
C3D4 : B4;
C3D5 : B4;
C3D6 : B4;
C3D7 : B1;
C3D8 : B4;
C3D9 : B4;
C3DA : B4;
C3DB : B4;
C3DC : B4;
C3DD : B4;
C3DE : B4;
C3DF : B5;
C3E0 : B4;
C3E1 : B4;
C3E2 : B4;
C3E3 : B4;
C3E4 : B4;
C3E5 : B4;
C3E6 : B4;
C3E7 : B5;
C3E8 : B4;
C3E9 : B4;
C3EA : B4;
C3EB : B4;
C3EC : B4;
C3ED : B4;
C3EE : B4;
C3EF : B1;
C3F0 : B4;
C3F1 : B4;
C3F2 : B4;
C3F3 : B4;
C3F4 : B4;
C3F5 : B4;
C3F6 : B4;
C3F7 : B1;
C3F8 : B4;
C3F9 : B4;
C3FA : B4;
C3FB : B4;
C3FC : B4;
C3FD : B4;
C3FE : B4;
C3FF : B1;
C400 : 3D;
C401 : 1D;
C402 : 1D;
C403 : 1D;
C404 : 1D;
C405 : 1D;
C406 : 1D;
C407 : 1D;
C408 : 35;
C409 : 15;
C40A : 15;
C40B : 15;
C40C : 15;
C40D : 15;
C40E : 15;
C40F : 15;
C410 : 46;
C411 : 46;
C412 : 46;
C413 : 46;
C414 : 46;
C415 : 46;
C416 : 46;
C417 : 46;
C418 : 49;
C419 : 26;
C41A : 46;
C41B : 46;
C41C : 46;
C41D : 46;
C41E : 46;
C41F : 46;
C420 : 49;
C421 : 46;
C422 : 46;
C423 : 46;
C424 : 46;
C425 : 46;
C426 : 46;
C427 : 46;
C428 : 49;
C429 : 46;
C42A : 46;
C42B : 46;
C42C : 46;
C42D : 46;
C42E : 46;
C42F : 46;
C430 : 49;
C431 : 46;
C432 : 46;
C433 : 46;
C434 : 46;
C435 : 46;
C436 : 46;
C437 : 46;
C438 : 49;
C439 : 46;
C43A : 46;
C43B : 46;
C43C : 46;
C43D : 46;
C43E : 46;
C43F : 46;
C440 : 1D;
C441 : 1D;
C442 : 1D;
C443 : 1D;
C444 : 3D;
C445 : 7C;
C446 : 7C;
C447 : 7C;
C448 : 15;
C449 : 15;
C44A : 15;
C44B : 15;
C44C : 35;
C44D : 5C;
C44E : 5C;
C44F : 5C;
C450 : 46;
C451 : 46;
C452 : 46;
C453 : 42;
C454 : 4A;
C455 : 1D;
C456 : 1D;
C457 : 1D;
C458 : 46;
C459 : 26;
C45A : 26;
C45B : 46;
C45C : 2A;
C45D : 1D;
C45E : 1D;
C45F : 1D;
C460 : 46;
C461 : 46;
C462 : 26;
C463 : 46;
C464 : 2A;
C465 : 1D;
C466 : 1D;
C467 : 1D;
C468 : 46;
C469 : 46;
C46A : 26;
C46B : 46;
C46C : 2A;
C46D : 1D;
C46E : 1D;
C46F : 1D;
C470 : 46;
C471 : 46;
C472 : 26;
C473 : 46;
C474 : 2A;
C475 : 1D;
C476 : 1D;
C477 : 1D;
C478 : 46;
C479 : 46;
C47A : 26;
C47B : 46;
C47C : 2A;
C47D : 1D;
C47E : 1D;
C47F : 1D;
C480 : 7C;
C481 : 7C;
C482 : 7C;
C483 : 7C;
C484 : 7C;
C485 : 7C;
C486 : 7C;
C487 : 7C;
C488 : 5C;
C489 : 5C;
C48A : 5C;
C48B : 5C;
C48C : 5C;
C48D : 5C;
C48E : 5C;
C48F : 5C;
C490 : 1D;
C491 : 1D;
C492 : 1D;
C493 : 1D;
C494 : 1D;
C495 : 1D;
C496 : 1D;
C497 : 1D;
C498 : 1D;
C499 : 1D;
C49A : 1D;
C49B : 1D;
C49C : 1D;
C49D : 1D;
C49E : 1D;
C49F : 1D;
C4A0 : 1D;
C4A1 : 1D;
C4A2 : 1D;
C4A3 : 1D;
C4A4 : 1D;
C4A5 : 1D;
C4A6 : 1D;
C4A7 : 1D;
C4A8 : 1D;
C4A9 : 1D;
C4AA : 1D;
C4AB : 1D;
C4AC : 1D;
C4AD : 1D;
C4AE : 1D;
C4AF : 1D;
C4B0 : 1D;
C4B1 : 1D;
C4B2 : 1D;
C4B3 : 1D;
C4B4 : 1D;
C4B5 : 1D;
C4B6 : 1D;
C4B7 : 1D;
C4B8 : 1D;
C4B9 : 1D;
C4BA : 1D;
C4BB : 1D;
C4BC : 1D;
C4BD : 1D;
C4BE : 1D;
C4BF : 1D;
C4C0 : 9C;
C4C1 : 5D;
C4C2 : 1E;
C4C3 : 1E;
C4C4 : 1E;
C4C5 : 1E;
C4C6 : 1E;
C4C7 : 1E;
C4C8 : 5C;
C4C9 : 5D;
C4CA : 3D;
C4CB : 3D;
C4CC : 5D;
C4CD : 3D;
C4CE : 3D;
C4CF : 3D;
C4D0 : 1D;
C4D1 : 5D;
C4D2 : 9C;
C4D3 : 7C;
C4D4 : 7C;
C4D5 : 7C;
C4D6 : 7C;
C4D7 : 7C;
C4D8 : 1D;
C4D9 : 5D;
C4DA : 7C;
C4DB : 7C;
C4DC : 7C;
C4DD : 7C;
C4DE : 7C;
C4DF : 7C;
C4E0 : 1D;
C4E1 : 5D;
C4E2 : 7C;
C4E3 : 7C;
C4E4 : 7C;
C4E5 : 7C;
C4E6 : 7C;
C4E7 : 7C;
C4E8 : 1D;
C4E9 : 5D;
C4EA : 7C;
C4EB : 7C;
C4EC : 7C;
C4ED : 7C;
C4EE : 7C;
C4EF : 7C;
C4F0 : 1D;
C4F1 : 5D;
C4F2 : 7C;
C4F3 : 7C;
C4F4 : 7C;
C4F5 : 7C;
C4F6 : 7C;
C4F7 : 7C;
C4F8 : 1D;
C4F9 : 5D;
C4FA : 7C;
C4FB : 7C;
C4FC : 7C;
C4FD : 7C;
C4FE : 7C;
C4FF : 7C;
C500 : 1E;
C501 : 1E;
C502 : 1E;
C503 : 1E;
C504 : 1E;
C505 : 1D;
C506 : 4E;
C507 : 42;
C508 : 3D;
C509 : 3D;
C50A : 5D;
C50B : 3D;
C50C : 3D;
C50D : 3D;
C50E : 36;
C50F : 32;
C510 : 7C;
C511 : 7C;
C512 : 9C;
C513 : 9C;
C514 : 9C;
C515 : 9C;
C516 : 3D;
C517 : 1E;
C518 : 7C;
C519 : 7C;
C51A : 7C;
C51B : 7C;
C51C : 7C;
C51D : 9C;
C51E : 3D;
C51F : 1E;
C520 : 7C;
C521 : 7C;
C522 : 7C;
C523 : 7C;
C524 : 7C;
C525 : 9C;
C526 : 3D;
C527 : 1E;
C528 : 7C;
C529 : 7C;
C52A : 7C;
C52B : 7C;
C52C : 7C;
C52D : 9C;
C52E : 3D;
C52F : 1E;
C530 : 7C;
C531 : 7C;
C532 : 7C;
C533 : 7C;
C534 : 7C;
C535 : 9C;
C536 : 3D;
C537 : 1E;
C538 : 7C;
C539 : 7C;
C53A : 7C;
C53B : 7C;
C53C : 7C;
C53D : 9C;
C53E : 3D;
C53F : 1E;
C540 : 46;
C541 : 46;
C542 : 46;
C543 : 46;
C544 : 46;
C545 : 46;
C546 : 46;
C547 : 46;
C548 : 32;
C549 : 32;
C54A : 32;
C54B : 32;
C54C : 32;
C54D : 32;
C54E : 32;
C54F : 32;
C550 : 1E;
C551 : 1D;
C552 : 1D;
C553 : 1E;
C554 : 1E;
C555 : 1E;
C556 : 1E;
C557 : 1E;
C558 : 1E;
C559 : 1E;
C55A : 1E;
C55B : 1E;
C55C : 1E;
C55D : 1E;
C55E : 1E;
C55F : 1E;
C560 : 1E;
C561 : 1E;
C562 : 1E;
C563 : 1E;
C564 : 1E;
C565 : 1E;
C566 : 1E;
C567 : 1E;
C568 : 1E;
C569 : 1E;
C56A : 1E;
C56B : 1E;
C56C : 1E;
C56D : 1E;
C56E : 1E;
C56F : 1E;
C570 : 1E;
C571 : 1E;
C572 : 1E;
C573 : 1E;
C574 : 1E;
C575 : 1E;
C576 : 1E;
C577 : 1E;
C578 : 1E;
C579 : 1E;
C57A : 1E;
C57B : 1E;
C57C : 1E;
C57D : 1E;
C57E : 1E;
C57F : 1E;
C580 : 46;
C581 : 46;
C582 : 46;
C583 : 87;
C584 : A7;
C585 : A7;
C586 : A7;
C587 : A7;
C588 : 32;
C589 : 32;
C58A : 32;
C58B : 6B;
C58C : 87;
C58D : 87;
C58E : 87;
C58F : 87;
C590 : 1D;
C591 : 1D;
C592 : 1E;
C593 : 2E;
C594 : 46;
C595 : 26;
C596 : 26;
C597 : 26;
C598 : 1E;
C599 : 1E;
C59A : 1E;
C59B : 2E;
C59C : 43;
C59D : 46;
C59E : 46;
C59F : 46;
C5A0 : 1E;
C5A1 : 1E;
C5A2 : 1E;
C5A3 : 2E;
C5A4 : 42;
C5A5 : 46;
C5A6 : 46;
C5A7 : 46;
C5A8 : 1E;
C5A9 : 1E;
C5AA : 1E;
C5AB : 2E;
C5AC : 42;
C5AD : 46;
C5AE : 46;
C5AF : 46;
C5B0 : 1E;
C5B1 : 1E;
C5B2 : 1E;
C5B3 : 2E;
C5B4 : 42;
C5B5 : 46;
C5B6 : 46;
C5B7 : 46;
C5B8 : 1E;
C5B9 : 1E;
C5BA : 1E;
C5BB : 2E;
C5BC : 42;
C5BD : 46;
C5BE : 46;
C5BF : 46;
C5C0 : A7;
C5C1 : A7;
C5C2 : A7;
C5C3 : A7;
C5C4 : A7;
C5C5 : A7;
C5C6 : A7;
C5C7 : AB;
C5C8 : 87;
C5C9 : 87;
C5CA : 87;
C5CB : 87;
C5CC : 87;
C5CD : 87;
C5CE : 87;
C5CF : 87;
C5D0 : 26;
C5D1 : 26;
C5D2 : 26;
C5D3 : 26;
C5D4 : 26;
C5D5 : 26;
C5D6 : 26;
C5D7 : 26;
C5D8 : 46;
C5D9 : 46;
C5DA : 46;
C5DB : 46;
C5DC : 46;
C5DD : 46;
C5DE : 46;
C5DF : 46;
C5E0 : 46;
C5E1 : 46;
C5E2 : 46;
C5E3 : 46;
C5E4 : 46;
C5E5 : 46;
C5E6 : 46;
C5E7 : 46;
C5E8 : 46;
C5E9 : 46;
C5EA : 46;
C5EB : 46;
C5EC : 46;
C5ED : 46;
C5EE : 46;
C5EF : 46;
C5F0 : 46;
C5F1 : 46;
C5F2 : 46;
C5F3 : 46;
C5F4 : 46;
C5F5 : 46;
C5F6 : 46;
C5F7 : 46;
C5F8 : 46;
C5F9 : 46;
C5FA : 46;
C5FB : 46;
C5FC : 46;
C5FD : 46;
C5FE : 46;
C5FF : 46;
C600 : 9C;
C601 : BC;
C602 : BC;
C603 : BC;
C604 : BC;
C605 : BC;
C606 : BC;
C607 : BC;
C608 : 79;
C609 : 79;
C60A : 79;
C60B : 79;
C60C : 79;
C60D : 79;
C60E : 79;
C60F : 79;
C610 : 17;
C611 : 17;
C612 : 17;
C613 : 17;
C614 : 17;
C615 : 17;
C616 : 17;
C617 : 17;
C618 : 17;
C619 : 17;
C61A : 17;
C61B : 17;
C61C : 17;
C61D : 17;
C61E : 17;
C61F : 17;
C620 : 17;
C621 : 17;
C622 : 17;
C623 : 17;
C624 : 17;
C625 : 17;
C626 : 17;
C627 : 17;
C628 : 17;
C629 : 17;
C62A : 17;
C62B : 17;
C62C : 17;
C62D : 17;
C62E : 17;
C62F : 17;
C630 : 17;
C631 : 17;
C632 : 17;
C633 : 17;
C634 : 17;
C635 : 17;
C636 : 17;
C637 : 17;
C638 : 17;
C639 : 17;
C63A : 17;
C63B : 17;
C63C : 17;
C63D : 17;
C63E : 17;
C63F : 17;
C640 : BC;
C641 : BC;
C642 : BC;
C643 : BC;
C644 : 99;
C645 : 17;
C646 : 17;
C647 : 17;
C648 : 79;
C649 : 79;
C64A : 79;
C64B : 79;
C64C : 7A;
C64D : 5A;
C64E : 5A;
C64F : 5A;
C650 : 17;
C651 : 17;
C652 : 17;
C653 : 17;
C654 : 37;
C655 : 9C;
C656 : BC;
C657 : BC;
C658 : 17;
C659 : 17;
C65A : 17;
C65B : 17;
C65C : 37;
C65D : 9C;
C65E : 9C;
C65F : 9C;
C660 : 17;
C661 : 17;
C662 : 17;
C663 : 17;
C664 : 57;
C665 : 9C;
C666 : BC;
C667 : 9C;
C668 : 17;
C669 : 17;
C66A : 17;
C66B : 17;
C66C : 37;
C66D : BC;
C66E : BC;
C66F : 9C;
C670 : 17;
C671 : 17;
C672 : 17;
C673 : 17;
C674 : 37;
C675 : BC;
C676 : BC;
C677 : 9C;
C678 : 17;
C679 : 17;
C67A : 17;
C67B : 17;
C67C : 37;
C67D : BC;
C67E : BC;
C67F : 9C;
C680 : 17;
C681 : 17;
C682 : 17;
C683 : 17;
C684 : 17;
C685 : 17;
C686 : 17;
C687 : 17;
C688 : 5A;
C689 : 5A;
C68A : 5A;
C68B : 5A;
C68C : 5A;
C68D : 5A;
C68E : 5A;
C68F : 5A;
C690 : BC;
C691 : BC;
C692 : BC;
C693 : BC;
C694 : BC;
C695 : BC;
C696 : BC;
C697 : BC;
C698 : 9C;
C699 : 9C;
C69A : 9C;
C69B : 9C;
C69C : 9C;
C69D : 9C;
C69E : 9C;
C69F : 9C;
C6A0 : 9C;
C6A1 : 9C;
C6A2 : 9C;
C6A3 : 9C;
C6A4 : 9C;
C6A5 : 9C;
C6A6 : 9C;
C6A7 : 9C;
C6A8 : 9C;
C6A9 : 9C;
C6AA : 9C;
C6AB : 9C;
C6AC : 9C;
C6AD : 9C;
C6AE : 9C;
C6AF : 9C;
C6B0 : 9C;
C6B1 : 9C;
C6B2 : 9C;
C6B3 : 9C;
C6B4 : 9C;
C6B5 : 9C;
C6B6 : 9C;
C6B7 : 9C;
C6B8 : 9C;
C6B9 : 9C;
C6BA : 9C;
C6BB : 9C;
C6BC : 9C;
C6BD : 9C;
C6BE : 9C;
C6BF : 9C;
C6C0 : 17;
C6C1 : 77;
C6C2 : B3;
C6C3 : B3;
C6C4 : B3;
C6C5 : B3;
C6C6 : B3;
C6C7 : B3;
C6C8 : 5A;
C6C9 : 77;
C6CA : 77;
C6CB : 77;
C6CC : 77;
C6CD : 77;
C6CE : 77;
C6CF : 77;
C6D0 : BC;
C6D1 : 7A;
C6D2 : 17;
C6D3 : 17;
C6D4 : 17;
C6D5 : 17;
C6D6 : 17;
C6D7 : 17;
C6D8 : BC;
C6D9 : 7A;
C6DA : 17;
C6DB : 17;
C6DC : 17;
C6DD : 17;
C6DE : 17;
C6DF : 17;
C6E0 : BC;
C6E1 : 7A;
C6E2 : 17;
C6E3 : 17;
C6E4 : 17;
C6E5 : 17;
C6E6 : 17;
C6E7 : 17;
C6E8 : BC;
C6E9 : 7A;
C6EA : 17;
C6EB : 17;
C6EC : 17;
C6ED : 17;
C6EE : 17;
C6EF : 17;
C6F0 : BC;
C6F1 : 7A;
C6F2 : 17;
C6F3 : 17;
C6F4 : 17;
C6F5 : 17;
C6F6 : 17;
C6F7 : 17;
C6F8 : BC;
C6F9 : 7A;
C6FA : 17;
C6FB : 17;
C6FC : 17;
C6FD : 17;
C6FE : 17;
C6FF : 17;
C700 : B3;
C701 : B3;
C702 : B3;
C703 : B3;
C704 : B3;
C705 : B3;
C706 : AA;
C707 : A5;
C708 : 77;
C709 : 77;
C70A : 77;
C70B : 77;
C70C : 77;
C70D : 77;
C70E : 8E;
C70F : AA;
C710 : 17;
C711 : 17;
C712 : 17;
C713 : 17;
C714 : 17;
C715 : 17;
C716 : 57;
C717 : B3;
C718 : 17;
C719 : 17;
C71A : 17;
C71B : 17;
C71C : 17;
C71D : 17;
C71E : 77;
C71F : B3;
C720 : 17;
C721 : 17;
C722 : 17;
C723 : 17;
C724 : 17;
C725 : 17;
C726 : 77;
C727 : B3;
C728 : 17;
C729 : 17;
C72A : 17;
C72B : 17;
C72C : 17;
C72D : 17;
C72E : 77;
C72F : B3;
C730 : 17;
C731 : 17;
C732 : 17;
C733 : 17;
C734 : 17;
C735 : 17;
C736 : 77;
C737 : B3;
C738 : 17;
C739 : 17;
C73A : 17;
C73B : 17;
C73C : 17;
C73D : 17;
C73E : 77;
C73F : B3;
C740 : A5;
C741 : A5;
C742 : A5;
C743 : A5;
C744 : A5;
C745 : A5;
C746 : A5;
C747 : A5;
C748 : AA;
C749 : AA;
C74A : AA;
C74B : AA;
C74C : AA;
C74D : AA;
C74E : AA;
C74F : AA;
C750 : 97;
C751 : 97;
C752 : 93;
C753 : 93;
C754 : 93;
C755 : 93;
C756 : 93;
C757 : 97;
C758 : B3;
C759 : B3;
C75A : B3;
C75B : B3;
C75C : B3;
C75D : B3;
C75E : B3;
C75F : B3;
C760 : 93;
C761 : 93;
C762 : 93;
C763 : 93;
C764 : 93;
C765 : 93;
C766 : 93;
C767 : 93;
C768 : 93;
C769 : 93;
C76A : 93;
C76B : 93;
C76C : 93;
C76D : 93;
C76E : 93;
C76F : 93;
C770 : 93;
C771 : 93;
C772 : 93;
C773 : 93;
C774 : 93;
C775 : 93;
C776 : 93;
C777 : 93;
C778 : 93;
C779 : 93;
C77A : 93;
C77B : 93;
C77C : 93;
C77D : 93;
C77E : 93;
C77F : 93;
C780 : A5;
C781 : A5;
C782 : A5;
C783 : C8;
C784 : E8;
C785 : E8;
C786 : E8;
C787 : E8;
C788 : AA;
C789 : AA;
C78A : AA;
C78B : C9;
C78C : C8;
C78D : C8;
C78E : C8;
C78F : C8;
C790 : 93;
C791 : 97;
C792 : 93;
C793 : A9;
C794 : A5;
C795 : A5;
C796 : A5;
C797 : A5;
C798 : B3;
C799 : 93;
C79A : B3;
C79B : A9;
C79C : A5;
C79D : A5;
C79E : A5;
C79F : A5;
C7A0 : 93;
C7A1 : 93;
C7A2 : B3;
C7A3 : A9;
C7A4 : A5;
C7A5 : A5;
C7A6 : A5;
C7A7 : A5;
C7A8 : 93;
C7A9 : 93;
C7AA : B3;
C7AB : A9;
C7AC : A5;
C7AD : A5;
C7AE : A5;
C7AF : A5;
C7B0 : 93;
C7B1 : 93;
C7B2 : B3;
C7B3 : A9;
C7B4 : A5;
C7B5 : A5;
C7B6 : A5;
C7B7 : A5;
C7B8 : 93;
C7B9 : 93;
C7BA : B3;
C7BB : A9;
C7BC : A5;
C7BD : A5;
C7BE : A5;
C7BF : A5;
C7C0 : E8;
C7C1 : E8;
C7C2 : E8;
C7C3 : E8;
C7C4 : E8;
C7C5 : E8;
C7C6 : E8;
C7C7 : E8;
C7C8 : C8;
C7C9 : C8;
C7CA : C8;
C7CB : C8;
C7CC : C8;
C7CD : C8;
C7CE : C9;
C7CF : C8;
C7D0 : A5;
C7D1 : A5;
C7D2 : A5;
C7D3 : A5;
C7D4 : A5;
C7D5 : A5;
C7D6 : A5;
C7D7 : A9;
C7D8 : A5;
C7D9 : A5;
C7DA : A5;
C7DB : A5;
C7DC : A5;
C7DD : A5;
C7DE : A5;
C7DF : A9;
C7E0 : A5;
C7E1 : A5;
C7E2 : A5;
C7E3 : A5;
C7E4 : A5;
C7E5 : A5;
C7E6 : A5;
C7E7 : A9;
C7E8 : A5;
C7E9 : A5;
C7EA : A5;
C7EB : A5;
C7EC : A5;
C7ED : A5;
C7EE : A5;
C7EF : A9;
C7F0 : A5;
C7F1 : A5;
C7F2 : A5;
C7F3 : A5;
C7F4 : A5;
C7F5 : A5;
C7F6 : A5;
C7F7 : A9;
C7F8 : A5;
C7F9 : A5;
C7FA : A5;
C7FB : A5;
C7FC : A5;
C7FD : A5;
C7FE : A5;
C7FF : A9;
C800 : EC;
C801 : EC;
C802 : EC;
C803 : EC;
C804 : F0;
C805 : EC;
C806 : EC;
C807 : EC;
C808 : D4;
C809 : D4;
C80A : D4;
C80B : D4;
C80C : D4;
C80D : D4;
C80E : D4;
C80F : D4;
C810 : 7C;
C811 : 5C;
C812 : 7C;
C813 : 7C;
C814 : 7C;
C815 : 7C;
C816 : 7C;
C817 : 7C;
C818 : 9C;
C819 : 7C;
C81A : 7C;
C81B : 7C;
C81C : 7C;
C81D : 7C;
C81E : 7C;
C81F : 7C;
C820 : 9C;
C821 : 7C;
C822 : 7C;
C823 : 7C;
C824 : 7C;
C825 : 7C;
C826 : 7C;
C827 : 7C;
C828 : 9C;
C829 : 7C;
C82A : 7C;
C82B : 7C;
C82C : 7C;
C82D : 7C;
C82E : 7C;
C82F : 7C;
C830 : 9C;
C831 : 7C;
C832 : 7C;
C833 : 7C;
C834 : 7C;
C835 : 7C;
C836 : 7C;
C837 : 7C;
C838 : 9C;
C839 : 7C;
C83A : 7C;
C83B : 7C;
C83C : 7C;
C83D : 7C;
C83E : 7C;
C83F : 7C;
C840 : EC;
C841 : EC;
C842 : F0;
C843 : F0;
C844 : AD;
C845 : 46;
C846 : 46;
C847 : 26;
C848 : D4;
C849 : D4;
C84A : D4;
C84B : D4;
C84C : B0;
C84D : 89;
C84E : 89;
C84F : 89;
C850 : 7C;
C851 : 7C;
C852 : 7C;
C853 : 5C;
C854 : B8;
C855 : F0;
C856 : F0;
C857 : F0;
C858 : 7C;
C859 : 9C;
C85A : 9C;
C85B : 7C;
C85C : B8;
C85D : D0;
C85E : F0;
C85F : F0;
C860 : 7C;
C861 : 7C;
C862 : 7C;
C863 : 7C;
C864 : B8;
C865 : D0;
C866 : F0;
C867 : F0;
C868 : 7C;
C869 : 7C;
C86A : 7C;
C86B : 7C;
C86C : B8;
C86D : D0;
C86E : F0;
C86F : F0;
C870 : 7C;
C871 : 7C;
C872 : 7C;
C873 : 7C;
C874 : B8;
C875 : D0;
C876 : F0;
C877 : F0;
C878 : 7C;
C879 : 7C;
C87A : 7C;
C87B : 7C;
C87C : B8;
C87D : F0;
C87E : F0;
C87F : F0;
C880 : 46;
C881 : 46;
C882 : 46;
C883 : 46;
C884 : 46;
C885 : 46;
C886 : 46;
C887 : 46;
C888 : 89;
C889 : 89;
C88A : 89;
C88B : 89;
C88C : 89;
C88D : 89;
C88E : 89;
C88F : 89;
C890 : F0;
C891 : F0;
C892 : F0;
C893 : F0;
C894 : F0;
C895 : F0;
C896 : F0;
C897 : F0;
C898 : D0;
C899 : F0;
C89A : F0;
C89B : F0;
C89C : F0;
C89D : F0;
C89E : F0;
C89F : F0;
C8A0 : F0;
C8A1 : F0;
C8A2 : F0;
C8A3 : F0;
C8A4 : F0;
C8A5 : F0;
C8A6 : F0;
C8A7 : F0;
C8A8 : F0;
C8A9 : F0;
C8AA : F0;
C8AB : F0;
C8AC : F0;
C8AD : F0;
C8AE : F0;
C8AF : F0;
C8B0 : F0;
C8B1 : F0;
C8B2 : F0;
C8B3 : F0;
C8B4 : F0;
C8B5 : F0;
C8B6 : F0;
C8B7 : F0;
C8B8 : F0;
C8B9 : F0;
C8BA : F0;
C8BB : F0;
C8BC : F0;
C8BD : F0;
C8BE : F0;
C8BF : F0;
C8C0 : 26;
C8C1 : 86;
C8C2 : E3;
C8C3 : E3;
C8C4 : E3;
C8C5 : E3;
C8C6 : E3;
C8C7 : E3;
C8C8 : 89;
C8C9 : 8A;
C8CA : C3;
C8CB : A3;
C8CC : A3;
C8CD : A3;
C8CE : A3;
C8CF : A3;
C8D0 : F0;
C8D1 : AC;
C8D2 : 06;
C8D3 : 26;
C8D4 : 26;
C8D5 : 26;
C8D6 : 26;
C8D7 : 26;
C8D8 : F0;
C8D9 : AC;
C8DA : 26;
C8DB : 46;
C8DC : 46;
C8DD : 46;
C8DE : 46;
C8DF : 46;
C8E0 : F0;
C8E1 : AC;
C8E2 : 26;
C8E3 : 46;
C8E4 : 46;
C8E5 : 46;
C8E6 : 46;
C8E7 : 46;
C8E8 : F0;
C8E9 : AC;
C8EA : 26;
C8EB : 46;
C8EC : 46;
C8ED : 46;
C8EE : 46;
C8EF : 46;
C8F0 : F0;
C8F1 : AC;
C8F2 : 26;
C8F3 : 46;
C8F4 : 46;
C8F5 : 46;
C8F6 : 46;
C8F7 : 46;
C8F8 : F0;
C8F9 : AC;
C8FA : 26;
C8FB : 46;
C8FC : 46;
C8FD : 46;
C8FE : 46;
C8FF : 46;
C900 : E3;
C901 : E3;
C902 : E3;
C903 : E3;
C904 : E3;
C905 : E3;
C906 : A9;
C907 : AC;
C908 : A3;
C909 : A3;
C90A : A3;
C90B : A3;
C90C : A3;
C90D : C3;
C90E : C6;
C90F : C9;
C910 : 26;
C911 : 26;
C912 : 26;
C913 : 26;
C914 : 26;
C915 : 06;
C916 : C3;
C917 : E3;
C918 : 46;
C919 : 46;
C91A : 46;
C91B : 46;
C91C : 46;
C91D : 26;
C91E : C3;
C91F : E3;
C920 : 46;
C921 : 46;
C922 : 46;
C923 : 46;
C924 : 46;
C925 : 26;
C926 : C3;
C927 : E3;
C928 : 46;
C929 : 46;
C92A : 46;
C92B : 46;
C92C : 46;
C92D : 26;
C92E : C3;
C92F : E3;
C930 : 46;
C931 : 46;
C932 : 46;
C933 : 46;
C934 : 46;
C935 : 26;
C936 : C3;
C937 : E3;
C938 : 46;
C939 : 46;
C93A : 46;
C93B : 46;
C93C : 46;
C93D : 26;
C93E : C3;
C93F : E3;
C940 : AC;
C941 : A8;
C942 : A8;
C943 : A8;
C944 : A8;
C945 : A8;
C946 : A8;
C947 : A8;
C948 : C9;
C949 : CA;
C94A : C9;
C94B : C9;
C94C : C9;
C94D : C9;
C94E : C9;
C94F : C9;
C950 : E3;
C951 : E3;
C952 : E3;
C953 : E3;
C954 : E3;
C955 : E3;
C956 : E3;
C957 : E3;
C958 : E3;
C959 : E3;
C95A : E3;
C95B : E3;
C95C : E3;
C95D : E3;
C95E : E3;
C95F : E3;
C960 : E3;
C961 : E3;
C962 : E3;
C963 : E3;
C964 : E3;
C965 : E3;
C966 : E3;
C967 : E3;
C968 : E3;
C969 : E3;
C96A : E3;
C96B : E3;
C96C : E3;
C96D : E3;
C96E : E3;
C96F : E3;
C970 : E3;
C971 : E3;
C972 : E3;
C973 : E3;
C974 : E3;
C975 : E3;
C976 : E3;
C977 : E3;
C978 : E3;
C979 : E3;
C97A : E3;
C97B : E3;
C97C : E3;
C97D : E3;
C97E : E3;
C97F : E3;
C980 : AC;
C981 : AC;
C982 : A8;
C983 : D0;
C984 : F4;
C985 : F4;
C986 : F4;
C987 : F4;
C988 : C9;
C989 : C5;
C98A : CA;
C98B : CC;
C98C : D0;
C98D : D0;
C98E : D0;
C98F : D0;
C990 : E3;
C991 : E3;
C992 : E3;
C993 : A9;
C994 : 8C;
C995 : A8;
C996 : A8;
C997 : A8;
C998 : E3;
C999 : E3;
C99A : E3;
C99B : A9;
C99C : 8C;
C99D : A8;
C99E : A8;
C99F : A8;
C9A0 : E3;
C9A1 : E3;
C9A2 : E3;
C9A3 : A9;
C9A4 : AC;
C9A5 : A8;
C9A6 : A8;
C9A7 : A8;
C9A8 : E3;
C9A9 : E3;
C9AA : E3;
C9AB : A9;
C9AC : AC;
C9AD : A8;
C9AE : A8;
C9AF : A8;
C9B0 : E3;
C9B1 : E3;
C9B2 : E3;
C9B3 : A9;
C9B4 : AC;
C9B5 : A8;
C9B6 : A8;
C9B7 : A8;
C9B8 : E3;
C9B9 : E3;
C9BA : E3;
C9BB : A9;
C9BC : AC;
C9BD : A8;
C9BE : A8;
C9BF : A8;
C9C0 : F4;
C9C1 : F4;
C9C2 : F4;
C9C3 : F4;
C9C4 : F4;
C9C5 : F4;
C9C6 : F4;
C9C7 : D5;
C9C8 : D0;
C9C9 : D0;
C9CA : D0;
C9CB : D0;
C9CC : D0;
C9CD : D0;
C9CE : D0;
C9CF : B1;
C9D0 : A8;
C9D1 : A8;
C9D2 : A8;
C9D3 : A8;
C9D4 : A8;
C9D5 : A8;
C9D6 : A8;
C9D7 : A8;
C9D8 : A8;
C9D9 : A8;
C9DA : A8;
C9DB : A8;
C9DC : A8;
C9DD : A8;
C9DE : AC;
C9DF : A8;
C9E0 : A8;
C9E1 : A8;
C9E2 : A8;
C9E3 : A8;
C9E4 : A8;
C9E5 : A8;
C9E6 : A8;
C9E7 : A8;
C9E8 : A8;
C9E9 : A8;
C9EA : A8;
C9EB : A8;
C9EC : A8;
C9ED : A8;
C9EE : A8;
C9EF : A8;
C9F0 : A8;
C9F1 : A8;
C9F2 : A8;
C9F3 : A8;
C9F4 : A8;
C9F5 : A8;
C9F6 : A8;
C9F7 : A8;
C9F8 : A8;
C9F9 : A8;
C9FA : A8;
C9FB : A8;
C9FC : A8;
C9FD : A8;
C9FE : A8;
C9FF : A8;
CA00 : 5B;
CA01 : 1B;
CA02 : 1B;
CA03 : 1B;
CA04 : 1B;
CA05 : 1B;
CA06 : 1B;
CA07 : 1B;
CA08 : 92;
CA09 : 72;
CA0A : 72;
CA0B : 72;
CA0C : 72;
CA0D : 72;
CA0E : 72;
CA0F : 72;
CA10 : E0;
CA11 : E0;
CA12 : E0;
CA13 : E0;
CA14 : E0;
CA15 : E0;
CA16 : E0;
CA17 : E0;
CA18 : E0;
CA19 : E1;
CA1A : E0;
CA1B : E0;
CA1C : E0;
CA1D : E0;
CA1E : E0;
CA1F : E0;
CA20 : E0;
CA21 : E0;
CA22 : E0;
CA23 : E0;
CA24 : E0;
CA25 : E0;
CA26 : E0;
CA27 : E0;
CA28 : E0;
CA29 : E0;
CA2A : E0;
CA2B : E0;
CA2C : E0;
CA2D : E0;
CA2E : E0;
CA2F : E0;
CA30 : E0;
CA31 : E0;
CA32 : E0;
CA33 : E0;
CA34 : E0;
CA35 : E0;
CA36 : E0;
CA37 : E0;
CA38 : E0;
CA39 : E0;
CA3A : E0;
CA3B : E0;
CA3C : E0;
CA3D : E0;
CA3E : E0;
CA3F : E0;
CA40 : 1B;
CA41 : 1B;
CA42 : 1B;
CA43 : 1B;
CA44 : 37;
CA45 : E3;
CA46 : E3;
CA47 : E3;
CA48 : 72;
CA49 : 72;
CA4A : 72;
CA4B : 72;
CA4C : 6E;
CA4D : AF;
CA4E : AF;
CA4F : AF;
CA50 : E0;
CA51 : E0;
CA52 : E0;
CA53 : E0;
CA54 : C5;
CA55 : 1B;
CA56 : 1B;
CA57 : 1B;
CA58 : E0;
CA59 : E0;
CA5A : E0;
CA5B : E0;
CA5C : C9;
CA5D : 1B;
CA5E : 1B;
CA5F : 1B;
CA60 : E0;
CA61 : E0;
CA62 : E0;
CA63 : E0;
CA64 : C9;
CA65 : 1B;
CA66 : 1B;
CA67 : 1B;
CA68 : E0;
CA69 : E0;
CA6A : E0;
CA6B : E0;
CA6C : C9;
CA6D : 1B;
CA6E : 1B;
CA6F : 1B;
CA70 : E0;
CA71 : E0;
CA72 : E0;
CA73 : E0;
CA74 : C9;
CA75 : 1B;
CA76 : 1B;
CA77 : 1B;
CA78 : E0;
CA79 : E0;
CA7A : E0;
CA7B : E0;
CA7C : C9;
CA7D : 1B;
CA7E : 1B;
CA7F : 1B;
CA80 : E3;
CA81 : E3;
CA82 : E3;
CA83 : E3;
CA84 : E3;
CA85 : E3;
CA86 : E3;
CA87 : E3;
CA88 : AF;
CA89 : AF;
CA8A : AF;
CA8B : AF;
CA8C : AF;
CA8D : AF;
CA8E : AF;
CA8F : AF;
CA90 : 1B;
CA91 : 1B;
CA92 : 1B;
CA93 : 1B;
CA94 : 1B;
CA95 : 1B;
CA96 : 1B;
CA97 : 1B;
CA98 : 1B;
CA99 : 1B;
CA9A : 1B;
CA9B : 1B;
CA9C : 1B;
CA9D : 1B;
CA9E : 1B;
CA9F : 1B;
CAA0 : 1B;
CAA1 : 1B;
CAA2 : 1B;
CAA3 : 1B;
CAA4 : 1B;
CAA5 : 1B;
CAA6 : 1B;
CAA7 : 1B;
CAA8 : 1B;
CAA9 : 1B;
CAAA : 1B;
CAAB : 1B;
CAAC : 1B;
CAAD : 1B;
CAAE : 1B;
CAAF : 1B;
CAB0 : 1B;
CAB1 : 1B;
CAB2 : 1B;
CAB3 : 1B;
CAB4 : 1B;
CAB5 : 1B;
CAB6 : 1B;
CAB7 : 1B;
CAB8 : 1B;
CAB9 : 1B;
CABA : 1B;
CABB : 1B;
CABC : 1B;
CABD : 1B;
CABE : 1B;
CABF : 1B;
CAC0 : E3;
CAC1 : E2;
CAC2 : E0;
CAC3 : E0;
CAC4 : E0;
CAC5 : E0;
CAC6 : E0;
CAC7 : E0;
CAC8 : AF;
CAC9 : CA;
CACA : E2;
CACB : E1;
CACC : E1;
CACD : E1;
CACE : E1;
CACF : E2;
CAD0 : 1B;
CAD1 : 93;
CAD2 : E3;
CAD3 : E3;
CAD4 : E3;
CAD5 : E3;
CAD6 : E3;
CAD7 : E3;
CAD8 : 1B;
CAD9 : 93;
CADA : E3;
CADB : E3;
CADC : E3;
CADD : E3;
CADE : E3;
CADF : E3;
CAE0 : 1B;
CAE1 : 93;
CAE2 : E3;
CAE3 : E3;
CAE4 : E3;
CAE5 : E3;
CAE6 : E3;
CAE7 : E3;
CAE8 : 1B;
CAE9 : 93;
CAEA : E3;
CAEB : E3;
CAEC : E3;
CAED : E3;
CAEE : E3;
CAEF : E3;
CAF0 : 1B;
CAF1 : 93;
CAF2 : E3;
CAF3 : E3;
CAF4 : E3;
CAF5 : E3;
CAF6 : E3;
CAF7 : E3;
CAF8 : 1B;
CAF9 : 93;
CAFA : E3;
CAFB : E3;
CAFC : E3;
CAFD : E3;
CAFE : E3;
CAFF : E3;
CB00 : E0;
CB01 : E0;
CB02 : E0;
CB03 : E0;
CB04 : E0;
CB05 : E0;
CB06 : CC;
CB07 : 90;
CB08 : E2;
CB09 : E2;
CB0A : E2;
CB0B : E1;
CB0C : E1;
CB0D : E2;
CB0E : C9;
CB0F : AC;
CB10 : E3;
CB11 : E3;
CB12 : E3;
CB13 : E3;
CB14 : E3;
CB15 : E3;
CB16 : E1;
CB17 : E0;
CB18 : E3;
CB19 : E3;
CB1A : E3;
CB1B : E3;
CB1C : E3;
CB1D : E3;
CB1E : E1;
CB1F : E0;
CB20 : E3;
CB21 : E3;
CB22 : E3;
CB23 : E3;
CB24 : E3;
CB25 : E3;
CB26 : E1;
CB27 : E0;
CB28 : E3;
CB29 : E3;
CB2A : E3;
CB2B : E3;
CB2C : E3;
CB2D : E3;
CB2E : E1;
CB2F : E0;
CB30 : E3;
CB31 : E3;
CB32 : E3;
CB33 : E3;
CB34 : E3;
CB35 : E3;
CB36 : E1;
CB37 : E0;
CB38 : E3;
CB39 : E3;
CB3A : E3;
CB3B : E3;
CB3C : E3;
CB3D : E3;
CB3E : E1;
CB3F : E0;
CB40 : B0;
CB41 : B0;
CB42 : B0;
CB43 : B0;
CB44 : B0;
CB45 : B0;
CB46 : B0;
CB47 : B0;
CB48 : CC;
CB49 : CC;
CB4A : CC;
CB4B : CC;
CB4C : CC;
CB4D : CC;
CB4E : CC;
CB4F : CC;
CB50 : E0;
CB51 : E0;
CB52 : E0;
CB53 : E0;
CB54 : E0;
CB55 : E0;
CB56 : E0;
CB57 : E0;
CB58 : E0;
CB59 : E0;
CB5A : E0;
CB5B : E0;
CB5C : E0;
CB5D : E0;
CB5E : E0;
CB5F : E0;
CB60 : E0;
CB61 : E0;
CB62 : E0;
CB63 : E0;
CB64 : E0;
CB65 : E0;
CB66 : E0;
CB67 : E0;
CB68 : E0;
CB69 : E0;
CB6A : E0;
CB6B : E0;
CB6C : E0;
CB6D : E0;
CB6E : E0;
CB6F : E0;
CB70 : E0;
CB71 : E0;
CB72 : E0;
CB73 : E0;
CB74 : E0;
CB75 : E0;
CB76 : E0;
CB77 : E0;
CB78 : E0;
CB79 : E0;
CB7A : E0;
CB7B : E0;
CB7C : E0;
CB7D : E0;
CB7E : E0;
CB7F : E0;
CB80 : B0;
CB81 : B0;
CB82 : B0;
CB83 : D8;
CB84 : FC;
CB85 : FC;
CB86 : FC;
CB87 : FC;
CB88 : CC;
CB89 : CC;
CB8A : AC;
CB8B : D4;
CB8C : D8;
CB8D : D8;
CB8E : D4;
CB8F : D4;
CB90 : E0;
CB91 : E0;
CB92 : E0;
CB93 : CC;
CB94 : 90;
CB95 : B0;
CB96 : B0;
CB97 : B0;
CB98 : E0;
CB99 : E0;
CB9A : E0;
CB9B : CC;
CB9C : 90;
CB9D : B0;
CB9E : B0;
CB9F : B0;
CBA0 : E0;
CBA1 : E0;
CBA2 : E4;
CBA3 : CC;
CBA4 : 90;
CBA5 : B0;
CBA6 : B0;
CBA7 : B0;
CBA8 : E0;
CBA9 : E0;
CBAA : E4;
CBAB : CC;
CBAC : 90;
CBAD : B0;
CBAE : B0;
CBAF : B0;
CBB0 : E0;
CBB1 : E0;
CBB2 : E4;
CBB3 : CC;
CBB4 : B0;
CBB5 : B0;
CBB6 : B0;
CBB7 : B0;
CBB8 : E0;
CBB9 : E0;
CBBA : E4;
CBBB : CC;
CBBC : B0;
CBBD : B0;
CBBE : B0;
CBBF : B0;
CBC0 : FC;
CBC1 : FC;
CBC2 : FC;
CBC3 : FC;
CBC4 : FC;
CBC5 : FC;
CBC6 : FC;
CBC7 : FC;
CBC8 : D4;
CBC9 : D4;
CBCA : D4;
CBCB : D4;
CBCC : D4;
CBCD : D4;
CBCE : D4;
CBCF : D4;
CBD0 : B0;
CBD1 : B0;
CBD2 : B0;
CBD3 : B0;
CBD4 : B0;
CBD5 : B0;
CBD6 : B0;
CBD7 : B0;
CBD8 : B0;
CBD9 : B0;
CBDA : B0;
CBDB : B0;
CBDC : B0;
CBDD : B0;
CBDE : B0;
CBDF : B0;
CBE0 : B0;
CBE1 : B0;
CBE2 : B0;
CBE3 : B0;
CBE4 : B0;
CBE5 : B0;
CBE6 : B0;
CBE7 : B0;
CBE8 : B0;
CBE9 : B0;
CBEA : B0;
CBEB : B0;
CBEC : B0;
CBED : B0;
CBEE : B0;
CBEF : B0;
CBF0 : B0;
CBF1 : B0;
CBF2 : B0;
CBF3 : B0;
CBF4 : B0;
CBF5 : B0;
CBF6 : B0;
CBF7 : B0;
CBF8 : B0;
CBF9 : B0;
CBFA : B0;
CBFB : B0;
CBFC : B0;
CBFD : B0;
CBFE : B0;
CBFF : B0;
CC00 : E3;
CC01 : E3;
CC02 : E3;
CC03 : E3;
CC04 : E3;
CC05 : E3;
CC06 : E3;
CC07 : E3;
CC08 : E3;
CC09 : E3;
CC0A : E3;
CC0B : E3;
CC0C : E3;
CC0D : E3;
CC0E : E3;
CC0F : E3;
CC10 : E3;
CC11 : E3;
CC12 : E3;
CC13 : E3;
CC14 : E3;
CC15 : E3;
CC16 : E3;
CC17 : E3;
CC18 : E1;
CC19 : E1;
CC1A : E1;
CC1B : E1;
CC1C : E1;
CC1D : E1;
CC1E : E1;
CC1F : E1;
CC20 : E0;
CC21 : E0;
CC22 : E0;
CC23 : E0;
CC24 : E0;
CC25 : E0;
CC26 : E0;
CC27 : E0;
CC28 : E0;
CC29 : E0;
CC2A : E0;
CC2B : E0;
CC2C : E0;
CC2D : E0;
CC2E : E0;
CC2F : E0;
CC30 : E0;
CC31 : E0;
CC32 : E0;
CC33 : E0;
CC34 : E0;
CC35 : E0;
CC36 : E0;
CC37 : E0;
CC38 : E0;
CC39 : E0;
CC3A : E0;
CC3B : E0;
CC3C : E0;
CC3D : E0;
CC3E : E0;
CC3F : E0;
CC40 : E3;
CC41 : E3;
CC42 : E3;
CC43 : E3;
CC44 : AB;
CC45 : 3F;
CC46 : 1F;
CC47 : 1F;
CC48 : E3;
CC49 : E3;
CC4A : E3;
CC4B : E3;
CC4C : AB;
CC4D : 3F;
CC4E : 1F;
CC4F : 1F;
CC50 : E3;
CC51 : E3;
CC52 : E3;
CC53 : E3;
CC54 : AB;
CC55 : 5F;
CC56 : 1F;
CC57 : 1F;
CC58 : E1;
CC59 : E1;
CC5A : E1;
CC5B : E1;
CC5C : E2;
CC5D : CB;
CC5E : CB;
CC5F : CB;
CC60 : E0;
CC61 : E0;
CC62 : E0;
CC63 : E0;
CC64 : E1;
CC65 : E3;
CC66 : E3;
CC67 : E3;
CC68 : E0;
CC69 : E0;
CC6A : E0;
CC6B : E0;
CC6C : E1;
CC6D : E3;
CC6E : E3;
CC6F : E3;
CC70 : E0;
CC71 : E0;
CC72 : E0;
CC73 : E0;
CC74 : E1;
CC75 : E3;
CC76 : E3;
CC77 : E3;
CC78 : E0;
CC79 : E0;
CC7A : E0;
CC7B : E0;
CC7C : E1;
CC7D : E3;
CC7E : E3;
CC7F : E3;
CC80 : 1F;
CC81 : 1F;
CC82 : 1F;
CC83 : 1F;
CC84 : 1F;
CC85 : 1F;
CC86 : 1F;
CC87 : 1F;
CC88 : 1F;
CC89 : 1F;
CC8A : 1F;
CC8B : 1F;
CC8C : 1F;
CC8D : 1F;
CC8E : 1F;
CC8F : 1F;
CC90 : 1F;
CC91 : 1F;
CC92 : 1F;
CC93 : 1F;
CC94 : 1F;
CC95 : 1F;
CC96 : 1F;
CC97 : 1F;
CC98 : CB;
CC99 : CB;
CC9A : CB;
CC9B : CB;
CC9C : CB;
CC9D : CB;
CC9E : CB;
CC9F : CB;
CCA0 : E3;
CCA1 : E3;
CCA2 : E3;
CCA3 : E3;
CCA4 : E3;
CCA5 : E3;
CCA6 : E3;
CCA7 : E3;
CCA8 : E3;
CCA9 : E3;
CCAA : E3;
CCAB : E3;
CCAC : E3;
CCAD : E3;
CCAE : E3;
CCAF : E3;
CCB0 : E3;
CCB1 : E3;
CCB2 : E3;
CCB3 : E3;
CCB4 : E3;
CCB5 : E3;
CCB6 : E3;
CCB7 : E3;
CCB8 : E3;
CCB9 : E3;
CCBA : E3;
CCBB : E3;
CCBC : E3;
CCBD : E3;
CCBE : E3;
CCBF : E3;
CCC0 : 1F;
CCC1 : 72;
CCC2 : E0;
CCC3 : E0;
CCC4 : E0;
CCC5 : E0;
CCC6 : E0;
CCC7 : E0;
CCC8 : 1F;
CCC9 : 72;
CCCA : E0;
CCCB : E0;
CCCC : E0;
CCCD : E0;
CCCE : E0;
CCCF : E0;
CCD0 : 1F;
CCD1 : 72;
CCD2 : E0;
CCD3 : E4;
CCD4 : E0;
CCD5 : E0;
CCD6 : E0;
CCD7 : E0;
CCD8 : EB;
CCD9 : 93;
CCDA : 3B;
CCDB : 5B;
CCDC : 5B;
CCDD : 5B;
CCDE : 5B;
CCDF : 5B;
CCE0 : E3;
CCE1 : 8F;
CCE2 : 1F;
CCE3 : 1F;
CCE4 : 1F;
CCE5 : 1F;
CCE6 : 1F;
CCE7 : 1F;
CCE8 : E3;
CCE9 : 8F;
CCEA : 1F;
CCEB : 1F;
CCEC : 1F;
CCED : 1F;
CCEE : 1F;
CCEF : 1F;
CCF0 : E3;
CCF1 : 8F;
CCF2 : 1F;
CCF3 : 1F;
CCF4 : 1F;
CCF5 : 1F;
CCF6 : 1F;
CCF7 : 1F;
CCF8 : E3;
CCF9 : 8F;
CCFA : 1F;
CCFB : 1F;
CCFC : 1F;
CCFD : 1F;
CCFE : 1F;
CCFF : 1F;
CD00 : E0;
CD01 : E0;
CD02 : E0;
CD03 : E0;
CD04 : E0;
CD05 : E0;
CD06 : E4;
CD07 : EC;
CD08 : E0;
CD09 : E0;
CD0A : E0;
CD0B : E0;
CD0C : E0;
CD0D : E0;
CD0E : E4;
CD0F : EC;
CD10 : E0;
CD11 : E0;
CD12 : E0;
CD13 : E0;
CD14 : E0;
CD15 : E0;
CD16 : E8;
CD17 : EC;
CD18 : 5B;
CD19 : 5B;
CD1A : 5B;
CD1B : 5B;
CD1C : 3B;
CD1D : 5B;
CD1E : AE;
CD1F : E0;
CD20 : 1F;
CD21 : 1F;
CD22 : 1F;
CD23 : 1F;
CD24 : 1F;
CD25 : 1F;
CD26 : 92;
CD27 : E0;
CD28 : 1F;
CD29 : 1F;
CD2A : 1F;
CD2B : 1F;
CD2C : 1F;
CD2D : 3F;
CD2E : 92;
CD2F : E0;
CD30 : 1F;
CD31 : 1F;
CD32 : 1F;
CD33 : 1F;
CD34 : 1F;
CD35 : 3F;
CD36 : 92;
CD37 : E0;
CD38 : 1F;
CD39 : 1F;
CD3A : 1F;
CD3B : 1F;
CD3C : 1F;
CD3D : 3F;
CD3E : 92;
CD3F : E0;
CD40 : E8;
CD41 : E8;
CD42 : E8;
CD43 : E8;
CD44 : E8;
CD45 : E8;
CD46 : E8;
CD47 : E8;
CD48 : E8;
CD49 : E8;
CD4A : E8;
CD4B : E8;
CD4C : E8;
CD4D : E8;
CD4E : E8;
CD4F : E8;
CD50 : E8;
CD51 : E8;
CD52 : E8;
CD53 : E8;
CD54 : E8;
CD55 : E8;
CD56 : E8;
CD57 : E8;
CD58 : E0;
CD59 : E0;
CD5A : E0;
CD5B : E0;
CD5C : E0;
CD5D : E0;
CD5E : E0;
CD5F : E0;
CD60 : E0;
CD61 : E0;
CD62 : E0;
CD63 : E0;
CD64 : E0;
CD65 : E0;
CD66 : E0;
CD67 : E0;
CD68 : E0;
CD69 : E0;
CD6A : E0;
CD6B : E0;
CD6C : E0;
CD6D : E0;
CD6E : E0;
CD6F : E0;
CD70 : E0;
CD71 : E0;
CD72 : E0;
CD73 : E0;
CD74 : E0;
CD75 : E0;
CD76 : E0;
CD77 : E0;
CD78 : E0;
CD79 : E0;
CD7A : E0;
CD7B : E0;
CD7C : E0;
CD7D : E0;
CD7E : E0;
CD7F : E0;
CD80 : E8;
CD81 : E8;
CD82 : E8;
CD83 : B0;
CD84 : B4;
CD85 : B4;
CD86 : B4;
CD87 : B4;
CD88 : E8;
CD89 : E8;
CD8A : E8;
CD8B : B0;
CD8C : B4;
CD8D : B4;
CD8E : B4;
CD8F : B4;
CD90 : E8;
CD91 : E8;
CD92 : E8;
CD93 : B0;
CD94 : B4;
CD95 : B4;
CD96 : B4;
CD97 : B4;
CD98 : E0;
CD99 : E0;
CD9A : E0;
CD9B : EC;
CD9C : EC;
CD9D : EC;
CD9E : EC;
CD9F : EC;
CDA0 : E0;
CDA1 : E0;
CDA2 : E1;
CDA3 : E8;
CDA4 : E8;
CDA5 : E8;
CDA6 : E8;
CDA7 : E8;
CDA8 : E0;
CDA9 : E0;
CDAA : E1;
CDAB : E8;
CDAC : E8;
CDAD : E8;
CDAE : E8;
CDAF : E8;
CDB0 : E0;
CDB1 : E0;
CDB2 : E1;
CDB3 : E8;
CDB4 : E8;
CDB5 : E8;
CDB6 : E8;
CDB7 : E8;
CDB8 : E0;
CDB9 : E0;
CDBA : E1;
CDBB : E8;
CDBC : E8;
CDBD : E8;
CDBE : E8;
CDBF : E8;
CDC0 : B4;
CDC1 : B4;
CDC2 : B4;
CDC3 : B4;
CDC4 : B4;
CDC5 : B4;
CDC6 : B4;
CDC7 : B1;
CDC8 : B4;
CDC9 : B4;
CDCA : B4;
CDCB : B4;
CDCC : B4;
CDCD : B4;
CDCE : B4;
CDCF : B1;
CDD0 : B4;
CDD1 : B4;
CDD2 : B4;
CDD3 : B4;
CDD4 : B4;
CDD5 : B4;
CDD6 : B4;
CDD7 : 95;
CDD8 : EC;
CDD9 : EC;
CDDA : EC;
CDDB : EC;
CDDC : EC;
CDDD : EC;
CDDE : EC;
CDDF : ED;
CDE0 : E8;
CDE1 : E8;
CDE2 : E8;
CDE3 : E8;
CDE4 : E8;
CDE5 : E8;
CDE6 : E8;
CDE7 : E9;
CDE8 : E8;
CDE9 : E8;
CDEA : E8;
CDEB : E8;
CDEC : E8;
CDED : E8;
CDEE : EC;
CDEF : E9;
CDF0 : E8;
CDF1 : E8;
CDF2 : E8;
CDF3 : E8;
CDF4 : E8;
CDF5 : E8;
CDF6 : EC;
CDF7 : E9;
CDF8 : E8;
CDF9 : E8;
CDFA : E8;
CDFB : E8;
CDFC : E8;
CDFD : E8;
CDFE : EC;
CDFF : E9;
CE00 : 49;
CE01 : 46;
CE02 : 46;
CE03 : 46;
CE04 : 46;
CE05 : 46;
CE06 : 46;
CE07 : 46;
CE08 : 49;
CE09 : 46;
CE0A : 46;
CE0B : 46;
CE0C : 46;
CE0D : 46;
CE0E : 46;
CE0F : 46;
CE10 : 29;
CE11 : 26;
CE12 : 26;
CE13 : 26;
CE14 : 26;
CE15 : 26;
CE16 : 26;
CE17 : 26;
CE18 : E7;
CE19 : E3;
CE1A : E3;
CE1B : E3;
CE1C : E3;
CE1D : E3;
CE1E : E3;
CE1F : E3;
CE20 : E3;
CE21 : E3;
CE22 : E3;
CE23 : E3;
CE24 : E3;
CE25 : E3;
CE26 : E3;
CE27 : E3;
CE28 : E3;
CE29 : E3;
CE2A : E3;
CE2B : E3;
CE2C : E3;
CE2D : E3;
CE2E : E3;
CE2F : E3;
CE30 : E3;
CE31 : E3;
CE32 : E3;
CE33 : E3;
CE34 : E3;
CE35 : E3;
CE36 : E3;
CE37 : E3;
CE38 : E3;
CE39 : E3;
CE3A : E3;
CE3B : E3;
CE3C : E3;
CE3D : E3;
CE3E : E3;
CE3F : E3;
CE40 : 46;
CE41 : 46;
CE42 : 26;
CE43 : 46;
CE44 : 2A;
CE45 : 1D;
CE46 : 1D;
CE47 : 1D;
CE48 : 46;
CE49 : 46;
CE4A : 46;
CE4B : 46;
CE4C : 4A;
CE4D : 1D;
CE4E : 1D;
CE4F : 1D;
CE50 : 26;
CE51 : 26;
CE52 : 26;
CE53 : 26;
CE54 : 2A;
CE55 : 1D;
CE56 : 1D;
CE57 : 1D;
CE58 : E3;
CE59 : E3;
CE5A : E3;
CE5B : E3;
CE5C : A7;
CE5D : 2A;
CE5E : 4A;
CE5F : 4A;
CE60 : E3;
CE61 : E3;
CE62 : E3;
CE63 : E3;
CE64 : C3;
CE65 : 26;
CE66 : 46;
CE67 : 46;
CE68 : E3;
CE69 : E3;
CE6A : E3;
CE6B : E3;
CE6C : C3;
CE6D : 26;
CE6E : 46;
CE6F : 46;
CE70 : E3;
CE71 : E3;
CE72 : E3;
CE73 : E3;
CE74 : C3;
CE75 : 26;
CE76 : 46;
CE77 : 46;
CE78 : E3;
CE79 : E3;
CE7A : E3;
CE7B : E3;
CE7C : C3;
CE7D : 26;
CE7E : 46;
CE7F : 46;
CE80 : 1D;
CE81 : 1D;
CE82 : 1D;
CE83 : 1D;
CE84 : 1D;
CE85 : 1D;
CE86 : 1D;
CE87 : 1D;
CE88 : 1D;
CE89 : 1D;
CE8A : 1D;
CE8B : 1D;
CE8C : 1D;
CE8D : 1D;
CE8E : 1D;
CE8F : 1D;
CE90 : 1D;
CE91 : 1D;
CE92 : 1D;
CE93 : 1D;
CE94 : 1D;
CE95 : 1D;
CE96 : 1D;
CE97 : 1D;
CE98 : 4A;
CE99 : 4A;
CE9A : 4A;
CE9B : 4A;
CE9C : 4A;
CE9D : 4A;
CE9E : 4A;
CE9F : 4A;
CEA0 : 46;
CEA1 : 46;
CEA2 : 46;
CEA3 : 46;
CEA4 : 46;
CEA5 : 46;
CEA6 : 46;
CEA7 : 46;
CEA8 : 46;
CEA9 : 46;
CEAA : 46;
CEAB : 46;
CEAC : 46;
CEAD : 46;
CEAE : 46;
CEAF : 46;
CEB0 : 46;
CEB1 : 46;
CEB2 : 46;
CEB3 : 46;
CEB4 : 46;
CEB5 : 46;
CEB6 : 46;
CEB7 : 46;
CEB8 : 46;
CEB9 : 46;
CEBA : 46;
CEBB : 46;
CEBC : 46;
CEBD : 46;
CEBE : 46;
CEBF : 46;
CEC0 : 1D;
CEC1 : 5D;
CEC2 : 7C;
CEC3 : 7C;
CEC4 : 7C;
CEC5 : 7C;
CEC6 : 7C;
CEC7 : 7C;
CEC8 : 1D;
CEC9 : 5D;
CECA : 7C;
CECB : 7C;
CECC : 7C;
CECD : 7C;
CECE : 7C;
CECF : 7C;
CED0 : 1D;
CED1 : 3D;
CED2 : 9C;
CED3 : 7C;
CED4 : 7C;
CED5 : 7C;
CED6 : 7C;
CED7 : 7C;
CED8 : 2A;
CED9 : 31;
CEDA : 3D;
CEDB : 3D;
CEDC : 3D;
CEDD : 3D;
CEDE : 3D;
CEDF : 3D;
CEE0 : 26;
CEE1 : 2E;
CEE2 : 1D;
CEE3 : 1D;
CEE4 : 1D;
CEE5 : 1D;
CEE6 : 1D;
CEE7 : 1D;
CEE8 : 26;
CEE9 : 2E;
CEEA : 1D;
CEEB : 1D;
CEEC : 1D;
CEED : 1D;
CEEE : 1D;
CEEF : 1D;
CEF0 : 26;
CEF1 : 2E;
CEF2 : 1D;
CEF3 : 1D;
CEF4 : 1D;
CEF5 : 1D;
CEF6 : 1D;
CEF7 : 1D;
CEF8 : 26;
CEF9 : 2E;
CEFA : 1D;
CEFB : 1D;
CEFC : 1D;
CEFD : 1D;
CEFE : 1D;
CEFF : 1D;
CF00 : 7C;
CF01 : 7C;
CF02 : 7C;
CF03 : 7C;
CF04 : 7C;
CF05 : 9C;
CF06 : 3D;
CF07 : 1E;
CF08 : 7C;
CF09 : 7C;
CF0A : 7C;
CF0B : 7C;
CF0C : 7C;
CF0D : 9C;
CF0E : 3D;
CF0F : 1E;
CF10 : 7C;
CF11 : 7C;
CF12 : 7C;
CF13 : 7C;
CF14 : 9C;
CF15 : 9C;
CF16 : 3D;
CF17 : 1E;
CF18 : 3D;
CF19 : 3D;
CF1A : 3D;
CF1B : 3D;
CF1C : 3D;
CF1D : 3D;
CF1E : 5C;
CF1F : 7C;
CF20 : 1D;
CF21 : 1D;
CF22 : 1D;
CF23 : 1D;
CF24 : 1D;
CF25 : 1D;
CF26 : 5C;
CF27 : 9C;
CF28 : 1D;
CF29 : 1D;
CF2A : 1D;
CF2B : 1D;
CF2C : 1D;
CF2D : 1D;
CF2E : 5C;
CF2F : 9C;
CF30 : 1D;
CF31 : 1D;
CF32 : 1D;
CF33 : 1D;
CF34 : 1D;
CF35 : 1D;
CF36 : 5C;
CF37 : 9C;
CF38 : 1D;
CF39 : 1D;
CF3A : 1D;
CF3B : 1D;
CF3C : 1D;
CF3D : 1D;
CF3E : 5C;
CF3F : 9C;
CF40 : 1E;
CF41 : 1E;
CF42 : 1E;
CF43 : 1E;
CF44 : 1E;
CF45 : 1E;
CF46 : 1E;
CF47 : 1E;
CF48 : 1E;
CF49 : 1E;
CF4A : 1E;
CF4B : 1E;
CF4C : 1E;
CF4D : 1E;
CF4E : 1E;
CF4F : 1E;
CF50 : 1E;
CF51 : 1E;
CF52 : 1E;
CF53 : 1E;
CF54 : 1E;
CF55 : 1E;
CF56 : 1E;
CF57 : 1E;
CF58 : 7C;
CF59 : 7C;
CF5A : 7C;
CF5B : 7C;
CF5C : 7C;
CF5D : 7C;
CF5E : 7C;
CF5F : 7C;
CF60 : 9C;
CF61 : 7C;
CF62 : 7C;
CF63 : 7C;
CF64 : 7C;
CF65 : 7C;
CF66 : 7C;
CF67 : 7C;
CF68 : 7C;
CF69 : 7C;
CF6A : 7C;
CF6B : 7C;
CF6C : 7C;
CF6D : 7C;
CF6E : 7C;
CF6F : 7C;
CF70 : 7C;
CF71 : 7C;
CF72 : 7C;
CF73 : 7C;
CF74 : 7C;
CF75 : 7C;
CF76 : 7C;
CF77 : 7C;
CF78 : 7C;
CF79 : 7C;
CF7A : 7C;
CF7B : 7C;
CF7C : 7C;
CF7D : 7C;
CF7E : 7C;
CF7F : 7C;
CF80 : 1E;
CF81 : 1E;
CF82 : 1E;
CF83 : 2E;
CF84 : 42;
CF85 : 46;
CF86 : 46;
CF87 : 46;
CF88 : 1E;
CF89 : 1E;
CF8A : 1E;
CF8B : 2E;
CF8C : 42;
CF8D : 26;
CF8E : 46;
CF8F : 46;
CF90 : 1E;
CF91 : 1E;
CF92 : 1E;
CF93 : 2E;
CF94 : 43;
CF95 : 46;
CF96 : 46;
CF97 : 46;
CF98 : 7C;
CF99 : 7C;
CF9A : 7C;
CF9B : 3D;
CF9C : 1A;
CF9D : 1A;
CF9E : 1A;
CF9F : 1A;
CFA0 : 7C;
CFA1 : 7C;
CFA2 : 7C;
CFA3 : 3D;
CFA4 : 1E;
CFA5 : 1E;
CFA6 : 1E;
CFA7 : 1E;
CFA8 : 7C;
CFA9 : 7C;
CFAA : 7C;
CFAB : 3D;
CFAC : 1E;
CFAD : 1E;
CFAE : 1E;
CFAF : 1E;
CFB0 : 7C;
CFB1 : 7C;
CFB2 : 7C;
CFB3 : 3D;
CFB4 : 1E;
CFB5 : 1E;
CFB6 : 1E;
CFB7 : 1E;
CFB8 : 7C;
CFB9 : 7C;
CFBA : 7C;
CFBB : 3D;
CFBC : 1E;
CFBD : 1E;
CFBE : 1E;
CFBF : 1E;
CFC0 : 46;
CFC1 : 46;
CFC2 : 46;
CFC3 : 46;
CFC4 : 46;
CFC5 : 46;
CFC6 : 46;
CFC7 : 46;
CFC8 : 46;
CFC9 : 46;
CFCA : 46;
CFCB : 46;
CFCC : 46;
CFCD : 46;
CFCE : 46;
CFCF : 26;
CFD0 : 46;
CFD1 : 46;
CFD2 : 46;
CFD3 : 46;
CFD4 : 46;
CFD5 : 46;
CFD6 : 46;
CFD7 : 46;
CFD8 : 1A;
CFD9 : 1A;
CFDA : 1A;
CFDB : 1A;
CFDC : 1A;
CFDD : 1A;
CFDE : 1A;
CFDF : 3A;
CFE0 : 1E;
CFE1 : 1E;
CFE2 : 1E;
CFE3 : 1E;
CFE4 : 1E;
CFE5 : 1E;
CFE6 : 1E;
CFE7 : 3E;
CFE8 : 1E;
CFE9 : 1E;
CFEA : 1E;
CFEB : 1E;
CFEC : 1E;
CFED : 1E;
CFEE : 1E;
CFEF : 3E;
CFF0 : 1E;
CFF1 : 1E;
CFF2 : 1E;
CFF3 : 1E;
CFF4 : 1E;
CFF5 : 1E;
CFF6 : 1E;
CFF7 : 3E;
CFF8 : 1E;
CFF9 : 1E;
CFFA : 1E;
CFFB : 1E;
CFFC : 1E;
CFFD : 1E;
CFFE : 1E;
CFFF : 3E;
D000 : 17;
D001 : 17;
D002 : 17;
D003 : 17;
D004 : 17;
D005 : 17;
D006 : 17;
D007 : 17;
D008 : 17;
D009 : 17;
D00A : 17;
D00B : 17;
D00C : 17;
D00D : 17;
D00E : 17;
D00F : 17;
D010 : 17;
D011 : 17;
D012 : 17;
D013 : 17;
D014 : 17;
D015 : 17;
D016 : 17;
D017 : 17;
D018 : 97;
D019 : 93;
D01A : 93;
D01B : 93;
D01C : 93;
D01D : 93;
D01E : 93;
D01F : 93;
D020 : B3;
D021 : 93;
D022 : 93;
D023 : B3;
D024 : B3;
D025 : B3;
D026 : B3;
D027 : B3;
D028 : B3;
D029 : 93;
D02A : 93;
D02B : 93;
D02C : 93;
D02D : 93;
D02E : 93;
D02F : 93;
D030 : B3;
D031 : 93;
D032 : 93;
D033 : 93;
D034 : 93;
D035 : 93;
D036 : 93;
D037 : 93;
D038 : B3;
D039 : 93;
D03A : 93;
D03B : 93;
D03C : 93;
D03D : 93;
D03E : 93;
D03F : 93;
D040 : 17;
D041 : 17;
D042 : 17;
D043 : 17;
D044 : 37;
D045 : BC;
D046 : BC;
D047 : 9C;
D048 : 17;
D049 : 17;
D04A : 17;
D04B : 17;
D04C : 37;
D04D : BC;
D04E : BC;
D04F : BC;
D050 : 17;
D051 : 17;
D052 : 17;
D053 : 17;
D054 : 37;
D055 : 9C;
D056 : 9C;
D057 : 9C;
D058 : 93;
D059 : 93;
D05A : 93;
D05B : 93;
D05C : 77;
D05D : 37;
D05E : 37;
D05F : 37;
D060 : B3;
D061 : B3;
D062 : B3;
D063 : B3;
D064 : 93;
D065 : 17;
D066 : 17;
D067 : 17;
D068 : 93;
D069 : 93;
D06A : 93;
D06B : 93;
D06C : 93;
D06D : 17;
D06E : 17;
D06F : 17;
D070 : 93;
D071 : 93;
D072 : 93;
D073 : 93;
D074 : 93;
D075 : 17;
D076 : 17;
D077 : 17;
D078 : 93;
D079 : 93;
D07A : 93;
D07B : 93;
D07C : 93;
D07D : 17;
D07E : 17;
D07F : 17;
D080 : 9C;
D081 : 9C;
D082 : 9C;
D083 : 9C;
D084 : 9C;
D085 : 9C;
D086 : 9C;
D087 : 9C;
D088 : BC;
D089 : BC;
D08A : BC;
D08B : BC;
D08C : BC;
D08D : BC;
D08E : BC;
D08F : 9C;
D090 : 9C;
D091 : 9C;
D092 : 9C;
D093 : 9C;
D094 : 9C;
D095 : 9C;
D096 : 9C;
D097 : BC;
D098 : 37;
D099 : 37;
D09A : 37;
D09B : 37;
D09C : 37;
D09D : 37;
D09E : 37;
D09F : 37;
D0A0 : 17;
D0A1 : 17;
D0A2 : 17;
D0A3 : 17;
D0A4 : 17;
D0A5 : 17;
D0A6 : 17;
D0A7 : 17;
D0A8 : 17;
D0A9 : 17;
D0AA : 17;
D0AB : 17;
D0AC : 17;
D0AD : 17;
D0AE : 17;
D0AF : 17;
D0B0 : 17;
D0B1 : 17;
D0B2 : 17;
D0B3 : 17;
D0B4 : 17;
D0B5 : 17;
D0B6 : 17;
D0B7 : 17;
D0B8 : 17;
D0B9 : 17;
D0BA : 17;
D0BB : 17;
D0BC : 17;
D0BD : 17;
D0BE : 17;
D0BF : 17;
D0C0 : BC;
D0C1 : 7A;
D0C2 : 17;
D0C3 : 17;
D0C4 : 17;
D0C5 : 17;
D0C6 : 17;
D0C7 : 17;
D0C8 : BC;
D0C9 : 7A;
D0CA : 17;
D0CB : 17;
D0CC : 17;
D0CD : 17;
D0CE : 17;
D0CF : 17;
D0D0 : BC;
D0D1 : 7A;
D0D2 : 17;
D0D3 : 17;
D0D4 : 17;
D0D5 : 17;
D0D6 : 17;
D0D7 : 17;
D0D8 : 37;
D0D9 : 5A;
D0DA : 99;
D0DB : 99;
D0DC : 99;
D0DD : 99;
D0DE : 99;
D0DF : 99;
D0E0 : 17;
D0E1 : 5A;
D0E2 : BC;
D0E3 : 9C;
D0E4 : 9C;
D0E5 : 9C;
D0E6 : 9C;
D0E7 : 9C;
D0E8 : 17;
D0E9 : 5A;
D0EA : BC;
D0EB : 9C;
D0EC : 9C;
D0ED : 9C;
D0EE : 9C;
D0EF : 9C;
D0F0 : 17;
D0F1 : 5A;
D0F2 : BC;
D0F3 : 9C;
D0F4 : 9C;
D0F5 : 9C;
D0F6 : 9C;
D0F7 : 9C;
D0F8 : 17;
D0F9 : 5A;
D0FA : BC;
D0FB : 9C;
D0FC : 9C;
D0FD : 9C;
D0FE : 9C;
D0FF : 9C;
D100 : 17;
D101 : 17;
D102 : 17;
D103 : 17;
D104 : 17;
D105 : 17;
D106 : 77;
D107 : B3;
D108 : 17;
D109 : 17;
D10A : 17;
D10B : 17;
D10C : 17;
D10D : 17;
D10E : 77;
D10F : B3;
D110 : 17;
D111 : 17;
D112 : 17;
D113 : 17;
D114 : 17;
D115 : 17;
D116 : 77;
D117 : B3;
D118 : 99;
D119 : 99;
D11A : 99;
D11B : 99;
D11C : 99;
D11D : 99;
D11E : 5A;
D11F : 37;
D120 : 9C;
D121 : 9C;
D122 : 9C;
D123 : 9C;
D124 : BC;
D125 : BC;
D126 : 5A;
D127 : 17;
D128 : 9C;
D129 : 9C;
D12A : 9C;
D12B : 9C;
D12C : 9C;
D12D : BC;
D12E : 5A;
D12F : 17;
D130 : 9C;
D131 : 9C;
D132 : 9C;
D133 : 9C;
D134 : 9C;
D135 : BC;
D136 : 5A;
D137 : 17;
D138 : 9C;
D139 : 9C;
D13A : 9C;
D13B : 9C;
D13C : 9C;
D13D : BC;
D13E : 5A;
D13F : 17;
D140 : 93;
D141 : 93;
D142 : 93;
D143 : 93;
D144 : 93;
D145 : 93;
D146 : 93;
D147 : 93;
D148 : 93;
D149 : 93;
D14A : 93;
D14B : 93;
D14C : 93;
D14D : 93;
D14E : 93;
D14F : 93;
D150 : B3;
D151 : B3;
D152 : B3;
D153 : B3;
D154 : B3;
D155 : B3;
D156 : B3;
D157 : B3;
D158 : 37;
D159 : 37;
D15A : 37;
D15B : 37;
D15C : 37;
D15D : 37;
D15E : 37;
D15F : 37;
D160 : 17;
D161 : 17;
D162 : 17;
D163 : 17;
D164 : 17;
D165 : 17;
D166 : 17;
D167 : 17;
D168 : 17;
D169 : 17;
D16A : 17;
D16B : 17;
D16C : 17;
D16D : 17;
D16E : 17;
D16F : 17;
D170 : 17;
D171 : 17;
D172 : 17;
D173 : 17;
D174 : 17;
D175 : 17;
D176 : 17;
D177 : 17;
D178 : 17;
D179 : 17;
D17A : 17;
D17B : 17;
D17C : 17;
D17D : 17;
D17E : 17;
D17F : 17;
D180 : 93;
D181 : 93;
D182 : B3;
D183 : A9;
D184 : A5;
D185 : A5;
D186 : A5;
D187 : A5;
D188 : 93;
D189 : 93;
D18A : B3;
D18B : A9;
D18C : A5;
D18D : A5;
D18E : A5;
D18F : A5;
D190 : B3;
D191 : B3;
D192 : B3;
D193 : A9;
D194 : A5;
D195 : A5;
D196 : A5;
D197 : A5;
D198 : 37;
D199 : 37;
D19A : 37;
D19B : 93;
D19C : 93;
D19D : 92;
D19E : 92;
D19F : 92;
D1A0 : 17;
D1A1 : 17;
D1A2 : 17;
D1A3 : 93;
D1A4 : 93;
D1A5 : B3;
D1A6 : B3;
D1A7 : B3;
D1A8 : 17;
D1A9 : 17;
D1AA : 17;
D1AB : 93;
D1AC : 93;
D1AD : B3;
D1AE : B3;
D1AF : B3;
D1B0 : 17;
D1B1 : 17;
D1B2 : 17;
D1B3 : 93;
D1B4 : B3;
D1B5 : B3;
D1B6 : B3;
D1B7 : B3;
D1B8 : 17;
D1B9 : 17;
D1BA : 17;
D1BB : 93;
D1BC : B3;
D1BD : B3;
D1BE : B3;
D1BF : B3;
D1C0 : A5;
D1C1 : A5;
D1C2 : A5;
D1C3 : A5;
D1C4 : A5;
D1C5 : A5;
D1C6 : A5;
D1C7 : A9;
D1C8 : A5;
D1C9 : A5;
D1CA : A5;
D1CB : A5;
D1CC : A5;
D1CD : A5;
D1CE : A5;
D1CF : A9;
D1D0 : A5;
D1D1 : A5;
D1D2 : A5;
D1D3 : A5;
D1D4 : A5;
D1D5 : A5;
D1D6 : A5;
D1D7 : A9;
D1D8 : 92;
D1D9 : 92;
D1DA : 92;
D1DB : 92;
D1DC : 92;
D1DD : 92;
D1DE : 92;
D1DF : 92;
D1E0 : B3;
D1E1 : B3;
D1E2 : B3;
D1E3 : B3;
D1E4 : 93;
D1E5 : 93;
D1E6 : B3;
D1E7 : 97;
D1E8 : B3;
D1E9 : B3;
D1EA : B3;
D1EB : B3;
D1EC : 93;
D1ED : 93;
D1EE : B3;
D1EF : 97;
D1F0 : B3;
D1F1 : B3;
D1F2 : B3;
D1F3 : B3;
D1F4 : 93;
D1F5 : 93;
D1F6 : B3;
D1F7 : 97;
D1F8 : B3;
D1F9 : B3;
D1FA : B3;
D1FB : B3;
D1FC : 93;
D1FD : 93;
D1FE : B3;
D1FF : 97;
D200 : 9C;
D201 : 7C;
D202 : 7C;
D203 : 7C;
D204 : 7C;
D205 : 7C;
D206 : 7C;
D207 : 7C;
D208 : 9C;
D209 : 7C;
D20A : 7C;
D20B : 7C;
D20C : 7C;
D20D : 7C;
D20E : 7C;
D20F : 7C;
D210 : 9C;
D211 : 7C;
D212 : 7C;
D213 : 7C;
D214 : 7C;
D215 : 7C;
D216 : 7C;
D217 : 7C;
D218 : 3D;
D219 : 1D;
D21A : 3D;
D21B : 1D;
D21C : 3D;
D21D : 3D;
D21E : 3D;
D21F : 3D;
D220 : 3E;
D221 : 1E;
D222 : 1E;
D223 : 1E;
D224 : 1E;
D225 : 1E;
D226 : 1E;
D227 : 1E;
D228 : 3E;
D229 : 1E;
D22A : 1E;
D22B : 1E;
D22C : 1E;
D22D : 1E;
D22E : 1E;
D22F : 1E;
D230 : 3E;
D231 : 1E;
D232 : 1E;
D233 : 1E;
D234 : 1E;
D235 : 1E;
D236 : 1E;
D237 : 1E;
D238 : 3E;
D239 : 1E;
D23A : 1E;
D23B : 1E;
D23C : 1E;
D23D : 1E;
D23E : 1E;
D23F : 1E;
D240 : 7C;
D241 : 7C;
D242 : 7C;
D243 : 7C;
D244 : B8;
D245 : F0;
D246 : F0;
D247 : F0;
D248 : 7C;
D249 : 7C;
D24A : 7C;
D24B : 7C;
D24C : B8;
D24D : F0;
D24E : F0;
D24F : F0;
D250 : 7C;
D251 : 7C;
D252 : 7C;
D253 : 7C;
D254 : B8;
D255 : F0;
D256 : F0;
D257 : F0;
D258 : 3D;
D259 : 3D;
D25A : 3D;
D25B : 1E;
D25C : 5D;
D25D : 9C;
D25E : 98;
D25F : 98;
D260 : 1E;
D261 : 1E;
D262 : 1E;
D263 : 1E;
D264 : 3D;
D265 : 7C;
D266 : 7C;
D267 : 7C;
D268 : 1E;
D269 : 1E;
D26A : 1E;
D26B : 1E;
D26C : 3D;
D26D : 7C;
D26E : 7C;
D26F : 7C;
D270 : 1E;
D271 : 1E;
D272 : 1E;
D273 : 1E;
D274 : 3D;
D275 : 7C;
D276 : 7C;
D277 : 7C;
D278 : 1E;
D279 : 1E;
D27A : 1E;
D27B : 1E;
D27C : 3D;
D27D : 7C;
D27E : 7C;
D27F : 7C;
D280 : F0;
D281 : F0;
D282 : F0;
D283 : F0;
D284 : F0;
D285 : F0;
D286 : F0;
D287 : F0;
D288 : F0;
D289 : F0;
D28A : F0;
D28B : F0;
D28C : F0;
D28D : F0;
D28E : F0;
D28F : F0;
D290 : F0;
D291 : F0;
D292 : F0;
D293 : F0;
D294 : F0;
D295 : F0;
D296 : F0;
D297 : F0;
D298 : 9C;
D299 : 9C;
D29A : 9C;
D29B : 9C;
D29C : 9C;
D29D : 9C;
D29E : 9C;
D29F : 9C;
D2A0 : 7C;
D2A1 : 7C;
D2A2 : 7C;
D2A3 : 7C;
D2A4 : 7C;
D2A5 : 7C;
D2A6 : 7C;
D2A7 : 7C;
D2A8 : 7C;
D2A9 : 7C;
D2AA : 7C;
D2AB : 7C;
D2AC : 7C;
D2AD : 7C;
D2AE : 7C;
D2AF : 7C;
D2B0 : 7C;
D2B1 : 7C;
D2B2 : 7C;
D2B3 : 7C;
D2B4 : 7C;
D2B5 : 7C;
D2B6 : 7C;
D2B7 : 7C;
D2B8 : 7C;
D2B9 : 7C;
D2BA : 7C;
D2BB : 7C;
D2BC : 7C;
D2BD : 7C;
D2BE : 7C;
D2BF : 7C;
D2C0 : F0;
D2C1 : AC;
D2C2 : 26;
D2C3 : 46;
D2C4 : 46;
D2C5 : 46;
D2C6 : 46;
D2C7 : 46;
D2C8 : F0;
D2C9 : AC;
D2CA : 26;
D2CB : 46;
D2CC : 26;
D2CD : 46;
D2CE : 46;
D2CF : 46;
D2D0 : F0;
D2D1 : AC;
D2D2 : 26;
D2D3 : 26;
D2D4 : 26;
D2D5 : 26;
D2D6 : 26;
D2D7 : 26;
D2D8 : 9C;
D2D9 : B4;
D2DA : CC;
D2DB : CC;
D2DC : CC;
D2DD : CC;
D2DE : CC;
D2DF : CC;
D2E0 : 7C;
D2E1 : 98;
D2E2 : EC;
D2E3 : F0;
D2E4 : F0;
D2E5 : F0;
D2E6 : F0;
D2E7 : F0;
D2E8 : 7C;
D2E9 : 98;
D2EA : EC;
D2EB : F0;
D2EC : F0;
D2ED : F0;
D2EE : F0;
D2EF : F0;
D2F0 : 7C;
D2F1 : 98;
D2F2 : EC;
D2F3 : F0;
D2F4 : F0;
D2F5 : F0;
D2F6 : F0;
D2F7 : F0;
D2F8 : 7C;
D2F9 : 98;
D2FA : EC;
D2FB : F0;
D2FC : F0;
D2FD : F0;
D2FE : F0;
D2FF : F0;
D300 : 46;
D301 : 46;
D302 : 46;
D303 : 46;
D304 : 46;
D305 : 26;
D306 : C3;
D307 : E3;
D308 : 46;
D309 : 46;
D30A : 46;
D30B : 46;
D30C : 46;
D30D : 26;
D30E : C3;
D30F : E3;
D310 : 26;
D311 : 26;
D312 : 26;
D313 : 26;
D314 : 26;
D315 : 26;
D316 : C3;
D317 : E3;
D318 : CC;
D319 : CC;
D31A : CC;
D31B : CC;
D31C : CC;
D31D : CC;
D31E : 8A;
D31F : 66;
D320 : F0;
D321 : F0;
D322 : F0;
D323 : F0;
D324 : F0;
D325 : F0;
D326 : 89;
D327 : 26;
D328 : F0;
D329 : F0;
D32A : F0;
D32B : F0;
D32C : F0;
D32D : F0;
D32E : 89;
D32F : 26;
D330 : F0;
D331 : F0;
D332 : F0;
D333 : F0;
D334 : F0;
D335 : F0;
D336 : 89;
D337 : 26;
D338 : F0;
D339 : F0;
D33A : F0;
D33B : F0;
D33C : F0;
D33D : F0;
D33E : 89;
D33F : 26;
D340 : E3;
D341 : E3;
D342 : E3;
D343 : E3;
D344 : E3;
D345 : E3;
D346 : E3;
D347 : E3;
D348 : E3;
D349 : E3;
D34A : E3;
D34B : E3;
D34C : E3;
D34D : E3;
D34E : E3;
D34F : E3;
D350 : E3;
D351 : E3;
D352 : E3;
D353 : E3;
D354 : E3;
D355 : E3;
D356 : E3;
D357 : E3;
D358 : 66;
D359 : 66;
D35A : 66;
D35B : 66;
D35C : 66;
D35D : 66;
D35E : 66;
D35F : 66;
D360 : 46;
D361 : 46;
D362 : 46;
D363 : 46;
D364 : 26;
D365 : 26;
D366 : 26;
D367 : 26;
D368 : 46;
D369 : 46;
D36A : 46;
D36B : 46;
D36C : 46;
D36D : 46;
D36E : 46;
D36F : 46;
D370 : 46;
D371 : 46;
D372 : 46;
D373 : 46;
D374 : 46;
D375 : 46;
D376 : 46;
D377 : 46;
D378 : 46;
D379 : 46;
D37A : 46;
D37B : 46;
D37C : 46;
D37D : 46;
D37E : 46;
D37F : 46;
D380 : E3;
D381 : E3;
D382 : E3;
D383 : A9;
D384 : AC;
D385 : A8;
D386 : A8;
D387 : A8;
D388 : E3;
D389 : E3;
D38A : E3;
D38B : A9;
D38C : AC;
D38D : A8;
D38E : A8;
D38F : A8;
D390 : E3;
D391 : E3;
D392 : E3;
D393 : A9;
D394 : 8C;
D395 : A8;
D396 : A8;
D397 : A8;
D398 : 66;
D399 : 66;
D39A : 66;
D39B : C7;
D39C : E3;
D39D : E3;
D39E : E3;
D39F : E3;
D3A0 : 46;
D3A1 : 46;
D3A2 : 26;
D3A3 : C3;
D3A4 : E3;
D3A5 : E3;
D3A6 : E3;
D3A7 : E3;
D3A8 : 46;
D3A9 : 46;
D3AA : 46;
D3AB : C3;
D3AC : E3;
D3AD : E3;
D3AE : E3;
D3AF : E3;
D3B0 : 46;
D3B1 : 46;
D3B2 : 46;
D3B3 : C3;
D3B4 : E3;
D3B5 : E3;
D3B6 : E3;
D3B7 : E3;
D3B8 : 46;
D3B9 : 46;
D3BA : 46;
D3BB : C3;
D3BC : E3;
D3BD : E3;
D3BE : E3;
D3BF : E3;
D3C0 : A8;
D3C1 : A8;
D3C2 : A8;
D3C3 : A8;
D3C4 : A8;
D3C5 : A8;
D3C6 : A8;
D3C7 : A8;
D3C8 : A8;
D3C9 : A8;
D3CA : A8;
D3CB : A8;
D3CC : A8;
D3CD : A8;
D3CE : AC;
D3CF : A8;
D3D0 : A8;
D3D1 : A8;
D3D2 : A8;
D3D3 : A8;
D3D4 : A8;
D3D5 : A8;
D3D6 : 8C;
D3D7 : A8;
D3D8 : E3;
D3D9 : E3;
D3DA : E3;
D3DB : E3;
D3DC : E3;
D3DD : E3;
D3DE : E3;
D3DF : E6;
D3E0 : E3;
D3E1 : E3;
D3E2 : E3;
D3E3 : E3;
D3E4 : E3;
D3E5 : E3;
D3E6 : E3;
D3E7 : E3;
D3E8 : E3;
D3E9 : E3;
D3EA : E3;
D3EB : E3;
D3EC : E3;
D3ED : E3;
D3EE : E3;
D3EF : E3;
D3F0 : E3;
D3F1 : E3;
D3F2 : E3;
D3F3 : E3;
D3F4 : E3;
D3F5 : E3;
D3F6 : E3;
D3F7 : E3;
D3F8 : E3;
D3F9 : E3;
D3FA : E3;
D3FB : E3;
D3FC : E3;
D3FD : E3;
D3FE : E3;
D3FF : E3;
D400 : E0;
D401 : E0;
D402 : E0;
D403 : E0;
D404 : E0;
D405 : E0;
D406 : E0;
D407 : E0;
D408 : E0;
D409 : E0;
D40A : E0;
D40B : E0;
D40C : E0;
D40D : E0;
D40E : E0;
D40F : E0;
D410 : E0;
D411 : E1;
D412 : E1;
D413 : E1;
D414 : E1;
D415 : E1;
D416 : E0;
D417 : E0;
D418 : E9;
D419 : E8;
D41A : E8;
D41B : E8;
D41C : E8;
D41D : E8;
D41E : E8;
D41F : E8;
D420 : E9;
D421 : EC;
D422 : EC;
D423 : EC;
D424 : E8;
D425 : E8;
D426 : E8;
D427 : E8;
D428 : E9;
D429 : EC;
D42A : E8;
D42B : E8;
D42C : E8;
D42D : E8;
D42E : E8;
D42F : E8;
D430 : E9;
D431 : EC;
D432 : E8;
D433 : E8;
D434 : E8;
D435 : E8;
D436 : E8;
D437 : E8;
D438 : E9;
D439 : EC;
D43A : E8;
D43B : E8;
D43C : E8;
D43D : E8;
D43E : E8;
D43F : E8;
D440 : E0;
D441 : E0;
D442 : E0;
D443 : E0;
D444 : C9;
D445 : 1B;
D446 : 1B;
D447 : 1B;
D448 : E0;
D449 : E0;
D44A : E0;
D44B : E0;
D44C : C9;
D44D : 1B;
D44E : 1B;
D44F : 1B;
D450 : E0;
D451 : E0;
D452 : E0;
D453 : E0;
D454 : C9;
D455 : 1B;
D456 : 1B;
D457 : 1B;
D458 : E8;
D459 : E8;
D45A : E8;
D45B : E8;
D45C : E8;
D45D : C5;
D45E : C5;
D45F : C9;
D460 : EC;
D461 : EC;
D462 : E8;
D463 : E8;
D464 : E8;
D465 : E1;
D466 : E0;
D467 : E0;
D468 : E8;
D469 : E8;
D46A : E8;
D46B : E8;
D46C : E8;
D46D : E1;
D46E : E0;
D46F : E0;
D470 : E8;
D471 : E8;
D472 : E8;
D473 : E8;
D474 : E8;
D475 : E1;
D476 : E0;
D477 : E0;
D478 : E8;
D479 : E8;
D47A : E8;
D47B : E8;
D47C : E8;
D47D : E1;
D47E : E0;
D47F : E0;
D480 : 1B;
D481 : 1B;
D482 : 1B;
D483 : 1B;
D484 : 1B;
D485 : 1B;
D486 : 1B;
D487 : 1B;
D488 : 1B;
D489 : 1B;
D48A : 1B;
D48B : 1B;
D48C : 1B;
D48D : 1B;
D48E : 1B;
D48F : 1B;
D490 : 1B;
D491 : 1B;
D492 : 1B;
D493 : 1B;
D494 : 1B;
D495 : 1B;
D496 : 1B;
D497 : 1B;
D498 : C9;
D499 : E5;
D49A : C5;
D49B : C9;
D49C : C9;
D49D : C9;
D49E : C9;
D49F : C9;
D4A0 : E0;
D4A1 : E0;
D4A2 : E0;
D4A3 : E0;
D4A4 : E0;
D4A5 : E0;
D4A6 : E0;
D4A7 : E0;
D4A8 : E0;
D4A9 : E0;
D4AA : E0;
D4AB : E0;
D4AC : E0;
D4AD : E0;
D4AE : E0;
D4AF : E0;
D4B0 : E0;
D4B1 : E0;
D4B2 : E0;
D4B3 : E0;
D4B4 : E0;
D4B5 : E0;
D4B6 : E0;
D4B7 : E0;
D4B8 : E0;
D4B9 : E0;
D4BA : E0;
D4BB : E0;
D4BC : E0;
D4BD : E0;
D4BE : E0;
D4BF : E0;
D4C0 : 1B;
D4C1 : 93;
D4C2 : E3;
D4C3 : E3;
D4C4 : E3;
D4C5 : E3;
D4C6 : E3;
D4C7 : E3;
D4C8 : 1B;
D4C9 : 93;
D4CA : E3;
D4CB : E3;
D4CC : E3;
D4CD : E3;
D4CE : E3;
D4CF : E3;
D4D0 : 1B;
D4D1 : AF;
D4D2 : E3;
D4D3 : E3;
D4D4 : E3;
D4D5 : E3;
D4D6 : E3;
D4D7 : E3;
D4D8 : E5;
D4D9 : 8E;
D4DA : 57;
D4DB : 57;
D4DC : 57;
D4DD : 57;
D4DE : 57;
D4DF : 57;
D4E0 : E0;
D4E1 : 8E;
D4E2 : 1B;
D4E3 : 1B;
D4E4 : 1B;
D4E5 : 1B;
D4E6 : 1B;
D4E7 : 1B;
D4E8 : E0;
D4E9 : 8E;
D4EA : 1B;
D4EB : 1B;
D4EC : 1B;
D4ED : 1B;
D4EE : 1B;
D4EF : 1B;
D4F0 : E0;
D4F1 : 8E;
D4F2 : 1B;
D4F3 : 1B;
D4F4 : 1B;
D4F5 : 1B;
D4F6 : 1B;
D4F7 : 1B;
D4F8 : E0;
D4F9 : 8E;
D4FA : 1B;
D4FB : 1B;
D4FC : 1B;
D4FD : 1B;
D4FE : 1B;
D4FF : 1B;
D500 : E3;
D501 : E3;
D502 : E3;
D503 : E3;
D504 : E3;
D505 : E3;
D506 : E1;
D507 : E0;
D508 : E3;
D509 : E3;
D50A : E3;
D50B : E3;
D50C : E3;
D50D : E3;
D50E : E1;
D50F : E0;
D510 : E3;
D511 : E3;
D512 : E3;
D513 : E3;
D514 : E3;
D515 : E3;
D516 : E1;
D517 : E0;
D518 : 57;
D519 : 57;
D51A : 57;
D51B : 57;
D51C : 57;
D51D : 37;
D51E : AB;
D51F : E3;
D520 : 1B;
D521 : 1B;
D522 : 1B;
D523 : 1B;
D524 : 1B;
D525 : 1B;
D526 : 8B;
D527 : E3;
D528 : 1B;
D529 : 1B;
D52A : 1B;
D52B : 1B;
D52C : 1B;
D52D : 1B;
D52E : 8B;
D52F : E3;
D530 : 1B;
D531 : 1B;
D532 : 1B;
D533 : 1B;
D534 : 1B;
D535 : 1B;
D536 : 8B;
D537 : E3;
D538 : 1B;
D539 : 1B;
D53A : 1B;
D53B : 1B;
D53C : 1B;
D53D : 1B;
D53E : 8B;
D53F : E3;
D540 : E0;
D541 : E0;
D542 : E0;
D543 : E0;
D544 : E0;
D545 : E0;
D546 : E0;
D547 : E0;
D548 : E0;
D549 : E0;
D54A : E0;
D54B : E0;
D54C : E0;
D54D : E0;
D54E : E0;
D54F : E0;
D550 : E0;
D551 : E0;
D552 : E0;
D553 : E0;
D554 : E0;
D555 : E0;
D556 : E0;
D557 : E0;
D558 : E3;
D559 : E3;
D55A : E3;
D55B : E3;
D55C : E3;
D55D : E3;
D55E : E3;
D55F : E3;
D560 : E3;
D561 : E3;
D562 : E3;
D563 : E3;
D564 : E3;
D565 : E3;
D566 : E3;
D567 : E3;
D568 : E3;
D569 : E3;
D56A : E3;
D56B : E3;
D56C : E3;
D56D : E3;
D56E : E3;
D56F : E3;
D570 : E3;
D571 : E3;
D572 : E3;
D573 : E3;
D574 : E3;
D575 : E3;
D576 : E3;
D577 : E3;
D578 : E3;
D579 : E3;
D57A : E3;
D57B : E3;
D57C : E3;
D57D : E3;
D57E : E3;
D57F : E3;
D580 : E0;
D581 : E0;
D582 : E4;
D583 : AC;
D584 : B0;
D585 : B0;
D586 : B0;
D587 : B0;
D588 : E0;
D589 : E0;
D58A : E4;
D58B : CC;
D58C : B0;
D58D : B0;
D58E : B0;
D58F : B0;
D590 : E0;
D591 : E0;
D592 : E4;
D593 : AC;
D594 : 90;
D595 : B0;
D596 : B0;
D597 : B0;
D598 : E3;
D599 : E3;
D59A : E3;
D59B : E5;
D59C : E4;
D59D : E4;
D59E : E4;
D59F : E4;
D5A0 : E3;
D5A1 : E3;
D5A2 : E3;
D5A3 : E1;
D5A4 : E0;
D5A5 : E0;
D5A6 : E0;
D5A7 : E0;
D5A8 : E3;
D5A9 : E3;
D5AA : E3;
D5AB : E1;
D5AC : E0;
D5AD : E0;
D5AE : E0;
D5AF : E0;
D5B0 : E3;
D5B1 : E3;
D5B2 : E3;
D5B3 : E1;
D5B4 : E0;
D5B5 : E0;
D5B6 : E0;
D5B7 : E0;
D5B8 : E3;
D5B9 : E3;
D5BA : E3;
D5BB : E1;
D5BC : E0;
D5BD : E0;
D5BE : E0;
D5BF : E0;
D5C0 : B0;
D5C1 : B0;
D5C2 : B0;
D5C3 : B0;
D5C4 : B0;
D5C5 : B0;
D5C6 : B0;
D5C7 : B0;
D5C8 : B0;
D5C9 : B0;
D5CA : B0;
D5CB : B0;
D5CC : B0;
D5CD : B0;
D5CE : B0;
D5CF : B0;
D5D0 : B0;
D5D1 : B0;
D5D2 : B0;
D5D3 : B0;
D5D4 : B0;
D5D5 : B0;
D5D6 : B0;
D5D7 : B0;
D5D8 : E4;
D5D9 : E4;
D5DA : E4;
D5DB : E4;
D5DC : E4;
D5DD : E4;
D5DE : E4;
D5DF : E4;
D5E0 : E0;
D5E1 : E0;
D5E2 : E0;
D5E3 : E0;
D5E4 : E0;
D5E5 : E0;
D5E6 : E0;
D5E7 : E0;
D5E8 : E0;
D5E9 : E0;
D5EA : E0;
D5EB : E0;
D5EC : E0;
D5ED : E0;
D5EE : E0;
D5EF : E0;
D5F0 : E0;
D5F1 : E0;
D5F2 : E0;
D5F3 : E0;
D5F4 : E0;
D5F5 : E0;
D5F6 : E0;
D5F7 : E0;
D5F8 : E0;
D5F9 : E0;
D5FA : E0;
D5FB : E0;
D5FC : E0;
D5FD : E0;
D5FE : E0;
D5FF : E0;
D600 : E0;
D601 : E0;
D602 : E0;
D603 : E0;
D604 : E0;
D605 : E0;
D606 : E0;
D607 : E0;
D608 : E0;
D609 : E0;
D60A : E0;
D60B : E0;
D60C : E0;
D60D : E0;
D60E : E0;
D60F : E0;
D610 : E0;
D611 : E0;
D612 : E0;
D613 : E0;
D614 : E0;
D615 : E0;
D616 : E0;
D617 : E0;
D618 : E0;
D619 : E0;
D61A : E0;
D61B : E0;
D61C : E0;
D61D : E0;
D61E : E0;
D61F : E0;
D620 : E4;
D621 : E4;
D622 : E4;
D623 : E4;
D624 : E4;
D625 : E4;
D626 : E4;
D627 : E4;
D628 : B0;
D629 : B0;
D62A : B0;
D62B : B0;
D62C : B0;
D62D : B0;
D62E : B0;
D62F : B0;
D630 : B0;
D631 : B0;
D632 : B0;
D633 : B0;
D634 : B0;
D635 : B0;
D636 : B0;
D637 : B0;
D638 : B0;
D639 : B0;
D63A : B0;
D63B : B0;
D63C : B0;
D63D : B0;
D63E : B0;
D63F : B0;
D640 : E0;
D641 : E0;
D642 : E0;
D643 : E0;
D644 : E1;
D645 : E3;
D646 : E3;
D647 : E3;
D648 : E0;
D649 : E0;
D64A : E0;
D64B : E0;
D64C : E1;
D64D : E3;
D64E : E3;
D64F : E3;
D650 : E0;
D651 : E0;
D652 : E0;
D653 : E0;
D654 : E1;
D655 : E3;
D656 : E3;
D657 : E3;
D658 : E0;
D659 : E0;
D65A : E0;
D65B : E0;
D65C : E1;
D65D : E3;
D65E : E3;
D65F : E3;
D660 : E4;
D661 : E4;
D662 : E4;
D663 : E4;
D664 : E5;
D665 : E3;
D666 : E3;
D667 : E3;
D668 : B0;
D669 : B0;
D66A : B0;
D66B : 90;
D66C : CC;
D66D : E0;
D66E : E0;
D66F : E0;
D670 : B0;
D671 : B0;
D672 : B0;
D673 : B0;
D674 : CC;
D675 : E0;
D676 : E0;
D677 : E0;
D678 : B0;
D679 : B0;
D67A : B0;
D67B : B0;
D67C : CC;
D67D : E0;
D67E : E0;
D67F : E0;
D680 : E3;
D681 : E3;
D682 : E3;
D683 : E3;
D684 : E3;
D685 : E3;
D686 : E3;
D687 : E3;
D688 : E3;
D689 : E3;
D68A : E3;
D68B : E3;
D68C : E3;
D68D : E3;
D68E : E3;
D68F : E3;
D690 : E3;
D691 : E3;
D692 : E3;
D693 : E3;
D694 : E3;
D695 : E3;
D696 : E3;
D697 : E3;
D698 : E3;
D699 : E3;
D69A : E3;
D69B : E3;
D69C : E3;
D69D : E3;
D69E : E3;
D69F : E3;
D6A0 : E3;
D6A1 : E3;
D6A2 : E3;
D6A3 : E3;
D6A4 : E3;
D6A5 : E3;
D6A6 : E3;
D6A7 : E3;
D6A8 : E0;
D6A9 : E0;
D6AA : E0;
D6AB : E0;
D6AC : E0;
D6AD : E0;
D6AE : E0;
D6AF : E0;
D6B0 : E0;
D6B1 : E0;
D6B2 : E0;
D6B3 : E0;
D6B4 : E0;
D6B5 : E0;
D6B6 : E0;
D6B7 : E0;
D6B8 : E0;
D6B9 : E0;
D6BA : E0;
D6BB : E0;
D6BC : E0;
D6BD : E0;
D6BE : E0;
D6BF : E0;
D6C0 : E3;
D6C1 : 8F;
D6C2 : 1F;
D6C3 : 1F;
D6C4 : 1F;
D6C5 : 1F;
D6C6 : 1F;
D6C7 : 1F;
D6C8 : E3;
D6C9 : 8F;
D6CA : 1F;
D6CB : 1F;
D6CC : 1F;
D6CD : 1F;
D6CE : 1F;
D6CF : 1F;
D6D0 : E3;
D6D1 : 8F;
D6D2 : 1F;
D6D3 : 1F;
D6D4 : 1F;
D6D5 : 1F;
D6D6 : 1F;
D6D7 : 1F;
D6D8 : E3;
D6D9 : 8F;
D6DA : 1F;
D6DB : 1F;
D6DC : 1F;
D6DD : 1F;
D6DE : 1F;
D6DF : 1F;
D6E0 : E3;
D6E1 : AB;
D6E2 : 3B;
D6E3 : 5B;
D6E4 : 5B;
D6E5 : 5B;
D6E6 : 5B;
D6E7 : 5B;
D6E8 : E0;
D6E9 : E1;
D6EA : E3;
D6EB : E3;
D6EC : E3;
D6ED : E3;
D6EE : E3;
D6EF : E3;
D6F0 : E0;
D6F1 : E1;
D6F2 : E3;
D6F3 : E3;
D6F4 : E3;
D6F5 : E3;
D6F6 : E3;
D6F7 : E3;
D6F8 : E0;
D6F9 : E1;
D6FA : E3;
D6FB : E3;
D6FC : E3;
D6FD : E3;
D6FE : E3;
D6FF : E3;
D700 : 1F;
D701 : 1F;
D702 : 1F;
D703 : 1F;
D704 : 1F;
D705 : 3F;
D706 : 92;
D707 : E0;
D708 : 1F;
D709 : 1F;
D70A : 1F;
D70B : 1F;
D70C : 1F;
D70D : 3F;
D70E : 92;
D70F : E0;
D710 : 1F;
D711 : 1F;
D712 : 1F;
D713 : 1F;
D714 : 1F;
D715 : 3F;
D716 : 92;
D717 : E0;
D718 : 1F;
D719 : 1F;
D71A : 1F;
D71B : 1F;
D71C : 1F;
D71D : 3F;
D71E : 92;
D71F : E0;
D720 : 5B;
D721 : 5B;
D722 : 5B;
D723 : 5B;
D724 : 5B;
D725 : 5B;
D726 : 92;
D727 : C9;
D728 : E3;
D729 : E3;
D72A : E3;
D72B : E3;
D72C : E3;
D72D : E3;
D72E : 97;
D72F : 1F;
D730 : E3;
D731 : E3;
D732 : E3;
D733 : E3;
D734 : E3;
D735 : E3;
D736 : 97;
D737 : 1F;
D738 : E3;
D739 : E3;
D73A : E3;
D73B : E3;
D73C : E3;
D73D : E3;
D73E : 97;
D73F : 1F;
D740 : E0;
D741 : E0;
D742 : E0;
D743 : E0;
D744 : E0;
D745 : E0;
D746 : E0;
D747 : E0;
D748 : E0;
D749 : E0;
D74A : E0;
D74B : E0;
D74C : E0;
D74D : E0;
D74E : E0;
D74F : E0;
D750 : E0;
D751 : E0;
D752 : E0;
D753 : E0;
D754 : E0;
D755 : E0;
D756 : E0;
D757 : E0;
D758 : E0;
D759 : E0;
D75A : E0;
D75B : E0;
D75C : E0;
D75D : E0;
D75E : E0;
D75F : E0;
D760 : C9;
D761 : C9;
D762 : C9;
D763 : C9;
D764 : C9;
D765 : C9;
D766 : C9;
D767 : C9;
D768 : 1F;
D769 : 1F;
D76A : 1F;
D76B : 1F;
D76C : 1F;
D76D : 1F;
D76E : 1F;
D76F : 1F;
D770 : 1F;
D771 : 1F;
D772 : 1F;
D773 : 1F;
D774 : 1F;
D775 : 1F;
D776 : 1F;
D777 : 1F;
D778 : 1F;
D779 : 1F;
D77A : 1F;
D77B : 1F;
D77C : 1F;
D77D : 1F;
D77E : 1F;
D77F : 1F;
D780 : E0;
D781 : E0;
D782 : E1;
D783 : E8;
D784 : E8;
D785 : E8;
D786 : E8;
D787 : E8;
D788 : E0;
D789 : E0;
D78A : E1;
D78B : E8;
D78C : E8;
D78D : E8;
D78E : E8;
D78F : E8;
D790 : E0;
D791 : E0;
D792 : E1;
D793 : E8;
D794 : E8;
D795 : E8;
D796 : E8;
D797 : E8;
D798 : E0;
D799 : E0;
D79A : E1;
D79B : E8;
D79C : E8;
D79D : E8;
D79E : EC;
D79F : E8;
D7A0 : C9;
D7A1 : C9;
D7A2 : C9;
D7A3 : E8;
D7A4 : E8;
D7A5 : E8;
D7A6 : E8;
D7A7 : E8;
D7A8 : 1F;
D7A9 : 1F;
D7AA : 1F;
D7AB : C9;
D7AC : E1;
D7AD : E1;
D7AE : E1;
D7AF : E1;
D7B0 : 1F;
D7B1 : 1F;
D7B2 : 1F;
D7B3 : C9;
D7B4 : E0;
D7B5 : E0;
D7B6 : E0;
D7B7 : E0;
D7B8 : 1F;
D7B9 : 1F;
D7BA : 1F;
D7BB : C9;
D7BC : E0;
D7BD : E0;
D7BE : E0;
D7BF : E0;
D7C0 : E8;
D7C1 : E8;
D7C2 : E8;
D7C3 : E8;
D7C4 : E8;
D7C5 : E8;
D7C6 : EC;
D7C7 : E9;
D7C8 : E8;
D7C9 : E8;
D7CA : E8;
D7CB : E8;
D7CC : E8;
D7CD : E8;
D7CE : EC;
D7CF : E9;
D7D0 : E8;
D7D1 : E8;
D7D2 : E8;
D7D3 : E8;
D7D4 : E8;
D7D5 : E8;
D7D6 : EC;
D7D7 : E9;
D7D8 : E8;
D7D9 : E8;
D7DA : E8;
D7DB : E8;
D7DC : E8;
D7DD : E8;
D7DE : EC;
D7DF : E9;
D7E0 : E8;
D7E1 : E8;
D7E2 : E8;
D7E3 : E8;
D7E4 : E8;
D7E5 : E8;
D7E6 : E8;
D7E7 : E9;
D7E8 : E1;
D7E9 : E1;
D7EA : E1;
D7EB : E1;
D7EC : E1;
D7ED : E1;
D7EE : E1;
D7EF : E0;
D7F0 : E0;
D7F1 : E0;
D7F2 : E0;
D7F3 : E0;
D7F4 : E0;
D7F5 : E0;
D7F6 : E0;
D7F7 : E0;
D7F8 : E0;
D7F9 : E0;
D7FA : E0;
D7FB : E0;
D7FC : E0;
D7FD : E0;
D7FE : E0;
D7FF : E0;
D800 : E3;
D801 : E3;
D802 : E3;
D803 : E3;
D804 : E3;
D805 : E3;
D806 : E3;
D807 : E3;
D808 : E3;
D809 : E3;
D80A : E3;
D80B : E3;
D80C : E3;
D80D : E3;
D80E : E3;
D80F : E3;
D810 : E3;
D811 : E3;
D812 : E3;
D813 : E3;
D814 : E3;
D815 : E3;
D816 : E3;
D817 : E3;
D818 : E3;
D819 : E3;
D81A : E3;
D81B : E3;
D81C : E3;
D81D : E3;
D81E : E3;
D81F : E3;
D820 : E6;
D821 : E3;
D822 : E3;
D823 : E3;
D824 : E3;
D825 : E3;
D826 : E3;
D827 : E7;
D828 : A8;
D829 : 8C;
D82A : AC;
D82B : AC;
D82C : A8;
D82D : A8;
D82E : A8;
D82F : AC;
D830 : A8;
D831 : AC;
D832 : A8;
D833 : A8;
D834 : A8;
D835 : A8;
D836 : A8;
D837 : A8;
D838 : A8;
D839 : AC;
D83A : A8;
D83B : A8;
D83C : A8;
D83D : A8;
D83E : A8;
D83F : A8;
D840 : E3;
D841 : E3;
D842 : E3;
D843 : E3;
D844 : C3;
D845 : 26;
D846 : 46;
D847 : 46;
D848 : E3;
D849 : E3;
D84A : E3;
D84B : E3;
D84C : C3;
D84D : 26;
D84E : 46;
D84F : 46;
D850 : E3;
D851 : E3;
D852 : E3;
D853 : E3;
D854 : C3;
D855 : 26;
D856 : 46;
D857 : 46;
D858 : E3;
D859 : E3;
D85A : E3;
D85B : E3;
D85C : C3;
D85D : 26;
D85E : 26;
D85F : 26;
D860 : E7;
D861 : E3;
D862 : E3;
D863 : E3;
D864 : C7;
D865 : 66;
D866 : 66;
D867 : 66;
D868 : AC;
D869 : AC;
D86A : AC;
D86B : 8C;
D86C : A9;
D86D : E3;
D86E : E3;
D86F : E3;
D870 : A8;
D871 : A8;
D872 : A8;
D873 : AC;
D874 : A9;
D875 : E3;
D876 : E3;
D877 : E3;
D878 : A8;
D879 : A8;
D87A : A8;
D87B : AC;
D87C : A9;
D87D : E3;
D87E : E3;
D87F : E3;
D880 : 46;
D881 : 46;
D882 : 46;
D883 : 46;
D884 : 46;
D885 : 46;
D886 : 46;
D887 : 46;
D888 : 46;
D889 : 46;
D88A : 46;
D88B : 46;
D88C : 46;
D88D : 46;
D88E : 46;
D88F : 46;
D890 : 46;
D891 : 46;
D892 : 46;
D893 : 46;
D894 : 46;
D895 : 46;
D896 : 46;
D897 : 46;
D898 : 26;
D899 : 26;
D89A : 26;
D89B : 26;
D89C : 26;
D89D : 26;
D89E : 26;
D89F : 26;
D8A0 : 66;
D8A1 : 66;
D8A2 : 66;
D8A3 : 66;
D8A4 : 66;
D8A5 : 66;
D8A6 : 66;
D8A7 : 66;
D8A8 : E3;
D8A9 : E3;
D8AA : E3;
D8AB : E3;
D8AC : E3;
D8AD : E3;
D8AE : E3;
D8AF : E3;
D8B0 : E3;
D8B1 : E3;
D8B2 : E3;
D8B3 : E3;
D8B4 : E3;
D8B5 : E3;
D8B6 : E3;
D8B7 : E3;
D8B8 : E3;
D8B9 : E3;
D8BA : E3;
D8BB : E3;
D8BC : E3;
D8BD : E3;
D8BE : E3;
D8BF : E3;
D8C0 : 26;
D8C1 : 2E;
D8C2 : 1D;
D8C3 : 1D;
D8C4 : 1D;
D8C5 : 1D;
D8C6 : 1D;
D8C7 : 1D;
D8C8 : 26;
D8C9 : 2E;
D8CA : 1D;
D8CB : 1D;
D8CC : 1D;
D8CD : 1D;
D8CE : 1D;
D8CF : 1D;
D8D0 : 26;
D8D1 : 2E;
D8D2 : 1D;
D8D3 : 1D;
D8D4 : 1D;
D8D5 : 1D;
D8D6 : 1D;
D8D7 : 1D;
D8D8 : 26;
D8D9 : 32;
D8DA : 1D;
D8DB : 1D;
D8DC : 1D;
D8DD : 1D;
D8DE : 1D;
D8DF : 1D;
D8E0 : 66;
D8E1 : 4E;
D8E2 : 19;
D8E3 : 19;
D8E4 : 19;
D8E5 : 19;
D8E6 : 19;
D8E7 : 19;
D8E8 : E3;
D8E9 : C3;
D8EA : 26;
D8EB : 46;
D8EC : 46;
D8ED : 46;
D8EE : 46;
D8EF : 46;
D8F0 : E3;
D8F1 : C3;
D8F2 : 26;
D8F3 : 46;
D8F4 : 46;
D8F5 : 46;
D8F6 : 46;
D8F7 : 46;
D8F8 : E3;
D8F9 : C3;
D8FA : 26;
D8FB : 46;
D8FC : 46;
D8FD : 46;
D8FE : 46;
D8FF : 46;
D900 : 1D;
D901 : 1D;
D902 : 1D;
D903 : 1D;
D904 : 1D;
D905 : 1D;
D906 : 5C;
D907 : 7C;
D908 : 1D;
D909 : 1D;
D90A : 1D;
D90B : 1D;
D90C : 1D;
D90D : 1D;
D90E : 5C;
D90F : 7C;
D910 : 1D;
D911 : 1D;
D912 : 1D;
D913 : 1D;
D914 : 1D;
D915 : 1D;
D916 : 5C;
D917 : 9C;
D918 : 1D;
D919 : 1D;
D91A : 1D;
D91B : 1D;
D91C : 1D;
D91D : 1D;
D91E : 5C;
D91F : 9C;
D920 : 19;
D921 : 19;
D922 : 19;
D923 : 19;
D924 : 19;
D925 : 19;
D926 : 58;
D927 : 7C;
D928 : 46;
D929 : 46;
D92A : 46;
D92B : 46;
D92C : 46;
D92D : 42;
D92E : 15;
D92F : 1D;
D930 : 46;
D931 : 46;
D932 : 46;
D933 : 46;
D934 : 46;
D935 : 42;
D936 : 15;
D937 : 1D;
D938 : 46;
D939 : 46;
D93A : 46;
D93B : 46;
D93C : 46;
D93D : 42;
D93E : 15;
D93F : 1D;
D940 : 7C;
D941 : 7C;
D942 : 7C;
D943 : 7C;
D944 : 7C;
D945 : 7C;
D946 : 7C;
D947 : 7C;
D948 : 7C;
D949 : 7C;
D94A : 7C;
D94B : 7C;
D94C : 7C;
D94D : 7C;
D94E : 7C;
D94F : 7C;
D950 : 7C;
D951 : 7C;
D952 : 7C;
D953 : 7C;
D954 : 7C;
D955 : 7C;
D956 : 7C;
D957 : 7C;
D958 : 7C;
D959 : 7C;
D95A : 7C;
D95B : 7C;
D95C : 7C;
D95D : 7C;
D95E : 7C;
D95F : 7C;
D960 : 7C;
D961 : 7C;
D962 : 7C;
D963 : 7C;
D964 : 7C;
D965 : 7C;
D966 : 7C;
D967 : 7C;
D968 : 1D;
D969 : 1D;
D96A : 1D;
D96B : 1D;
D96C : 1D;
D96D : 1D;
D96E : 1D;
D96F : 1D;
D970 : 1D;
D971 : 1D;
D972 : 1D;
D973 : 1D;
D974 : 1D;
D975 : 1D;
D976 : 1D;
D977 : 1D;
D978 : 1D;
D979 : 1D;
D97A : 1D;
D97B : 1D;
D97C : 1D;
D97D : 1D;
D97E : 1D;
D97F : 1D;
D980 : 7C;
D981 : 7C;
D982 : 7C;
D983 : 3D;
D984 : 1E;
D985 : 1E;
D986 : 1E;
D987 : 1E;
D988 : 7C;
D989 : 7C;
D98A : 7C;
D98B : 3D;
D98C : 1E;
D98D : 1E;
D98E : 1E;
D98F : 1E;
D990 : 7C;
D991 : 7C;
D992 : 7C;
D993 : 3D;
D994 : 1E;
D995 : 1E;
D996 : 1E;
D997 : 1E;
D998 : 7C;
D999 : 9C;
D99A : 7C;
D99B : 3D;
D99C : 1E;
D99D : 1E;
D99E : 1E;
D99F : 1E;
D9A0 : 7C;
D9A1 : 7C;
D9A2 : 7C;
D9A3 : 5D;
D9A4 : 3D;
D9A5 : 3D;
D9A6 : 3D;
D9A7 : 3D;
D9A8 : 1D;
D9A9 : 1D;
D9AA : 1D;
D9AB : 7C;
D9AC : 9C;
D9AD : 7C;
D9AE : 7C;
D9AF : 7C;
D9B0 : 1D;
D9B1 : 1D;
D9B2 : 1D;
D9B3 : 7C;
D9B4 : 9C;
D9B5 : 7C;
D9B6 : 7C;
D9B7 : 7C;
D9B8 : 1D;
D9B9 : 1D;
D9BA : 1D;
D9BB : 7C;
D9BC : 9C;
D9BD : 7C;
D9BE : 7C;
D9BF : 7C;
D9C0 : 1E;
D9C1 : 1E;
D9C2 : 1E;
D9C3 : 1E;
D9C4 : 1E;
D9C5 : 1E;
D9C6 : 1E;
D9C7 : 3E;
D9C8 : 1E;
D9C9 : 1E;
D9CA : 1E;
D9CB : 1E;
D9CC : 1E;
D9CD : 1E;
D9CE : 1E;
D9CF : 3E;
D9D0 : 1E;
D9D1 : 1E;
D9D2 : 1E;
D9D3 : 1E;
D9D4 : 1E;
D9D5 : 1E;
D9D6 : 1D;
D9D7 : 3E;
D9D8 : 1E;
D9D9 : 1E;
D9DA : 1E;
D9DB : 1E;
D9DC : 1E;
D9DD : 1E;
D9DE : 1E;
D9DF : 3E;
D9E0 : 3D;
D9E1 : 3D;
D9E2 : 3D;
D9E3 : 3D;
D9E4 : 3D;
D9E5 : 3D;
D9E6 : 3D;
D9E7 : 3D;
D9E8 : 9C;
D9E9 : 9C;
D9EA : 9C;
D9EB : 9C;
D9EC : 9C;
D9ED : 9C;
D9EE : 7C;
D9EF : 9C;
D9F0 : 7C;
D9F1 : 7C;
D9F2 : 7C;
D9F3 : 7C;
D9F4 : 7C;
D9F5 : 7C;
D9F6 : 7C;
D9F7 : 9C;
D9F8 : 7C;
D9F9 : 7C;
D9FA : 7C;
D9FB : 7C;
D9FC : 7C;
D9FD : 7C;
D9FE : 7C;
D9FF : 9C;
DA00 : B3;
DA01 : 93;
DA02 : 93;
DA03 : 93;
DA04 : 93;
DA05 : 93;
DA06 : 93;
DA07 : 93;
DA08 : B3;
DA09 : 93;
DA0A : 93;
DA0B : 93;
DA0C : 93;
DA0D : 93;
DA0E : 93;
DA0F : 93;
DA10 : B3;
DA11 : 93;
DA12 : 93;
DA13 : 93;
DA14 : 93;
DA15 : 93;
DA16 : 93;
DA17 : 93;
DA18 : B3;
DA19 : 93;
DA1A : 93;
DA1B : 93;
DA1C : 93;
DA1D : 93;
DA1E : B3;
DA1F : B3;
DA20 : 92;
DA21 : 92;
DA22 : 92;
DA23 : 92;
DA24 : 92;
DA25 : 92;
DA26 : 92;
DA27 : 92;
DA28 : A9;
DA29 : A5;
DA2A : A5;
DA2B : A5;
DA2C : A5;
DA2D : A5;
DA2E : A5;
DA2F : A5;
DA30 : A9;
DA31 : A5;
DA32 : A5;
DA33 : A5;
DA34 : A5;
DA35 : A5;
DA36 : A5;
DA37 : A5;
DA38 : A9;
DA39 : A5;
DA3A : A5;
DA3B : A5;
DA3C : A5;
DA3D : A5;
DA3E : A5;
DA3F : A5;
DA40 : 93;
DA41 : 93;
DA42 : 93;
DA43 : 93;
DA44 : 93;
DA45 : 17;
DA46 : 17;
DA47 : 17;
DA48 : 93;
DA49 : 93;
DA4A : 93;
DA4B : 93;
DA4C : 93;
DA4D : 17;
DA4E : 17;
DA4F : 17;
DA50 : 93;
DA51 : 93;
DA52 : 93;
DA53 : B3;
DA54 : 93;
DA55 : 17;
DA56 : 17;
DA57 : 17;
DA58 : B3;
DA59 : B3;
DA5A : B3;
DA5B : 93;
DA5C : 97;
DA5D : 17;
DA5E : 17;
DA5F : 17;
DA60 : 92;
DA61 : 92;
DA62 : 92;
DA63 : B2;
DA64 : 92;
DA65 : 37;
DA66 : 37;
DA67 : 37;
DA68 : A5;
DA69 : A5;
DA6A : A5;
DA6B : A5;
DA6C : A9;
DA6D : 93;
DA6E : B3;
DA6F : B3;
DA70 : A5;
DA71 : A5;
DA72 : A5;
DA73 : A5;
DA74 : A9;
DA75 : 93;
DA76 : 93;
DA77 : B3;
DA78 : A5;
DA79 : A5;
DA7A : A5;
DA7B : A5;
DA7C : A9;
DA7D : B3;
DA7E : B3;
DA7F : 93;
DA80 : 17;
DA81 : 17;
DA82 : 17;
DA83 : 17;
DA84 : 17;
DA85 : 17;
DA86 : 17;
DA87 : 17;
DA88 : 17;
DA89 : 17;
DA8A : 17;
DA8B : 17;
DA8C : 17;
DA8D : 17;
DA8E : 17;
DA8F : 17;
DA90 : 17;
DA91 : 17;
DA92 : 17;
DA93 : 17;
DA94 : 17;
DA95 : 17;
DA96 : 17;
DA97 : 17;
DA98 : 17;
DA99 : 17;
DA9A : 17;
DA9B : 17;
DA9C : 17;
DA9D : 17;
DA9E : 17;
DA9F : 17;
DAA0 : 37;
DAA1 : 37;
DAA2 : 37;
DAA3 : 37;
DAA4 : 37;
DAA5 : 37;
DAA6 : 37;
DAA7 : 37;
DAA8 : B3;
DAA9 : B3;
DAAA : B3;
DAAB : B3;
DAAC : B3;
DAAD : B3;
DAAE : B3;
DAAF : B3;
DAB0 : 93;
DAB1 : 93;
DAB2 : 93;
DAB3 : 93;
DAB4 : 93;
DAB5 : 93;
DAB6 : 93;
DAB7 : B3;
DAB8 : 93;
DAB9 : 93;
DABA : 93;
DABB : 93;
DABC : 93;
DABD : 93;
DABE : 93;
DABF : B3;
DAC0 : 17;
DAC1 : 5A;
DAC2 : BC;
DAC3 : 9C;
DAC4 : 9C;
DAC5 : 9C;
DAC6 : 9C;
DAC7 : 9C;
DAC8 : 17;
DAC9 : 5A;
DACA : BC;
DACB : 9C;
DACC : 9C;
DACD : 9C;
DACE : 9C;
DACF : 9C;
DAD0 : 17;
DAD1 : 5A;
DAD2 : BC;
DAD3 : 9C;
DAD4 : 9C;
DAD5 : 9C;
DAD6 : 9C;
DAD7 : 9C;
DAD8 : 17;
DAD9 : 5A;
DADA : BC;
DADB : 9C;
DADC : 9C;
DADD : 9C;
DADE : 9C;
DADF : 9C;
DAE0 : 37;
DAE1 : 5A;
DAE2 : 99;
DAE3 : 99;
DAE4 : 99;
DAE5 : 99;
DAE6 : 99;
DAE7 : 99;
DAE8 : B3;
DAE9 : 77;
DAEA : 17;
DAEB : 17;
DAEC : 17;
DAED : 17;
DAEE : 17;
DAEF : 17;
DAF0 : B3;
DAF1 : 77;
DAF2 : 17;
DAF3 : 17;
DAF4 : 17;
DAF5 : 17;
DAF6 : 17;
DAF7 : 17;
DAF8 : B3;
DAF9 : 77;
DAFA : 17;
DAFB : 17;
DAFC : 17;
DAFD : 17;
DAFE : 17;
DAFF : 17;
DB00 : 9C;
DB01 : 9C;
DB02 : 9C;
DB03 : 9C;
DB04 : 9C;
DB05 : BC;
DB06 : 5A;
DB07 : 17;
DB08 : 9C;
DB09 : 9C;
DB0A : 9C;
DB0B : 9C;
DB0C : 9C;
DB0D : BC;
DB0E : 5A;
DB0F : 17;
DB10 : 9C;
DB11 : 9C;
DB12 : 9C;
DB13 : 9C;
DB14 : 9C;
DB15 : BC;
DB16 : 5A;
DB17 : 17;
DB18 : 9C;
DB19 : 9C;
DB1A : 9C;
DB1B : 9C;
DB1C : BC;
DB1D : BC;
DB1E : 5A;
DB1F : 17;
DB20 : 99;
DB21 : 99;
DB22 : 99;
DB23 : 99;
DB24 : 99;
DB25 : 99;
DB26 : 5A;
DB27 : 37;
DB28 : 17;
DB29 : 17;
DB2A : 17;
DB2B : 17;
DB2C : 17;
DB2D : 17;
DB2E : 7A;
DB2F : BC;
DB30 : 17;
DB31 : 17;
DB32 : 17;
DB33 : 17;
DB34 : 17;
DB35 : 17;
DB36 : 7A;
DB37 : BC;
DB38 : 17;
DB39 : 17;
DB3A : 17;
DB3B : 17;
DB3C : 17;
DB3D : 17;
DB3E : 7A;
DB3F : BC;
DB40 : 17;
DB41 : 17;
DB42 : 17;
DB43 : 17;
DB44 : 17;
DB45 : 17;
DB46 : 17;
DB47 : 17;
DB48 : 17;
DB49 : 17;
DB4A : 17;
DB4B : 17;
DB4C : 17;
DB4D : 17;
DB4E : 17;
DB4F : 17;
DB50 : 17;
DB51 : 17;
DB52 : 17;
DB53 : 17;
DB54 : 17;
DB55 : 17;
DB56 : 17;
DB57 : 17;
DB58 : 17;
DB59 : 17;
DB5A : 17;
DB5B : 17;
DB5C : 17;
DB5D : 17;
DB5E : 17;
DB5F : 17;
DB60 : 37;
DB61 : 37;
DB62 : 3B;
DB63 : 3B;
DB64 : 3B;
DB65 : 3B;
DB66 : 3B;
DB67 : 3B;
DB68 : BC;
DB69 : BC;
DB6A : BC;
DB6B : BC;
DB6C : BC;
DB6D : BC;
DB6E : BC;
DB6F : BC;
DB70 : 9C;
DB71 : 9C;
DB72 : 9C;
DB73 : 9C;
DB74 : 9C;
DB75 : 9C;
DB76 : 9C;
DB77 : 9C;
DB78 : 9C;
DB79 : 9C;
DB7A : 9C;
DB7B : 9C;
DB7C : 9C;
DB7D : 9C;
DB7E : 9C;
DB7F : 9C;
DB80 : 17;
DB81 : 17;
DB82 : 17;
DB83 : 93;
DB84 : B3;
DB85 : B3;
DB86 : B3;
DB87 : B3;
DB88 : 17;
DB89 : 17;
DB8A : 17;
DB8B : 93;
DB8C : B3;
DB8D : B3;
DB8E : B3;
DB8F : B3;
DB90 : 17;
DB91 : 17;
DB92 : 17;
DB93 : 93;
DB94 : B3;
DB95 : B3;
DB96 : B3;
DB97 : B3;
DB98 : 17;
DB99 : 17;
DB9A : 17;
DB9B : 93;
DB9C : B3;
DB9D : B3;
DB9E : B3;
DB9F : B3;
DBA0 : 37;
DBA1 : 37;
DBA2 : 37;
DBA3 : 77;
DBA4 : 93;
DBA5 : 93;
DBA6 : 93;
DBA7 : 93;
DBA8 : BC;
DBA9 : BC;
DBAA : BC;
DBAB : 37;
DBAC : 17;
DBAD : 17;
DBAE : 17;
DBAF : 17;
DBB0 : 9C;
DBB1 : BC;
DBB2 : 9C;
DBB3 : 37;
DBB4 : 17;
DBB5 : 17;
DBB6 : 17;
DBB7 : 17;
DBB8 : 9C;
DBB9 : BC;
DBBA : 9C;
DBBB : 37;
DBBC : 17;
DBBD : 17;
DBBE : 17;
DBBF : 17;
DBC0 : B3;
DBC1 : B3;
DBC2 : B3;
DBC3 : B3;
DBC4 : 93;
DBC5 : 93;
DBC6 : B3;
DBC7 : 97;
DBC8 : B3;
DBC9 : B3;
DBCA : B3;
DBCB : B3;
DBCC : 93;
DBCD : 93;
DBCE : B3;
DBCF : 97;
DBD0 : B3;
DBD1 : B3;
DBD2 : B3;
DBD3 : B3;
DBD4 : B3;
DBD5 : 93;
DBD6 : B3;
DBD7 : 93;
DBD8 : B3;
DBD9 : B3;
DBDA : B3;
DBDB : B3;
DBDC : B3;
DBDD : 93;
DBDE : 93;
DBDF : B3;
DBE0 : 93;
DBE1 : 93;
DBE2 : 93;
DBE3 : 93;
DBE4 : 93;
DBE5 : 93;
DBE6 : 93;
DBE7 : 93;
DBE8 : 17;
DBE9 : 17;
DBEA : 17;
DBEB : 17;
DBEC : 17;
DBED : 17;
DBEE : 17;
DBEF : 17;
DBF0 : 17;
DBF1 : 17;
DBF2 : 17;
DBF3 : 17;
DBF4 : 17;
DBF5 : 17;
DBF6 : 17;
DBF7 : 17;
DBF8 : 17;
DBF9 : 17;
DBFA : 17;
DBFB : 17;
DBFC : 17;
DBFD : 17;
DBFE : 17;
DBFF : 17;
DC00 : 3E;
DC01 : 1E;
DC02 : 1E;
DC03 : 1E;
DC04 : 1E;
DC05 : 1E;
DC06 : 1E;
DC07 : 1E;
DC08 : 3E;
DC09 : 1E;
DC0A : 1E;
DC0B : 1E;
DC0C : 1E;
DC0D : 1E;
DC0E : 1E;
DC0F : 1E;
DC10 : 3E;
DC11 : 1E;
DC12 : 1E;
DC13 : 1E;
DC14 : 1E;
DC15 : 1E;
DC16 : 1E;
DC17 : 1E;
DC18 : 3E;
DC19 : 1E;
DC1A : 1E;
DC1B : 1E;
DC1C : 1E;
DC1D : 1E;
DC1E : 1E;
DC1F : 1E;
DC20 : 3A;
DC21 : 1A;
DC22 : 1A;
DC23 : 1A;
DC24 : 1A;
DC25 : 1A;
DC26 : 1A;
DC27 : 1A;
DC28 : 46;
DC29 : 46;
DC2A : 46;
DC2B : 46;
DC2C : 46;
DC2D : 46;
DC2E : 46;
DC2F : 46;
DC30 : 46;
DC31 : 46;
DC32 : 46;
DC33 : 46;
DC34 : 46;
DC35 : 46;
DC36 : 46;
DC37 : 46;
DC38 : 46;
DC39 : 46;
DC3A : 46;
DC3B : 46;
DC3C : 46;
DC3D : 46;
DC3E : 46;
DC3F : 46;
DC40 : 1E;
DC41 : 1E;
DC42 : 1E;
DC43 : 1E;
DC44 : 3D;
DC45 : 7C;
DC46 : 7C;
DC47 : 7C;
DC48 : 1E;
DC49 : 1E;
DC4A : 1E;
DC4B : 1E;
DC4C : 3D;
DC4D : 7C;
DC4E : 7C;
DC4F : 7C;
DC50 : 1E;
DC51 : 1E;
DC52 : 1E;
DC53 : 1E;
DC54 : 3D;
DC55 : 7C;
DC56 : 7C;
DC57 : 7C;
DC58 : 1E;
DC59 : 1E;
DC5A : 1E;
DC5B : 1E;
DC5C : 3D;
DC5D : 7C;
DC5E : 9C;
DC5F : 9C;
DC60 : 1A;
DC61 : 1A;
DC62 : 1A;
DC63 : 1A;
DC64 : 39;
DC65 : 7C;
DC66 : 7C;
DC67 : 7C;
DC68 : 46;
DC69 : 46;
DC6A : 46;
DC6B : 43;
DC6C : 2E;
DC6D : 1E;
DC6E : 1E;
DC6F : 1E;
DC70 : 46;
DC71 : 46;
DC72 : 26;
DC73 : 42;
DC74 : 2E;
DC75 : 1E;
DC76 : 1E;
DC77 : 1E;
DC78 : 46;
DC79 : 46;
DC7A : 26;
DC7B : 42;
DC7C : 2E;
DC7D : 1E;
DC7E : 1E;
DC7F : 1E;
DC80 : 7C;
DC81 : 7C;
DC82 : 7C;
DC83 : 7C;
DC84 : 7C;
DC85 : 7C;
DC86 : 7C;
DC87 : 7C;
DC88 : 7C;
DC89 : 7C;
DC8A : 7C;
DC8B : 7C;
DC8C : 7C;
DC8D : 7C;
DC8E : 7C;
DC8F : 7C;
DC90 : 7C;
DC91 : 7C;
DC92 : 7C;
DC93 : 7C;
DC94 : 7C;
DC95 : 7C;
DC96 : 7C;
DC97 : 7C;
DC98 : 9C;
DC99 : 7C;
DC9A : 7C;
DC9B : 7C;
DC9C : 7C;
DC9D : 7C;
DC9E : 7C;
DC9F : 7C;
DCA0 : 7C;
DCA1 : 7C;
DCA2 : 7C;
DCA3 : 7C;
DCA4 : 7C;
DCA5 : 7C;
DCA6 : 7C;
DCA7 : 7C;
DCA8 : 1E;
DCA9 : 1E;
DCAA : 1E;
DCAB : 1E;
DCAC : 1E;
DCAD : 1E;
DCAE : 1E;
DCAF : 1E;
DCB0 : 1E;
DCB1 : 1E;
DCB2 : 1E;
DCB3 : 1E;
DCB4 : 1E;
DCB5 : 1E;
DCB6 : 1E;
DCB7 : 1E;
DCB8 : 1E;
DCB9 : 1E;
DCBA : 1E;
DCBB : 1E;
DCBC : 1E;
DCBD : 1E;
DCBE : 1E;
DCBF : 1E;
DCC0 : 7C;
DCC1 : 98;
DCC2 : EC;
DCC3 : F0;
DCC4 : F0;
DCC5 : F0;
DCC6 : F0;
DCC7 : F0;
DCC8 : 7C;
DCC9 : 98;
DCCA : EC;
DCCB : F0;
DCCC : F0;
DCCD : F0;
DCCE : F0;
DCCF : F0;
DCD0 : 7C;
DCD1 : 98;
DCD2 : EC;
DCD3 : F0;
DCD4 : F0;
DCD5 : F0;
DCD6 : F0;
DCD7 : F0;
DCD8 : 7C;
DCD9 : 98;
DCDA : EC;
DCDB : EC;
DCDC : EC;
DCDD : EC;
DCDE : F0;
DCDF : F0;
DCE0 : 7C;
DCE1 : 98;
DCE2 : F0;
DCE3 : D0;
DCE4 : D0;
DCE5 : D0;
DCE6 : D0;
DCE7 : D0;
DCE8 : 1E;
DCE9 : 3D;
DCEA : 7C;
DCEB : 7C;
DCEC : 7C;
DCED : 7C;
DCEE : 7C;
DCEF : 7C;
DCF0 : 1E;
DCF1 : 3D;
DCF2 : 9C;
DCF3 : 7C;
DCF4 : 7C;
DCF5 : 7C;
DCF6 : 7C;
DCF7 : 7C;
DCF8 : 1E;
DCF9 : 3D;
DCFA : 9C;
DCFB : 7C;
DCFC : 7C;
DCFD : 7C;
DCFE : 7C;
DCFF : 7C;
DD00 : F0;
DD01 : F0;
DD02 : F0;
DD03 : F0;
DD04 : F0;
DD05 : F0;
DD06 : 89;
DD07 : 26;
DD08 : F0;
DD09 : F0;
DD0A : F0;
DD0B : F0;
DD0C : F0;
DD0D : F0;
DD0E : 89;
DD0F : 26;
DD10 : F0;
DD11 : F0;
DD12 : F0;
DD13 : F0;
DD14 : F0;
DD15 : F0;
DD16 : 89;
DD17 : 46;
DD18 : F0;
DD19 : F0;
DD1A : EC;
DD1B : EC;
DD1C : EC;
DD1D : F0;
DD1E : 69;
DD1F : 26;
DD20 : D0;
DD21 : D0;
DD22 : D0;
DD23 : D0;
DD24 : D0;
DD25 : D4;
DD26 : 8D;
DD27 : 6A;
DD28 : 7C;
DD29 : 7C;
DD2A : 7C;
DD2B : 7C;
DD2C : 7C;
DD2D : 7C;
DD2E : D4;
DD2F : F0;
DD30 : 7C;
DD31 : 7C;
DD32 : 7C;
DD33 : 7C;
DD34 : 7C;
DD35 : 7C;
DD36 : D4;
DD37 : F0;
DD38 : 7C;
DD39 : 7C;
DD3A : 7C;
DD3B : 7C;
DD3C : 7C;
DD3D : 7C;
DD3E : D4;
DD3F : F0;
DD40 : 46;
DD41 : 46;
DD42 : 46;
DD43 : 46;
DD44 : 46;
DD45 : 46;
DD46 : 46;
DD47 : 46;
DD48 : 46;
DD49 : 46;
DD4A : 46;
DD4B : 46;
DD4C : 46;
DD4D : 46;
DD4E : 46;
DD4F : 46;
DD50 : 46;
DD51 : 46;
DD52 : 46;
DD53 : 46;
DD54 : 46;
DD55 : 46;
DD56 : 46;
DD57 : 46;
DD58 : 26;
DD59 : 26;
DD5A : 26;
DD5B : 26;
DD5C : 26;
DD5D : 26;
DD5E : 26;
DD5F : 26;
DD60 : 6A;
DD61 : 6A;
DD62 : 6A;
DD63 : 6A;
DD64 : 6A;
DD65 : 6A;
DD66 : 6A;
DD67 : 6A;
DD68 : F0;
DD69 : F0;
DD6A : F0;
DD6B : F0;
DD6C : F0;
DD6D : F0;
DD6E : F0;
DD6F : F0;
DD70 : F0;
DD71 : F0;
DD72 : F0;
DD73 : F0;
DD74 : F0;
DD75 : F0;
DD76 : F0;
DD77 : F0;
DD78 : F0;
DD79 : F0;
DD7A : F0;
DD7B : F0;
DD7C : F0;
DD7D : F0;
DD7E : F0;
DD7F : F0;
DD80 : 46;
DD81 : 46;
DD82 : 46;
DD83 : C3;
DD84 : E3;
DD85 : E3;
DD86 : E3;
DD87 : E3;
DD88 : 46;
DD89 : 46;
DD8A : 46;
DD8B : C3;
DD8C : E3;
DD8D : E3;
DD8E : E3;
DD8F : E3;
DD90 : 46;
DD91 : 46;
DD92 : 46;
DD93 : C3;
DD94 : E3;
DD95 : E3;
DD96 : E3;
DD97 : E3;
DD98 : 26;
DD99 : 26;
DD9A : 26;
DD9B : C3;
DD9C : E3;
DD9D : E3;
DD9E : E3;
DD9F : E3;
DDA0 : 69;
DDA1 : 69;
DDA2 : 69;
DDA3 : C3;
DDA4 : E3;
DDA5 : E3;
DDA6 : E3;
DDA7 : E3;
DDA8 : F0;
DDA9 : F0;
DDAA : F0;
DDAB : 49;
DDAC : 26;
DDAD : 26;
DDAE : 26;
DDAF : 26;
DDB0 : F0;
DDB1 : F0;
DDB2 : F0;
DDB3 : 69;
DDB4 : 26;
DDB5 : 46;
DDB6 : 46;
DDB7 : 46;
DDB8 : F0;
DDB9 : F0;
DDBA : F0;
DDBB : 69;
DDBC : 26;
DDBD : 46;
DDBE : 46;
DDBF : 46;
DDC0 : E3;
DDC1 : E3;
DDC2 : E3;
DDC3 : E3;
DDC4 : E3;
DDC5 : E3;
DDC6 : E3;
DDC7 : E3;
DDC8 : E3;
DDC9 : E3;
DDCA : E3;
DDCB : E3;
DDCC : E3;
DDCD : E3;
DDCE : E3;
DDCF : E3;
DDD0 : E3;
DDD1 : E3;
DDD2 : E3;
DDD3 : E3;
DDD4 : E3;
DDD5 : E3;
DDD6 : E3;
DDD7 : E3;
DDD8 : E3;
DDD9 : E3;
DDDA : E3;
DDDB : E3;
DDDC : E3;
DDDD : E3;
DDDE : E3;
DDDF : E3;
DDE0 : C3;
DDE1 : C3;
DDE2 : C3;
DDE3 : C3;
DDE4 : C3;
DDE5 : E3;
DDE6 : E3;
DDE7 : C7;
DDE8 : 26;
DDE9 : 26;
DDEA : 26;
DDEB : 26;
DDEC : 26;
DDED : 26;
DDEE : 26;
DDEF : 49;
DDF0 : 46;
DDF1 : 46;
DDF2 : 46;
DDF3 : 46;
DDF4 : 46;
DDF5 : 46;
DDF6 : 46;
DDF7 : 49;
DDF8 : 46;
DDF9 : 46;
DDFA : 46;
DDFB : 46;
DDFC : 46;
DDFD : 46;
DDFE : 46;
DDFF : 49;
DE00 : E9;
DE01 : EC;
DE02 : E8;
DE03 : E8;
DE04 : E8;
DE05 : E8;
DE06 : E8;
DE07 : E8;
DE08 : E9;
DE09 : EC;
DE0A : E8;
DE0B : E8;
DE0C : E8;
DE0D : E8;
DE0E : E8;
DE0F : E8;
DE10 : E9;
DE11 : EC;
DE12 : E8;
DE13 : E8;
DE14 : E8;
DE15 : E8;
DE16 : E8;
DE17 : E8;
DE18 : E9;
DE19 : E8;
DE1A : E8;
DE1B : E8;
DE1C : E8;
DE1D : E8;
DE1E : E8;
DE1F : E8;
DE20 : ED;
DE21 : EC;
DE22 : EC;
DE23 : EC;
DE24 : EC;
DE25 : EC;
DE26 : EC;
DE27 : EC;
DE28 : 95;
DE29 : B4;
DE2A : B4;
DE2B : B4;
DE2C : B4;
DE2D : B4;
DE2E : B4;
DE2F : B4;
DE30 : B1;
DE31 : B4;
DE32 : B4;
DE33 : B4;
DE34 : B4;
DE35 : B4;
DE36 : B4;
DE37 : B4;
DE38 : B5;
DE39 : B4;
DE3A : B4;
DE3B : B4;
DE3C : B4;
DE3D : B4;
DE3E : B4;
DE3F : B4;
DE40 : E8;
DE41 : E8;
DE42 : E8;
DE43 : E8;
DE44 : E8;
DE45 : E1;
DE46 : E0;
DE47 : E0;
DE48 : E8;
DE49 : E8;
DE4A : E8;
DE4B : E8;
DE4C : E8;
DE4D : E1;
DE4E : E0;
DE4F : E0;
DE50 : E8;
DE51 : E8;
DE52 : E8;
DE53 : E8;
DE54 : E8;
DE55 : E1;
DE56 : E0;
DE57 : E0;
DE58 : E8;
DE59 : E8;
DE5A : E8;
DE5B : E8;
DE5C : E8;
DE5D : E1;
DE5E : E1;
DE5F : E1;
DE60 : EC;
DE61 : EC;
DE62 : EC;
DE63 : EC;
DE64 : E8;
DE65 : E0;
DE66 : E0;
DE67 : E0;
DE68 : B4;
DE69 : B4;
DE6A : B4;
DE6B : 94;
DE6C : B0;
DE6D : E8;
DE6E : EC;
DE6F : EC;
DE70 : B4;
DE71 : B4;
DE72 : B4;
DE73 : B4;
DE74 : B0;
DE75 : E8;
DE76 : E8;
DE77 : E8;
DE78 : B4;
DE79 : B4;
DE7A : B4;
DE7B : B4;
DE7C : B0;
DE7D : E8;
DE7E : E8;
DE7F : E8;
DE80 : E0;
DE81 : E0;
DE82 : E0;
DE83 : E0;
DE84 : E0;
DE85 : E0;
DE86 : E0;
DE87 : E0;
DE88 : E0;
DE89 : E0;
DE8A : E0;
DE8B : E0;
DE8C : E0;
DE8D : E0;
DE8E : E0;
DE8F : E0;
DE90 : E0;
DE91 : E0;
DE92 : E0;
DE93 : E0;
DE94 : E0;
DE95 : E0;
DE96 : E0;
DE97 : E0;
DE98 : E1;
DE99 : E1;
DE9A : E1;
DE9B : E1;
DE9C : E1;
DE9D : E0;
DE9E : E0;
DE9F : E0;
DEA0 : E0;
DEA1 : E0;
DEA2 : E0;
DEA3 : E0;
DEA4 : E0;
DEA5 : E0;
DEA6 : E0;
DEA7 : E0;
DEA8 : EC;
DEA9 : EC;
DEAA : EC;
DEAB : EC;
DEAC : EC;
DEAD : EC;
DEAE : E8;
DEAF : E8;
DEB0 : E8;
DEB1 : E8;
DEB2 : E8;
DEB3 : E8;
DEB4 : E8;
DEB5 : E8;
DEB6 : E8;
DEB7 : E8;
DEB8 : E8;
DEB9 : E8;
DEBA : E8;
DEBB : E8;
DEBC : E8;
DEBD : E8;
DEBE : E8;
DEBF : E8;
DEC0 : E0;
DEC1 : 8E;
DEC2 : 1B;
DEC3 : 1B;
DEC4 : 1B;
DEC5 : 1B;
DEC6 : 1B;
DEC7 : 1B;
DEC8 : E0;
DEC9 : 8E;
DECA : 1B;
DECB : 1B;
DECC : 1B;
DECD : 1B;
DECE : 1B;
DECF : 1B;
DED0 : E0;
DED1 : 8E;
DED2 : 1B;
DED3 : 1B;
DED4 : 1B;
DED5 : 1B;
DED6 : 1B;
DED7 : 1B;
DED8 : E0;
DED9 : 8E;
DEDA : 1B;
DEDB : 1B;
DEDC : 1B;
DEDD : 1B;
DEDE : 1B;
DEDF : 1B;
DEE0 : E0;
DEE1 : 8D;
DEE2 : 57;
DEE3 : 57;
DEE4 : 57;
DEE5 : 57;
DEE6 : 57;
DEE7 : 57;
DEE8 : E8;
DEE9 : E4;
DEEA : E0;
DEEB : E0;
DEEC : E0;
DEED : E0;
DEEE : E0;
DEEF : E0;
DEF0 : EC;
DEF1 : E4;
DEF2 : E0;
DEF3 : E0;
DEF4 : E0;
DEF5 : E0;
DEF6 : E0;
DEF7 : E0;
DEF8 : EC;
DEF9 : E4;
DEFA : E0;
DEFB : E0;
DEFC : E0;
DEFD : E0;
DEFE : E0;
DEFF : E0;
DF00 : 1B;
DF01 : 1B;
DF02 : 1B;
DF03 : 1B;
DF04 : 1B;
DF05 : 1B;
DF06 : 8B;
DF07 : E3;
DF08 : 1B;
DF09 : 1B;
DF0A : 1B;
DF0B : 1B;
DF0C : 1B;
DF0D : 1B;
DF0E : 8B;
DF0F : E3;
DF10 : 1B;
DF11 : 1B;
DF12 : 1B;
DF13 : 1B;
DF14 : 1B;
DF15 : 1B;
DF16 : 8B;
DF17 : E3;
DF18 : 1B;
DF19 : 1B;
DF1A : 1B;
DF1B : 1B;
DF1C : 1B;
DF1D : 1B;
DF1E : 8B;
DF1F : E3;
DF20 : 57;
DF21 : 57;
DF22 : 57;
DF23 : 57;
DF24 : 57;
DF25 : 57;
DF26 : 8F;
DF27 : EB;
DF28 : E0;
DF29 : E0;
DF2A : E0;
DF2B : E0;
DF2C : E0;
DF2D : E0;
DF2E : 72;
DF2F : 1B;
DF30 : E0;
DF31 : E0;
DF32 : E0;
DF33 : E0;
DF34 : E0;
DF35 : E0;
DF36 : 72;
DF37 : 1B;
DF38 : E0;
DF39 : E0;
DF3A : E0;
DF3B : E0;
DF3C : E0;
DF3D : E0;
DF3E : 72;
DF3F : 1B;
DF40 : E3;
DF41 : E3;
DF42 : E3;
DF43 : E3;
DF44 : E3;
DF45 : E3;
DF46 : E3;
DF47 : E3;
DF48 : E3;
DF49 : E3;
DF4A : E3;
DF4B : E3;
DF4C : E3;
DF4D : E3;
DF4E : E3;
DF4F : E3;
DF50 : E3;
DF51 : E3;
DF52 : E3;
DF53 : E3;
DF54 : E3;
DF55 : E3;
DF56 : E3;
DF57 : E3;
DF58 : E3;
DF59 : E3;
DF5A : E3;
DF5B : E3;
DF5C : E3;
DF5D : E3;
DF5E : E3;
DF5F : E3;
DF60 : CB;
DF61 : CB;
DF62 : CB;
DF63 : CB;
DF64 : CB;
DF65 : CB;
DF66 : CB;
DF67 : CB;
DF68 : 1B;
DF69 : 1B;
DF6A : 1B;
DF6B : 1B;
DF6C : 1B;
DF6D : 1B;
DF6E : 1B;
DF6F : 1B;
DF70 : 1B;
DF71 : 1B;
DF72 : 1B;
DF73 : 1B;
DF74 : 1B;
DF75 : 1B;
DF76 : 1B;
DF77 : 1B;
DF78 : 1B;
DF79 : 1B;
DF7A : 1B;
DF7B : 1B;
DF7C : 1B;
DF7D : 1B;
DF7E : 1B;
DF7F : 1B;
DF80 : E3;
DF81 : E3;
DF82 : E3;
DF83 : E1;
DF84 : E0;
DF85 : E0;
DF86 : E0;
DF87 : E0;
DF88 : E3;
DF89 : E3;
DF8A : E3;
DF8B : E1;
DF8C : E0;
DF8D : E0;
DF8E : E0;
DF8F : E0;
DF90 : E3;
DF91 : E3;
DF92 : E3;
DF93 : E1;
DF94 : E0;
DF95 : E0;
DF96 : E0;
DF97 : E0;
DF98 : E3;
DF99 : E3;
DF9A : E3;
DF9B : E1;
DF9C : E0;
DF9D : E0;
DF9E : E0;
DF9F : E0;
DFA0 : CB;
DFA1 : CB;
DFA2 : CB;
DFA3 : E2;
DFA4 : E1;
DFA5 : E1;
DFA6 : E1;
DFA7 : E1;
DFA8 : 1B;
DFA9 : 1B;
DFAA : 37;
DFAB : AB;
DFAC : E3;
DFAD : E3;
DFAE : E3;
DFAF : E3;
DFB0 : 1B;
DFB1 : 1B;
DFB2 : 3B;
DFB3 : CB;
DFB4 : E3;
DFB5 : E3;
DFB6 : E3;
DFB7 : E3;
DFB8 : 1B;
DFB9 : 1B;
DFBA : 3B;
DFBB : CB;
DFBC : E3;
DFBD : E3;
DFBE : E3;
DFBF : E3;
DFC0 : E0;
DFC1 : E0;
DFC2 : E0;
DFC3 : E0;
DFC4 : E0;
DFC5 : E0;
DFC6 : E0;
DFC7 : E0;
DFC8 : E0;
DFC9 : E0;
DFCA : E0;
DFCB : E0;
DFCC : E0;
DFCD : E0;
DFCE : E0;
DFCF : E0;
DFD0 : E0;
DFD1 : E0;
DFD2 : E0;
DFD3 : E0;
DFD4 : E0;
DFD5 : E0;
DFD6 : E0;
DFD7 : E0;
DFD8 : E0;
DFD9 : E0;
DFDA : E0;
DFDB : E0;
DFDC : E0;
DFDD : E0;
DFDE : E0;
DFDF : E0;
DFE0 : E1;
DFE1 : E1;
DFE2 : E1;
DFE3 : E1;
DFE4 : E1;
DFE5 : E1;
DFE6 : E1;
DFE7 : E1;
DFE8 : E3;
DFE9 : E3;
DFEA : E3;
DFEB : E3;
DFEC : E3;
DFED : E3;
DFEE : E3;
DFEF : E3;
DFF0 : E3;
DFF1 : E3;
DFF2 : E3;
DFF3 : E3;
DFF4 : E3;
DFF5 : E3;
DFF6 : E3;
DFF7 : E3;
DFF8 : E3;
DFF9 : E3;
DFFA : E3;
DFFB : E3;
DFFC : E3;
DFFD : E3;
DFFE : E3;
DFFF : E3;
E000 : B0;
E001 : B0;
E002 : B0;
E003 : B0;
E004 : B0;
E005 : B0;
E006 : B0;
E007 : B0;
E008 : B0;
E009 : B0;
E00A : B0;
E00B : B0;
E00C : B0;
E00D : B0;
E00E : B0;
E00F : B0;
E010 : B0;
E011 : B0;
E012 : B0;
E013 : B0;
E014 : B0;
E015 : B0;
E016 : B0;
E017 : B0;
E018 : B0;
E019 : B0;
E01A : B0;
E01B : B0;
E01C : B0;
E01D : B0;
E01E : B0;
E01F : B0;
E020 : B0;
E021 : B0;
E022 : B0;
E023 : B0;
E024 : B0;
E025 : B0;
E026 : B0;
E027 : B0;
E028 : B0;
E029 : B0;
E02A : B0;
E02B : B0;
E02C : B0;
E02D : B0;
E02E : B0;
E02F : B0;
E030 : D8;
E031 : D8;
E032 : D8;
E033 : D8;
E034 : D8;
E035 : D8;
E036 : D8;
E037 : D8;
E038 : FC;
E039 : FC;
E03A : FC;
E03B : FC;
E03C : FC;
E03D : FC;
E03E : FC;
E03F : FC;
E040 : B0;
E041 : B0;
E042 : B0;
E043 : B0;
E044 : CC;
E045 : E0;
E046 : E0;
E047 : E0;
E048 : B0;
E049 : B0;
E04A : B0;
E04B : B0;
E04C : CC;
E04D : E0;
E04E : E0;
E04F : E0;
E050 : B0;
E051 : B0;
E052 : B0;
E053 : B0;
E054 : CC;
E055 : E0;
E056 : E0;
E057 : E0;
E058 : B0;
E059 : B0;
E05A : B0;
E05B : B0;
E05C : CC;
E05D : E0;
E05E : E0;
E05F : E0;
E060 : B0;
E061 : B0;
E062 : B0;
E063 : B0;
E064 : CC;
E065 : E0;
E066 : E0;
E067 : E0;
E068 : B0;
E069 : B0;
E06A : B0;
E06B : B0;
E06C : CC;
E06D : E0;
E06E : E0;
E06F : E0;
E070 : D8;
E071 : D8;
E072 : D8;
E073 : D8;
E074 : D4;
E075 : AC;
E076 : AC;
E077 : AC;
E078 : FC;
E079 : FC;
E07A : FC;
E07B : FC;
E07C : D8;
E07D : B0;
E07E : B0;
E07F : B0;
E080 : E0;
E081 : E0;
E082 : E0;
E083 : E0;
E084 : E0;
E085 : E0;
E086 : E0;
E087 : E0;
E088 : E0;
E089 : E0;
E08A : E0;
E08B : E0;
E08C : E0;
E08D : E0;
E08E : E0;
E08F : E0;
E090 : E0;
E091 : E0;
E092 : E0;
E093 : E0;
E094 : E0;
E095 : E0;
E096 : E0;
E097 : E0;
E098 : E0;
E099 : E0;
E09A : E0;
E09B : E0;
E09C : E0;
E09D : E0;
E09E : E0;
E09F : E0;
E0A0 : E0;
E0A1 : E0;
E0A2 : E0;
E0A3 : E0;
E0A4 : E0;
E0A5 : E0;
E0A6 : E0;
E0A7 : E0;
E0A8 : E0;
E0A9 : E0;
E0AA : E0;
E0AB : E0;
E0AC : E0;
E0AD : E0;
E0AE : E0;
E0AF : E0;
E0B0 : AC;
E0B1 : AC;
E0B2 : AC;
E0B3 : AC;
E0B4 : AC;
E0B5 : AC;
E0B6 : AC;
E0B7 : AC;
E0B8 : B0;
E0B9 : B0;
E0BA : B0;
E0BB : B0;
E0BC : B0;
E0BD : B0;
E0BE : B0;
E0BF : B0;
E0C0 : E0;
E0C1 : E1;
E0C2 : E3;
E0C3 : E3;
E0C4 : E3;
E0C5 : E3;
E0C6 : E3;
E0C7 : E3;
E0C8 : E0;
E0C9 : E1;
E0CA : E3;
E0CB : E3;
E0CC : E3;
E0CD : E3;
E0CE : E3;
E0CF : E3;
E0D0 : E0;
E0D1 : E1;
E0D2 : E3;
E0D3 : E3;
E0D4 : E3;
E0D5 : E3;
E0D6 : E3;
E0D7 : E3;
E0D8 : E0;
E0D9 : E1;
E0DA : E3;
E0DB : E3;
E0DC : E3;
E0DD : E3;
E0DE : E3;
E0DF : E3;
E0E0 : E0;
E0E1 : E1;
E0E2 : E3;
E0E3 : E3;
E0E4 : E3;
E0E5 : E3;
E0E6 : E3;
E0E7 : E3;
E0E8 : E0;
E0E9 : E1;
E0EA : E3;
E0EB : E3;
E0EC : E3;
E0ED : E3;
E0EE : E3;
E0EF : E3;
E0F0 : AC;
E0F1 : C8;
E0F2 : E1;
E0F3 : E1;
E0F4 : E1;
E0F5 : E1;
E0F6 : E1;
E0F7 : E1;
E0F8 : B0;
E0F9 : C8;
E0FA : E0;
E0FB : E0;
E0FC : E0;
E0FD : E0;
E0FE : E0;
E0FF : E0;
E100 : E3;
E101 : E3;
E102 : E3;
E103 : E3;
E104 : E3;
E105 : E3;
E106 : 97;
E107 : 1F;
E108 : E3;
E109 : E3;
E10A : E3;
E10B : E3;
E10C : E3;
E10D : E3;
E10E : 97;
E10F : 1F;
E110 : E3;
E111 : E3;
E112 : E3;
E113 : E3;
E114 : E3;
E115 : E3;
E116 : 97;
E117 : 1F;
E118 : E3;
E119 : E3;
E11A : E3;
E11B : E3;
E11C : E3;
E11D : E3;
E11E : 97;
E11F : 1F;
E120 : E3;
E121 : E3;
E122 : E3;
E123 : E3;
E124 : E3;
E125 : E3;
E126 : 97;
E127 : 1F;
E128 : E3;
E129 : E3;
E12A : E3;
E12B : E3;
E12C : E3;
E12D : E3;
E12E : 97;
E12F : 1F;
E130 : E1;
E131 : E1;
E132 : E1;
E133 : E1;
E134 : E1;
E135 : E1;
E136 : CB;
E137 : AF;
E138 : E0;
E139 : E0;
E13A : E0;
E13B : E0;
E13C : E0;
E13D : E0;
E13E : E2;
E13F : E3;
E140 : 1F;
E141 : 1F;
E142 : 1F;
E143 : 1F;
E144 : 1F;
E145 : 1F;
E146 : 1F;
E147 : 1F;
E148 : 1F;
E149 : 1F;
E14A : 1F;
E14B : 1F;
E14C : 1F;
E14D : 1F;
E14E : 1F;
E14F : 1F;
E150 : 1F;
E151 : 1F;
E152 : 1F;
E153 : 1F;
E154 : 1F;
E155 : 1F;
E156 : 1F;
E157 : 1F;
E158 : 1F;
E159 : 1F;
E15A : 1F;
E15B : 1F;
E15C : 1F;
E15D : 1F;
E15E : 1F;
E15F : 1F;
E160 : 1F;
E161 : 1F;
E162 : 1F;
E163 : 1F;
E164 : 1F;
E165 : 1F;
E166 : 1F;
E167 : 1F;
E168 : 1F;
E169 : 1F;
E16A : 1F;
E16B : 1F;
E16C : 1F;
E16D : 1F;
E16E : 1F;
E16F : 1F;
E170 : AF;
E171 : AF;
E172 : AF;
E173 : AF;
E174 : AF;
E175 : AF;
E176 : AF;
E177 : AF;
E178 : E3;
E179 : E3;
E17A : E3;
E17B : E3;
E17C : E3;
E17D : E3;
E17E : E3;
E17F : E3;
E180 : 1F;
E181 : 1F;
E182 : 1F;
E183 : C9;
E184 : E0;
E185 : E0;
E186 : E0;
E187 : E0;
E188 : 1F;
E189 : 1F;
E18A : 1F;
E18B : C9;
E18C : E0;
E18D : E0;
E18E : E0;
E18F : E0;
E190 : 1F;
E191 : 1F;
E192 : 1F;
E193 : C9;
E194 : E0;
E195 : E0;
E196 : E0;
E197 : E0;
E198 : 1F;
E199 : 1F;
E19A : 1F;
E19B : C9;
E19C : E0;
E19D : E0;
E19E : E0;
E19F : E0;
E1A0 : 1F;
E1A1 : 1F;
E1A2 : 1F;
E1A3 : C9;
E1A4 : E0;
E1A5 : E0;
E1A6 : E0;
E1A7 : E0;
E1A8 : 1F;
E1A9 : 1F;
E1AA : 1F;
E1AB : C9;
E1AC : E0;
E1AD : E0;
E1AE : E0;
E1AF : E0;
E1B0 : AF;
E1B1 : AF;
E1B2 : CF;
E1B3 : 77;
E1B4 : 56;
E1B5 : 76;
E1B6 : 76;
E1B7 : 76;
E1B8 : E3;
E1B9 : E3;
E1BA : E3;
E1BB : 3B;
E1BC : 1F;
E1BD : 1F;
E1BE : 1F;
E1BF : 1F;
E1C0 : E0;
E1C1 : E0;
E1C2 : E0;
E1C3 : E0;
E1C4 : E0;
E1C5 : E0;
E1C6 : E0;
E1C7 : E0;
E1C8 : E0;
E1C9 : E0;
E1CA : E0;
E1CB : E0;
E1CC : E0;
E1CD : E0;
E1CE : E0;
E1CF : E0;
E1D0 : E0;
E1D1 : E0;
E1D2 : E0;
E1D3 : E0;
E1D4 : E0;
E1D5 : E0;
E1D6 : E0;
E1D7 : E0;
E1D8 : E0;
E1D9 : E0;
E1DA : E0;
E1DB : E0;
E1DC : E0;
E1DD : E0;
E1DE : E0;
E1DF : E0;
E1E0 : E0;
E1E1 : E0;
E1E2 : E0;
E1E3 : E0;
E1E4 : E0;
E1E5 : E0;
E1E6 : E0;
E1E7 : E0;
E1E8 : E0;
E1E9 : E0;
E1EA : E0;
E1EB : E0;
E1EC : E0;
E1ED : E0;
E1EE : E0;
E1EF : E0;
E1F0 : 76;
E1F1 : 76;
E1F2 : 76;
E1F3 : 76;
E1F4 : 76;
E1F5 : 76;
E1F6 : 56;
E1F7 : 96;
E1F8 : 1F;
E1F9 : 1F;
E1FA : 1F;
E1FB : 1F;
E1FC : 1F;
E1FD : 1F;
E1FE : 1F;
E1FF : 5F;
E200 : A8;
E201 : AC;
E202 : A8;
E203 : A8;
E204 : A8;
E205 : A8;
E206 : A8;
E207 : A8;
E208 : A8;
E209 : AC;
E20A : A8;
E20B : A8;
E20C : A8;
E20D : A8;
E20E : A8;
E20F : A8;
E210 : A8;
E211 : AC;
E212 : A8;
E213 : A8;
E214 : A8;
E215 : A8;
E216 : A8;
E217 : A8;
E218 : A8;
E219 : AC;
E21A : A8;
E21B : A8;
E21C : A8;
E21D : A8;
E21E : A8;
E21F : A8;
E220 : A8;
E221 : 8C;
E222 : A8;
E223 : A8;
E224 : A8;
E225 : A8;
E226 : A8;
E227 : A8;
E228 : A8;
E229 : A8;
E22A : A8;
E22B : A8;
E22C : A8;
E22D : A8;
E22E : A8;
E22F : A8;
E230 : D1;
E231 : D0;
E232 : D0;
E233 : D0;
E234 : D0;
E235 : D0;
E236 : D0;
E237 : D0;
E238 : D5;
E239 : F4;
E23A : F4;
E23B : F4;
E23C : F4;
E23D : F4;
E23E : F4;
E23F : F4;
E240 : A8;
E241 : A8;
E242 : A8;
E243 : AC;
E244 : A9;
E245 : E3;
E246 : E3;
E247 : E3;
E248 : A8;
E249 : A8;
E24A : A8;
E24B : AC;
E24C : A9;
E24D : E3;
E24E : E3;
E24F : E3;
E250 : A8;
E251 : A8;
E252 : A8;
E253 : AC;
E254 : A9;
E255 : E3;
E256 : E3;
E257 : E3;
E258 : A8;
E259 : A8;
E25A : A8;
E25B : AC;
E25C : A9;
E25D : E3;
E25E : E3;
E25F : E3;
E260 : A8;
E261 : A8;
E262 : A8;
E263 : AC;
E264 : A9;
E265 : E3;
E266 : E3;
E267 : E3;
E268 : A8;
E269 : A8;
E26A : A8;
E26B : A8;
E26C : A9;
E26D : E3;
E26E : E3;
E26F : E3;
E270 : D0;
E271 : D0;
E272 : D0;
E273 : D0;
E274 : D1;
E275 : A9;
E276 : C9;
E277 : C9;
E278 : F4;
E279 : F4;
E27A : F4;
E27B : F4;
E27C : D0;
E27D : A8;
E27E : A8;
E27F : A8;
E280 : E3;
E281 : E3;
E282 : E3;
E283 : E3;
E284 : E3;
E285 : E3;
E286 : E3;
E287 : E3;
E288 : E3;
E289 : E3;
E28A : E3;
E28B : E3;
E28C : E3;
E28D : E3;
E28E : E3;
E28F : E3;
E290 : E3;
E291 : E3;
E292 : E3;
E293 : E3;
E294 : E3;
E295 : E3;
E296 : E3;
E297 : E3;
E298 : E3;
E299 : E3;
E29A : E3;
E29B : E3;
E29C : E3;
E29D : E3;
E29E : E3;
E29F : E3;
E2A0 : E3;
E2A1 : E3;
E2A2 : E3;
E2A3 : E3;
E2A4 : E3;
E2A5 : E3;
E2A6 : E3;
E2A7 : E3;
E2A8 : E3;
E2A9 : E3;
E2AA : E3;
E2AB : E3;
E2AC : E3;
E2AD : E3;
E2AE : E3;
E2AF : E3;
E2B0 : C9;
E2B1 : C9;
E2B2 : A9;
E2B3 : A9;
E2B4 : A9;
E2B5 : A9;
E2B6 : C9;
E2B7 : C9;
E2B8 : A8;
E2B9 : A8;
E2BA : A8;
E2BB : A8;
E2BC : A8;
E2BD : A8;
E2BE : A8;
E2BF : A8;
E2C0 : E3;
E2C1 : C3;
E2C2 : 26;
E2C3 : 46;
E2C4 : 46;
E2C5 : 46;
E2C6 : 46;
E2C7 : 46;
E2C8 : E3;
E2C9 : C3;
E2CA : 26;
E2CB : 46;
E2CC : 46;
E2CD : 46;
E2CE : 46;
E2CF : 46;
E2D0 : E3;
E2D1 : C3;
E2D2 : 26;
E2D3 : 46;
E2D4 : 46;
E2D5 : 46;
E2D6 : 46;
E2D7 : 46;
E2D8 : E3;
E2D9 : C3;
E2DA : 26;
E2DB : 46;
E2DC : 46;
E2DD : 46;
E2DE : 46;
E2DF : 46;
E2E0 : E3;
E2E1 : C3;
E2E2 : 26;
E2E3 : 46;
E2E4 : 46;
E2E5 : 46;
E2E6 : 46;
E2E7 : 46;
E2E8 : E3;
E2E9 : C3;
E2EA : 06;
E2EB : 26;
E2EC : 26;
E2ED : 26;
E2EE : 26;
E2EF : 26;
E2F0 : C9;
E2F1 : A6;
E2F2 : C3;
E2F3 : C3;
E2F4 : C3;
E2F5 : C3;
E2F6 : C3;
E2F7 : C3;
E2F8 : A8;
E2F9 : CA;
E2FA : E3;
E2FB : E3;
E2FC : E3;
E2FD : E3;
E2FE : E3;
E2FF : E3;
E300 : 46;
E301 : 46;
E302 : 46;
E303 : 46;
E304 : 46;
E305 : 42;
E306 : 15;
E307 : 1D;
E308 : 46;
E309 : 46;
E30A : 46;
E30B : 46;
E30C : 46;
E30D : 42;
E30E : 15;
E30F : 1D;
E310 : 46;
E311 : 46;
E312 : 46;
E313 : 46;
E314 : 46;
E315 : 42;
E316 : 15;
E317 : 1D;
E318 : 46;
E319 : 46;
E31A : 46;
E31B : 46;
E31C : 46;
E31D : 46;
E31E : 15;
E31F : 1D;
E320 : 46;
E321 : 46;
E322 : 46;
E323 : 46;
E324 : 46;
E325 : 42;
E326 : 15;
E327 : 1D;
E328 : 26;
E329 : 26;
E32A : 26;
E32B : 26;
E32C : 26;
E32D : 26;
E32E : 15;
E32F : 1D;
E330 : C3;
E331 : A3;
E332 : A3;
E333 : A3;
E334 : A3;
E335 : C3;
E336 : 6A;
E337 : 2E;
E338 : E3;
E339 : E3;
E33A : E3;
E33B : E3;
E33C : E3;
E33D : E3;
E33E : 66;
E33F : 46;
E340 : 1D;
E341 : 1D;
E342 : 1D;
E343 : 1D;
E344 : 1D;
E345 : 1D;
E346 : 1D;
E347 : 1D;
E348 : 1D;
E349 : 1D;
E34A : 1D;
E34B : 1D;
E34C : 1D;
E34D : 1D;
E34E : 1D;
E34F : 1D;
E350 : 1D;
E351 : 1D;
E352 : 1D;
E353 : 1D;
E354 : 1D;
E355 : 1D;
E356 : 1D;
E357 : 1D;
E358 : 1D;
E359 : 1D;
E35A : 1D;
E35B : 1D;
E35C : 1D;
E35D : 1D;
E35E : 1D;
E35F : 1D;
E360 : 1D;
E361 : 1D;
E362 : 1D;
E363 : 1D;
E364 : 1D;
E365 : 1D;
E366 : 1D;
E367 : 1D;
E368 : 1D;
E369 : 1D;
E36A : 1D;
E36B : 1D;
E36C : 1D;
E36D : 1D;
E36E : 1D;
E36F : 1D;
E370 : 2E;
E371 : 2E;
E372 : 2E;
E373 : 2E;
E374 : 2E;
E375 : 2E;
E376 : 2E;
E377 : 2E;
E378 : 46;
E379 : 46;
E37A : 46;
E37B : 46;
E37C : 46;
E37D : 46;
E37E : 46;
E37F : 46;
E380 : 1D;
E381 : 1D;
E382 : 1D;
E383 : 7C;
E384 : 9C;
E385 : 7C;
E386 : 7C;
E387 : 7C;
E388 : 1D;
E389 : 1D;
E38A : 1D;
E38B : 7C;
E38C : 9C;
E38D : 7C;
E38E : 7C;
E38F : 7C;
E390 : 1D;
E391 : 1D;
E392 : 1D;
E393 : 7C;
E394 : 9C;
E395 : 7C;
E396 : 7C;
E397 : 7C;
E398 : 1D;
E399 : 1D;
E39A : 1D;
E39B : 7C;
E39C : 9C;
E39D : 7C;
E39E : 7C;
E39F : 7C;
E3A0 : 1D;
E3A1 : 1D;
E3A2 : 1D;
E3A3 : 7C;
E3A4 : 9C;
E3A5 : 7C;
E3A6 : 7C;
E3A7 : 7C;
E3A8 : 1D;
E3A9 : 1D;
E3AA : 1D;
E3AB : 7C;
E3AC : 9C;
E3AD : 9C;
E3AE : 9C;
E3AF : 9C;
E3B0 : 2E;
E3B1 : 2E;
E3B2 : 2D;
E3B3 : 59;
E3B4 : 3C;
E3B5 : 3D;
E3B6 : 3D;
E3B7 : 3D;
E3B8 : 46;
E3B9 : 46;
E3BA : 25;
E3BB : 3A;
E3BC : 1D;
E3BD : 1D;
E3BE : 1D;
E3BF : 1D;
E3C0 : 7C;
E3C1 : 7C;
E3C2 : 7C;
E3C3 : 7C;
E3C4 : 7C;
E3C5 : 7C;
E3C6 : 7C;
E3C7 : 7C;
E3C8 : 7C;
E3C9 : 7C;
E3CA : 7C;
E3CB : 7C;
E3CC : 7C;
E3CD : 7C;
E3CE : 7C;
E3CF : 7C;
E3D0 : 7C;
E3D1 : 7C;
E3D2 : 7C;
E3D3 : 7C;
E3D4 : 7C;
E3D5 : 7C;
E3D6 : 7C;
E3D7 : 7C;
E3D8 : 7C;
E3D9 : 7C;
E3DA : 7C;
E3DB : 7C;
E3DC : 7C;
E3DD : 7C;
E3DE : 7C;
E3DF : 7C;
E3E0 : 7C;
E3E1 : 7C;
E3E2 : 7C;
E3E3 : 7C;
E3E4 : 7C;
E3E5 : 7C;
E3E6 : 7C;
E3E7 : 9C;
E3E8 : 9C;
E3E9 : 9C;
E3EA : 9C;
E3EB : 9C;
E3EC : 9C;
E3ED : 9C;
E3EE : 7C;
E3EF : 9C;
E3F0 : 3D;
E3F1 : 3D;
E3F2 : 3D;
E3F3 : 3D;
E3F4 : 3D;
E3F5 : 3D;
E3F6 : 3D;
E3F7 : 5D;
E3F8 : 1D;
E3F9 : 1D;
E3FA : 1D;
E3FB : 1D;
E3FC : 1D;
E3FD : 1D;
E3FE : 1D;
E3FF : 3D;
E400 : A9;
E401 : A5;
E402 : A5;
E403 : A5;
E404 : A5;
E405 : A5;
E406 : A5;
E407 : A5;
E408 : A9;
E409 : A5;
E40A : A5;
E40B : A5;
E40C : A5;
E40D : A5;
E40E : A5;
E40F : A5;
E410 : A9;
E411 : A5;
E412 : A5;
E413 : A5;
E414 : A5;
E415 : A5;
E416 : A5;
E417 : A5;
E418 : A9;
E419 : A5;
E41A : A5;
E41B : A5;
E41C : A5;
E41D : A5;
E41E : A5;
E41F : A5;
E420 : A9;
E421 : A5;
E422 : A5;
E423 : A5;
E424 : A5;
E425 : A5;
E426 : A5;
E427 : A5;
E428 : A9;
E429 : A5;
E42A : A5;
E42B : A5;
E42C : A5;
E42D : A5;
E42E : A5;
E42F : A5;
E430 : C9;
E431 : C8;
E432 : C8;
E433 : C8;
E434 : C8;
E435 : C8;
E436 : C8;
E437 : C8;
E438 : EC;
E439 : E8;
E43A : E8;
E43B : E8;
E43C : E8;
E43D : E8;
E43E : E8;
E43F : E8;
E440 : A5;
E441 : A5;
E442 : A5;
E443 : A5;
E444 : A9;
E445 : 93;
E446 : 93;
E447 : 93;
E448 : A5;
E449 : A5;
E44A : A5;
E44B : A5;
E44C : A9;
E44D : 93;
E44E : 93;
E44F : 93;
E450 : A5;
E451 : A5;
E452 : A5;
E453 : A5;
E454 : A9;
E455 : 93;
E456 : 93;
E457 : 93;
E458 : A5;
E459 : A5;
E45A : A5;
E45B : A5;
E45C : A9;
E45D : 93;
E45E : 93;
E45F : 93;
E460 : A5;
E461 : A5;
E462 : A5;
E463 : A5;
E464 : A9;
E465 : 93;
E466 : 93;
E467 : B3;
E468 : A5;
E469 : A5;
E46A : A5;
E46B : A5;
E46C : A9;
E46D : 93;
E46E : 97;
E46F : 97;
E470 : C8;
E471 : C8;
E472 : C8;
E473 : C9;
E474 : C9;
E475 : AA;
E476 : AA;
E477 : AA;
E478 : E8;
E479 : E8;
E47A : E8;
E47B : E8;
E47C : C8;
E47D : A5;
E47E : A5;
E47F : A5;
E480 : 93;
E481 : 93;
E482 : 93;
E483 : 93;
E484 : 93;
E485 : 93;
E486 : 93;
E487 : B3;
E488 : 93;
E489 : 93;
E48A : 93;
E48B : 93;
E48C : 93;
E48D : 93;
E48E : 93;
E48F : B3;
E490 : 93;
E491 : 93;
E492 : 93;
E493 : 93;
E494 : 93;
E495 : 93;
E496 : 93;
E497 : B3;
E498 : 93;
E499 : 93;
E49A : 93;
E49B : 93;
E49C : 93;
E49D : 93;
E49E : 93;
E49F : B3;
E4A0 : B3;
E4A1 : B3;
E4A2 : B3;
E4A3 : B3;
E4A4 : B3;
E4A5 : B3;
E4A6 : B3;
E4A7 : 93;
E4A8 : 93;
E4A9 : 93;
E4AA : 93;
E4AB : 93;
E4AC : 93;
E4AD : 93;
E4AE : 93;
E4AF : 97;
E4B0 : AA;
E4B1 : AA;
E4B2 : AA;
E4B3 : AA;
E4B4 : AA;
E4B5 : AA;
E4B6 : AA;
E4B7 : AA;
E4B8 : A5;
E4B9 : A5;
E4BA : A5;
E4BB : A5;
E4BC : A5;
E4BD : A5;
E4BE : A5;
E4BF : A5;
E4C0 : B3;
E4C1 : 77;
E4C2 : 17;
E4C3 : 17;
E4C4 : 17;
E4C5 : 17;
E4C6 : 17;
E4C7 : 17;
E4C8 : B3;
E4C9 : 77;
E4CA : 17;
E4CB : 17;
E4CC : 17;
E4CD : 17;
E4CE : 17;
E4CF : 17;
E4D0 : B3;
E4D1 : 77;
E4D2 : 17;
E4D3 : 17;
E4D4 : 17;
E4D5 : 17;
E4D6 : 17;
E4D7 : 17;
E4D8 : B3;
E4D9 : 77;
E4DA : 17;
E4DB : 17;
E4DC : 17;
E4DD : 17;
E4DE : 17;
E4DF : 17;
E4E0 : B3;
E4E1 : 77;
E4E2 : 17;
E4E3 : 17;
E4E4 : 17;
E4E5 : 17;
E4E6 : 17;
E4E7 : 17;
E4E8 : B3;
E4E9 : 57;
E4EA : 17;
E4EB : 17;
E4EC : 17;
E4ED : 17;
E4EE : 17;
E4EF : 17;
E4F0 : AA;
E4F1 : 8E;
E4F2 : 77;
E4F3 : 77;
E4F4 : 77;
E4F5 : 77;
E4F6 : 73;
E4F7 : 73;
E4F8 : A5;
E4F9 : 8E;
E4FA : 93;
E4FB : 93;
E4FC : B3;
E4FD : B3;
E4FE : B3;
E4FF : B3;
E500 : 17;
E501 : 17;
E502 : 17;
E503 : 17;
E504 : 17;
E505 : 17;
E506 : 7A;
E507 : BC;
E508 : 17;
E509 : 17;
E50A : 17;
E50B : 17;
E50C : 17;
E50D : 17;
E50E : 7A;
E50F : BC;
E510 : 17;
E511 : 17;
E512 : 17;
E513 : 17;
E514 : 17;
E515 : 17;
E516 : 7A;
E517 : BC;
E518 : 17;
E519 : 17;
E51A : 17;
E51B : 17;
E51C : 17;
E51D : 17;
E51E : 7A;
E51F : BC;
E520 : 17;
E521 : 17;
E522 : 17;
E523 : 17;
E524 : 17;
E525 : 17;
E526 : 7A;
E527 : BC;
E528 : 17;
E529 : 17;
E52A : 17;
E52B : 17;
E52C : 17;
E52D : 17;
E52E : 7A;
E52F : BC;
E530 : 73;
E531 : 73;
E532 : 73;
E533 : 73;
E534 : 73;
E535 : 73;
E536 : 77;
E537 : 5B;
E538 : B3;
E539 : B3;
E53A : B3;
E53B : B3;
E53C : B3;
E53D : B3;
E53E : 57;
E53F : 17;
E540 : 9C;
E541 : 9C;
E542 : 9C;
E543 : 9C;
E544 : 9C;
E545 : 9C;
E546 : 9C;
E547 : 9C;
E548 : 9C;
E549 : 9C;
E54A : 9C;
E54B : 9C;
E54C : 9C;
E54D : 9C;
E54E : 9C;
E54F : 9C;
E550 : 9C;
E551 : 9C;
E552 : 9C;
E553 : 9C;
E554 : 9C;
E555 : 9C;
E556 : 9C;
E557 : 9C;
E558 : 9C;
E559 : 9C;
E55A : 9C;
E55B : 9C;
E55C : 9C;
E55D : 9C;
E55E : 9C;
E55F : 9C;
E560 : BC;
E561 : 9C;
E562 : 9C;
E563 : 9C;
E564 : 9C;
E565 : 9C;
E566 : 9C;
E567 : 9C;
E568 : BC;
E569 : BC;
E56A : BC;
E56B : BC;
E56C : BC;
E56D : BC;
E56E : BC;
E56F : BC;
E570 : 5B;
E571 : 5A;
E572 : 5A;
E573 : 5A;
E574 : 5A;
E575 : 5A;
E576 : 5A;
E577 : 5A;
E578 : 17;
E579 : 17;
E57A : 17;
E57B : 17;
E57C : 17;
E57D : 17;
E57E : 17;
E57F : 17;
E580 : 9C;
E581 : BC;
E582 : 9C;
E583 : 37;
E584 : 17;
E585 : 17;
E586 : 17;
E587 : 17;
E588 : 9C;
E589 : BC;
E58A : 9C;
E58B : 37;
E58C : 17;
E58D : 17;
E58E : 17;
E58F : 17;
E590 : 9C;
E591 : BC;
E592 : 9C;
E593 : 37;
E594 : 17;
E595 : 17;
E596 : 17;
E597 : 17;
E598 : 9C;
E599 : 9C;
E59A : 9C;
E59B : 37;
E59C : 17;
E59D : 17;
E59E : 17;
E59F : 17;
E5A0 : 9C;
E5A1 : 9C;
E5A2 : BC;
E5A3 : 37;
E5A4 : 17;
E5A5 : 17;
E5A6 : 17;
E5A7 : 17;
E5A8 : BC;
E5A9 : BC;
E5AA : BC;
E5AB : 37;
E5AC : 17;
E5AD : 17;
E5AE : 17;
E5AF : 17;
E5B0 : 5B;
E5B1 : 5B;
E5B2 : 5A;
E5B3 : 7A;
E5B4 : 79;
E5B5 : 79;
E5B6 : 79;
E5B7 : 79;
E5B8 : 17;
E5B9 : 17;
E5BA : 17;
E5BB : 99;
E5BC : BC;
E5BD : BC;
E5BE : BC;
E5BF : BC;
E5C0 : 17;
E5C1 : 17;
E5C2 : 17;
E5C3 : 17;
E5C4 : 17;
E5C5 : 17;
E5C6 : 17;
E5C7 : 17;
E5C8 : 17;
E5C9 : 17;
E5CA : 17;
E5CB : 17;
E5CC : 17;
E5CD : 17;
E5CE : 17;
E5CF : 17;
E5D0 : 17;
E5D1 : 17;
E5D2 : 17;
E5D3 : 17;
E5D4 : 17;
E5D5 : 17;
E5D6 : 17;
E5D7 : 17;
E5D8 : 17;
E5D9 : 17;
E5DA : 17;
E5DB : 17;
E5DC : 17;
E5DD : 17;
E5DE : 17;
E5DF : 17;
E5E0 : 17;
E5E1 : 17;
E5E2 : 17;
E5E3 : 17;
E5E4 : 17;
E5E5 : 17;
E5E6 : 17;
E5E7 : 17;
E5E8 : 17;
E5E9 : 17;
E5EA : 17;
E5EB : 17;
E5EC : 17;
E5ED : 17;
E5EE : 17;
E5EF : 17;
E5F0 : 79;
E5F1 : 79;
E5F2 : 79;
E5F3 : 79;
E5F4 : 79;
E5F5 : 79;
E5F6 : 79;
E5F7 : 79;
E5F8 : BC;
E5F9 : BC;
E5FA : BC;
E5FB : BC;
E5FC : BC;
E5FD : 9C;
E5FE : BC;
E5FF : 9C;
E600 : 46;
E601 : 46;
E602 : 46;
E603 : 46;
E604 : 46;
E605 : 46;
E606 : 46;
E607 : 46;
E608 : 46;
E609 : 46;
E60A : 46;
E60B : 46;
E60C : 46;
E60D : 46;
E60E : 46;
E60F : 46;
E610 : 46;
E611 : 46;
E612 : 46;
E613 : 46;
E614 : 46;
E615 : 46;
E616 : 46;
E617 : 46;
E618 : 26;
E619 : 46;
E61A : 46;
E61B : 46;
E61C : 46;
E61D : 46;
E61E : 46;
E61F : 46;
E620 : 26;
E621 : 46;
E622 : 46;
E623 : 46;
E624 : 46;
E625 : 46;
E626 : 46;
E627 : 46;
E628 : 26;
E629 : 46;
E62A : 26;
E62B : 26;
E62C : 26;
E62D : 26;
E62E : 26;
E62F : 26;
E630 : 87;
E631 : 87;
E632 : 87;
E633 : 87;
E634 : 87;
E635 : 87;
E636 : 87;
E637 : 87;
E638 : AB;
E639 : A7;
E63A : A7;
E63B : A7;
E63C : A7;
E63D : A7;
E63E : A7;
E63F : A7;
E640 : 46;
E641 : 46;
E642 : 26;
E643 : 42;
E644 : 2E;
E645 : 1E;
E646 : 1E;
E647 : 1E;
E648 : 46;
E649 : 46;
E64A : 26;
E64B : 42;
E64C : 2E;
E64D : 1E;
E64E : 1E;
E64F : 1E;
E650 : 46;
E651 : 46;
E652 : 26;
E653 : 42;
E654 : 2E;
E655 : 1E;
E656 : 1E;
E657 : 1E;
E658 : 46;
E659 : 46;
E65A : 26;
E65B : 42;
E65C : 2E;
E65D : 1E;
E65E : 1E;
E65F : 1E;
E660 : 46;
E661 : 46;
E662 : 26;
E663 : 46;
E664 : 2E;
E665 : 1E;
E666 : 1E;
E667 : 1E;
E668 : 26;
E669 : 26;
E66A : 26;
E66B : 42;
E66C : 2E;
E66D : 1E;
E66E : 1E;
E66F : 1E;
E670 : 87;
E671 : 87;
E672 : 87;
E673 : 87;
E674 : 6B;
E675 : 2E;
E676 : 32;
E677 : 32;
E678 : A7;
E679 : A7;
E67A : A7;
E67B : A7;
E67C : 87;
E67D : 46;
E67E : 26;
E67F : 46;
E680 : 1E;
E681 : 1E;
E682 : 1E;
E683 : 1E;
E684 : 1E;
E685 : 1E;
E686 : 1E;
E687 : 1E;
E688 : 1E;
E689 : 1E;
E68A : 1E;
E68B : 1E;
E68C : 1E;
E68D : 1E;
E68E : 1E;
E68F : 1E;
E690 : 1E;
E691 : 1E;
E692 : 1E;
E693 : 1E;
E694 : 1E;
E695 : 1E;
E696 : 1E;
E697 : 1E;
E698 : 1E;
E699 : 1E;
E69A : 1E;
E69B : 1E;
E69C : 1E;
E69D : 1E;
E69E : 1E;
E69F : 1E;
E6A0 : 1E;
E6A1 : 1E;
E6A2 : 1E;
E6A3 : 1E;
E6A4 : 1E;
E6A5 : 1E;
E6A6 : 1E;
E6A7 : 1E;
E6A8 : 1E;
E6A9 : 1E;
E6AA : 1E;
E6AB : 1E;
E6AC : 1E;
E6AD : 1E;
E6AE : 1E;
E6AF : 1E;
E6B0 : 32;
E6B1 : 2E;
E6B2 : 2E;
E6B3 : 2E;
E6B4 : 2E;
E6B5 : 2E;
E6B6 : 2E;
E6B7 : 2E;
E6B8 : 46;
E6B9 : 46;
E6BA : 46;
E6BB : 46;
E6BC : 46;
E6BD : 46;
E6BE : 46;
E6BF : 46;
E6C0 : 1E;
E6C1 : 3D;
E6C2 : 9C;
E6C3 : 7C;
E6C4 : 7C;
E6C5 : 7C;
E6C6 : 7C;
E6C7 : 7C;
E6C8 : 1E;
E6C9 : 3D;
E6CA : 9C;
E6CB : 7C;
E6CC : 7C;
E6CD : 7C;
E6CE : 7C;
E6CF : 7C;
E6D0 : 1E;
E6D1 : 3D;
E6D2 : 9C;
E6D3 : 7C;
E6D4 : 7C;
E6D5 : 7C;
E6D6 : 7C;
E6D7 : 7C;
E6D8 : 1E;
E6D9 : 3D;
E6DA : 9C;
E6DB : 7C;
E6DC : 7C;
E6DD : 7C;
E6DE : 7C;
E6DF : 7C;
E6E0 : 1E;
E6E1 : 3D;
E6E2 : 9C;
E6E3 : 7C;
E6E4 : 7C;
E6E5 : 7C;
E6E6 : 7C;
E6E7 : 7C;
E6E8 : 1E;
E6E9 : 3D;
E6EA : 9C;
E6EB : 7C;
E6EC : 7C;
E6ED : 9C;
E6EE : 9C;
E6EF : 9C;
E6F0 : 2E;
E6F1 : 36;
E6F2 : 3D;
E6F3 : 3D;
E6F4 : 3D;
E6F5 : 3D;
E6F6 : 3D;
E6F7 : 3D;
E6F8 : 26;
E6F9 : 32;
E6FA : 1D;
E6FB : 1E;
E6FC : 1E;
E6FD : 1E;
E6FE : 1E;
E6FF : 1E;
E700 : 7C;
E701 : 7C;
E702 : 7C;
E703 : 7C;
E704 : 7C;
E705 : 7C;
E706 : D4;
E707 : F0;
E708 : 7C;
E709 : 7C;
E70A : 7C;
E70B : 7C;
E70C : 7C;
E70D : 7C;
E70E : D4;
E70F : F0;
E710 : 7C;
E711 : 7C;
E712 : 7C;
E713 : 7C;
E714 : 7C;
E715 : 7C;
E716 : D4;
E717 : F0;
E718 : 7C;
E719 : 7C;
E71A : 7C;
E71B : 7C;
E71C : 7C;
E71D : 7C;
E71E : D4;
E71F : F0;
E720 : 7C;
E721 : 7C;
E722 : 7C;
E723 : 7C;
E724 : 7C;
E725 : 7C;
E726 : D4;
E727 : EC;
E728 : 9C;
E729 : 9C;
E72A : 9C;
E72B : 9C;
E72C : 9C;
E72D : 7C;
E72E : D4;
E72F : EC;
E730 : 3D;
E731 : 3D;
E732 : 3D;
E733 : 3D;
E734 : 3D;
E735 : 3D;
E736 : 98;
E737 : 98;
E738 : 1E;
E739 : 1E;
E73A : 1E;
E73B : 1E;
E73C : 1E;
E73D : 1E;
E73E : 5D;
E73F : 7C;
E740 : F0;
E741 : F0;
E742 : F0;
E743 : F0;
E744 : F0;
E745 : F0;
E746 : F0;
E747 : F0;
E748 : F0;
E749 : F0;
E74A : F0;
E74B : F0;
E74C : F0;
E74D : F0;
E74E : F0;
E74F : F0;
E750 : F0;
E751 : F0;
E752 : F0;
E753 : F0;
E754 : F0;
E755 : F0;
E756 : F0;
E757 : F0;
E758 : F0;
E759 : F0;
E75A : F0;
E75B : F0;
E75C : F0;
E75D : F0;
E75E : F0;
E75F : F0;
E760 : F0;
E761 : F0;
E762 : F0;
E763 : F0;
E764 : F0;
E765 : F0;
E766 : F0;
E767 : F0;
E768 : EC;
E769 : EC;
E76A : EC;
E76B : EC;
E76C : EC;
E76D : EC;
E76E : EC;
E76F : EC;
E770 : B8;
E771 : B8;
E772 : 98;
E773 : 98;
E774 : 98;
E775 : 98;
E776 : 98;
E777 : 98;
E778 : 7C;
E779 : 7C;
E77A : 7C;
E77B : 7C;
E77C : 7C;
E77D : 7C;
E77E : 7C;
E77F : 7C;
E780 : F0;
E781 : F0;
E782 : F0;
E783 : 69;
E784 : 26;
E785 : 46;
E786 : 46;
E787 : 46;
E788 : F0;
E789 : F0;
E78A : F0;
E78B : 69;
E78C : 26;
E78D : 46;
E78E : 46;
E78F : 46;
E790 : F0;
E791 : F0;
E792 : F0;
E793 : 69;
E794 : 26;
E795 : 46;
E796 : 46;
E797 : 46;
E798 : F0;
E799 : F0;
E79A : F0;
E79B : 69;
E79C : 26;
E79D : 46;
E79E : 46;
E79F : 46;
E7A0 : F0;
E7A1 : F0;
E7A2 : F0;
E7A3 : 69;
E7A4 : 26;
E7A5 : 46;
E7A6 : 46;
E7A7 : 46;
E7A8 : EC;
E7A9 : EC;
E7AA : EC;
E7AB : 4A;
E7AC : 26;
E7AD : 26;
E7AE : 26;
E7AF : 26;
E7B0 : 98;
E7B1 : 98;
E7B2 : 98;
E7B3 : AC;
E7B4 : AD;
E7B5 : AC;
E7B6 : AC;
E7B7 : AC;
E7B8 : 7C;
E7B9 : 7C;
E7BA : 7C;
E7BB : D4;
E7BC : EC;
E7BD : F0;
E7BE : F0;
E7BF : F0;
E7C0 : 46;
E7C1 : 46;
E7C2 : 46;
E7C3 : 46;
E7C4 : 46;
E7C5 : 46;
E7C6 : 46;
E7C7 : 49;
E7C8 : 46;
E7C9 : 46;
E7CA : 46;
E7CB : 46;
E7CC : 46;
E7CD : 46;
E7CE : 46;
E7CF : 49;
E7D0 : 46;
E7D1 : 46;
E7D2 : 46;
E7D3 : 46;
E7D4 : 46;
E7D5 : 46;
E7D6 : 46;
E7D7 : 49;
E7D8 : 46;
E7D9 : 46;
E7DA : 46;
E7DB : 46;
E7DC : 46;
E7DD : 46;
E7DE : 46;
E7DF : 49;
E7E0 : 46;
E7E1 : 46;
E7E2 : 46;
E7E3 : 46;
E7E4 : 46;
E7E5 : 46;
E7E6 : 46;
E7E7 : 49;
E7E8 : 26;
E7E9 : 26;
E7EA : 26;
E7EB : 26;
E7EC : 26;
E7ED : 26;
E7EE : 26;
E7EF : 4A;
E7F0 : AC;
E7F1 : AC;
E7F2 : AC;
E7F3 : AC;
E7F4 : AC;
E7F5 : AC;
E7F6 : AD;
E7F7 : AD;
E7F8 : F0;
E7F9 : F0;
E7FA : F0;
E7FB : F0;
E7FC : F0;
E7FD : F0;
E7FE : F0;
E7FF : D0;
E800 : B5;
E801 : B4;
E802 : B4;
E803 : B4;
E804 : B4;
E805 : B4;
E806 : B4;
E807 : B4;
E808 : B5;
E809 : B4;
E80A : B4;
E80B : B4;
E80C : B4;
E80D : B4;
E80E : B4;
E80F : B4;
E810 : B5;
E811 : B4;
E812 : B4;
E813 : B4;
E814 : B4;
E815 : B4;
E816 : B4;
E817 : B4;
E818 : B5;
E819 : B4;
E81A : B4;
E81B : B4;
E81C : B4;
E81D : B4;
E81E : B4;
E81F : B4;
E820 : B5;
E821 : B4;
E822 : B4;
E823 : B4;
E824 : B4;
E825 : B4;
E826 : B4;
E827 : B4;
E828 : B1;
E829 : B4;
E82A : B4;
E82B : B4;
E82C : B4;
E82D : B4;
E82E : B4;
E82F : B4;
E830 : 98;
E831 : 98;
E832 : 98;
E833 : 98;
E834 : 98;
E835 : 98;
E836 : 98;
E837 : 98;
E838 : 98;
E839 : 7C;
E83A : 7C;
E83B : 7C;
E83C : 7C;
E83D : 7C;
E83E : 7C;
E83F : 7C;
E840 : B4;
E841 : B4;
E842 : B4;
E843 : B4;
E844 : B0;
E845 : E8;
E846 : E8;
E847 : E8;
E848 : B4;
E849 : B4;
E84A : B4;
E84B : B4;
E84C : B0;
E84D : E8;
E84E : E8;
E84F : E8;
E850 : B4;
E851 : B4;
E852 : B4;
E853 : B4;
E854 : B0;
E855 : E8;
E856 : E8;
E857 : E8;
E858 : B4;
E859 : B4;
E85A : B4;
E85B : B4;
E85C : B0;
E85D : E8;
E85E : E8;
E85F : E8;
E860 : B4;
E861 : B4;
E862 : B4;
E863 : B4;
E864 : B0;
E865 : E8;
E866 : E8;
E867 : E8;
E868 : B4;
E869 : B4;
E86A : B4;
E86B : B4;
E86C : B0;
E86D : E8;
E86E : E8;
E86F : E8;
E870 : 98;
E871 : 98;
E872 : 98;
E873 : 78;
E874 : 98;
E875 : D0;
E876 : D0;
E877 : D0;
E878 : 7C;
E879 : 7C;
E87A : 7C;
E87B : 7C;
E87C : 78;
E87D : B4;
E87E : B4;
E87F : B4;
E880 : E8;
E881 : E8;
E882 : E8;
E883 : E8;
E884 : E8;
E885 : E8;
E886 : E8;
E887 : E8;
E888 : E8;
E889 : E8;
E88A : E8;
E88B : E8;
E88C : E8;
E88D : E8;
E88E : E8;
E88F : E8;
E890 : E8;
E891 : E8;
E892 : E8;
E893 : E8;
E894 : E8;
E895 : E8;
E896 : E8;
E897 : E8;
E898 : E8;
E899 : E8;
E89A : E8;
E89B : E8;
E89C : E8;
E89D : E8;
E89E : E8;
E89F : E8;
E8A0 : E8;
E8A1 : E8;
E8A2 : E8;
E8A3 : E8;
E8A4 : E8;
E8A5 : E8;
E8A6 : E8;
E8A7 : E8;
E8A8 : E8;
E8A9 : E8;
E8AA : E8;
E8AB : E8;
E8AC : E8;
E8AD : E8;
E8AE : E8;
E8AF : E8;
E8B0 : D0;
E8B1 : D0;
E8B2 : D0;
E8B3 : D0;
E8B4 : D0;
E8B5 : D0;
E8B6 : D0;
E8B7 : D0;
E8B8 : B4;
E8B9 : B4;
E8BA : B4;
E8BB : B4;
E8BC : B4;
E8BD : B4;
E8BE : B4;
E8BF : B4;
E8C0 : EC;
E8C1 : E4;
E8C2 : E0;
E8C3 : E0;
E8C4 : E0;
E8C5 : E0;
E8C6 : E0;
E8C7 : E0;
E8C8 : EC;
E8C9 : E4;
E8CA : E0;
E8CB : E0;
E8CC : E0;
E8CD : E0;
E8CE : E0;
E8CF : E0;
E8D0 : EC;
E8D1 : E4;
E8D2 : E0;
E8D3 : E0;
E8D4 : E0;
E8D5 : E0;
E8D6 : E0;
E8D7 : E0;
E8D8 : EC;
E8D9 : E4;
E8DA : E0;
E8DB : E0;
E8DC : E0;
E8DD : E0;
E8DE : E0;
E8DF : E0;
E8E0 : EC;
E8E1 : E4;
E8E2 : E0;
E8E3 : E0;
E8E4 : E0;
E8E5 : E0;
E8E6 : E0;
E8E7 : E0;
E8E8 : E8;
E8E9 : E4;
E8EA : E0;
E8EB : E1;
E8EC : E0;
E8ED : E0;
E8EE : E0;
E8EF : E0;
E8F0 : B0;
E8F1 : CC;
E8F2 : E8;
E8F3 : E8;
E8F4 : E8;
E8F5 : E8;
E8F6 : E8;
E8F7 : E8;
E8F8 : B4;
E8F9 : D0;
E8FA : EC;
E8FB : E8;
E8FC : EC;
E8FD : EC;
E8FE : EC;
E8FF : EC;
E900 : E0;
E901 : E0;
E902 : E0;
E903 : E0;
E904 : E0;
E905 : E0;
E906 : 72;
E907 : 1B;
E908 : E0;
E909 : E0;
E90A : E0;
E90B : E0;
E90C : E0;
E90D : E0;
E90E : 72;
E90F : 1B;
E910 : E0;
E911 : E0;
E912 : E0;
E913 : E0;
E914 : E0;
E915 : E0;
E916 : 72;
E917 : 1B;
E918 : E0;
E919 : E0;
E91A : E0;
E91B : E0;
E91C : E0;
E91D : E0;
E91E : 72;
E91F : 1B;
E920 : E0;
E921 : E0;
E922 : E0;
E923 : E0;
E924 : E0;
E925 : E0;
E926 : 72;
E927 : 1B;
E928 : E0;
E929 : E0;
E92A : E0;
E92B : E0;
E92C : E0;
E92D : E0;
E92E : 72;
E92F : 1B;
E930 : E8;
E931 : E8;
E932 : E8;
E933 : E8;
E934 : E4;
E935 : E8;
E936 : C9;
E937 : AE;
E938 : EC;
E939 : EC;
E93A : EC;
E93B : EC;
E93C : EC;
E93D : EC;
E93E : E4;
E93F : E1;
E940 : 1B;
E941 : 1B;
E942 : 1B;
E943 : 1B;
E944 : 1B;
E945 : 1B;
E946 : 1B;
E947 : 1B;
E948 : 1B;
E949 : 1B;
E94A : 1B;
E94B : 1B;
E94C : 1B;
E94D : 1B;
E94E : 1B;
E94F : 1B;
E950 : 1B;
E951 : 1B;
E952 : 1B;
E953 : 1B;
E954 : 1B;
E955 : 1B;
E956 : 1B;
E957 : 1B;
E958 : 1B;
E959 : 1B;
E95A : 1B;
E95B : 1B;
E95C : 1B;
E95D : 1B;
E95E : 1B;
E95F : 1B;
E960 : 1B;
E961 : 1B;
E962 : 1B;
E963 : 1B;
E964 : 1B;
E965 : 1B;
E966 : 1B;
E967 : 1B;
E968 : 1B;
E969 : 1B;
E96A : 1B;
E96B : 1B;
E96C : 1B;
E96D : 1B;
E96E : 1B;
E96F : 1B;
E970 : AD;
E971 : AD;
E972 : AD;
E973 : AD;
E974 : AD;
E975 : AD;
E976 : AD;
E977 : AD;
E978 : E0;
E979 : E0;
E97A : E0;
E97B : E0;
E97C : E0;
E97D : E0;
E97E : E0;
E97F : E0;
E980 : 1B;
E981 : 1B;
E982 : 3B;
E983 : CB;
E984 : E3;
E985 : E3;
E986 : E3;
E987 : E3;
E988 : 1B;
E989 : 1B;
E98A : 3B;
E98B : CB;
E98C : E3;
E98D : E3;
E98E : E3;
E98F : E3;
E990 : 1B;
E991 : 1B;
E992 : 3B;
E993 : CB;
E994 : E3;
E995 : E3;
E996 : E3;
E997 : E3;
E998 : 1B;
E999 : 1B;
E99A : 3B;
E99B : CB;
E99C : E3;
E99D : E3;
E99E : E3;
E99F : E3;
E9A0 : 1B;
E9A1 : 1B;
E9A2 : 3B;
E9A3 : CB;
E9A4 : E3;
E9A5 : E3;
E9A6 : E3;
E9A7 : E3;
E9A8 : 1B;
E9A9 : 1B;
E9AA : 3B;
E9AB : CB;
E9AC : E3;
E9AD : E3;
E9AE : E3;
E9AF : E3;
E9B0 : AD;
E9B1 : AD;
E9B2 : AE;
E9B3 : 93;
E9B4 : 73;
E9B5 : 73;
E9B6 : 73;
E9B7 : 73;
E9B8 : E0;
E9B9 : E0;
E9BA : C5;
E9BB : 77;
E9BC : 1B;
E9BD : 1B;
E9BE : 1B;
E9BF : 1B;
E9C0 : E3;
E9C1 : E3;
E9C2 : E3;
E9C3 : E3;
E9C4 : E3;
E9C5 : E3;
E9C6 : E3;
E9C7 : E3;
E9C8 : E3;
E9C9 : E3;
E9CA : E3;
E9CB : E3;
E9CC : E3;
E9CD : E3;
E9CE : E3;
E9CF : E3;
E9D0 : E3;
E9D1 : E3;
E9D2 : E3;
E9D3 : E3;
E9D4 : E3;
E9D5 : E3;
E9D6 : E3;
E9D7 : E3;
E9D8 : E3;
E9D9 : E3;
E9DA : E3;
E9DB : E3;
E9DC : E3;
E9DD : E3;
E9DE : E3;
E9DF : E3;
E9E0 : E3;
E9E1 : E3;
E9E2 : E3;
E9E3 : E3;
E9E4 : E3;
E9E5 : E3;
E9E6 : E3;
E9E7 : E3;
E9E8 : E3;
E9E9 : E3;
E9EA : E3;
E9EB : E3;
E9EC : E3;
E9ED : E3;
E9EE : E3;
E9EF : E3;
E9F0 : 73;
E9F1 : 73;
E9F2 : 73;
E9F3 : 73;
E9F4 : 73;
E9F5 : 73;
E9F6 : 73;
E9F7 : 73;
E9F8 : 1B;
E9F9 : 1B;
E9FA : 1B;
E9FB : 1B;
E9FC : 1B;
E9FD : 1B;
E9FE : 1B;
E9FF : 1B;
EA00 : F8;
EA01 : F8;
EA02 : F8;
EA03 : F8;
EA04 : F8;
EA05 : F8;
EA06 : F8;
EA07 : F8;
EA08 : F8;
EA09 : F8;
EA0A : F8;
EA0B : F8;
EA0C : F8;
EA0D : F8;
EA0E : F8;
EA0F : F8;
EA10 : F8;
EA11 : F8;
EA12 : F8;
EA13 : F8;
EA14 : F8;
EA15 : F8;
EA16 : F8;
EA17 : F8;
EA18 : F8;
EA19 : F8;
EA1A : F8;
EA1B : F8;
EA1C : F8;
EA1D : F8;
EA1E : F8;
EA1F : F8;
EA20 : F8;
EA21 : F8;
EA22 : F8;
EA23 : F8;
EA24 : F8;
EA25 : F8;
EA26 : F8;
EA27 : F8;
EA28 : FC;
EA29 : FC;
EA2A : FC;
EA2B : FC;
EA2C : FC;
EA2D : FC;
EA2E : FC;
EA2F : FC;
EA30 : F8;
EA31 : F8;
EA32 : F8;
EA33 : F8;
EA34 : F8;
EA35 : F8;
EA36 : F8;
EA37 : F8;
EA38 : D8;
EA39 : D8;
EA3A : D8;
EA3B : D8;
EA3C : D8;
EA3D : D8;
EA3E : D8;
EA3F : D8;
EA40 : F8;
EA41 : F8;
EA42 : F8;
EA43 : FC;
EA44 : D8;
EA45 : B0;
EA46 : B0;
EA47 : B0;
EA48 : F8;
EA49 : F8;
EA4A : F8;
EA4B : FC;
EA4C : D8;
EA4D : B0;
EA4E : B0;
EA4F : B0;
EA50 : F8;
EA51 : F8;
EA52 : F8;
EA53 : FC;
EA54 : D8;
EA55 : B0;
EA56 : B0;
EA57 : B0;
EA58 : F8;
EA59 : F8;
EA5A : F8;
EA5B : FC;
EA5C : D8;
EA5D : B0;
EA5E : B0;
EA5F : B0;
EA60 : F8;
EA61 : F8;
EA62 : F8;
EA63 : FC;
EA64 : D8;
EA65 : B0;
EA66 : B0;
EA67 : B0;
EA68 : FC;
EA69 : FC;
EA6A : FC;
EA6B : FC;
EA6C : D8;
EA6D : B0;
EA6E : B0;
EA6F : B0;
EA70 : F8;
EA71 : F8;
EA72 : F8;
EA73 : FC;
EA74 : D8;
EA75 : B0;
EA76 : B0;
EA77 : B0;
EA78 : D8;
EA79 : D8;
EA7A : D8;
EA7B : D8;
EA7C : D8;
EA7D : B0;
EA7E : B0;
EA7F : B0;
EA80 : B0;
EA81 : B0;
EA82 : B0;
EA83 : B0;
EA84 : B0;
EA85 : B0;
EA86 : B0;
EA87 : B0;
EA88 : B0;
EA89 : B0;
EA8A : B0;
EA8B : B0;
EA8C : B0;
EA8D : B0;
EA8E : B0;
EA8F : B0;
EA90 : B0;
EA91 : B0;
EA92 : B0;
EA93 : B0;
EA94 : B0;
EA95 : B0;
EA96 : B0;
EA97 : B0;
EA98 : B0;
EA99 : B0;
EA9A : B0;
EA9B : B0;
EA9C : B0;
EA9D : B0;
EA9E : B0;
EA9F : B0;
EAA0 : B0;
EAA1 : B0;
EAA2 : B0;
EAA3 : B0;
EAA4 : B0;
EAA5 : B0;
EAA6 : B0;
EAA7 : B0;
EAA8 : B0;
EAA9 : B0;
EAAA : B0;
EAAB : B0;
EAAC : B0;
EAAD : B0;
EAAE : B0;
EAAF : B0;
EAB0 : B0;
EAB1 : B0;
EAB2 : B0;
EAB3 : B0;
EAB4 : B0;
EAB5 : B0;
EAB6 : B0;
EAB7 : B0;
EAB8 : B0;
EAB9 : B0;
EABA : B0;
EABB : B0;
EABC : B0;
EABD : B0;
EABE : B0;
EABF : B0;
EAC0 : B0;
EAC1 : C8;
EAC2 : E0;
EAC3 : E0;
EAC4 : E0;
EAC5 : E0;
EAC6 : E0;
EAC7 : E0;
EAC8 : B0;
EAC9 : C8;
EACA : E0;
EACB : E0;
EACC : E0;
EACD : E0;
EACE : E0;
EACF : E0;
EAD0 : B0;
EAD1 : C8;
EAD2 : E0;
EAD3 : E0;
EAD4 : E0;
EAD5 : E0;
EAD6 : E0;
EAD7 : E0;
EAD8 : B0;
EAD9 : C8;
EADA : E0;
EADB : E0;
EADC : E0;
EADD : E0;
EADE : E0;
EADF : E0;
EAE0 : B0;
EAE1 : C8;
EAE2 : E0;
EAE3 : E0;
EAE4 : E0;
EAE5 : E0;
EAE6 : E0;
EAE7 : E0;
EAE8 : B0;
EAE9 : C8;
EAEA : E0;
EAEB : E0;
EAEC : E0;
EAED : E0;
EAEE : E0;
EAEF : E0;
EAF0 : B0;
EAF1 : C8;
EAF2 : E0;
EAF3 : E0;
EAF4 : E0;
EAF5 : E0;
EAF6 : E0;
EAF7 : E0;
EAF8 : B0;
EAF9 : C8;
EAFA : E0;
EAFB : E0;
EAFC : E0;
EAFD : E0;
EAFE : E0;
EAFF : E0;
EB00 : E0;
EB01 : E0;
EB02 : E0;
EB03 : E0;
EB04 : E0;
EB05 : E0;
EB06 : E2;
EB07 : E3;
EB08 : E0;
EB09 : E0;
EB0A : E0;
EB0B : E0;
EB0C : E0;
EB0D : E0;
EB0E : E2;
EB0F : E3;
EB10 : E0;
EB11 : E0;
EB12 : E0;
EB13 : E0;
EB14 : E0;
EB15 : E0;
EB16 : E2;
EB17 : E3;
EB18 : E0;
EB19 : E0;
EB1A : E0;
EB1B : E0;
EB1C : E0;
EB1D : E0;
EB1E : E2;
EB1F : E3;
EB20 : E0;
EB21 : E0;
EB22 : E0;
EB23 : E0;
EB24 : E0;
EB25 : E0;
EB26 : E2;
EB27 : E3;
EB28 : E0;
EB29 : E0;
EB2A : E0;
EB2B : E0;
EB2C : E0;
EB2D : E0;
EB2E : E2;
EB2F : E3;
EB30 : E0;
EB31 : E0;
EB32 : E0;
EB33 : E0;
EB34 : E0;
EB35 : E0;
EB36 : E2;
EB37 : E3;
EB38 : E0;
EB39 : E0;
EB3A : E0;
EB3B : E0;
EB3C : E0;
EB3D : E0;
EB3E : E6;
EB3F : E7;
EB40 : E3;
EB41 : E3;
EB42 : E3;
EB43 : E3;
EB44 : E3;
EB45 : E3;
EB46 : E3;
EB47 : E3;
EB48 : E3;
EB49 : E3;
EB4A : E3;
EB4B : E3;
EB4C : E3;
EB4D : E3;
EB4E : E3;
EB4F : E3;
EB50 : E3;
EB51 : E3;
EB52 : E3;
EB53 : E3;
EB54 : E3;
EB55 : E3;
EB56 : E3;
EB57 : E3;
EB58 : E3;
EB59 : E3;
EB5A : E3;
EB5B : E3;
EB5C : E3;
EB5D : E3;
EB5E : E3;
EB5F : E3;
EB60 : E3;
EB61 : E3;
EB62 : E3;
EB63 : E3;
EB64 : E3;
EB65 : E3;
EB66 : E3;
EB67 : E3;
EB68 : E3;
EB69 : E3;
EB6A : E3;
EB6B : E3;
EB6C : E3;
EB6D : E3;
EB6E : E3;
EB6F : E3;
EB70 : E3;
EB71 : E3;
EB72 : E3;
EB73 : E3;
EB74 : E3;
EB75 : E3;
EB76 : E3;
EB77 : E3;
EB78 : E7;
EB79 : E7;
EB7A : E7;
EB7B : E7;
EB7C : E7;
EB7D : E7;
EB7E : E7;
EB7F : E7;
EB80 : E3;
EB81 : E3;
EB82 : E3;
EB83 : 3B;
EB84 : 1F;
EB85 : 1F;
EB86 : 1F;
EB87 : 1F;
EB88 : E3;
EB89 : E3;
EB8A : E3;
EB8B : 3B;
EB8C : 1F;
EB8D : 1F;
EB8E : 1F;
EB8F : 1F;
EB90 : E3;
EB91 : E3;
EB92 : E3;
EB93 : 3B;
EB94 : 1F;
EB95 : 1F;
EB96 : 1F;
EB97 : 1F;
EB98 : E3;
EB99 : E3;
EB9A : E3;
EB9B : 3B;
EB9C : 1F;
EB9D : 1F;
EB9E : 1F;
EB9F : 1F;
EBA0 : E3;
EBA1 : E3;
EBA2 : E3;
EBA3 : 3B;
EBA4 : 1F;
EBA5 : 1F;
EBA6 : 1F;
EBA7 : 1F;
EBA8 : E3;
EBA9 : E3;
EBAA : E3;
EBAB : 3B;
EBAC : 1F;
EBAD : 1F;
EBAE : 1F;
EBAF : 1F;
EBB0 : E3;
EBB1 : E3;
EBB2 : E3;
EBB3 : 3B;
EBB4 : 1F;
EBB5 : 1F;
EBB6 : 1F;
EBB7 : 1F;
EBB8 : E7;
EBB9 : E7;
EBBA : E7;
EBBB : 3B;
EBBC : 1F;
EBBD : 1F;
EBBE : 1F;
EBBF : 1F;
EBC0 : 1F;
EBC1 : 1F;
EBC2 : 1F;
EBC3 : 1F;
EBC4 : 1F;
EBC5 : 1F;
EBC6 : 1F;
EBC7 : 5F;
EBC8 : 1F;
EBC9 : 1F;
EBCA : 1F;
EBCB : 1F;
EBCC : 1F;
EBCD : 1F;
EBCE : 1F;
EBCF : 5F;
EBD0 : 1F;
EBD1 : 1F;
EBD2 : 1F;
EBD3 : 1F;
EBD4 : 1F;
EBD5 : 1F;
EBD6 : 1F;
EBD7 : 5F;
EBD8 : 1F;
EBD9 : 1F;
EBDA : 1F;
EBDB : 1F;
EBDC : 1F;
EBDD : 1F;
EBDE : 1F;
EBDF : 5F;
EBE0 : 1F;
EBE1 : 1F;
EBE2 : 1F;
EBE3 : 1F;
EBE4 : 1F;
EBE5 : 1F;
EBE6 : 1F;
EBE7 : 5F;
EBE8 : 1F;
EBE9 : 1F;
EBEA : 1F;
EBEB : 1F;
EBEC : 1F;
EBED : 1F;
EBEE : 1F;
EBEF : 5F;
EBF0 : 1F;
EBF1 : 1F;
EBF2 : 1F;
EBF3 : 1F;
EBF4 : 1F;
EBF5 : 1F;
EBF6 : 1F;
EBF7 : 5F;
EBF8 : 1F;
EBF9 : 1F;
EBFA : 1F;
EBFB : 1F;
EBFC : 1F;
EBFD : 1F;
EBFE : 1F;
EBFF : 5F;
EC00 : D5;
EC01 : F4;
EC02 : F4;
EC03 : F4;
EC04 : F4;
EC05 : F4;
EC06 : F4;
EC07 : F4;
EC08 : D5;
EC09 : F4;
EC0A : F4;
EC0B : F4;
EC0C : F4;
EC0D : F4;
EC0E : F4;
EC0F : F4;
EC10 : D5;
EC11 : F4;
EC12 : F4;
EC13 : F4;
EC14 : F4;
EC15 : F4;
EC16 : F4;
EC17 : F4;
EC18 : D5;
EC19 : F4;
EC1A : F4;
EC1B : F4;
EC1C : F4;
EC1D : F4;
EC1E : F4;
EC1F : F4;
EC20 : D5;
EC21 : F4;
EC22 : F4;
EC23 : F4;
EC24 : F4;
EC25 : F4;
EC26 : F4;
EC27 : F4;
EC28 : D5;
EC29 : F4;
EC2A : F4;
EC2B : F4;
EC2C : F4;
EC2D : F4;
EC2E : F4;
EC2F : F4;
EC30 : D5;
EC31 : F4;
EC32 : F4;
EC33 : F4;
EC34 : F4;
EC35 : F4;
EC36 : F4;
EC37 : F4;
EC38 : D5;
EC39 : F4;
EC3A : D4;
EC3B : D4;
EC3C : D4;
EC3D : D4;
EC3E : D4;
EC3F : D4;
EC40 : F4;
EC41 : F4;
EC42 : F4;
EC43 : F4;
EC44 : D0;
EC45 : A8;
EC46 : A8;
EC47 : A8;
EC48 : F4;
EC49 : F4;
EC4A : F4;
EC4B : F4;
EC4C : D0;
EC4D : A8;
EC4E : A8;
EC4F : A8;
EC50 : F4;
EC51 : F4;
EC52 : F4;
EC53 : F4;
EC54 : D0;
EC55 : A8;
EC56 : A8;
EC57 : A8;
EC58 : F4;
EC59 : F4;
EC5A : F4;
EC5B : F4;
EC5C : D0;
EC5D : A8;
EC5E : A8;
EC5F : A8;
EC60 : F4;
EC61 : F4;
EC62 : F4;
EC63 : F4;
EC64 : D0;
EC65 : A8;
EC66 : A8;
EC67 : A8;
EC68 : F4;
EC69 : F4;
EC6A : F4;
EC6B : F4;
EC6C : D0;
EC6D : A8;
EC6E : A8;
EC6F : A8;
EC70 : F4;
EC71 : F4;
EC72 : F4;
EC73 : F4;
EC74 : D0;
EC75 : A8;
EC76 : A8;
EC77 : A8;
EC78 : D4;
EC79 : D4;
EC7A : D4;
EC7B : D4;
EC7C : D0;
EC7D : AC;
EC7E : AC;
EC7F : AC;
EC80 : A8;
EC81 : A8;
EC82 : A8;
EC83 : A8;
EC84 : A8;
EC85 : A8;
EC86 : A8;
EC87 : A8;
EC88 : A8;
EC89 : A8;
EC8A : A8;
EC8B : A8;
EC8C : A8;
EC8D : A8;
EC8E : A8;
EC8F : A8;
EC90 : A8;
EC91 : A8;
EC92 : A8;
EC93 : A8;
EC94 : A8;
EC95 : A8;
EC96 : A8;
EC97 : A8;
EC98 : A8;
EC99 : A8;
EC9A : A8;
EC9B : A8;
EC9C : A8;
EC9D : A8;
EC9E : A8;
EC9F : A8;
ECA0 : A8;
ECA1 : A8;
ECA2 : A8;
ECA3 : A8;
ECA4 : A8;
ECA5 : A8;
ECA6 : A8;
ECA7 : A8;
ECA8 : A8;
ECA9 : A8;
ECAA : A8;
ECAB : A8;
ECAC : A8;
ECAD : A8;
ECAE : A8;
ECAF : A8;
ECB0 : A8;
ECB1 : A8;
ECB2 : A8;
ECB3 : A8;
ECB4 : A8;
ECB5 : A8;
ECB6 : A8;
ECB7 : A8;
ECB8 : AC;
ECB9 : AC;
ECBA : AC;
ECBB : AC;
ECBC : AC;
ECBD : AC;
ECBE : AC;
ECBF : AC;
ECC0 : A8;
ECC1 : CA;
ECC2 : E3;
ECC3 : E3;
ECC4 : E3;
ECC5 : E3;
ECC6 : E3;
ECC7 : E3;
ECC8 : A8;
ECC9 : CA;
ECCA : E3;
ECCB : E3;
ECCC : E3;
ECCD : E3;
ECCE : E3;
ECCF : E3;
ECD0 : A8;
ECD1 : CA;
ECD2 : E3;
ECD3 : E3;
ECD4 : E3;
ECD5 : E3;
ECD6 : E3;
ECD7 : E3;
ECD8 : A8;
ECD9 : CA;
ECDA : E3;
ECDB : E3;
ECDC : E3;
ECDD : E3;
ECDE : E3;
ECDF : E3;
ECE0 : A8;
ECE1 : CA;
ECE2 : E3;
ECE3 : E3;
ECE4 : E3;
ECE5 : E3;
ECE6 : E3;
ECE7 : E3;
ECE8 : A8;
ECE9 : C9;
ECEA : E3;
ECEB : E3;
ECEC : E3;
ECED : E3;
ECEE : E3;
ECEF : E3;
ECF0 : A8;
ECF1 : CA;
ECF2 : E3;
ECF3 : E3;
ECF4 : E3;
ECF5 : E3;
ECF6 : E3;
ECF7 : E3;
ECF8 : AC;
ECF9 : CA;
ECFA : E7;
ECFB : E7;
ECFC : E7;
ECFD : E7;
ECFE : E7;
ECFF : E7;
ED00 : E3;
ED01 : E3;
ED02 : E3;
ED03 : E3;
ED04 : E3;
ED05 : E3;
ED06 : 66;
ED07 : 46;
ED08 : E3;
ED09 : E3;
ED0A : E3;
ED0B : E3;
ED0C : E3;
ED0D : E3;
ED0E : 66;
ED0F : 46;
ED10 : E3;
ED11 : E3;
ED12 : E3;
ED13 : E3;
ED14 : E3;
ED15 : E3;
ED16 : 66;
ED17 : 46;
ED18 : E3;
ED19 : E3;
ED1A : E3;
ED1B : E3;
ED1C : E3;
ED1D : E3;
ED1E : 66;
ED1F : 46;
ED20 : E3;
ED21 : E3;
ED22 : E3;
ED23 : E3;
ED24 : E3;
ED25 : E3;
ED26 : 66;
ED27 : 46;
ED28 : E3;
ED29 : E3;
ED2A : E3;
ED2B : E3;
ED2C : E3;
ED2D : E3;
ED2E : 66;
ED2F : 46;
ED30 : E3;
ED31 : E3;
ED32 : E3;
ED33 : E3;
ED34 : E3;
ED35 : E3;
ED36 : 66;
ED37 : 46;
ED38 : E7;
ED39 : E7;
ED3A : E7;
ED3B : E7;
ED3C : E7;
ED3D : E7;
ED3E : 66;
ED3F : 46;
ED40 : 46;
ED41 : 46;
ED42 : 46;
ED43 : 46;
ED44 : 46;
ED45 : 46;
ED46 : 46;
ED47 : 46;
ED48 : 46;
ED49 : 46;
ED4A : 46;
ED4B : 46;
ED4C : 46;
ED4D : 46;
ED4E : 46;
ED4F : 46;
ED50 : 46;
ED51 : 46;
ED52 : 46;
ED53 : 46;
ED54 : 46;
ED55 : 46;
ED56 : 46;
ED57 : 46;
ED58 : 46;
ED59 : 46;
ED5A : 46;
ED5B : 46;
ED5C : 46;
ED5D : 46;
ED5E : 46;
ED5F : 46;
ED60 : 46;
ED61 : 46;
ED62 : 46;
ED63 : 46;
ED64 : 46;
ED65 : 46;
ED66 : 46;
ED67 : 46;
ED68 : 46;
ED69 : 46;
ED6A : 46;
ED6B : 46;
ED6C : 46;
ED6D : 46;
ED6E : 46;
ED6F : 46;
ED70 : 46;
ED71 : 46;
ED72 : 46;
ED73 : 46;
ED74 : 46;
ED75 : 46;
ED76 : 46;
ED77 : 46;
ED78 : 46;
ED79 : 46;
ED7A : 46;
ED7B : 46;
ED7C : 46;
ED7D : 46;
ED7E : 46;
ED7F : 46;
ED80 : 46;
ED81 : 46;
ED82 : 25;
ED83 : 3A;
ED84 : 1D;
ED85 : 1D;
ED86 : 1D;
ED87 : 1D;
ED88 : 46;
ED89 : 46;
ED8A : 25;
ED8B : 3A;
ED8C : 1D;
ED8D : 1D;
ED8E : 1D;
ED8F : 1D;
ED90 : 46;
ED91 : 46;
ED92 : 25;
ED93 : 3A;
ED94 : 1D;
ED95 : 1D;
ED96 : 1D;
ED97 : 1D;
ED98 : 46;
ED99 : 46;
ED9A : 25;
ED9B : 3A;
ED9C : 1D;
ED9D : 1D;
ED9E : 1D;
ED9F : 1D;
EDA0 : 46;
EDA1 : 46;
EDA2 : 25;
EDA3 : 3A;
EDA4 : 1D;
EDA5 : 1D;
EDA6 : 1D;
EDA7 : 1D;
EDA8 : 46;
EDA9 : 46;
EDAA : 25;
EDAB : 3A;
EDAC : 1D;
EDAD : 1D;
EDAE : 1D;
EDAF : 1D;
EDB0 : 46;
EDB1 : 46;
EDB2 : 25;
EDB3 : 3A;
EDB4 : 1D;
EDB5 : 1D;
EDB6 : 1D;
EDB7 : 1D;
EDB8 : 46;
EDB9 : 46;
EDBA : 26;
EDBB : 36;
EDBC : 1D;
EDBD : 39;
EDBE : 39;
EDBF : 39;
EDC0 : 1D;
EDC1 : 1D;
EDC2 : 1D;
EDC3 : 1D;
EDC4 : 1D;
EDC5 : 1D;
EDC6 : 1D;
EDC7 : 3D;
EDC8 : 1D;
EDC9 : 1D;
EDCA : 1D;
EDCB : 1D;
EDCC : 1D;
EDCD : 1D;
EDCE : 1D;
EDCF : 3D;
EDD0 : 1D;
EDD1 : 1D;
EDD2 : 1D;
EDD3 : 1D;
EDD4 : 1D;
EDD5 : 1D;
EDD6 : 1D;
EDD7 : 3D;
EDD8 : 1D;
EDD9 : 1D;
EDDA : 1D;
EDDB : 1D;
EDDC : 1D;
EDDD : 1D;
EDDE : 1D;
EDDF : 3D;
EDE0 : 1D;
EDE1 : 1D;
EDE2 : 1D;
EDE3 : 1D;
EDE4 : 1D;
EDE5 : 1D;
EDE6 : 1D;
EDE7 : 3D;
EDE8 : 1D;
EDE9 : 1D;
EDEA : 1D;
EDEB : 1D;
EDEC : 1D;
EDED : 1D;
EDEE : 1D;
EDEF : 3D;
EDF0 : 1D;
EDF1 : 1D;
EDF2 : 1D;
EDF3 : 1D;
EDF4 : 1D;
EDF5 : 1D;
EDF6 : 1D;
EDF7 : 3D;
EDF8 : 39;
EDF9 : 39;
EDFA : 39;
EDFB : 39;
EDFC : 39;
EDFD : 39;
EDFE : 1D;
EDFF : 39;
EE00 : EC;
EE01 : E8;
EE02 : E8;
EE03 : E8;
EE04 : E8;
EE05 : E8;
EE06 : E8;
EE07 : E8;
EE08 : EC;
EE09 : E8;
EE0A : E8;
EE0B : E8;
EE0C : E8;
EE0D : E8;
EE0E : E8;
EE0F : E8;
EE10 : EC;
EE11 : E8;
EE12 : C8;
EE13 : C8;
EE14 : E8;
EE15 : E8;
EE16 : E8;
EE17 : E8;
EE18 : EC;
EE19 : E8;
EE1A : C8;
EE1B : C8;
EE1C : E8;
EE1D : E8;
EE1E : E8;
EE1F : E8;
EE20 : EC;
EE21 : E8;
EE22 : C8;
EE23 : C8;
EE24 : E8;
EE25 : E8;
EE26 : E8;
EE27 : E8;
EE28 : EC;
EE29 : E8;
EE2A : C8;
EE2B : C8;
EE2C : E8;
EE2D : E8;
EE2E : E8;
EE2F : E8;
EE30 : EC;
EE31 : C8;
EE32 : C8;
EE33 : C8;
EE34 : C8;
EE35 : C8;
EE36 : C8;
EE37 : C8;
EE38 : EC;
EE39 : EC;
EE3A : EC;
EE3B : EC;
EE3C : EC;
EE3D : EC;
EE3E : EC;
EE3F : EC;
EE40 : E8;
EE41 : E8;
EE42 : E8;
EE43 : E8;
EE44 : C8;
EE45 : A5;
EE46 : A5;
EE47 : A5;
EE48 : E8;
EE49 : E8;
EE4A : E8;
EE4B : E8;
EE4C : C8;
EE4D : A5;
EE4E : A5;
EE4F : A5;
EE50 : E8;
EE51 : E8;
EE52 : E8;
EE53 : E8;
EE54 : C8;
EE55 : A5;
EE56 : A5;
EE57 : A5;
EE58 : E8;
EE59 : E8;
EE5A : E8;
EE5B : E8;
EE5C : C8;
EE5D : A5;
EE5E : A5;
EE5F : A5;
EE60 : E8;
EE61 : E8;
EE62 : E8;
EE63 : C8;
EE64 : C8;
EE65 : A5;
EE66 : A5;
EE67 : A5;
EE68 : E8;
EE69 : E8;
EE6A : E8;
EE6B : C8;
EE6C : C8;
EE6D : A5;
EE6E : A5;
EE6F : A5;
EE70 : C8;
EE71 : C8;
EE72 : C8;
EE73 : E8;
EE74 : C8;
EE75 : A5;
EE76 : A5;
EE77 : A5;
EE78 : EC;
EE79 : EC;
EE7A : EC;
EE7B : EC;
EE7C : C8;
EE7D : A5;
EE7E : A5;
EE7F : A5;
EE80 : A5;
EE81 : A5;
EE82 : A5;
EE83 : A5;
EE84 : A5;
EE85 : A5;
EE86 : A5;
EE87 : A5;
EE88 : A5;
EE89 : A5;
EE8A : A5;
EE8B : A5;
EE8C : A5;
EE8D : A5;
EE8E : A5;
EE8F : A5;
EE90 : A5;
EE91 : A5;
EE92 : A5;
EE93 : A5;
EE94 : A5;
EE95 : A5;
EE96 : A5;
EE97 : A5;
EE98 : A5;
EE99 : A5;
EE9A : A5;
EE9B : A5;
EE9C : A5;
EE9D : A5;
EE9E : A5;
EE9F : A5;
EEA0 : A5;
EEA1 : A5;
EEA2 : A5;
EEA3 : A5;
EEA4 : A5;
EEA5 : A5;
EEA6 : A5;
EEA7 : A5;
EEA8 : A5;
EEA9 : A5;
EEAA : A5;
EEAB : A5;
EEAC : A5;
EEAD : A5;
EEAE : A5;
EEAF : A5;
EEB0 : A5;
EEB1 : A5;
EEB2 : A5;
EEB3 : A5;
EEB4 : A5;
EEB5 : A5;
EEB6 : A5;
EEB7 : A5;
EEB8 : A5;
EEB9 : A5;
EEBA : A5;
EEBB : A5;
EEBC : A5;
EEBD : A5;
EEBE : A5;
EEBF : A5;
EEC0 : A5;
EEC1 : 8E;
EEC2 : 93;
EEC3 : 93;
EEC4 : 93;
EEC5 : B3;
EEC6 : B3;
EEC7 : B3;
EEC8 : A5;
EEC9 : 8E;
EECA : 93;
EECB : 93;
EECC : B3;
EECD : B3;
EECE : B3;
EECF : B3;
EED0 : A5;
EED1 : 8E;
EED2 : 93;
EED3 : 93;
EED4 : B3;
EED5 : B3;
EED6 : B3;
EED7 : B3;
EED8 : A5;
EED9 : 8E;
EEDA : 93;
EEDB : 93;
EEDC : B3;
EEDD : B3;
EEDE : B3;
EEDF : B3;
EEE0 : A5;
EEE1 : 8E;
EEE2 : 93;
EEE3 : 93;
EEE4 : B3;
EEE5 : B3;
EEE6 : B3;
EEE7 : B3;
EEE8 : A5;
EEE9 : 8E;
EEEA : 93;
EEEB : 93;
EEEC : B3;
EEED : B3;
EEEE : B3;
EEEF : B3;
EEF0 : A5;
EEF1 : AE;
EEF2 : B3;
EEF3 : B3;
EEF4 : B3;
EEF5 : B3;
EEF6 : B3;
EEF7 : B3;
EEF8 : A5;
EEF9 : 8E;
EEFA : 93;
EEFB : 93;
EEFC : 93;
EEFD : 93;
EEFE : 93;
EEFF : 93;
EF00 : B3;
EF01 : B3;
EF02 : 93;
EF03 : 93;
EF04 : B3;
EF05 : B3;
EF06 : 57;
EF07 : 17;
EF08 : B3;
EF09 : B3;
EF0A : 93;
EF0B : 93;
EF0C : B3;
EF0D : B3;
EF0E : 57;
EF0F : 17;
EF10 : B3;
EF11 : B3;
EF12 : 93;
EF13 : 93;
EF14 : B3;
EF15 : B3;
EF16 : 57;
EF17 : 17;
EF18 : B3;
EF19 : B3;
EF1A : 93;
EF1B : 93;
EF1C : B3;
EF1D : B3;
EF1E : 57;
EF1F : 17;
EF20 : B3;
EF21 : B3;
EF22 : 93;
EF23 : 93;
EF24 : B3;
EF25 : B3;
EF26 : 57;
EF27 : 17;
EF28 : B3;
EF29 : B3;
EF2A : B3;
EF2B : B3;
EF2C : B3;
EF2D : 93;
EF2E : 77;
EF2F : 17;
EF30 : B3;
EF31 : B3;
EF32 : B3;
EF33 : B3;
EF34 : B3;
EF35 : B3;
EF36 : 77;
EF37 : 17;
EF38 : 93;
EF39 : 93;
EF3A : 93;
EF3B : 93;
EF3C : 93;
EF3D : 93;
EF3E : 57;
EF3F : 17;
EF40 : 17;
EF41 : 17;
EF42 : 17;
EF43 : 17;
EF44 : 17;
EF45 : 17;
EF46 : 17;
EF47 : 17;
EF48 : 17;
EF49 : 17;
EF4A : 17;
EF4B : 17;
EF4C : 17;
EF4D : 17;
EF4E : 17;
EF4F : 17;
EF50 : 17;
EF51 : 17;
EF52 : 17;
EF53 : 17;
EF54 : 17;
EF55 : 17;
EF56 : 17;
EF57 : 17;
EF58 : 17;
EF59 : 17;
EF5A : 17;
EF5B : 17;
EF5C : 17;
EF5D : 17;
EF5E : 17;
EF5F : 17;
EF60 : 17;
EF61 : 17;
EF62 : 17;
EF63 : 17;
EF64 : 17;
EF65 : 17;
EF66 : 17;
EF67 : 17;
EF68 : 17;
EF69 : 17;
EF6A : 17;
EF6B : 17;
EF6C : 17;
EF6D : 17;
EF6E : 17;
EF6F : 17;
EF70 : 17;
EF71 : 17;
EF72 : 17;
EF73 : 17;
EF74 : 17;
EF75 : 17;
EF76 : 17;
EF77 : 17;
EF78 : 17;
EF79 : 17;
EF7A : 17;
EF7B : 37;
EF7C : 37;
EF7D : 37;
EF7E : 37;
EF7F : 37;
EF80 : 17;
EF81 : 17;
EF82 : 17;
EF83 : 99;
EF84 : 9C;
EF85 : 9C;
EF86 : 9C;
EF87 : 9C;
EF88 : 17;
EF89 : 17;
EF8A : 17;
EF8B : 99;
EF8C : 9C;
EF8D : 9C;
EF8E : 9C;
EF8F : 9C;
EF90 : 17;
EF91 : 17;
EF92 : 17;
EF93 : 99;
EF94 : 9C;
EF95 : 9C;
EF96 : 9C;
EF97 : 9C;
EF98 : 17;
EF99 : 17;
EF9A : 17;
EF9B : 99;
EF9C : 9C;
EF9D : 9C;
EF9E : 9C;
EF9F : 9C;
EFA0 : 17;
EFA1 : 17;
EFA2 : 17;
EFA3 : 99;
EFA4 : 9C;
EFA5 : 9C;
EFA6 : 9C;
EFA7 : 9C;
EFA8 : 17;
EFA9 : 17;
EFAA : 17;
EFAB : 99;
EFAC : 9C;
EFAD : 9C;
EFAE : 9C;
EFAF : 9C;
EFB0 : 17;
EFB1 : 17;
EFB2 : 17;
EFB3 : 99;
EFB4 : 9C;
EFB5 : 9C;
EFB6 : 9C;
EFB7 : 9C;
EFB8 : 17;
EFB9 : 17;
EFBA : 17;
EFBB : 99;
EFBC : B8;
EFBD : B8;
EFBE : B8;
EFBF : B8;
EFC0 : 9C;
EFC1 : 9C;
EFC2 : 9C;
EFC3 : 9C;
EFC4 : 9C;
EFC5 : 9C;
EFC6 : 9C;
EFC7 : 98;
EFC8 : 9C;
EFC9 : 9C;
EFCA : 9C;
EFCB : 9C;
EFCC : 9C;
EFCD : 9C;
EFCE : 9C;
EFCF : 98;
EFD0 : 9C;
EFD1 : 9C;
EFD2 : 9C;
EFD3 : 9C;
EFD4 : 9C;
EFD5 : 9C;
EFD6 : 9C;
EFD7 : 98;
EFD8 : 9C;
EFD9 : 9C;
EFDA : 9C;
EFDB : 9C;
EFDC : 9C;
EFDD : 9C;
EFDE : 9C;
EFDF : 98;
EFE0 : 9C;
EFE1 : 9C;
EFE2 : 9C;
EFE3 : 9C;
EFE4 : 9C;
EFE5 : 9C;
EFE6 : 9C;
EFE7 : 98;
EFE8 : 9C;
EFE9 : 9C;
EFEA : 9C;
EFEB : 9C;
EFEC : 9C;
EFED : 9C;
EFEE : 9C;
EFEF : 98;
EFF0 : 9C;
EFF1 : 9C;
EFF2 : 9C;
EFF3 : 9C;
EFF4 : 9C;
EFF5 : 9C;
EFF6 : 9C;
EFF7 : 98;
EFF8 : B8;
EFF9 : B8;
EFFA : B8;
EFFB : B8;
EFFC : B8;
EFFD : 98;
EFFE : B8;
EFFF : 98;
F000 : A7;
F001 : A7;
F002 : A7;
F003 : A7;
F004 : A7;
F005 : A7;
F006 : A7;
F007 : A7;
F008 : A7;
F009 : A7;
F00A : A7;
F00B : A7;
F00C : A7;
F00D : A7;
F00E : A7;
F00F : A7;
F010 : A7;
F011 : A7;
F012 : A7;
F013 : A7;
F014 : A7;
F015 : A7;
F016 : A7;
F017 : A7;
F018 : A7;
F019 : A7;
F01A : A7;
F01B : A7;
F01C : A7;
F01D : A7;
F01E : A7;
F01F : A7;
F020 : A7;
F021 : A7;
F022 : A7;
F023 : A7;
F024 : A7;
F025 : A7;
F026 : A7;
F027 : A7;
F028 : A7;
F029 : A7;
F02A : A7;
F02B : A7;
F02C : A7;
F02D : A7;
F02E : A7;
F02F : A7;
F030 : A7;
F031 : A7;
F032 : A7;
F033 : A7;
F034 : A7;
F035 : A7;
F036 : A7;
F037 : A7;
F038 : A7;
F039 : A7;
F03A : A7;
F03B : A7;
F03C : A7;
F03D : A7;
F03E : A7;
F03F : A7;
F040 : A7;
F041 : A7;
F042 : A7;
F043 : A7;
F044 : 87;
F045 : 46;
F046 : 46;
F047 : 46;
F048 : A7;
F049 : A7;
F04A : A7;
F04B : A7;
F04C : 87;
F04D : 46;
F04E : 46;
F04F : 46;
F050 : A7;
F051 : A7;
F052 : A7;
F053 : A7;
F054 : 87;
F055 : 46;
F056 : 46;
F057 : 46;
F058 : A7;
F059 : A7;
F05A : A7;
F05B : A7;
F05C : 87;
F05D : 46;
F05E : 46;
F05F : 46;
F060 : A7;
F061 : A7;
F062 : A7;
F063 : A7;
F064 : 87;
F065 : 46;
F066 : 46;
F067 : 46;
F068 : A7;
F069 : A7;
F06A : A7;
F06B : A7;
F06C : 87;
F06D : 46;
F06E : 46;
F06F : 46;
F070 : A7;
F071 : A7;
F072 : A7;
F073 : A7;
F074 : 87;
F075 : 46;
F076 : 26;
F077 : 26;
F078 : A7;
F079 : A7;
F07A : A7;
F07B : A7;
F07C : 87;
F07D : 46;
F07E : 46;
F07F : 46;
F080 : 46;
F081 : 46;
F082 : 46;
F083 : 46;
F084 : 46;
F085 : 46;
F086 : 46;
F087 : 46;
F088 : 46;
F089 : 46;
F08A : 46;
F08B : 46;
F08C : 46;
F08D : 46;
F08E : 46;
F08F : 46;
F090 : 46;
F091 : 46;
F092 : 46;
F093 : 46;
F094 : 46;
F095 : 46;
F096 : 46;
F097 : 46;
F098 : 46;
F099 : 46;
F09A : 46;
F09B : 46;
F09C : 46;
F09D : 46;
F09E : 46;
F09F : 46;
F0A0 : 46;
F0A1 : 46;
F0A2 : 46;
F0A3 : 46;
F0A4 : 46;
F0A5 : 46;
F0A6 : 46;
F0A7 : 46;
F0A8 : 46;
F0A9 : 46;
F0AA : 46;
F0AB : 46;
F0AC : 46;
F0AD : 46;
F0AE : 46;
F0AF : 46;
F0B0 : 26;
F0B1 : 46;
F0B2 : 46;
F0B3 : 46;
F0B4 : 46;
F0B5 : 46;
F0B6 : 46;
F0B7 : 46;
F0B8 : 46;
F0B9 : 46;
F0BA : 46;
F0BB : 46;
F0BC : 46;
F0BD : 46;
F0BE : 46;
F0BF : 46;
F0C0 : 26;
F0C1 : 52;
F0C2 : 1D;
F0C3 : 1E;
F0C4 : 1E;
F0C5 : 1E;
F0C6 : 1E;
F0C7 : 1E;
F0C8 : 26;
F0C9 : 52;
F0CA : 1D;
F0CB : 1E;
F0CC : 1E;
F0CD : 1E;
F0CE : 1E;
F0CF : 1E;
F0D0 : 26;
F0D1 : 52;
F0D2 : 1D;
F0D3 : 1E;
F0D4 : 1E;
F0D5 : 1E;
F0D6 : 1E;
F0D7 : 1E;
F0D8 : 26;
F0D9 : 52;
F0DA : 1D;
F0DB : 1E;
F0DC : 1E;
F0DD : 1E;
F0DE : 1E;
F0DF : 1E;
F0E0 : 26;
F0E1 : 52;
F0E2 : 1D;
F0E3 : 1E;
F0E4 : 1E;
F0E5 : 1E;
F0E6 : 1E;
F0E7 : 1E;
F0E8 : 26;
F0E9 : 52;
F0EA : 1D;
F0EB : 1E;
F0EC : 1E;
F0ED : 1E;
F0EE : 1E;
F0EF : 1E;
F0F0 : 26;
F0F1 : 52;
F0F2 : 1D;
F0F3 : 1E;
F0F4 : 1E;
F0F5 : 1E;
F0F6 : 1E;
F0F7 : 1E;
F0F8 : 46;
F0F9 : 52;
F0FA : 3D;
F0FB : 3E;
F0FC : 3E;
F0FD : 3E;
F0FE : 3E;
F0FF : 3E;
F100 : 1E;
F101 : 1E;
F102 : 1E;
F103 : 1E;
F104 : 1E;
F105 : 1E;
F106 : 7D;
F107 : 9C;
F108 : 1E;
F109 : 1E;
F10A : 1E;
F10B : 1E;
F10C : 1E;
F10D : 1E;
F10E : 7D;
F10F : 9C;
F110 : 1E;
F111 : 1E;
F112 : 1E;
F113 : 1E;
F114 : 1E;
F115 : 1E;
F116 : 7D;
F117 : 9C;
F118 : 1E;
F119 : 1E;
F11A : 1E;
F11B : 1E;
F11C : 1E;
F11D : 1E;
F11E : 7D;
F11F : 9C;
F120 : 1E;
F121 : 1E;
F122 : 1E;
F123 : 1E;
F124 : 1E;
F125 : 1E;
F126 : 7D;
F127 : 9C;
F128 : 1E;
F129 : 1E;
F12A : 1E;
F12B : 1E;
F12C : 1E;
F12D : 1E;
F12E : 7D;
F12F : 9C;
F130 : 1E;
F131 : 1E;
F132 : 1E;
F133 : 1E;
F134 : 1E;
F135 : 1E;
F136 : 5D;
F137 : 7C;
F138 : 3E;
F139 : 3E;
F13A : 3E;
F13B : 3E;
F13C : 3E;
F13D : 3E;
F13E : 7D;
F13F : 7C;
F140 : 7C;
F141 : 7C;
F142 : 7C;
F143 : 7C;
F144 : 7C;
F145 : 7C;
F146 : 7C;
F147 : 7C;
F148 : 7C;
F149 : 7C;
F14A : 7C;
F14B : 7C;
F14C : 7C;
F14D : 7C;
F14E : 7C;
F14F : 7C;
F150 : 7C;
F151 : 7C;
F152 : 7C;
F153 : 7C;
F154 : 7C;
F155 : 7C;
F156 : 7C;
F157 : 7C;
F158 : 7C;
F159 : 7C;
F15A : 7C;
F15B : 7C;
F15C : 7C;
F15D : 7C;
F15E : 7C;
F15F : 7C;
F160 : 7C;
F161 : 7C;
F162 : 7C;
F163 : 7C;
F164 : 7C;
F165 : 7C;
F166 : 7C;
F167 : 7C;
F168 : 7C;
F169 : 7C;
F16A : 7C;
F16B : 7C;
F16C : 7C;
F16D : 7C;
F16E : 7C;
F16F : 7C;
F170 : 7C;
F171 : 7C;
F172 : 7C;
F173 : 7C;
F174 : 7C;
F175 : 7C;
F176 : 7C;
F177 : 7C;
F178 : 7C;
F179 : 7C;
F17A : 7C;
F17B : 7C;
F17C : 7C;
F17D : 7C;
F17E : 7C;
F17F : 7C;
F180 : 7C;
F181 : 7C;
F182 : 7C;
F183 : D0;
F184 : EC;
F185 : F0;
F186 : F0;
F187 : F0;
F188 : 7C;
F189 : 7C;
F18A : 7C;
F18B : D0;
F18C : EC;
F18D : F0;
F18E : F0;
F18F : F0;
F190 : 7C;
F191 : 7C;
F192 : 7C;
F193 : D0;
F194 : EC;
F195 : F0;
F196 : F0;
F197 : F0;
F198 : 7C;
F199 : 7C;
F19A : 7C;
F19B : D0;
F19C : EC;
F19D : F0;
F19E : F0;
F19F : F0;
F1A0 : 7C;
F1A1 : 7C;
F1A2 : 7C;
F1A3 : D0;
F1A4 : EC;
F1A5 : F0;
F1A6 : F0;
F1A7 : F0;
F1A8 : 7C;
F1A9 : 7C;
F1AA : 7C;
F1AB : D0;
F1AC : EC;
F1AD : F0;
F1AE : F0;
F1AF : F0;
F1B0 : 7C;
F1B1 : 7C;
F1B2 : 7C;
F1B3 : D0;
F1B4 : EC;
F1B5 : F0;
F1B6 : F0;
F1B7 : F0;
F1B8 : 7C;
F1B9 : 7C;
F1BA : 7C;
F1BB : D4;
F1BC : F0;
F1BD : D0;
F1BE : F0;
F1BF : F0;
F1C0 : F0;
F1C1 : F0;
F1C2 : F0;
F1C3 : F0;
F1C4 : F0;
F1C5 : F0;
F1C6 : EC;
F1C7 : D0;
F1C8 : F0;
F1C9 : F0;
F1CA : F0;
F1CB : F0;
F1CC : F0;
F1CD : F0;
F1CE : EC;
F1CF : D0;
F1D0 : F0;
F1D1 : F0;
F1D2 : F0;
F1D3 : F0;
F1D4 : F0;
F1D5 : F0;
F1D6 : EC;
F1D7 : D0;
F1D8 : F0;
F1D9 : F0;
F1DA : F0;
F1DB : F0;
F1DC : F0;
F1DD : F0;
F1DE : EC;
F1DF : D0;
F1E0 : F0;
F1E1 : F0;
F1E2 : F0;
F1E3 : F0;
F1E4 : F0;
F1E5 : F0;
F1E6 : EC;
F1E7 : D0;
F1E8 : F0;
F1E9 : F0;
F1EA : F0;
F1EB : F0;
F1EC : F0;
F1ED : F0;
F1EE : EC;
F1EF : D0;
F1F0 : F0;
F1F1 : F0;
F1F2 : F0;
F1F3 : F0;
F1F4 : F0;
F1F5 : F0;
F1F6 : EC;
F1F7 : D0;
F1F8 : F0;
F1F9 : F0;
F1FA : F0;
F1FB : F0;
F1FC : F0;
F1FD : F0;
F1FE : F0;
F1FF : D0;
F200 : 98;
F201 : 7C;
F202 : 7C;
F203 : 7C;
F204 : 7C;
F205 : 7C;
F206 : 7C;
F207 : 7C;
F208 : 98;
F209 : 7C;
F20A : 7C;
F20B : 7C;
F20C : 7C;
F20D : 7C;
F20E : 7C;
F20F : 7C;
F210 : 98;
F211 : 7C;
F212 : 7C;
F213 : 7C;
F214 : 7C;
F215 : 7C;
F216 : 7C;
F217 : 7C;
F218 : 98;
F219 : 7C;
F21A : 7C;
F21B : 7C;
F21C : 7C;
F21D : 7C;
F21E : 7C;
F21F : 7C;
F220 : 98;
F221 : 7C;
F222 : 7C;
F223 : 7C;
F224 : 7C;
F225 : 7C;
F226 : 7C;
F227 : 7C;
F228 : 98;
F229 : 7C;
F22A : 7C;
F22B : 7C;
F22C : 7C;
F22D : 7C;
F22E : 7C;
F22F : 7C;
F230 : 98;
F231 : 7C;
F232 : 7C;
F233 : 7C;
F234 : 7C;
F235 : 7C;
F236 : 7C;
F237 : 7C;
F238 : 99;
F239 : 7D;
F23A : 79;
F23B : 79;
F23C : 79;
F23D : 79;
F23E : 79;
F23F : 79;
F240 : 7C;
F241 : 7C;
F242 : 7C;
F243 : 7C;
F244 : 78;
F245 : B4;
F246 : B4;
F247 : B4;
F248 : 7C;
F249 : 7C;
F24A : 7C;
F24B : 7C;
F24C : 78;
F24D : B4;
F24E : B4;
F24F : B4;
F250 : 7C;
F251 : 7C;
F252 : 7C;
F253 : 7C;
F254 : 78;
F255 : B4;
F256 : B4;
F257 : B4;
F258 : 7C;
F259 : 7C;
F25A : 7C;
F25B : 7C;
F25C : 78;
F25D : B4;
F25E : B4;
F25F : B4;
F260 : 7C;
F261 : 7C;
F262 : 7C;
F263 : 7C;
F264 : 78;
F265 : B4;
F266 : B4;
F267 : B4;
F268 : 7C;
F269 : 7C;
F26A : 7C;
F26B : 7C;
F26C : 78;
F26D : B4;
F26E : B4;
F26F : B4;
F270 : 7C;
F271 : 7C;
F272 : 7C;
F273 : 7C;
F274 : 78;
F275 : B4;
F276 : B4;
F277 : B4;
F278 : 79;
F279 : 79;
F27A : 79;
F27B : 7D;
F27C : 79;
F27D : B0;
F27E : B0;
F27F : B0;
F280 : B4;
F281 : B4;
F282 : B4;
F283 : B4;
F284 : B4;
F285 : B4;
F286 : B4;
F287 : B4;
F288 : B4;
F289 : B4;
F28A : B4;
F28B : B4;
F28C : B4;
F28D : B4;
F28E : B4;
F28F : B4;
F290 : B4;
F291 : B4;
F292 : B4;
F293 : B4;
F294 : B4;
F295 : B4;
F296 : B4;
F297 : B4;
F298 : B4;
F299 : B4;
F29A : B4;
F29B : B4;
F29C : B4;
F29D : B4;
F29E : B4;
F29F : B4;
F2A0 : B4;
F2A1 : B4;
F2A2 : B4;
F2A3 : B4;
F2A4 : B4;
F2A5 : B4;
F2A6 : B4;
F2A7 : B4;
F2A8 : B4;
F2A9 : B4;
F2AA : B4;
F2AB : B4;
F2AC : B4;
F2AD : B4;
F2AE : B4;
F2AF : B4;
F2B0 : B4;
F2B1 : B4;
F2B2 : B4;
F2B3 : B4;
F2B4 : B4;
F2B5 : B4;
F2B6 : B4;
F2B7 : B4;
F2B8 : B0;
F2B9 : B0;
F2BA : B0;
F2BB : B0;
F2BC : B0;
F2BD : B0;
F2BE : B0;
F2BF : B4;
F2C0 : B4;
F2C1 : D0;
F2C2 : EC;
F2C3 : E8;
F2C4 : E8;
F2C5 : E8;
F2C6 : E8;
F2C7 : E8;
F2C8 : B4;
F2C9 : D0;
F2CA : EC;
F2CB : E8;
F2CC : E8;
F2CD : E8;
F2CE : E8;
F2CF : E8;
F2D0 : B4;
F2D1 : D0;
F2D2 : E8;
F2D3 : E8;
F2D4 : E8;
F2D5 : E8;
F2D6 : E8;
F2D7 : E8;
F2D8 : B4;
F2D9 : D0;
F2DA : E8;
F2DB : E8;
F2DC : E8;
F2DD : E8;
F2DE : E8;
F2DF : E8;
F2E0 : B4;
F2E1 : D0;
F2E2 : EC;
F2E3 : E8;
F2E4 : E8;
F2E5 : E8;
F2E6 : E8;
F2E7 : E8;
F2E8 : B4;
F2E9 : D0;
F2EA : E8;
F2EB : E8;
F2EC : E8;
F2ED : E8;
F2EE : E8;
F2EF : E8;
F2F0 : 94;
F2F1 : D0;
F2F2 : EC;
F2F3 : E8;
F2F4 : E8;
F2F5 : E8;
F2F6 : E8;
F2F7 : E8;
F2F8 : 95;
F2F9 : CC;
F2FA : E8;
F2FB : E8;
F2FC : E8;
F2FD : E8;
F2FE : E8;
F2FF : E8;
F300 : E8;
F301 : E8;
F302 : E8;
F303 : E8;
F304 : E8;
F305 : EC;
F306 : E4;
F307 : E1;
F308 : E8;
F309 : E8;
F30A : E8;
F30B : E8;
F30C : E8;
F30D : EC;
F30E : E4;
F30F : E1;
F310 : E8;
F311 : E8;
F312 : E8;
F313 : E8;
F314 : E8;
F315 : EC;
F316 : E4;
F317 : E1;
F318 : E8;
F319 : E8;
F31A : E8;
F31B : E8;
F31C : E8;
F31D : EC;
F31E : E4;
F31F : E1;
F320 : E8;
F321 : E8;
F322 : E8;
F323 : E8;
F324 : E8;
F325 : EC;
F326 : E4;
F327 : E1;
F328 : E8;
F329 : E8;
F32A : E8;
F32B : E8;
F32C : E8;
F32D : E8;
F32E : E4;
F32F : E1;
F330 : E8;
F331 : E8;
F332 : E8;
F333 : E8;
F334 : E8;
F335 : EC;
F336 : E4;
F337 : E1;
F338 : E8;
F339 : E8;
F33A : E8;
F33B : E8;
F33C : E8;
F33D : E8;
F33E : E4;
F33F : E1;
F340 : E0;
F341 : E0;
F342 : E0;
F343 : E0;
F344 : E0;
F345 : E0;
F346 : E0;
F347 : E0;
F348 : E0;
F349 : E0;
F34A : E0;
F34B : E0;
F34C : E0;
F34D : E0;
F34E : E0;
F34F : E0;
F350 : E0;
F351 : E0;
F352 : E0;
F353 : E0;
F354 : E0;
F355 : E0;
F356 : E0;
F357 : E0;
F358 : E0;
F359 : E0;
F35A : E0;
F35B : E0;
F35C : E0;
F35D : E0;
F35E : E0;
F35F : E0;
F360 : E0;
F361 : E0;
F362 : E0;
F363 : E0;
F364 : E0;
F365 : E0;
F366 : E0;
F367 : E0;
F368 : E0;
F369 : E0;
F36A : E0;
F36B : E0;
F36C : E0;
F36D : E0;
F36E : E0;
F36F : E0;
F370 : E0;
F371 : E0;
F372 : E0;
F373 : E0;
F374 : E0;
F375 : E0;
F376 : E0;
F377 : E0;
F378 : E4;
F379 : E4;
F37A : E4;
F37B : E4;
F37C : E4;
F37D : E4;
F37E : E4;
F37F : E4;
F380 : E0;
F381 : E0;
F382 : C1;
F383 : 77;
F384 : 1B;
F385 : 1B;
F386 : 1B;
F387 : 1B;
F388 : E0;
F389 : E0;
F38A : C5;
F38B : 77;
F38C : 1B;
F38D : 1B;
F38E : 1B;
F38F : 1B;
F390 : E0;
F391 : E0;
F392 : C5;
F393 : 77;
F394 : 1B;
F395 : 1B;
F396 : 1B;
F397 : 1B;
F398 : E0;
F399 : E0;
F39A : C5;
F39B : 77;
F39C : 1B;
F39D : 1B;
F39E : 1B;
F39F : 1B;
F3A0 : E0;
F3A1 : E0;
F3A2 : C5;
F3A3 : 77;
F3A4 : 1B;
F3A5 : 1B;
F3A6 : 1B;
F3A7 : 1B;
F3A8 : E0;
F3A9 : E0;
F3AA : C5;
F3AB : 77;
F3AC : 1B;
F3AD : 1B;
F3AE : 1B;
F3AF : 1B;
F3B0 : E0;
F3B1 : E0;
F3B2 : C1;
F3B3 : 77;
F3B4 : 1B;
F3B5 : 1B;
F3B6 : 1B;
F3B7 : 1B;
F3B8 : E4;
F3B9 : E0;
F3BA : C5;
F3BB : 77;
F3BC : 3B;
F3BD : 3B;
F3BE : 3B;
F3BF : 3B;
F3C0 : 1B;
F3C1 : 1B;
F3C2 : 1B;
F3C3 : 1B;
F3C4 : 1B;
F3C5 : 1B;
F3C6 : 1B;
F3C7 : 1B;
F3C8 : 1B;
F3C9 : 1B;
F3CA : 1B;
F3CB : 1B;
F3CC : 1B;
F3CD : 1B;
F3CE : 1B;
F3CF : 1B;
F3D0 : 1B;
F3D1 : 1B;
F3D2 : 1B;
F3D3 : 1B;
F3D4 : 1B;
F3D5 : 1B;
F3D6 : 1B;
F3D7 : 1B;
F3D8 : 1B;
F3D9 : 1B;
F3DA : 1B;
F3DB : 1B;
F3DC : 1B;
F3DD : 1B;
F3DE : 1B;
F3DF : 1B;
F3E0 : 1B;
F3E1 : 1B;
F3E2 : 1B;
F3E3 : 1B;
F3E4 : 1B;
F3E5 : 1B;
F3E6 : 1B;
F3E7 : 1B;
F3E8 : 1B;
F3E9 : 1B;
F3EA : 1B;
F3EB : 1B;
F3EC : 1B;
F3ED : 1B;
F3EE : 1B;
F3EF : 1B;
F3F0 : 1B;
F3F1 : 1B;
F3F2 : 1B;
F3F3 : 1B;
F3F4 : 1B;
F3F5 : 1B;
F3F6 : 1B;
F3F7 : 1B;
F3F8 : 3B;
F3F9 : 3B;
F3FA : 3B;
F3FB : 3B;
F3FC : 3B;
F3FD : 3B;
F3FE : 3B;
F3FF : 3B;
F400 : 3D;
F401 : 3D;
F402 : 3D;
F403 : 3D;
F404 : 3D;
F405 : 3D;
F406 : 3D;
F407 : 3D;
F408 : 1D;
F409 : 1D;
F40A : 1D;
F40B : 1D;
F40C : 1D;
F40D : 1D;
F40E : 1D;
F40F : 1D;
F410 : 1D;
F411 : 1D;
F412 : 1D;
F413 : 1D;
F414 : 1D;
F415 : 1D;
F416 : 1D;
F417 : 1D;
F418 : 1D;
F419 : 1D;
F41A : 1D;
F41B : 1D;
F41C : 1D;
F41D : 1D;
F41E : 1D;
F41F : 1D;
F420 : 1D;
F421 : 1D;
F422 : 1D;
F423 : 1D;
F424 : 1D;
F425 : 1D;
F426 : 1D;
F427 : 1D;
F428 : 1D;
F429 : 1D;
F42A : 1D;
F42B : 1D;
F42C : 1D;
F42D : 1D;
F42E : 1D;
F42F : 1D;
F430 : 1D;
F431 : 1D;
F432 : 1D;
F433 : 1D;
F434 : 1D;
F435 : 1D;
F436 : 1D;
F437 : 1D;
F438 : 1D;
F439 : 1D;
F43A : 1D;
F43B : 1D;
F43C : 1D;
F43D : 1D;
F43E : 1D;
F43F : 1D;
F440 : 3D;
F441 : 3D;
F442 : 3D;
F443 : 3D;
F444 : 95;
F445 : C4;
F446 : E0;
F447 : E0;
F448 : 1D;
F449 : 1D;
F44A : 1D;
F44B : 1D;
F44C : 75;
F44D : C4;
F44E : E0;
F44F : E0;
F450 : 1D;
F451 : 1D;
F452 : 1D;
F453 : 1D;
F454 : 75;
F455 : C4;
F456 : E0;
F457 : E0;
F458 : 1D;
F459 : 1D;
F45A : 19;
F45B : 1D;
F45C : 75;
F45D : C4;
F45E : E0;
F45F : E0;
F460 : 1D;
F461 : 1D;
F462 : 1D;
F463 : 1D;
F464 : 75;
F465 : C4;
F466 : E0;
F467 : E0;
F468 : 1D;
F469 : 1D;
F46A : 1D;
F46B : 1D;
F46C : 75;
F46D : C4;
F46E : E0;
F46F : E0;
F470 : 1D;
F471 : 1D;
F472 : 1D;
F473 : 1D;
F474 : 75;
F475 : C4;
F476 : E0;
F477 : E0;
F478 : 1D;
F479 : 1D;
F47A : 1D;
F47B : 1D;
F47C : 75;
F47D : C4;
F47E : E0;
F47F : E0;
F480 : E0;
F481 : E0;
F482 : E0;
F483 : E0;
F484 : E0;
F485 : E0;
F486 : E0;
F487 : E0;
F488 : E0;
F489 : E0;
F48A : E0;
F48B : E0;
F48C : E0;
F48D : E0;
F48E : E0;
F48F : E0;
F490 : E0;
F491 : E0;
F492 : E0;
F493 : E0;
F494 : E0;
F495 : E0;
F496 : E0;
F497 : E0;
F498 : E0;
F499 : E0;
F49A : E0;
F49B : E0;
F49C : E0;
F49D : E0;
F49E : E0;
F49F : E0;
F4A0 : E0;
F4A1 : E0;
F4A2 : E0;
F4A3 : E0;
F4A4 : E0;
F4A5 : E0;
F4A6 : E0;
F4A7 : E0;
F4A8 : E0;
F4A9 : E0;
F4AA : E0;
F4AB : E0;
F4AC : E0;
F4AD : E0;
F4AE : E0;
F4AF : E0;
F4B0 : E0;
F4B1 : E0;
F4B2 : E0;
F4B3 : E0;
F4B4 : E0;
F4B5 : E0;
F4B6 : E0;
F4B7 : E0;
F4B8 : E0;
F4B9 : E0;
F4BA : E0;
F4BB : E0;
F4BC : E0;
F4BD : E0;
F4BE : E0;
F4BF : E0;
F4C0 : E0;
F4C1 : E4;
F4C2 : EC;
F4C3 : EC;
F4C4 : EC;
F4C5 : EC;
F4C6 : EC;
F4C7 : EC;
F4C8 : E0;
F4C9 : E4;
F4CA : EC;
F4CB : EC;
F4CC : EC;
F4CD : EC;
F4CE : EC;
F4CF : EC;
F4D0 : E0;
F4D1 : E4;
F4D2 : EC;
F4D3 : EC;
F4D4 : EC;
F4D5 : EC;
F4D6 : EC;
F4D7 : EC;
F4D8 : E0;
F4D9 : E4;
F4DA : EC;
F4DB : EC;
F4DC : EC;
F4DD : EC;
F4DE : EC;
F4DF : EC;
F4E0 : E0;
F4E1 : E4;
F4E2 : EC;
F4E3 : EC;
F4E4 : EC;
F4E5 : EC;
F4E6 : EC;
F4E7 : EC;
F4E8 : E0;
F4E9 : E4;
F4EA : EC;
F4EB : EC;
F4EC : EC;
F4ED : EC;
F4EE : EC;
F4EF : EC;
F4F0 : E0;
F4F1 : E4;
F4F2 : EC;
F4F3 : EC;
F4F4 : EC;
F4F5 : EC;
F4F6 : EC;
F4F7 : EC;
F4F8 : E0;
F4F9 : E4;
F4FA : EC;
F4FB : EC;
F4FC : EC;
F4FD : EC;
F4FE : EC;
F4FF : EC;
F500 : EC;
F501 : EC;
F502 : EC;
F503 : EC;
F504 : EC;
F505 : EC;
F506 : D0;
F507 : B4;
F508 : EC;
F509 : EC;
F50A : EC;
F50B : EC;
F50C : EC;
F50D : EC;
F50E : D0;
F50F : 94;
F510 : EC;
F511 : EC;
F512 : EC;
F513 : EC;
F514 : EC;
F515 : EC;
F516 : D0;
F517 : 94;
F518 : EC;
F519 : EC;
F51A : EC;
F51B : EC;
F51C : EC;
F51D : EC;
F51E : D0;
F51F : 94;
F520 : EC;
F521 : EC;
F522 : EC;
F523 : EC;
F524 : EC;
F525 : EC;
F526 : D0;
F527 : 94;
F528 : EC;
F529 : EC;
F52A : EC;
F52B : EC;
F52C : EC;
F52D : EC;
F52E : D0;
F52F : 94;
F530 : EC;
F531 : EC;
F532 : EC;
F533 : EC;
F534 : EC;
F535 : EC;
F536 : D0;
F537 : 94;
F538 : EC;
F539 : EC;
F53A : EC;
F53B : EC;
F53C : EC;
F53D : EC;
F53E : D0;
F53F : 94;
F540 : B4;
F541 : B4;
F542 : B4;
F543 : B4;
F544 : B4;
F545 : B4;
F546 : B4;
F547 : B4;
F548 : B4;
F549 : B4;
F54A : B4;
F54B : B4;
F54C : B4;
F54D : B4;
F54E : B4;
F54F : B4;
F550 : B4;
F551 : B4;
F552 : B4;
F553 : B4;
F554 : B4;
F555 : B4;
F556 : B4;
F557 : B4;
F558 : B4;
F559 : B4;
F55A : B4;
F55B : B4;
F55C : B4;
F55D : B4;
F55E : B4;
F55F : B4;
F560 : B4;
F561 : B4;
F562 : B4;
F563 : B4;
F564 : B4;
F565 : B4;
F566 : B4;
F567 : B4;
F568 : B4;
F569 : B4;
F56A : B4;
F56B : B4;
F56C : B4;
F56D : B4;
F56E : B4;
F56F : B4;
F570 : B4;
F571 : B4;
F572 : B4;
F573 : B4;
F574 : B4;
F575 : B4;
F576 : B4;
F577 : B4;
F578 : B4;
F579 : B4;
F57A : B4;
F57B : B4;
F57C : B4;
F57D : B4;
F57E : B4;
F57F : B4;
F580 : B4;
F581 : B4;
F582 : B4;
F583 : 58;
F584 : 5C;
F585 : 5C;
F586 : 5C;
F587 : 5C;
F588 : B4;
F589 : B4;
F58A : B4;
F58B : 78;
F58C : 5C;
F58D : 5C;
F58E : 5C;
F58F : 5C;
F590 : B4;
F591 : B4;
F592 : B4;
F593 : 78;
F594 : 5C;
F595 : 5C;
F596 : 5C;
F597 : 5C;
F598 : B4;
F599 : B4;
F59A : B4;
F59B : 78;
F59C : 5C;
F59D : 5C;
F59E : 5C;
F59F : 5C;
F5A0 : B4;
F5A1 : B4;
F5A2 : B4;
F5A3 : 78;
F5A4 : 5C;
F5A5 : 5C;
F5A6 : 5C;
F5A7 : 58;
F5A8 : B4;
F5A9 : B4;
F5AA : B4;
F5AB : 78;
F5AC : 5C;
F5AD : 5C;
F5AE : 5C;
F5AF : 5C;
F5B0 : B4;
F5B1 : B4;
F5B2 : B4;
F5B3 : 78;
F5B4 : 5C;
F5B5 : 5C;
F5B6 : 5C;
F5B7 : 5C;
F5B8 : B4;
F5B9 : B4;
F5BA : B4;
F5BB : 78;
F5BC : 5C;
F5BD : 5C;
F5BE : 5C;
F5BF : 58;
F5C0 : 5C;
F5C1 : 5C;
F5C2 : 5C;
F5C3 : 5C;
F5C4 : 5C;
F5C5 : 5C;
F5C6 : 5C;
F5C7 : 5C;
F5C8 : 5C;
F5C9 : 5C;
F5CA : 5C;
F5CB : 5C;
F5CC : 5C;
F5CD : 5C;
F5CE : 5C;
F5CF : 7C;
F5D0 : 5C;
F5D1 : 5C;
F5D2 : 5C;
F5D3 : 5C;
F5D4 : 5C;
F5D5 : 5C;
F5D6 : 5C;
F5D7 : 7C;
F5D8 : 5C;
F5D9 : 5C;
F5DA : 5C;
F5DB : 5C;
F5DC : 5C;
F5DD : 5C;
F5DE : 5C;
F5DF : 7C;
F5E0 : 5C;
F5E1 : 5C;
F5E2 : 5C;
F5E3 : 5C;
F5E4 : 5C;
F5E5 : 5C;
F5E6 : 5C;
F5E7 : 7C;
F5E8 : 5C;
F5E9 : 5C;
F5EA : 5C;
F5EB : 5C;
F5EC : 5C;
F5ED : 5C;
F5EE : 5D;
F5EF : 5C;
F5F0 : 5C;
F5F1 : 5C;
F5F2 : 5C;
F5F3 : 5C;
F5F4 : 58;
F5F5 : 5C;
F5F6 : 5D;
F5F7 : 78;
F5F8 : 5C;
F5F9 : 5C;
F5FA : 5C;
F5FB : 58;
F5FC : 58;
F5FD : 5C;
F5FE : 5C;
F5FF : 78;
F600 : 7C;
F601 : 9C;
F602 : 9C;
F603 : 9C;
F604 : 9C;
F605 : 9C;
F606 : 9C;
F607 : 9C;
F608 : 7C;
F609 : 7C;
F60A : 7C;
F60B : 7C;
F60C : 7C;
F60D : 7C;
F60E : 7C;
F60F : 7C;
F610 : 7C;
F611 : 7C;
F612 : 7C;
F613 : 7C;
F614 : 7C;
F615 : 7C;
F616 : 7C;
F617 : 7C;
F618 : 7C;
F619 : 7C;
F61A : 7C;
F61B : 7C;
F61C : 7C;
F61D : 7C;
F61E : 7C;
F61F : 7C;
F620 : 7C;
F621 : 7C;
F622 : 7C;
F623 : 7C;
F624 : 7C;
F625 : 7C;
F626 : 7C;
F627 : 7C;
F628 : 7C;
F629 : 7C;
F62A : 7C;
F62B : 7C;
F62C : 7C;
F62D : 7C;
F62E : 7C;
F62F : 7C;
F630 : 7C;
F631 : 7C;
F632 : 7C;
F633 : 7C;
F634 : 7C;
F635 : 7C;
F636 : 7C;
F637 : 7C;
F638 : 7C;
F639 : 7C;
F63A : 7C;
F63B : 7C;
F63C : 7C;
F63D : 7C;
F63E : 7C;
F63F : 7C;
F640 : 9C;
F641 : 9C;
F642 : 7C;
F643 : 9C;
F644 : 7C;
F645 : 5C;
F646 : 5C;
F647 : 5C;
F648 : 7C;
F649 : 7C;
F64A : 7C;
F64B : 7C;
F64C : 7C;
F64D : 5C;
F64E : 5C;
F64F : 5C;
F650 : 7C;
F651 : 7C;
F652 : 7C;
F653 : 7C;
F654 : 7C;
F655 : 5C;
F656 : 5C;
F657 : 5C;
F658 : 7C;
F659 : 7C;
F65A : 7C;
F65B : 7C;
F65C : 7C;
F65D : 5C;
F65E : 5C;
F65F : 5C;
F660 : 7C;
F661 : 7C;
F662 : 7C;
F663 : 7C;
F664 : 7C;
F665 : 5C;
F666 : 5C;
F667 : 5C;
F668 : 7C;
F669 : 7C;
F66A : 7C;
F66B : 7C;
F66C : 7C;
F66D : 5C;
F66E : 5C;
F66F : 5C;
F670 : 7C;
F671 : 7C;
F672 : 7C;
F673 : 7C;
F674 : 7C;
F675 : 5C;
F676 : 5C;
F677 : 5C;
F678 : 7C;
F679 : 7C;
F67A : 7C;
F67B : 7C;
F67C : 7C;
F67D : 5C;
F67E : 5C;
F67F : 5C;
F680 : 5C;
F681 : 5C;
F682 : 5C;
F683 : 5C;
F684 : 5C;
F685 : 5C;
F686 : 5C;
F687 : 5C;
F688 : 5C;
F689 : 5C;
F68A : 5C;
F68B : 5C;
F68C : 5C;
F68D : 5C;
F68E : 5C;
F68F : 5C;
F690 : 5C;
F691 : 5C;
F692 : 5C;
F693 : 5C;
F694 : 5C;
F695 : 5C;
F696 : 5C;
F697 : 5C;
F698 : 5C;
F699 : 5C;
F69A : 5C;
F69B : 5C;
F69C : 5C;
F69D : 5C;
F69E : 5C;
F69F : 5C;
F6A0 : 5C;
F6A1 : 5C;
F6A2 : 5C;
F6A3 : 5C;
F6A4 : 5C;
F6A5 : 5C;
F6A6 : 5C;
F6A7 : 5C;
F6A8 : 5C;
F6A9 : 5C;
F6AA : 5C;
F6AB : 5C;
F6AC : 5C;
F6AD : 5C;
F6AE : 5C;
F6AF : 5C;
F6B0 : 5C;
F6B1 : 5C;
F6B2 : 5C;
F6B3 : 5C;
F6B4 : 5C;
F6B5 : 5C;
F6B6 : 5C;
F6B7 : 5C;
F6B8 : 5C;
F6B9 : 5C;
F6BA : 5C;
F6BB : 5C;
F6BC : 5C;
F6BD : 5C;
F6BE : 5C;
F6BF : 5C;
F6C0 : 5C;
F6C1 : 5D;
F6C2 : 3E;
F6C3 : 3E;
F6C4 : 3E;
F6C5 : 3E;
F6C6 : 3E;
F6C7 : 3E;
F6C8 : 5C;
F6C9 : 3D;
F6CA : 1E;
F6CB : 1E;
F6CC : 1E;
F6CD : 1E;
F6CE : 1E;
F6CF : 1E;
F6D0 : 5C;
F6D1 : 3D;
F6D2 : 1E;
F6D3 : 1E;
F6D4 : 1E;
F6D5 : 1E;
F6D6 : 1E;
F6D7 : 1E;
F6D8 : 5C;
F6D9 : 3D;
F6DA : 1F;
F6DB : 1E;
F6DC : 1E;
F6DD : 1E;
F6DE : 1E;
F6DF : 1E;
F6E0 : 5C;
F6E1 : 3D;
F6E2 : 1F;
F6E3 : 1E;
F6E4 : 1E;
F6E5 : 1E;
F6E6 : 1E;
F6E7 : 1E;
F6E8 : 5C;
F6E9 : 3D;
F6EA : 1E;
F6EB : 1E;
F6EC : 1E;
F6ED : 1E;
F6EE : 1E;
F6EF : 1E;
F6F0 : 5C;
F6F1 : 3D;
F6F2 : 1F;
F6F3 : 1E;
F6F4 : 1E;
F6F5 : 1E;
F6F6 : 1E;
F6F7 : 1E;
F6F8 : 5C;
F6F9 : 3D;
F6FA : 1E;
F6FB : 1E;
F6FC : 1E;
F6FD : 1E;
F6FE : 1E;
F6FF : 1E;
F700 : 3E;
F701 : 3E;
F702 : 3E;
F703 : 3E;
F704 : 3E;
F705 : 3E;
F706 : 4E;
F707 : 46;
F708 : 1E;
F709 : 1E;
F70A : 1E;
F70B : 1E;
F70C : 1E;
F70D : 1E;
F70E : 4E;
F70F : 46;
F710 : 1E;
F711 : 1E;
F712 : 1E;
F713 : 1E;
F714 : 1E;
F715 : 1E;
F716 : 4E;
F717 : 46;
F718 : 1E;
F719 : 1E;
F71A : 1E;
F71B : 1E;
F71C : 1E;
F71D : 1E;
F71E : 4E;
F71F : 46;
F720 : 1E;
F721 : 1E;
F722 : 1E;
F723 : 1E;
F724 : 1E;
F725 : 1E;
F726 : 4E;
F727 : 46;
F728 : 1E;
F729 : 1E;
F72A : 1E;
F72B : 1E;
F72C : 1E;
F72D : 1E;
F72E : 4E;
F72F : 46;
F730 : 1E;
F731 : 1E;
F732 : 1E;
F733 : 1E;
F734 : 1E;
F735 : 1E;
F736 : 4E;
F737 : 46;
F738 : 1E;
F739 : 1E;
F73A : 1E;
F73B : 1E;
F73C : 1E;
F73D : 1E;
F73E : 4E;
F73F : 46;
F740 : 46;
F741 : 46;
F742 : 46;
F743 : 46;
F744 : 46;
F745 : 46;
F746 : 46;
F747 : 46;
F748 : 46;
F749 : 46;
F74A : 46;
F74B : 46;
F74C : 46;
F74D : 46;
F74E : 46;
F74F : 46;
F750 : 46;
F751 : 46;
F752 : 46;
F753 : 46;
F754 : 46;
F755 : 46;
F756 : 46;
F757 : 46;
F758 : 46;
F759 : 46;
F75A : 46;
F75B : 46;
F75C : 46;
F75D : 46;
F75E : 46;
F75F : 46;
F760 : 46;
F761 : 46;
F762 : 46;
F763 : 46;
F764 : 46;
F765 : 46;
F766 : 46;
F767 : 46;
F768 : 46;
F769 : 46;
F76A : 46;
F76B : 46;
F76C : 46;
F76D : 46;
F76E : 46;
F76F : 46;
F770 : 46;
F771 : 46;
F772 : 46;
F773 : 46;
F774 : 46;
F775 : 46;
F776 : 46;
F777 : 46;
F778 : 46;
F779 : 46;
F77A : 46;
F77B : 46;
F77C : 46;
F77D : 46;
F77E : 46;
F77F : 46;
F780 : 46;
F781 : 46;
F782 : 46;
F783 : AB;
F784 : C7;
F785 : C7;
F786 : C7;
F787 : C7;
F788 : 46;
F789 : 46;
F78A : 46;
F78B : A7;
F78C : C7;
F78D : C7;
F78E : C7;
F78F : C7;
F790 : 46;
F791 : 46;
F792 : 46;
F793 : A7;
F794 : C7;
F795 : C7;
F796 : C7;
F797 : C7;
F798 : 46;
F799 : 46;
F79A : 46;
F79B : A7;
F79C : C7;
F79D : C7;
F79E : C7;
F79F : C7;
F7A0 : 46;
F7A1 : 46;
F7A2 : 46;
F7A3 : A7;
F7A4 : C7;
F7A5 : C7;
F7A6 : C7;
F7A7 : C7;
F7A8 : 46;
F7A9 : 46;
F7AA : 46;
F7AB : A7;
F7AC : C7;
F7AD : C7;
F7AE : C7;
F7AF : C7;
F7B0 : 46;
F7B1 : 46;
F7B2 : 46;
F7B3 : A7;
F7B4 : C7;
F7B5 : C7;
F7B6 : C7;
F7B7 : C7;
F7B8 : 46;
F7B9 : 46;
F7BA : 46;
F7BB : A7;
F7BC : C7;
F7BD : C7;
F7BE : C7;
F7BF : C7;
F7C0 : C7;
F7C1 : C7;
F7C2 : C7;
F7C3 : C7;
F7C4 : C7;
F7C5 : C7;
F7C6 : C7;
F7C7 : CA;
F7C8 : C7;
F7C9 : C7;
F7CA : C7;
F7CB : C7;
F7CC : C7;
F7CD : C7;
F7CE : C7;
F7CF : C7;
F7D0 : C7;
F7D1 : C7;
F7D2 : C7;
F7D3 : C7;
F7D4 : C7;
F7D5 : C7;
F7D6 : C7;
F7D7 : C7;
F7D8 : C7;
F7D9 : C7;
F7DA : C7;
F7DB : C7;
F7DC : C7;
F7DD : C7;
F7DE : C7;
F7DF : C7;
F7E0 : C7;
F7E1 : C7;
F7E2 : C7;
F7E3 : C7;
F7E4 : C7;
F7E5 : C7;
F7E6 : C7;
F7E7 : C7;
F7E8 : C7;
F7E9 : C7;
F7EA : C7;
F7EB : C7;
F7EC : C7;
F7ED : C7;
F7EE : C7;
F7EF : C7;
F7F0 : C7;
F7F1 : C7;
F7F2 : C7;
F7F3 : C7;
F7F4 : C7;
F7F5 : C7;
F7F6 : C7;
F7F7 : C7;
F7F8 : C7;
F7F9 : C7;
F7FA : C7;
F7FB : C7;
F7FC : C7;
F7FD : C7;
F7FE : C7;
F7FF : C7;
F800 : F4;
F801 : F4;
F802 : F4;
F803 : F4;
F804 : F4;
F805 : F4;
F806 : F4;
F807 : F4;
F808 : F4;
F809 : F4;
F80A : F4;
F80B : F4;
F80C : F4;
F80D : F4;
F80E : F4;
F80F : F4;
F810 : F4;
F811 : F4;
F812 : F4;
F813 : F4;
F814 : F4;
F815 : F4;
F816 : F4;
F817 : F4;
F818 : F4;
F819 : F4;
F81A : F4;
F81B : F4;
F81C : F4;
F81D : F4;
F81E : F4;
F81F : F4;
F820 : F4;
F821 : F4;
F822 : F4;
F823 : F4;
F824 : F4;
F825 : F4;
F826 : F4;
F827 : F4;
F828 : F4;
F829 : F4;
F82A : F4;
F82B : F4;
F82C : F4;
F82D : F4;
F82E : F4;
F82F : F4;
F830 : F4;
F831 : F4;
F832 : F4;
F833 : F4;
F834 : F4;
F835 : F4;
F836 : F4;
F837 : F4;
F838 : F4;
F839 : F4;
F83A : F4;
F83B : F4;
F83C : F4;
F83D : F4;
F83E : F4;
F83F : F4;
F840 : F4;
F841 : F4;
F842 : F4;
F843 : F4;
F844 : D5;
F845 : 37;
F846 : 37;
F847 : 37;
F848 : F4;
F849 : F4;
F84A : F4;
F84B : F4;
F84C : D5;
F84D : 37;
F84E : 37;
F84F : 37;
F850 : F4;
F851 : F4;
F852 : F4;
F853 : F4;
F854 : D5;
F855 : 37;
F856 : 37;
F857 : 37;
F858 : F4;
F859 : F4;
F85A : F4;
F85B : F4;
F85C : D5;
F85D : 17;
F85E : 37;
F85F : 37;
F860 : F4;
F861 : F4;
F862 : F4;
F863 : F4;
F864 : D5;
F865 : 37;
F866 : 37;
F867 : 37;
F868 : F4;
F869 : F4;
F86A : F4;
F86B : F4;
F86C : D5;
F86D : 37;
F86E : 37;
F86F : 37;
F870 : F4;
F871 : F4;
F872 : F4;
F873 : F4;
F874 : D5;
F875 : 37;
F876 : 37;
F877 : 37;
F878 : F4;
F879 : F4;
F87A : F4;
F87B : F4;
F87C : D5;
F87D : 37;
F87E : 37;
F87F : 37;
F880 : 37;
F881 : 37;
F882 : 37;
F883 : 37;
F884 : 37;
F885 : 37;
F886 : 37;
F887 : 37;
F888 : 37;
F889 : 37;
F88A : 37;
F88B : 37;
F88C : 37;
F88D : 37;
F88E : 37;
F88F : 37;
F890 : 37;
F891 : 37;
F892 : 37;
F893 : 37;
F894 : 37;
F895 : 37;
F896 : 37;
F897 : 37;
F898 : 37;
F899 : 37;
F89A : 37;
F89B : 37;
F89C : 37;
F89D : 37;
F89E : 37;
F89F : 37;
F8A0 : 37;
F8A1 : 37;
F8A2 : 37;
F8A3 : 37;
F8A4 : 37;
F8A5 : 37;
F8A6 : 37;
F8A7 : 37;
F8A8 : 37;
F8A9 : 37;
F8AA : 37;
F8AB : 37;
F8AC : 37;
F8AD : 37;
F8AE : 37;
F8AF : 37;
F8B0 : 37;
F8B1 : 37;
F8B2 : 37;
F8B3 : 37;
F8B4 : 37;
F8B5 : 37;
F8B6 : 37;
F8B7 : 37;
F8B8 : 37;
F8B9 : 37;
F8BA : 37;
F8BB : 37;
F8BC : 37;
F8BD : 37;
F8BE : 37;
F8BF : 37;
F8C0 : 37;
F8C1 : 33;
F8C2 : 0A;
F8C3 : 0A;
F8C4 : 0A;
F8C5 : 0A;
F8C6 : 0A;
F8C7 : 0A;
F8C8 : 37;
F8C9 : 33;
F8CA : 05;
F8CB : 09;
F8CC : 09;
F8CD : 09;
F8CE : 09;
F8CF : 09;
F8D0 : 37;
F8D1 : 33;
F8D2 : 05;
F8D3 : 09;
F8D4 : 09;
F8D5 : 09;
F8D6 : 09;
F8D7 : 09;
F8D8 : 37;
F8D9 : 33;
F8DA : 05;
F8DB : 0A;
F8DC : 09;
F8DD : 09;
F8DE : 09;
F8DF : 09;
F8E0 : 37;
F8E1 : 33;
F8E2 : 05;
F8E3 : 09;
F8E4 : 09;
F8E5 : 09;
F8E6 : 09;
F8E7 : 09;
F8E8 : 37;
F8E9 : 33;
F8EA : 05;
F8EB : 09;
F8EC : 09;
F8ED : 09;
F8EE : 09;
F8EF : 09;
F8F0 : 37;
F8F1 : 33;
F8F2 : 05;
F8F3 : 09;
F8F4 : 09;
F8F5 : 09;
F8F6 : 09;
F8F7 : 09;
F8F8 : 37;
F8F9 : 33;
F8FA : 05;
F8FB : 09;
F8FC : 09;
F8FD : 09;
F8FE : 09;
F8FF : 09;
F900 : 0A;
F901 : 0A;
F902 : 0A;
F903 : 0A;
F904 : 0A;
F905 : 29;
F906 : 69;
F907 : A5;
F908 : 09;
F909 : 09;
F90A : 09;
F90B : 09;
F90C : 09;
F90D : 09;
F90E : 65;
F90F : A4;
F910 : 09;
F911 : 09;
F912 : 09;
F913 : 09;
F914 : 09;
F915 : 09;
F916 : 65;
F917 : A4;
F918 : 09;
F919 : 09;
F91A : 09;
F91B : 09;
F91C : 09;
F91D : 09;
F91E : 65;
F91F : A4;
F920 : 09;
F921 : 09;
F922 : 09;
F923 : 09;
F924 : 09;
F925 : 09;
F926 : 65;
F927 : A4;
F928 : 09;
F929 : 09;
F92A : 09;
F92B : 0A;
F92C : 0A;
F92D : 09;
F92E : 65;
F92F : A4;
F930 : 09;
F931 : 09;
F932 : 09;
F933 : 09;
F934 : 0A;
F935 : 09;
F936 : 65;
F937 : A4;
F938 : 09;
F939 : 09;
F93A : 09;
F93B : 09;
F93C : 09;
F93D : 09;
F93E : 69;
F93F : A4;
F940 : A5;
F941 : A5;
F942 : A5;
F943 : A5;
F944 : A5;
F945 : A5;
F946 : A5;
F947 : A5;
F948 : A4;
F949 : A4;
F94A : A4;
F94B : A4;
F94C : A4;
F94D : A4;
F94E : A4;
F94F : A4;
F950 : A5;
F951 : A5;
F952 : A5;
F953 : A5;
F954 : A5;
F955 : A5;
F956 : A5;
F957 : A5;
F958 : A5;
F959 : A5;
F95A : A5;
F95B : A5;
F95C : A5;
F95D : A5;
F95E : A5;
F95F : A5;
F960 : A5;
F961 : A5;
F962 : A5;
F963 : A5;
F964 : A5;
F965 : A5;
F966 : A5;
F967 : A5;
F968 : A5;
F969 : A5;
F96A : A5;
F96B : A5;
F96C : A5;
F96D : A5;
F96E : A5;
F96F : A5;
F970 : A5;
F971 : A5;
F972 : A5;
F973 : A5;
F974 : A5;
F975 : A5;
F976 : A5;
F977 : A5;
F978 : A5;
F979 : A4;
F97A : A4;
F97B : A4;
F97C : A4;
F97D : A4;
F97E : A5;
F97F : A5;
F980 : A5;
F981 : A5;
F982 : A5;
F983 : CC;
F984 : EC;
F985 : EC;
F986 : EC;
F987 : EC;
F988 : A5;
F989 : A5;
F98A : A5;
F98B : C8;
F98C : CC;
F98D : CC;
F98E : CC;
F98F : CC;
F990 : A5;
F991 : A5;
F992 : A5;
F993 : C8;
F994 : CC;
F995 : CC;
F996 : CC;
F997 : CC;
F998 : A5;
F999 : A5;
F99A : A5;
F99B : C8;
F99C : EC;
F99D : CC;
F99E : EC;
F99F : EC;
F9A0 : A5;
F9A1 : A5;
F9A2 : A5;
F9A3 : C8;
F9A4 : EC;
F9A5 : CC;
F9A6 : EC;
F9A7 : EC;
F9A8 : A5;
F9A9 : A5;
F9AA : A5;
F9AB : C8;
F9AC : EC;
F9AD : EC;
F9AE : EC;
F9AF : EC;
F9B0 : A5;
F9B1 : A5;
F9B2 : A5;
F9B3 : C8;
F9B4 : EC;
F9B5 : EC;
F9B6 : EC;
F9B7 : EC;
F9B8 : A5;
F9B9 : A5;
F9BA : A4;
F9BB : C8;
F9BC : EC;
F9BD : EC;
F9BE : EC;
F9BF : EC;
F9C0 : EC;
F9C1 : EC;
F9C2 : EC;
F9C3 : EC;
F9C4 : EC;
F9C5 : EC;
F9C6 : EC;
F9C7 : CC;
F9C8 : CC;
F9C9 : CC;
F9CA : CC;
F9CB : CC;
F9CC : CC;
F9CD : EC;
F9CE : EC;
F9CF : CC;
F9D0 : CC;
F9D1 : CC;
F9D2 : CC;
F9D3 : CC;
F9D4 : CC;
F9D5 : CC;
F9D6 : CC;
F9D7 : CC;
F9D8 : EC;
F9D9 : EC;
F9DA : EC;
F9DB : EC;
F9DC : EC;
F9DD : EC;
F9DE : EC;
F9DF : CC;
F9E0 : EC;
F9E1 : EC;
F9E2 : EC;
F9E3 : EC;
F9E4 : EC;
F9E5 : EC;
F9E6 : EC;
F9E7 : CC;
F9E8 : EC;
F9E9 : EC;
F9EA : EC;
F9EB : EC;
F9EC : EC;
F9ED : EC;
F9EE : EC;
F9EF : CC;
F9F0 : EC;
F9F1 : EC;
F9F2 : EC;
F9F3 : EC;
F9F4 : EC;
F9F5 : EC;
F9F6 : EC;
F9F7 : CC;
F9F8 : EC;
F9F9 : EC;
F9FA : EC;
F9FB : EC;
F9FC : EC;
F9FD : EC;
F9FE : EC;
F9FF : CC;
FA00 : E4;
FA01 : E0;
FA02 : E4;
FA03 : E0;
FA04 : E0;
FA05 : E0;
FA06 : E0;
FA07 : E0;
FA08 : E4;
FA09 : E0;
FA0A : E0;
FA0B : E0;
FA0C : E0;
FA0D : E0;
FA0E : E0;
FA0F : E0;
FA10 : E4;
FA11 : E0;
FA12 : E0;
FA13 : E0;
FA14 : E0;
FA15 : E0;
FA16 : E0;
FA17 : E0;
FA18 : E4;
FA19 : E0;
FA1A : E0;
FA1B : E0;
FA1C : E0;
FA1D : E0;
FA1E : E0;
FA1F : E0;
FA20 : E4;
FA21 : E0;
FA22 : E0;
FA23 : E0;
FA24 : E0;
FA25 : E0;
FA26 : E0;
FA27 : E0;
FA28 : E4;
FA29 : E0;
FA2A : E0;
FA2B : E0;
FA2C : E0;
FA2D : E0;
FA2E : E0;
FA2F : E0;
FA30 : E0;
FA31 : E0;
FA32 : E0;
FA33 : E0;
FA34 : E0;
FA35 : E0;
FA36 : E0;
FA37 : E0;
FA38 : E4;
FA39 : E0;
FA3A : E0;
FA3B : E0;
FA3C : E0;
FA3D : E0;
FA3E : E0;
FA3F : E0;
FA40 : E0;
FA41 : E0;
FA42 : E0;
FA43 : E0;
FA44 : E0;
FA45 : E0;
FA46 : E0;
FA47 : E0;
FA48 : E0;
FA49 : E0;
FA4A : E0;
FA4B : E0;
FA4C : E0;
FA4D : E0;
FA4E : E0;
FA4F : E0;
FA50 : E0;
FA51 : E0;
FA52 : E0;
FA53 : E0;
FA54 : E0;
FA55 : E0;
FA56 : E0;
FA57 : E0;
FA58 : E0;
FA59 : E0;
FA5A : E0;
FA5B : E0;
FA5C : E0;
FA5D : E0;
FA5E : E0;
FA5F : E0;
FA60 : E0;
FA61 : E0;
FA62 : E0;
FA63 : E0;
FA64 : E0;
FA65 : E0;
FA66 : E0;
FA67 : E0;
FA68 : E0;
FA69 : E0;
FA6A : E0;
FA6B : E0;
FA6C : E0;
FA6D : E0;
FA6E : E0;
FA6F : E0;
FA70 : E0;
FA71 : E0;
FA72 : E0;
FA73 : E0;
FA74 : E0;
FA75 : E0;
FA76 : E0;
FA77 : E0;
FA78 : E0;
FA79 : E0;
FA7A : E0;
FA7B : E0;
FA7C : E0;
FA7D : E0;
FA7E : E0;
FA7F : E0;
FA80 : E0;
FA81 : E0;
FA82 : E0;
FA83 : E0;
FA84 : E0;
FA85 : E0;
FA86 : E0;
FA87 : E0;
FA88 : E0;
FA89 : E0;
FA8A : E0;
FA8B : E0;
FA8C : E0;
FA8D : E0;
FA8E : E0;
FA8F : E0;
FA90 : E0;
FA91 : E0;
FA92 : E0;
FA93 : E0;
FA94 : E0;
FA95 : E0;
FA96 : E0;
FA97 : E0;
FA98 : E0;
FA99 : E0;
FA9A : E0;
FA9B : E0;
FA9C : E0;
FA9D : E0;
FA9E : E0;
FA9F : E0;
FAA0 : E0;
FAA1 : E0;
FAA2 : E0;
FAA3 : E0;
FAA4 : E0;
FAA5 : E0;
FAA6 : E0;
FAA7 : E0;
FAA8 : E0;
FAA9 : E0;
FAAA : E0;
FAAB : E0;
FAAC : E0;
FAAD : E0;
FAAE : E0;
FAAF : E0;
FAB0 : E0;
FAB1 : E0;
FAB2 : E0;
FAB3 : E0;
FAB4 : E0;
FAB5 : E0;
FAB6 : E0;
FAB7 : E0;
FAB8 : E0;
FAB9 : E0;
FABA : E0;
FABB : E0;
FABC : E0;
FABD : E0;
FABE : E0;
FABF : E0;
FAC0 : E0;
FAC1 : E8;
FAC2 : D0;
FAC3 : EC;
FAC4 : CC;
FAC5 : EC;
FAC6 : EC;
FAC7 : EC;
FAC8 : E0;
FAC9 : E4;
FACA : EC;
FACB : EC;
FACC : EC;
FACD : EC;
FACE : EC;
FACF : EC;
FAD0 : E0;
FAD1 : E4;
FAD2 : EC;
FAD3 : EC;
FAD4 : EC;
FAD5 : EC;
FAD6 : EC;
FAD7 : EC;
FAD8 : E0;
FAD9 : E4;
FADA : EC;
FADB : EC;
FADC : EC;
FADD : EC;
FADE : EC;
FADF : EC;
FAE0 : E0;
FAE1 : E4;
FAE2 : EC;
FAE3 : EC;
FAE4 : EC;
FAE5 : EC;
FAE6 : EC;
FAE7 : EC;
FAE8 : E0;
FAE9 : E4;
FAEA : EC;
FAEB : EC;
FAEC : EC;
FAED : EC;
FAEE : EC;
FAEF : EC;
FAF0 : E0;
FAF1 : E4;
FAF2 : EC;
FAF3 : EC;
FAF4 : EC;
FAF5 : EC;
FAF6 : EC;
FAF7 : EC;
FAF8 : E0;
FAF9 : E4;
FAFA : EC;
FAFB : EC;
FAFC : EC;
FAFD : EC;
FAFE : EC;
FAFF : EC;
FB00 : EC;
FB01 : EC;
FB02 : EC;
FB03 : EC;
FB04 : EC;
FB05 : CC;
FB06 : D0;
FB07 : B4;
FB08 : EC;
FB09 : EC;
FB0A : EC;
FB0B : EC;
FB0C : EC;
FB0D : EC;
FB0E : D0;
FB0F : B4;
FB10 : EC;
FB11 : EC;
FB12 : EC;
FB13 : EC;
FB14 : EC;
FB15 : EC;
FB16 : D0;
FB17 : B4;
FB18 : EC;
FB19 : EC;
FB1A : EC;
FB1B : EC;
FB1C : EC;
FB1D : EC;
FB1E : D0;
FB1F : B4;
FB20 : EC;
FB21 : EC;
FB22 : EC;
FB23 : EC;
FB24 : EC;
FB25 : EC;
FB26 : D0;
FB27 : B4;
FB28 : EC;
FB29 : EC;
FB2A : EC;
FB2B : EC;
FB2C : EC;
FB2D : EC;
FB2E : D0;
FB2F : B4;
FB30 : EC;
FB31 : EC;
FB32 : EC;
FB33 : EC;
FB34 : EC;
FB35 : EC;
FB36 : D0;
FB37 : B4;
FB38 : EC;
FB39 : EC;
FB3A : EC;
FB3B : EC;
FB3C : EC;
FB3D : EC;
FB3E : D0;
FB3F : B4;
FB40 : B4;
FB41 : B4;
FB42 : B4;
FB43 : B4;
FB44 : B4;
FB45 : B4;
FB46 : B4;
FB47 : B4;
FB48 : B4;
FB49 : B4;
FB4A : B4;
FB4B : B4;
FB4C : B4;
FB4D : B4;
FB4E : B4;
FB4F : B4;
FB50 : B4;
FB51 : B4;
FB52 : B4;
FB53 : B4;
FB54 : B4;
FB55 : B4;
FB56 : B4;
FB57 : B4;
FB58 : B4;
FB59 : B4;
FB5A : B4;
FB5B : B4;
FB5C : B4;
FB5D : B4;
FB5E : B4;
FB5F : B4;
FB60 : B4;
FB61 : B4;
FB62 : B4;
FB63 : B4;
FB64 : B4;
FB65 : B4;
FB66 : B4;
FB67 : B4;
FB68 : B4;
FB69 : B4;
FB6A : B4;
FB6B : B4;
FB6C : B4;
FB6D : B4;
FB6E : B4;
FB6F : B4;
FB70 : B4;
FB71 : B4;
FB72 : B4;
FB73 : B4;
FB74 : B4;
FB75 : B4;
FB76 : B4;
FB77 : B4;
FB78 : B4;
FB79 : B4;
FB7A : B4;
FB7B : B4;
FB7C : B4;
FB7D : B4;
FB7E : B4;
FB7F : B4;
FB80 : B4;
FB81 : B4;
FB82 : B4;
FB83 : 78;
FB84 : 5C;
FB85 : 58;
FB86 : 58;
FB87 : 58;
FB88 : B4;
FB89 : B4;
FB8A : B4;
FB8B : 78;
FB8C : 5C;
FB8D : 5C;
FB8E : 5C;
FB8F : 5C;
FB90 : B4;
FB91 : B4;
FB92 : B4;
FB93 : 78;
FB94 : 5C;
FB95 : 5C;
FB96 : 5C;
FB97 : 5C;
FB98 : B4;
FB99 : B4;
FB9A : B4;
FB9B : 78;
FB9C : 58;
FB9D : 5C;
FB9E : 5C;
FB9F : 5C;
FBA0 : B4;
FBA1 : B4;
FBA2 : B4;
FBA3 : 78;
FBA4 : 5C;
FBA5 : 58;
FBA6 : 5C;
FBA7 : 5C;
FBA8 : B4;
FBA9 : B4;
FBAA : B4;
FBAB : 78;
FBAC : 5C;
FBAD : 5C;
FBAE : 5C;
FBAF : 5C;
FBB0 : B4;
FBB1 : B4;
FBB2 : B4;
FBB3 : 78;
FBB4 : 5C;
FBB5 : 5C;
FBB6 : 5C;
FBB7 : 5C;
FBB8 : B4;
FBB9 : B4;
FBBA : B4;
FBBB : 78;
FBBC : 5C;
FBBD : 58;
FBBE : 5C;
FBBF : 5C;
FBC0 : 58;
FBC1 : 58;
FBC2 : 58;
FBC3 : 58;
FBC4 : 58;
FBC5 : 58;
FBC6 : 5C;
FBC7 : 59;
FBC8 : 5C;
FBC9 : 5C;
FBCA : 5C;
FBCB : 5C;
FBCC : 5C;
FBCD : 5C;
FBCE : 5C;
FBCF : 59;
FBD0 : 5C;
FBD1 : 5C;
FBD2 : 5C;
FBD3 : 5C;
FBD4 : 5C;
FBD5 : 58;
FBD6 : 58;
FBD7 : 59;
FBD8 : 5C;
FBD9 : 5C;
FBDA : 5C;
FBDB : 5C;
FBDC : 5C;
FBDD : 5C;
FBDE : 5C;
FBDF : 59;
FBE0 : 5C;
FBE1 : 5C;
FBE2 : 5C;
FBE3 : 5C;
FBE4 : 5C;
FBE5 : 58;
FBE6 : 5C;
FBE7 : 59;
FBE8 : 5C;
FBE9 : 5C;
FBEA : 5C;
FBEB : 5C;
FBEC : 5C;
FBED : 5C;
FBEE : 5C;
FBEF : 59;
FBF0 : 5C;
FBF1 : 5C;
FBF2 : 5C;
FBF3 : 5C;
FBF4 : 5C;
FBF5 : 5C;
FBF6 : 5C;
FBF7 : 59;
FBF8 : 5C;
FBF9 : 5C;
FBFA : 5C;
FBFB : 5C;
FBFC : 5C;
FBFD : 58;
FBFE : 58;
FBFF : 59;
FC00 : 17;
FC01 : 17;
FC02 : 17;
FC03 : 17;
FC04 : 17;
FC05 : 17;
FC06 : 17;
FC07 : 17;
FC08 : 17;
FC09 : 17;
FC0A : 17;
FC0B : 17;
FC0C : 17;
FC0D : 17;
FC0E : 17;
FC0F : 17;
FC10 : 17;
FC11 : 17;
FC12 : 17;
FC13 : 17;
FC14 : 17;
FC15 : 17;
FC16 : 17;
FC17 : 17;
FC18 : 17;
FC19 : 17;
FC1A : 17;
FC1B : 17;
FC1C : 17;
FC1D : 17;
FC1E : 17;
FC1F : 17;
FC20 : 17;
FC21 : 17;
FC22 : 17;
FC23 : 17;
FC24 : 17;
FC25 : 17;
FC26 : 17;
FC27 : 17;
FC28 : 17;
FC29 : 17;
FC2A : 17;
FC2B : 17;
FC2C : 17;
FC2D : 17;
FC2E : 17;
FC2F : 17;
FC30 : 17;
FC31 : 17;
FC32 : 17;
FC33 : 17;
FC34 : 17;
FC35 : 17;
FC36 : 17;
FC37 : 17;
FC38 : 17;
FC39 : 17;
FC3A : 17;
FC3B : 17;
FC3C : 17;
FC3D : 17;
FC3E : 17;
FC3F : 17;
FC40 : 17;
FC41 : 17;
FC42 : 17;
FC43 : 17;
FC44 : 53;
FC45 : E3;
FC46 : E3;
FC47 : E3;
FC48 : 17;
FC49 : 17;
FC4A : 17;
FC4B : 17;
FC4C : 33;
FC4D : E3;
FC4E : E3;
FC4F : E3;
FC50 : 17;
FC51 : 17;
FC52 : 17;
FC53 : 17;
FC54 : 33;
FC55 : E3;
FC56 : E3;
FC57 : E3;
FC58 : 17;
FC59 : 17;
FC5A : 17;
FC5B : 17;
FC5C : 33;
FC5D : E3;
FC5E : E3;
FC5F : E3;
FC60 : 17;
FC61 : 17;
FC62 : 17;
FC63 : 17;
FC64 : 33;
FC65 : E3;
FC66 : E3;
FC67 : E3;
FC68 : 17;
FC69 : 17;
FC6A : 17;
FC6B : 17;
FC6C : 33;
FC6D : E3;
FC6E : E3;
FC6F : E3;
FC70 : 17;
FC71 : 17;
FC72 : 17;
FC73 : 17;
FC74 : 33;
FC75 : E3;
FC76 : E3;
FC77 : E3;
FC78 : 17;
FC79 : 17;
FC7A : 17;
FC7B : 17;
FC7C : 33;
FC7D : E3;
FC7E : E3;
FC7F : E3;
FC80 : E3;
FC81 : E3;
FC82 : E3;
FC83 : E3;
FC84 : E3;
FC85 : E3;
FC86 : E3;
FC87 : E3;
FC88 : E3;
FC89 : E3;
FC8A : E3;
FC8B : E3;
FC8C : E3;
FC8D : E3;
FC8E : E3;
FC8F : E3;
FC90 : E3;
FC91 : E3;
FC92 : E3;
FC93 : E3;
FC94 : E3;
FC95 : E3;
FC96 : E3;
FC97 : E3;
FC98 : E3;
FC99 : E3;
FC9A : E3;
FC9B : E3;
FC9C : E3;
FC9D : E3;
FC9E : E3;
FC9F : E3;
FCA0 : E3;
FCA1 : E3;
FCA2 : E3;
FCA3 : E3;
FCA4 : E3;
FCA5 : E3;
FCA6 : E3;
FCA7 : E3;
FCA8 : E3;
FCA9 : E3;
FCAA : E3;
FCAB : E3;
FCAC : E3;
FCAD : E3;
FCAE : E3;
FCAF : E3;
FCB0 : E3;
FCB1 : E3;
FCB2 : E3;
FCB3 : E3;
FCB4 : E3;
FCB5 : E3;
FCB6 : E3;
FCB7 : E3;
FCB8 : E3;
FCB9 : E3;
FCBA : E3;
FCBB : E3;
FCBC : E3;
FCBD : E3;
FCBE : E3;
FCBF : E3;
FCC0 : E3;
FCC1 : E2;
FCC2 : E4;
FCC3 : E4;
FCC4 : E4;
FCC5 : E0;
FCC6 : E4;
FCC7 : E4;
FCC8 : E3;
FCC9 : E2;
FCCA : E0;
FCCB : E0;
FCCC : E0;
FCCD : E0;
FCCE : E0;
FCCF : E0;
FCD0 : E3;
FCD1 : E2;
FCD2 : E0;
FCD3 : E4;
FCD4 : E0;
FCD5 : E0;
FCD6 : E0;
FCD7 : E0;
FCD8 : E3;
FCD9 : E2;
FCDA : E0;
FCDB : E0;
FCDC : E0;
FCDD : E0;
FCDE : E0;
FCDF : E0;
FCE0 : E3;
FCE1 : E2;
FCE2 : E0;
FCE3 : E0;
FCE4 : E0;
FCE5 : E0;
FCE6 : E0;
FCE7 : E0;
FCE8 : E3;
FCE9 : E2;
FCEA : E0;
FCEB : E4;
FCEC : E0;
FCED : E0;
FCEE : E0;
FCEF : E0;
FCF0 : E3;
FCF1 : E2;
FCF2 : E0;
FCF3 : E4;
FCF4 : E0;
FCF5 : E0;
FCF6 : E0;
FCF7 : E0;
FCF8 : E3;
FCF9 : E2;
FCFA : E0;
FCFB : E0;
FCFC : E0;
FCFD : E0;
FCFE : E0;
FCFF : E0;
FD00 : E4;
FD01 : E4;
FD02 : E4;
FD03 : E4;
FD04 : E0;
FD05 : E0;
FD06 : CC;
FD07 : B0;
FD08 : E0;
FD09 : E0;
FD0A : E0;
FD0B : E0;
FD0C : E0;
FD0D : E0;
FD0E : CC;
FD0F : 90;
FD10 : E0;
FD11 : E0;
FD12 : E0;
FD13 : E0;
FD14 : E0;
FD15 : E0;
FD16 : CC;
FD17 : 90;
FD18 : E0;
FD19 : E0;
FD1A : E0;
FD1B : E0;
FD1C : E0;
FD1D : E0;
FD1E : CC;
FD1F : 90;
FD20 : E0;
FD21 : E0;
FD22 : E0;
FD23 : E0;
FD24 : E0;
FD25 : E0;
FD26 : CC;
FD27 : 90;
FD28 : E0;
FD29 : E0;
FD2A : E0;
FD2B : E0;
FD2C : E0;
FD2D : E0;
FD2E : CC;
FD2F : 90;
FD30 : E0;
FD31 : E0;
FD32 : E0;
FD33 : E0;
FD34 : E0;
FD35 : E0;
FD36 : CC;
FD37 : 90;
FD38 : E0;
FD39 : E0;
FD3A : E0;
FD3B : E0;
FD3C : E0;
FD3D : E0;
FD3E : CC;
FD3F : 90;
FD40 : B0;
FD41 : B0;
FD42 : B0;
FD43 : B0;
FD44 : B0;
FD45 : B0;
FD46 : B0;
FD47 : B0;
FD48 : B0;
FD49 : B0;
FD4A : B0;
FD4B : B0;
FD4C : B0;
FD4D : B0;
FD4E : B0;
FD4F : B0;
FD50 : B0;
FD51 : B0;
FD52 : B0;
FD53 : B0;
FD54 : B0;
FD55 : B0;
FD56 : B0;
FD57 : B0;
FD58 : B0;
FD59 : B0;
FD5A : B0;
FD5B : B0;
FD5C : B0;
FD5D : B0;
FD5E : B0;
FD5F : B0;
FD60 : B0;
FD61 : B0;
FD62 : B0;
FD63 : B0;
FD64 : B0;
FD65 : B0;
FD66 : B0;
FD67 : B0;
FD68 : B0;
FD69 : B0;
FD6A : B0;
FD6B : B0;
FD6C : B0;
FD6D : B0;
FD6E : B0;
FD6F : B0;
FD70 : B0;
FD71 : B0;
FD72 : B0;
FD73 : B0;
FD74 : B0;
FD75 : B0;
FD76 : B0;
FD77 : B0;
FD78 : B0;
FD79 : B0;
FD7A : B0;
FD7B : B0;
FD7C : B0;
FD7D : B0;
FD7E : B0;
FD7F : B0;
FD80 : B0;
FD81 : B0;
FD82 : B0;
FD83 : D8;
FD84 : DC;
FD85 : DC;
FD86 : DC;
FD87 : DC;
FD88 : B0;
FD89 : B0;
FD8A : B0;
FD8B : D8;
FD8C : DC;
FD8D : DC;
FD8E : DC;
FD8F : DC;
FD90 : B0;
FD91 : B0;
FD92 : B0;
FD93 : D8;
FD94 : DC;
FD95 : DC;
FD96 : DC;
FD97 : DC;
FD98 : B0;
FD99 : B0;
FD9A : B0;
FD9B : D8;
FD9C : DC;
FD9D : DC;
FD9E : DC;
FD9F : DC;
FDA0 : B0;
FDA1 : B0;
FDA2 : B0;
FDA3 : D8;
FDA4 : DC;
FDA5 : DC;
FDA6 : DC;
FDA7 : DC;
FDA8 : B0;
FDA9 : B0;
FDAA : B0;
FDAB : D8;
FDAC : DC;
FDAD : DC;
FDAE : DC;
FDAF : DC;
FDB0 : B0;
FDB1 : B0;
FDB2 : B0;
FDB3 : D8;
FDB4 : DC;
FDB5 : DC;
FDB6 : DC;
FDB7 : DC;
FDB8 : B0;
FDB9 : B0;
FDBA : B0;
FDBB : D8;
FDBC : DC;
FDBD : DC;
FDBE : DC;
FDBF : DC;
FDC0 : DC;
FDC1 : DC;
FDC2 : DC;
FDC3 : DC;
FDC4 : DC;
FDC5 : DC;
FDC6 : DC;
FDC7 : DC;
FDC8 : DC;
FDC9 : DC;
FDCA : DC;
FDCB : DC;
FDCC : DC;
FDCD : DC;
FDCE : DC;
FDCF : DC;
FDD0 : DC;
FDD1 : DC;
FDD2 : DC;
FDD3 : DC;
FDD4 : DC;
FDD5 : D8;
FDD6 : D8;
FDD7 : D8;
FDD8 : DC;
FDD9 : DC;
FDDA : DC;
FDDB : DC;
FDDC : DC;
FDDD : DC;
FDDE : DC;
FDDF : DC;
FDE0 : DC;
FDE1 : DC;
FDE2 : DC;
FDE3 : DC;
FDE4 : DC;
FDE5 : DC;
FDE6 : DC;
FDE7 : DC;
FDE8 : DC;
FDE9 : DC;
FDEA : DC;
FDEB : DC;
FDEC : DC;
FDED : DC;
FDEE : DC;
FDEF : DC;
FDF0 : DC;
FDF1 : DC;
FDF2 : DC;
FDF3 : DC;
FDF4 : DC;
FDF5 : DC;
FDF6 : DC;
FDF7 : DC;
FDF8 : DC;
FDF9 : DC;
FDFA : DC;
FDFB : DC;
FDFC : DC;
FDFD : DC;
FDFE : DC;
FDFF : DC;
FE00 : 1D;
FE01 : 1D;
FE02 : 1D;
FE03 : 1D;
FE04 : 1D;
FE05 : 1D;
FE06 : 1D;
FE07 : 1D;
FE08 : 56;
FE09 : 56;
FE0A : 56;
FE0B : 56;
FE0C : 56;
FE0D : 56;
FE0E : 56;
FE0F : 56;
FE10 : 8F;
FE11 : 8F;
FE12 : 8F;
FE13 : 8F;
FE14 : 8F;
FE15 : 8F;
FE16 : 8F;
FE17 : 8F;
FE18 : 8F;
FE19 : 8F;
FE1A : 8F;
FE1B : 8F;
FE1C : 8F;
FE1D : 8F;
FE1E : 8F;
FE1F : 8F;
FE20 : 8F;
FE21 : 8F;
FE22 : 8F;
FE23 : 8F;
FE24 : 8F;
FE25 : 8F;
FE26 : 8F;
FE27 : 8F;
FE28 : 8F;
FE29 : 8F;
FE2A : 8F;
FE2B : 8F;
FE2C : 8F;
FE2D : 8F;
FE2E : 8F;
FE2F : 8F;
FE30 : 8F;
FE31 : 8F;
FE32 : 8F;
FE33 : 8F;
FE34 : 8F;
FE35 : 8F;
FE36 : 8F;
FE37 : 8F;
FE38 : 8F;
FE39 : 8F;
FE3A : 8F;
FE3B : 8F;
FE3C : 8F;
FE3D : 8F;
FE3E : 8F;
FE3F : 8F;
FE40 : 1D;
FE41 : 1D;
FE42 : 1D;
FE43 : 1D;
FE44 : 75;
FE45 : C4;
FE46 : E0;
FE47 : E0;
FE48 : 56;
FE49 : 56;
FE4A : 56;
FE4B : 56;
FE4C : 76;
FE4D : 90;
FE4E : 90;
FE4F : 90;
FE50 : 8F;
FE51 : 8F;
FE52 : 8F;
FE53 : 8F;
FE54 : 73;
FE55 : 3D;
FE56 : 1D;
FE57 : 1D;
FE58 : 8F;
FE59 : 8F;
FE5A : 8F;
FE5B : 8F;
FE5C : 73;
FE5D : 1D;
FE5E : 1D;
FE5F : 1D;
FE60 : 8F;
FE61 : 8F;
FE62 : 8F;
FE63 : 8F;
FE64 : 73;
FE65 : 1D;
FE66 : 1D;
FE67 : 1D;
FE68 : 8F;
FE69 : 8F;
FE6A : 8F;
FE6B : 8F;
FE6C : 73;
FE6D : 1D;
FE6E : 1D;
FE6F : 1D;
FE70 : 8F;
FE71 : 8F;
FE72 : 8F;
FE73 : 8F;
FE74 : 73;
FE75 : 1D;
FE76 : 1D;
FE77 : 1D;
FE78 : 8F;
FE79 : 8F;
FE7A : 8F;
FE7B : 8F;
FE7C : 73;
FE7D : 1D;
FE7E : 1D;
FE7F : 1D;
FE80 : E0;
FE81 : E0;
FE82 : E0;
FE83 : E0;
FE84 : E0;
FE85 : E0;
FE86 : E0;
FE87 : E0;
FE88 : 90;
FE89 : 90;
FE8A : 90;
FE8B : 90;
FE8C : 90;
FE8D : 90;
FE8E : 90;
FE8F : 90;
FE90 : 1D;
FE91 : 1D;
FE92 : 1D;
FE93 : 1D;
FE94 : 1D;
FE95 : 1D;
FE96 : 1D;
FE97 : 1D;
FE98 : 1D;
FE99 : 1D;
FE9A : 1D;
FE9B : 1D;
FE9C : 1D;
FE9D : 1D;
FE9E : 1D;
FE9F : 1D;
FEA0 : 1D;
FEA1 : 1D;
FEA2 : 1D;
FEA3 : 1D;
FEA4 : 1D;
FEA5 : 1D;
FEA6 : 1D;
FEA7 : 1D;
FEA8 : 1D;
FEA9 : 1D;
FEAA : 1D;
FEAB : 1D;
FEAC : 1D;
FEAD : 1D;
FEAE : 1D;
FEAF : 1D;
FEB0 : 1D;
FEB1 : 1D;
FEB2 : 1D;
FEB3 : 1D;
FEB4 : 1D;
FEB5 : 1D;
FEB6 : 1D;
FEB7 : 1D;
FEB8 : 1D;
FEB9 : 1D;
FEBA : 1D;
FEBB : 1D;
FEBC : 1D;
FEBD : 1D;
FEBE : 1D;
FEBF : 1D;
FEC0 : E0;
FEC1 : E4;
FEC2 : EC;
FEC3 : EC;
FEC4 : EC;
FEC5 : EC;
FEC6 : EC;
FEC7 : EC;
FEC8 : 90;
FEC9 : AC;
FECA : E8;
FECB : E8;
FECC : E8;
FECD : E8;
FECE : E8;
FECF : E8;
FED0 : 1D;
FED1 : 71;
FED2 : E0;
FED3 : E0;
FED4 : E0;
FED5 : E0;
FED6 : E0;
FED7 : E0;
FED8 : 1D;
FED9 : 71;
FEDA : E0;
FEDB : E0;
FEDC : E0;
FEDD : E0;
FEDE : E0;
FEDF : E0;
FEE0 : 1D;
FEE1 : 71;
FEE2 : E0;
FEE3 : E0;
FEE4 : E0;
FEE5 : E0;
FEE6 : E0;
FEE7 : E0;
FEE8 : 1D;
FEE9 : 71;
FEEA : E0;
FEEB : E0;
FEEC : E0;
FEED : E0;
FEEE : E0;
FEEF : E0;
FEF0 : 1D;
FEF1 : 71;
FEF2 : E0;
FEF3 : E0;
FEF4 : E0;
FEF5 : E0;
FEF6 : E0;
FEF7 : E0;
FEF8 : 1D;
FEF9 : 71;
FEFA : E0;
FEFB : E0;
FEFC : E0;
FEFD : E0;
FEFE : E0;
FEFF : E0;
FF00 : EC;
FF01 : EC;
FF02 : EC;
FF03 : EC;
FF04 : EC;
FF05 : EC;
FF06 : D0;
FF07 : 94;
FF08 : E8;
FF09 : E8;
FF0A : E8;
FF0B : E8;
FF0C : E8;
FF0D : E8;
FF0E : EC;
FF0F : D0;
FF10 : E0;
FF11 : E0;
FF12 : E0;
FF13 : E0;
FF14 : E0;
FF15 : E0;
FF16 : E8;
FF17 : EC;
FF18 : E0;
FF19 : E0;
FF1A : E0;
FF1B : E0;
FF1C : E0;
FF1D : E0;
FF1E : E8;
FF1F : EC;
FF20 : E0;
FF21 : E0;
FF22 : E0;
FF23 : E0;
FF24 : E0;
FF25 : E0;
FF26 : E8;
FF27 : EC;
FF28 : E0;
FF29 : E0;
FF2A : E0;
FF2B : E0;
FF2C : E0;
FF2D : E0;
FF2E : E8;
FF2F : EC;
FF30 : E0;
FF31 : E0;
FF32 : E0;
FF33 : E0;
FF34 : E0;
FF35 : E0;
FF36 : E8;
FF37 : EC;
FF38 : E0;
FF39 : E0;
FF3A : E0;
FF3B : E0;
FF3C : E0;
FF3D : E0;
FF3E : E8;
FF3F : EC;
FF40 : 94;
FF41 : 94;
FF42 : 94;
FF43 : 94;
FF44 : 94;
FF45 : 94;
FF46 : 94;
FF47 : 94;
FF48 : D0;
FF49 : D0;
FF4A : D0;
FF4B : D0;
FF4C : D0;
FF4D : D0;
FF4E : D0;
FF4F : D0;
FF50 : EC;
FF51 : EC;
FF52 : EC;
FF53 : EC;
FF54 : EC;
FF55 : EC;
FF56 : EC;
FF57 : EC;
FF58 : EC;
FF59 : EC;
FF5A : EC;
FF5B : EC;
FF5C : EC;
FF5D : EC;
FF5E : EC;
FF5F : EC;
FF60 : EC;
FF61 : EC;
FF62 : EC;
FF63 : EC;
FF64 : EC;
FF65 : EC;
FF66 : EC;
FF67 : EC;
FF68 : EC;
FF69 : EC;
FF6A : EC;
FF6B : EC;
FF6C : EC;
FF6D : EC;
FF6E : EC;
FF6F : EC;
FF70 : EC;
FF71 : EC;
FF72 : EC;
FF73 : EC;
FF74 : EC;
FF75 : EC;
FF76 : EC;
FF77 : EC;
FF78 : EC;
FF79 : EC;
FF7A : EC;
FF7B : EC;
FF7C : EC;
FF7D : EC;
FF7E : EC;
FF7F : EC;
FF80 : 94;
FF81 : 94;
FF82 : B4;
FF83 : 58;
FF84 : 5C;
FF85 : 5C;
FF86 : 5C;
FF87 : 5C;
FF88 : D0;
FF89 : D0;
FF8A : D0;
FF8B : 98;
FF8C : 78;
FF8D : 78;
FF8E : 98;
FF8F : 98;
FF90 : EC;
FF91 : EC;
FF92 : EC;
FF93 : B4;
FF94 : B4;
FF95 : B4;
FF96 : B4;
FF97 : B4;
FF98 : EC;
FF99 : EC;
FF9A : EC;
FF9B : B4;
FF9C : B4;
FF9D : B4;
FF9E : B4;
FF9F : B4;
FFA0 : EC;
FFA1 : EC;
FFA2 : EC;
FFA3 : B4;
FFA4 : B4;
FFA5 : B4;
FFA6 : B4;
FFA7 : B4;
FFA8 : EC;
FFA9 : EC;
FFAA : EC;
FFAB : B4;
FFAC : B4;
FFAD : B4;
FFAE : B4;
FFAF : B4;
FFB0 : EC;
FFB1 : EC;
FFB2 : EC;
FFB3 : B4;
FFB4 : B4;
FFB5 : B4;
FFB6 : B4;
FFB7 : B4;
FFB8 : EC;
FFB9 : EC;
FFBA : EC;
FFBB : B4;
FFBC : B4;
FFBD : B4;
FFBE : B4;
FFBF : B4;
FFC0 : 5C;
FFC1 : 5C;
FFC2 : 5C;
FFC3 : 5C;
FFC4 : 5C;
FFC5 : 5C;
FFC6 : 5C;
FFC7 : 5C;
FFC8 : 98;
FFC9 : 98;
FFCA : 98;
FFCB : 98;
FFCC : 98;
FFCD : 98;
FFCE : 98;
FFCF : 79;
FFD0 : B4;
FFD1 : B4;
FFD2 : B4;
FFD3 : B4;
FFD4 : B4;
FFD5 : B4;
FFD6 : B4;
FFD7 : 95;
FFD8 : B4;
FFD9 : B4;
FFDA : B4;
FFDB : B4;
FFDC : B4;
FFDD : B4;
FFDE : B4;
FFDF : B5;
FFE0 : B4;
FFE1 : B4;
FFE2 : B4;
FFE3 : B4;
FFE4 : B4;
FFE5 : B4;
FFE6 : B4;
FFE7 : 95;
FFE8 : B4;
FFE9 : B4;
FFEA : B4;
FFEB : B4;
FFEC : B4;
FFED : B4;
FFEE : B4;
FFEF : 95;
FFF0 : B4;
FFF1 : B4;
FFF2 : B4;
FFF3 : B4;
FFF4 : B4;
FFF5 : B4;
FFF6 : B4;
FFF7 : 95;
FFF8 : B4;
FFF9 : B4;
FFFA : B4;
FFFB : B4;
FFFC : B4;
FFFD : B4;
FFFE : B4;
FFFF : 95;
10000 : 7C;
10001 : 7C;
10002 : 7C;
10003 : 7C;
10004 : 7C;
10005 : 7C;
10006 : 7C;
10007 : 7C;
10008 : 9A;
10009 : 9A;
1000A : 9A;
1000B : 9A;
1000C : 9A;
1000D : 9A;
1000E : 9A;
1000F : 9A;
10010 : BB;
10011 : 9B;
10012 : 9B;
10013 : 9B;
10014 : 9B;
10015 : 9B;
10016 : 9B;
10017 : 9B;
10018 : BB;
10019 : 9B;
1001A : 9B;
1001B : 9B;
1001C : 9B;
1001D : 9B;
1001E : 9B;
1001F : 9B;
10020 : BB;
10021 : 9B;
10022 : 9B;
10023 : 9B;
10024 : 9B;
10025 : 9B;
10026 : 9B;
10027 : 9B;
10028 : BB;
10029 : 9B;
1002A : 9B;
1002B : 9B;
1002C : 9B;
1002D : 9B;
1002E : 9B;
1002F : 9B;
10030 : BB;
10031 : 9B;
10032 : 9B;
10033 : 9B;
10034 : 9B;
10035 : 9B;
10036 : 9B;
10037 : 9B;
10038 : BB;
10039 : 9B;
1003A : 9B;
1003B : 9B;
1003C : 9B;
1003D : 9B;
1003E : 9B;
1003F : 9B;
10040 : 7C;
10041 : 7C;
10042 : 7C;
10043 : 7C;
10044 : 7C;
10045 : 5C;
10046 : 5C;
10047 : 5C;
10048 : 9A;
10049 : 9A;
1004A : 9A;
1004B : 9A;
1004C : 99;
1004D : 7C;
1004E : 7C;
1004F : 7C;
10050 : 9B;
10051 : 9B;
10052 : 9B;
10053 : 9B;
10054 : 9B;
10055 : 7C;
10056 : 7C;
10057 : 7C;
10058 : 9B;
10059 : 9B;
1005A : 9B;
1005B : 9B;
1005C : 9A;
1005D : 7C;
1005E : 7C;
1005F : 7C;
10060 : 9B;
10061 : 9B;
10062 : 9B;
10063 : 9B;
10064 : 9A;
10065 : 7C;
10066 : 7C;
10067 : 7C;
10068 : 9B;
10069 : 9B;
1006A : 9B;
1006B : 9B;
1006C : 9A;
1006D : 7C;
1006E : 7C;
1006F : 7C;
10070 : 9B;
10071 : 9B;
10072 : 9B;
10073 : 9B;
10074 : 9A;
10075 : 7C;
10076 : 7C;
10077 : 7C;
10078 : 9B;
10079 : 9B;
1007A : 9B;
1007B : 9B;
1007C : 9A;
1007D : 7C;
1007E : 7C;
1007F : 7C;
10080 : 5C;
10081 : 5C;
10082 : 5C;
10083 : 5C;
10084 : 5C;
10085 : 5C;
10086 : 5C;
10087 : 5C;
10088 : 7C;
10089 : 7C;
1008A : 7C;
1008B : 7C;
1008C : 7C;
1008D : 7C;
1008E : 7C;
1008F : 7C;
10090 : 7C;
10091 : 7C;
10092 : 7C;
10093 : 7C;
10094 : 7C;
10095 : 7C;
10096 : 7C;
10097 : 7C;
10098 : 7C;
10099 : 7C;
1009A : 7C;
1009B : 7C;
1009C : 7C;
1009D : 7C;
1009E : 7C;
1009F : 7C;
100A0 : 7C;
100A1 : 7C;
100A2 : 7C;
100A3 : 7C;
100A4 : 9C;
100A5 : 7C;
100A6 : 7C;
100A7 : 9C;
100A8 : 7C;
100A9 : 7C;
100AA : 7C;
100AB : 7C;
100AC : 7C;
100AD : 7C;
100AE : 7C;
100AF : 9C;
100B0 : 7C;
100B1 : 7C;
100B2 : 7C;
100B3 : 7C;
100B4 : 7C;
100B5 : 7C;
100B6 : 7C;
100B7 : 7C;
100B8 : 7C;
100B9 : 7C;
100BA : 7C;
100BB : 7C;
100BC : 7C;
100BD : 7C;
100BE : 7C;
100BF : 7C;
100C0 : 5C;
100C1 : 3D;
100C2 : 1F;
100C3 : 1F;
100C4 : 1E;
100C5 : 1F;
100C6 : 1F;
100C7 : 1F;
100C8 : 7C;
100C9 : 5C;
100CA : 3D;
100CB : 3D;
100CC : 3D;
100CD : 3D;
100CE : 3D;
100CF : 3D;
100D0 : 7C;
100D1 : 7C;
100D2 : 5C;
100D3 : 5C;
100D4 : 5C;
100D5 : 5C;
100D6 : 5C;
100D7 : 5C;
100D8 : 7C;
100D9 : 7C;
100DA : 5C;
100DB : 5C;
100DC : 5C;
100DD : 5C;
100DE : 5C;
100DF : 5C;
100E0 : 7C;
100E1 : 7C;
100E2 : 5C;
100E3 : 5C;
100E4 : 5C;
100E5 : 5C;
100E6 : 5C;
100E7 : 5C;
100E8 : 7C;
100E9 : 7C;
100EA : 5C;
100EB : 5C;
100EC : 5C;
100ED : 5C;
100EE : 5C;
100EF : 5C;
100F0 : 7C;
100F1 : 7C;
100F2 : 5C;
100F3 : 5C;
100F4 : 5C;
100F5 : 5C;
100F6 : 5C;
100F7 : 5C;
100F8 : 7C;
100F9 : 7C;
100FA : 5C;
100FB : 5C;
100FC : 5C;
100FD : 5C;
100FE : 5C;
100FF : 5C;
10100 : 1F;
10101 : 1F;
10102 : 1F;
10103 : 1E;
10104 : 1E;
10105 : 1E;
10106 : 4E;
10107 : 42;
10108 : 3D;
10109 : 3D;
1010A : 3D;
1010B : 3D;
1010C : 3D;
1010D : 3D;
1010E : 36;
1010F : 32;
10110 : 5C;
10111 : 5C;
10112 : 5C;
10113 : 5C;
10114 : 5C;
10115 : 5C;
10116 : 1E;
10117 : 1E;
10118 : 5C;
10119 : 5C;
1011A : 5C;
1011B : 5C;
1011C : 5C;
1011D : 5C;
1011E : 1E;
1011F : 1E;
10120 : 5C;
10121 : 5C;
10122 : 5C;
10123 : 5C;
10124 : 5C;
10125 : 5C;
10126 : 1E;
10127 : 1E;
10128 : 5C;
10129 : 5C;
1012A : 5C;
1012B : 5C;
1012C : 5C;
1012D : 5C;
1012E : 1E;
1012F : 1E;
10130 : 5C;
10131 : 5C;
10132 : 5C;
10133 : 5C;
10134 : 5C;
10135 : 5C;
10136 : 1E;
10137 : 1E;
10138 : 5C;
10139 : 5C;
1013A : 5C;
1013B : 5C;
1013C : 5C;
1013D : 5C;
1013E : 1E;
1013F : 1E;
10140 : 46;
10141 : 46;
10142 : 46;
10143 : 46;
10144 : 46;
10145 : 46;
10146 : 46;
10147 : 46;
10148 : 32;
10149 : 32;
1014A : 32;
1014B : 32;
1014C : 32;
1014D : 32;
1014E : 32;
1014F : 32;
10150 : 1E;
10151 : 1E;
10152 : 1E;
10153 : 1E;
10154 : 1E;
10155 : 1E;
10156 : 1E;
10157 : 1E;
10158 : 1E;
10159 : 1E;
1015A : 1E;
1015B : 1E;
1015C : 1E;
1015D : 1E;
1015E : 1E;
1015F : 1E;
10160 : 1E;
10161 : 1E;
10162 : 1E;
10163 : 1E;
10164 : 1E;
10165 : 1E;
10166 : 1E;
10167 : 1E;
10168 : 1E;
10169 : 1E;
1016A : 1E;
1016B : 1E;
1016C : 1E;
1016D : 1E;
1016E : 1E;
1016F : 1E;
10170 : 1E;
10171 : 1E;
10172 : 1E;
10173 : 1E;
10174 : 1E;
10175 : 1E;
10176 : 1E;
10177 : 1E;
10178 : 1E;
10179 : 1E;
1017A : 1E;
1017B : 1E;
1017C : 1E;
1017D : 1E;
1017E : 1E;
1017F : 1E;
10180 : 46;
10181 : 46;
10182 : 62;
10183 : A7;
10184 : C7;
10185 : C7;
10186 : C7;
10187 : C7;
10188 : 32;
10189 : 32;
1018A : 32;
1018B : 6A;
1018C : A7;
1018D : 87;
1018E : 87;
1018F : 87;
10190 : 1E;
10191 : 1E;
10192 : 1E;
10193 : 2E;
10194 : 42;
10195 : 46;
10196 : 46;
10197 : 46;
10198 : 1E;
10199 : 1E;
1019A : 1E;
1019B : 2E;
1019C : 46;
1019D : 46;
1019E : 46;
1019F : 46;
101A0 : 1E;
101A1 : 1E;
101A2 : 1E;
101A3 : 2E;
101A4 : 62;
101A5 : 46;
101A6 : 46;
101A7 : 46;
101A8 : 1E;
101A9 : 1E;
101AA : 1E;
101AB : 2E;
101AC : 62;
101AD : 46;
101AE : 46;
101AF : 46;
101B0 : 1E;
101B1 : 1E;
101B2 : 1E;
101B3 : 2E;
101B4 : 62;
101B5 : 46;
101B6 : 46;
101B7 : 46;
101B8 : 1E;
101B9 : 1E;
101BA : 1E;
101BB : 2E;
101BC : 62;
101BD : 46;
101BE : 46;
101BF : 46;
101C0 : C7;
101C1 : C7;
101C2 : C7;
101C3 : C7;
101C4 : C7;
101C5 : C7;
101C6 : C7;
101C7 : C7;
101C8 : 87;
101C9 : 87;
101CA : 87;
101CB : 87;
101CC : 87;
101CD : 87;
101CE : 87;
101CF : 86;
101D0 : 46;
101D1 : 46;
101D2 : 46;
101D3 : 46;
101D4 : 46;
101D5 : 46;
101D6 : 46;
101D7 : 46;
101D8 : 46;
101D9 : 46;
101DA : 46;
101DB : 46;
101DC : 46;
101DD : 46;
101DE : 46;
101DF : 46;
101E0 : 46;
101E1 : 46;
101E2 : 46;
101E3 : 46;
101E4 : 46;
101E5 : 46;
101E6 : 46;
101E7 : 46;
101E8 : 46;
101E9 : 46;
101EA : 46;
101EB : 46;
101EC : 46;
101ED : 46;
101EE : 46;
101EF : 46;
101F0 : 46;
101F1 : 46;
101F2 : 46;
101F3 : 46;
101F4 : 46;
101F5 : 46;
101F6 : 46;
101F7 : 46;
101F8 : 46;
101F9 : 46;
101FA : 46;
101FB : 46;
101FC : 46;
101FD : 46;
101FE : 46;
101FF : 46;
10200 : F4;
10201 : F4;
10202 : F4;
10203 : F4;
10204 : F4;
10205 : F4;
10206 : F4;
10207 : F4;
10208 : 98;
10209 : 98;
1020A : 98;
1020B : 98;
1020C : 98;
1020D : 98;
1020E : 98;
1020F : 98;
10210 : 1C;
10211 : 1C;
10212 : 1C;
10213 : 1C;
10214 : 1C;
10215 : 1C;
10216 : 1C;
10217 : 1C;
10218 : 1C;
10219 : 1C;
1021A : 1C;
1021B : 1C;
1021C : 1C;
1021D : 1C;
1021E : 1C;
1021F : 1C;
10220 : 1C;
10221 : 1C;
10222 : 1C;
10223 : 1C;
10224 : 1C;
10225 : 1C;
10226 : 1C;
10227 : 1C;
10228 : 1C;
10229 : 1C;
1022A : 1C;
1022B : 1C;
1022C : 1C;
1022D : 1C;
1022E : 1C;
1022F : 1C;
10230 : 1C;
10231 : 1C;
10232 : 1C;
10233 : 1C;
10234 : 1C;
10235 : 1C;
10236 : 1C;
10237 : 1C;
10238 : 1C;
10239 : 1C;
1023A : 1C;
1023B : 1C;
1023C : 1C;
1023D : 1C;
1023E : 1C;
1023F : 1C;
10240 : F4;
10241 : F4;
10242 : F4;
10243 : F4;
10244 : D5;
10245 : 17;
10246 : 17;
10247 : 17;
10248 : 98;
10249 : 98;
1024A : 98;
1024B : 98;
1024C : 99;
1024D : 96;
1024E : 96;
1024F : 96;
10250 : 1C;
10251 : 1C;
10252 : 1C;
10253 : 1C;
10254 : 5C;
10255 : F4;
10256 : F4;
10257 : F4;
10258 : 1C;
10259 : 1C;
1025A : 1C;
1025B : 1C;
1025C : 5C;
1025D : F4;
1025E : F4;
1025F : F4;
10260 : 1C;
10261 : 1C;
10262 : 1C;
10263 : 1C;
10264 : 5C;
10265 : F4;
10266 : F4;
10267 : F4;
10268 : 1C;
10269 : 1C;
1026A : 1C;
1026B : 1C;
1026C : 5C;
1026D : F4;
1026E : F4;
1026F : F4;
10270 : 1C;
10271 : 1C;
10272 : 1C;
10273 : 1C;
10274 : 5C;
10275 : F4;
10276 : F4;
10277 : F4;
10278 : 1C;
10279 : 1C;
1027A : 1C;
1027B : 1C;
1027C : 5C;
1027D : F4;
1027E : F4;
1027F : F4;
10280 : 17;
10281 : 17;
10282 : 17;
10283 : 17;
10284 : 17;
10285 : 17;
10286 : 17;
10287 : 17;
10288 : 96;
10289 : 96;
1028A : 96;
1028B : 96;
1028C : 96;
1028D : 96;
1028E : 96;
1028F : 96;
10290 : F4;
10291 : F4;
10292 : F4;
10293 : F4;
10294 : F4;
10295 : F4;
10296 : F4;
10297 : F4;
10298 : F4;
10299 : F4;
1029A : F4;
1029B : F4;
1029C : F4;
1029D : F4;
1029E : F4;
1029F : F4;
102A0 : F4;
102A1 : F4;
102A2 : F4;
102A3 : F4;
102A4 : F4;
102A5 : F4;
102A6 : F4;
102A7 : F4;
102A8 : F4;
102A9 : F4;
102AA : F4;
102AB : F4;
102AC : F4;
102AD : F4;
102AE : F4;
102AF : F4;
102B0 : F4;
102B1 : F4;
102B2 : F4;
102B3 : F4;
102B4 : F4;
102B5 : F4;
102B6 : F4;
102B7 : F4;
102B8 : F4;
102B9 : F4;
102BA : F4;
102BB : F4;
102BC : F4;
102BD : F4;
102BE : F4;
102BF : F4;
102C0 : 17;
102C1 : 13;
102C2 : 05;
102C3 : 05;
102C4 : 05;
102C5 : 05;
102C6 : 05;
102C7 : 05;
102C8 : 96;
102C9 : 52;
102CA : 0E;
102CB : 0E;
102CC : 0E;
102CD : 0E;
102CE : 0E;
102CF : 0E;
102D0 : F4;
102D1 : 96;
102D2 : 37;
102D3 : 37;
102D4 : 37;
102D5 : 37;
102D6 : 37;
102D7 : 37;
102D8 : F4;
102D9 : 96;
102DA : 37;
102DB : 37;
102DC : 37;
102DD : 37;
102DE : 37;
102DF : 37;
102E0 : F4;
102E1 : 96;
102E2 : 37;
102E3 : 37;
102E4 : 37;
102E5 : 37;
102E6 : 37;
102E7 : 37;
102E8 : F4;
102E9 : 96;
102EA : 37;
102EB : 37;
102EC : 37;
102ED : 37;
102EE : 37;
102EF : 37;
102F0 : F4;
102F1 : 96;
102F2 : 37;
102F3 : 37;
102F4 : 37;
102F5 : 37;
102F6 : 37;
102F7 : 37;
102F8 : F4;
102F9 : 96;
102FA : 37;
102FB : 37;
102FC : 37;
102FD : 37;
102FE : 37;
102FF : 37;
10300 : 05;
10301 : 05;
10302 : 05;
10303 : 05;
10304 : 09;
10305 : 05;
10306 : 65;
10307 : C4;
10308 : 0E;
10309 : 0E;
1030A : 0E;
1030B : 0E;
1030C : 0E;
1030D : 0E;
1030E : 4A;
1030F : 65;
10310 : 37;
10311 : 37;
10312 : 37;
10313 : 37;
10314 : 37;
10315 : 37;
10316 : 0E;
10317 : 05;
10318 : 37;
10319 : 37;
1031A : 37;
1031B : 37;
1031C : 37;
1031D : 37;
1031E : 0E;
1031F : 05;
10320 : 37;
10321 : 37;
10322 : 37;
10323 : 37;
10324 : 37;
10325 : 37;
10326 : 0E;
10327 : 05;
10328 : 37;
10329 : 37;
1032A : 37;
1032B : 37;
1032C : 37;
1032D : 37;
1032E : 0E;
1032F : 05;
10330 : 37;
10331 : 37;
10332 : 37;
10333 : 37;
10334 : 37;
10335 : 37;
10336 : 0E;
10337 : 05;
10338 : 37;
10339 : 37;
1033A : 37;
1033B : 37;
1033C : 37;
1033D : 37;
1033E : 0E;
1033F : 05;
10340 : A4;
10341 : A4;
10342 : A4;
10343 : A4;
10344 : A4;
10345 : A4;
10346 : A4;
10347 : A4;
10348 : 65;
10349 : 65;
1034A : 65;
1034B : 65;
1034C : 65;
1034D : 65;
1034E : 65;
1034F : 65;
10350 : 09;
10351 : 09;
10352 : 09;
10353 : 09;
10354 : 09;
10355 : 09;
10356 : 09;
10357 : 09;
10358 : 09;
10359 : 09;
1035A : 09;
1035B : 09;
1035C : 09;
1035D : 09;
1035E : 09;
1035F : 09;
10360 : 0A;
10361 : 09;
10362 : 09;
10363 : 09;
10364 : 09;
10365 : 09;
10366 : 09;
10367 : 09;
10368 : 09;
10369 : 09;
1036A : 09;
1036B : 09;
1036C : 0A;
1036D : 0A;
1036E : 0A;
1036F : 09;
10370 : 09;
10371 : 09;
10372 : 09;
10373 : 09;
10374 : 0A;
10375 : 0A;
10376 : 0A;
10377 : 0A;
10378 : 09;
10379 : 09;
1037A : 09;
1037B : 09;
1037C : 09;
1037D : 09;
1037E : 09;
1037F : 0A;
10380 : A4;
10381 : A5;
10382 : A4;
10383 : C8;
10384 : EC;
10385 : EC;
10386 : EC;
10387 : EC;
10388 : 65;
10389 : 65;
1038A : 65;
1038B : C9;
1038C : C8;
1038D : C8;
1038E : C8;
1038F : C8;
10390 : 09;
10391 : 0A;
10392 : 09;
10393 : 85;
10394 : A5;
10395 : A5;
10396 : A5;
10397 : A5;
10398 : 09;
10399 : 0A;
1039A : 09;
1039B : A5;
1039C : A5;
1039D : A5;
1039E : A5;
1039F : A5;
103A0 : 09;
103A1 : 0A;
103A2 : 0A;
103A3 : A5;
103A4 : A5;
103A5 : A5;
103A6 : A5;
103A7 : A5;
103A8 : 09;
103A9 : 0A;
103AA : 09;
103AB : A5;
103AC : A5;
103AD : A5;
103AE : A5;
103AF : A5;
103B0 : 0A;
103B1 : 0A;
103B2 : 09;
103B3 : A5;
103B4 : A5;
103B5 : A5;
103B6 : A5;
103B7 : A5;
103B8 : 0A;
103B9 : 0A;
103BA : 09;
103BB : A5;
103BC : A5;
103BD : A5;
103BE : A5;
103BF : A5;
103C0 : EC;
103C1 : EC;
103C2 : EC;
103C3 : EC;
103C4 : EC;
103C5 : EC;
103C6 : EC;
103C7 : CC;
103C8 : C8;
103C9 : C8;
103CA : C8;
103CB : C8;
103CC : C8;
103CD : C8;
103CE : C8;
103CF : C8;
103D0 : A5;
103D1 : A5;
103D2 : A5;
103D3 : A5;
103D4 : A5;
103D5 : A4;
103D6 : A5;
103D7 : A5;
103D8 : A5;
103D9 : A5;
103DA : A5;
103DB : A5;
103DC : A5;
103DD : A4;
103DE : A5;
103DF : A4;
103E0 : A5;
103E1 : A5;
103E2 : A5;
103E3 : A5;
103E4 : A5;
103E5 : A4;
103E6 : A5;
103E7 : A4;
103E8 : A5;
103E9 : A5;
103EA : A5;
103EB : A5;
103EC : A5;
103ED : A5;
103EE : A5;
103EF : A4;
103F0 : A5;
103F1 : A5;
103F2 : A5;
103F3 : A5;
103F4 : A5;
103F5 : A5;
103F6 : A5;
103F7 : A5;
103F8 : A5;
103F9 : A5;
103FA : A5;
103FB : A5;
103FC : A5;
103FD : A5;
103FE : A5;
103FF : A5;
10400 : E0;
10401 : E0;
10402 : E0;
10403 : E0;
10404 : E0;
10405 : E0;
10406 : E0;
10407 : E0;
10408 : EC;
10409 : EC;
1040A : EC;
1040B : EC;
1040C : EC;
1040D : EC;
1040E : EC;
1040F : EC;
10410 : F8;
10411 : F8;
10412 : F8;
10413 : F8;
10414 : F8;
10415 : F8;
10416 : F8;
10417 : F8;
10418 : F8;
10419 : F8;
1041A : F8;
1041B : F8;
1041C : F8;
1041D : F8;
1041E : F8;
1041F : F8;
10420 : F8;
10421 : F8;
10422 : F8;
10423 : F8;
10424 : F8;
10425 : F8;
10426 : F8;
10427 : F8;
10428 : F8;
10429 : F8;
1042A : F8;
1042B : F8;
1042C : F8;
1042D : F8;
1042E : F8;
1042F : F8;
10430 : F8;
10431 : F8;
10432 : F8;
10433 : F8;
10434 : F8;
10435 : F8;
10436 : F8;
10437 : F8;
10438 : F8;
10439 : F8;
1043A : F8;
1043B : F8;
1043C : F8;
1043D : F8;
1043E : F8;
1043F : F8;
10440 : E0;
10441 : E0;
10442 : E0;
10443 : E0;
10444 : E0;
10445 : E0;
10446 : E0;
10447 : E0;
10448 : EC;
10449 : EC;
1044A : EC;
1044B : EC;
1044C : E8;
1044D : E0;
1044E : E0;
1044F : E0;
10450 : F8;
10451 : F8;
10452 : F8;
10453 : F8;
10454 : F4;
10455 : C4;
10456 : E0;
10457 : E0;
10458 : F8;
10459 : F8;
1045A : F8;
1045B : F8;
1045C : F4;
1045D : C4;
1045E : E0;
1045F : E0;
10460 : F8;
10461 : F8;
10462 : F8;
10463 : F8;
10464 : F4;
10465 : C4;
10466 : E0;
10467 : E0;
10468 : F8;
10469 : F8;
1046A : F8;
1046B : F8;
1046C : F4;
1046D : C4;
1046E : E0;
1046F : E0;
10470 : F8;
10471 : F8;
10472 : F8;
10473 : F8;
10474 : F4;
10475 : C4;
10476 : E0;
10477 : E0;
10478 : F8;
10479 : F8;
1047A : F8;
1047B : F8;
1047C : F4;
1047D : C4;
1047E : E0;
1047F : E0;
10480 : E0;
10481 : E0;
10482 : E0;
10483 : E0;
10484 : E0;
10485 : E0;
10486 : E0;
10487 : E0;
10488 : E0;
10489 : E0;
1048A : E0;
1048B : E0;
1048C : E0;
1048D : E0;
1048E : E0;
1048F : E0;
10490 : E0;
10491 : E0;
10492 : E0;
10493 : E0;
10494 : E0;
10495 : E0;
10496 : E0;
10497 : E0;
10498 : E0;
10499 : E0;
1049A : E0;
1049B : E0;
1049C : E0;
1049D : E0;
1049E : E0;
1049F : E0;
104A0 : E0;
104A1 : E0;
104A2 : E0;
104A3 : E0;
104A4 : E0;
104A5 : E0;
104A6 : E0;
104A7 : E0;
104A8 : E0;
104A9 : E0;
104AA : E0;
104AB : E0;
104AC : E0;
104AD : E0;
104AE : E0;
104AF : E0;
104B0 : E0;
104B1 : E0;
104B2 : E0;
104B3 : E0;
104B4 : E0;
104B5 : E0;
104B6 : E0;
104B7 : E0;
104B8 : E0;
104B9 : E0;
104BA : E0;
104BB : E0;
104BC : E0;
104BD : E0;
104BE : E0;
104BF : E0;
104C0 : E0;
104C1 : E4;
104C2 : EC;
104C3 : EC;
104C4 : EC;
104C5 : EC;
104C6 : EC;
104C7 : EC;
104C8 : E0;
104C9 : E4;
104CA : E8;
104CB : E8;
104CC : E8;
104CD : E8;
104CE : E8;
104CF : E8;
104D0 : E0;
104D1 : E0;
104D2 : E0;
104D3 : E0;
104D4 : E0;
104D5 : E0;
104D6 : E0;
104D7 : E0;
104D8 : E0;
104D9 : E0;
104DA : E0;
104DB : E0;
104DC : E0;
104DD : E0;
104DE : E0;
104DF : E0;
104E0 : E0;
104E1 : E0;
104E2 : E0;
104E3 : E0;
104E4 : E0;
104E5 : E0;
104E6 : E0;
104E7 : E0;
104E8 : E0;
104E9 : E0;
104EA : E0;
104EB : E0;
104EC : E0;
104ED : E0;
104EE : E0;
104EF : E0;
104F0 : E0;
104F1 : E0;
104F2 : E0;
104F3 : E0;
104F4 : E0;
104F5 : E0;
104F6 : E0;
104F7 : E0;
104F8 : E0;
104F9 : E0;
104FA : E0;
104FB : E0;
104FC : E0;
104FD : E0;
104FE : E0;
104FF : E0;
10500 : EC;
10501 : EC;
10502 : EC;
10503 : EC;
10504 : EC;
10505 : EC;
10506 : B0;
10507 : 94;
10508 : E8;
10509 : E8;
1050A : E8;
1050B : E8;
1050C : E8;
1050D : E8;
1050E : CC;
1050F : D0;
10510 : E0;
10511 : E0;
10512 : E0;
10513 : E0;
10514 : E0;
10515 : E0;
10516 : E8;
10517 : EC;
10518 : E0;
10519 : E0;
1051A : E0;
1051B : E0;
1051C : E0;
1051D : E0;
1051E : E8;
1051F : EC;
10520 : E0;
10521 : E0;
10522 : E0;
10523 : E0;
10524 : E0;
10525 : E0;
10526 : E8;
10527 : EC;
10528 : E0;
10529 : E0;
1052A : E0;
1052B : E0;
1052C : E0;
1052D : E0;
1052E : E8;
1052F : EC;
10530 : E0;
10531 : E0;
10532 : E0;
10533 : E0;
10534 : E0;
10535 : E0;
10536 : E8;
10537 : EC;
10538 : E0;
10539 : E0;
1053A : E0;
1053B : E0;
1053C : E0;
1053D : E0;
1053E : E8;
1053F : EC;
10540 : 94;
10541 : 94;
10542 : 94;
10543 : 94;
10544 : 94;
10545 : 94;
10546 : 94;
10547 : 94;
10548 : D0;
10549 : D0;
1054A : D0;
1054B : D0;
1054C : D0;
1054D : D0;
1054E : D0;
1054F : D0;
10550 : EC;
10551 : EC;
10552 : EC;
10553 : EC;
10554 : EC;
10555 : EC;
10556 : EC;
10557 : EC;
10558 : EC;
10559 : EC;
1055A : EC;
1055B : EC;
1055C : EC;
1055D : EC;
1055E : EC;
1055F : EC;
10560 : EC;
10561 : EC;
10562 : EC;
10563 : EC;
10564 : EC;
10565 : EC;
10566 : EC;
10567 : EC;
10568 : EC;
10569 : EC;
1056A : EC;
1056B : EC;
1056C : EC;
1056D : EC;
1056E : EC;
1056F : EC;
10570 : EC;
10571 : EC;
10572 : EC;
10573 : EC;
10574 : EC;
10575 : EC;
10576 : EC;
10577 : EC;
10578 : EC;
10579 : EC;
1057A : EC;
1057B : EC;
1057C : EC;
1057D : EC;
1057E : EC;
1057F : EC;
10580 : 94;
10581 : B4;
10582 : B4;
10583 : 78;
10584 : 5C;
10585 : 5C;
10586 : 5C;
10587 : 5C;
10588 : D0;
10589 : D0;
1058A : D0;
1058B : 98;
1058C : 78;
1058D : 98;
1058E : 98;
1058F : 98;
10590 : EC;
10591 : EC;
10592 : EC;
10593 : B0;
10594 : 94;
10595 : B4;
10596 : B4;
10597 : B4;
10598 : EC;
10599 : EC;
1059A : EC;
1059B : B4;
1059C : B4;
1059D : B4;
1059E : B4;
1059F : B4;
105A0 : EC;
105A1 : EC;
105A2 : EC;
105A3 : B0;
105A4 : B4;
105A5 : B4;
105A6 : B4;
105A7 : B4;
105A8 : EC;
105A9 : EC;
105AA : EC;
105AB : B4;
105AC : 94;
105AD : B4;
105AE : B4;
105AF : B4;
105B0 : EC;
105B1 : EC;
105B2 : EC;
105B3 : B4;
105B4 : 94;
105B5 : B4;
105B6 : B4;
105B7 : B4;
105B8 : EC;
105B9 : EC;
105BA : EC;
105BB : B4;
105BC : 94;
105BD : B4;
105BE : B4;
105BF : B4;
105C0 : 5C;
105C1 : 5C;
105C2 : 5C;
105C3 : 5C;
105C4 : 5C;
105C5 : 5C;
105C6 : 5C;
105C7 : 59;
105C8 : 98;
105C9 : 98;
105CA : 98;
105CB : 98;
105CC : 98;
105CD : 98;
105CE : 78;
105CF : 79;
105D0 : B4;
105D1 : B4;
105D2 : B4;
105D3 : B4;
105D4 : B4;
105D5 : B4;
105D6 : B4;
105D7 : B1;
105D8 : B4;
105D9 : B4;
105DA : B4;
105DB : B4;
105DC : B4;
105DD : B4;
105DE : B4;
105DF : B1;
105E0 : B4;
105E1 : B4;
105E2 : B4;
105E3 : B4;
105E4 : B4;
105E5 : B4;
105E6 : B4;
105E7 : B1;
105E8 : B4;
105E9 : B4;
105EA : B4;
105EB : B4;
105EC : B4;
105ED : B4;
105EE : B4;
105EF : B1;
105F0 : B4;
105F1 : B4;
105F2 : B4;
105F3 : B4;
105F4 : B4;
105F5 : B4;
105F6 : B4;
105F7 : B1;
105F8 : B4;
105F9 : B4;
105FA : B4;
105FB : B4;
105FC : B4;
105FD : B4;
105FE : B4;
105FF : B1;
10600 : 17;
10601 : 17;
10602 : 17;
10603 : 17;
10604 : 17;
10605 : 17;
10606 : 17;
10607 : 17;
10608 : 73;
10609 : 6F;
1060A : 6F;
1060B : 6F;
1060C : 6F;
1060D : 6F;
1060E : 6F;
1060F : 6F;
10610 : A7;
10611 : A3;
10612 : A3;
10613 : A3;
10614 : A3;
10615 : A3;
10616 : A3;
10617 : A3;
10618 : A7;
10619 : A3;
1061A : A3;
1061B : A3;
1061C : A3;
1061D : A3;
1061E : A3;
1061F : A3;
10620 : A7;
10621 : A3;
10622 : A3;
10623 : A3;
10624 : A3;
10625 : A3;
10626 : A3;
10627 : A3;
10628 : A7;
10629 : A3;
1062A : A3;
1062B : A3;
1062C : A3;
1062D : A3;
1062E : A3;
1062F : A3;
10630 : A7;
10631 : A3;
10632 : A3;
10633 : A3;
10634 : A3;
10635 : A3;
10636 : A3;
10637 : A3;
10638 : A7;
10639 : A3;
1063A : A3;
1063B : A3;
1063C : A3;
1063D : A3;
1063E : A3;
1063F : A3;
10640 : 17;
10641 : 17;
10642 : 17;
10643 : 17;
10644 : 33;
10645 : E3;
10646 : E3;
10647 : E3;
10648 : 6F;
10649 : 6F;
1064A : 6F;
1064B : 6F;
1064C : 6F;
1064D : 8F;
1064E : 8F;
1064F : 8F;
10650 : A3;
10651 : A3;
10652 : A3;
10653 : A3;
10654 : A7;
10655 : 1B;
10656 : 17;
10657 : 17;
10658 : A3;
10659 : A3;
1065A : A3;
1065B : A3;
1065C : A7;
1065D : 17;
1065E : 17;
1065F : 17;
10660 : A3;
10661 : A3;
10662 : A3;
10663 : A3;
10664 : A7;
10665 : 17;
10666 : 17;
10667 : 17;
10668 : A3;
10669 : A3;
1066A : A3;
1066B : A3;
1066C : A7;
1066D : 17;
1066E : 17;
1066F : 17;
10670 : A3;
10671 : A3;
10672 : A3;
10673 : A3;
10674 : A7;
10675 : 17;
10676 : 17;
10677 : 17;
10678 : A3;
10679 : A3;
1067A : A3;
1067B : A3;
1067C : A7;
1067D : 17;
1067E : 17;
1067F : 17;
10680 : E3;
10681 : E3;
10682 : E3;
10683 : E3;
10684 : E3;
10685 : E3;
10686 : E3;
10687 : E3;
10688 : 8F;
10689 : 8F;
1068A : 8F;
1068B : 8F;
1068C : 8F;
1068D : 8F;
1068E : 8F;
1068F : 8F;
10690 : 17;
10691 : 17;
10692 : 17;
10693 : 17;
10694 : 17;
10695 : 17;
10696 : 17;
10697 : 17;
10698 : 17;
10699 : 17;
1069A : 17;
1069B : 17;
1069C : 17;
1069D : 17;
1069E : 17;
1069F : 17;
106A0 : 17;
106A1 : 17;
106A2 : 17;
106A3 : 17;
106A4 : 17;
106A5 : 17;
106A6 : 17;
106A7 : 17;
106A8 : 17;
106A9 : 17;
106AA : 17;
106AB : 17;
106AC : 17;
106AD : 17;
106AE : 17;
106AF : 17;
106B0 : 17;
106B1 : 17;
106B2 : 17;
106B3 : 17;
106B4 : 17;
106B5 : 17;
106B6 : 17;
106B7 : 17;
106B8 : 17;
106B9 : 17;
106BA : 17;
106BB : 17;
106BC : 17;
106BD : 17;
106BE : 17;
106BF : 17;
106C0 : E3;
106C1 : E1;
106C2 : E4;
106C3 : E4;
106C4 : E4;
106C5 : E4;
106C6 : E4;
106C7 : E4;
106C8 : 8F;
106C9 : CA;
106CA : E2;
106CB : E1;
106CC : E1;
106CD : E1;
106CE : E1;
106CF : E1;
106D0 : 1B;
106D1 : 8F;
106D2 : E3;
106D3 : E3;
106D4 : E3;
106D5 : E3;
106D6 : E3;
106D7 : E3;
106D8 : 1B;
106D9 : AF;
106DA : E3;
106DB : E3;
106DC : E3;
106DD : E3;
106DE : E3;
106DF : E3;
106E0 : 17;
106E1 : AF;
106E2 : E3;
106E3 : E3;
106E4 : E3;
106E5 : E3;
106E6 : E3;
106E7 : E3;
106E8 : 17;
106E9 : AF;
106EA : E3;
106EB : E3;
106EC : E3;
106ED : E3;
106EE : E3;
106EF : E3;
106F0 : 17;
106F1 : 8F;
106F2 : E3;
106F3 : E3;
106F4 : E3;
106F5 : E3;
106F6 : E3;
106F7 : E3;
106F8 : 17;
106F9 : 8F;
106FA : E3;
106FB : E3;
106FC : E3;
106FD : E3;
106FE : E3;
106FF : E3;
10700 : E4;
10701 : E4;
10702 : E4;
10703 : E0;
10704 : E0;
10705 : E0;
10706 : CC;
10707 : 90;
10708 : E1;
10709 : E1;
1070A : E1;
1070B : E1;
1070C : E1;
1070D : E2;
1070E : E9;
1070F : CC;
10710 : E3;
10711 : E3;
10712 : E3;
10713 : E3;
10714 : E3;
10715 : E3;
10716 : E1;
10717 : E4;
10718 : E3;
10719 : E3;
1071A : E3;
1071B : E3;
1071C : E3;
1071D : E3;
1071E : E1;
1071F : E4;
10720 : E3;
10721 : E3;
10722 : E3;
10723 : E3;
10724 : E3;
10725 : E3;
10726 : E1;
10727 : E4;
10728 : E3;
10729 : E3;
1072A : E3;
1072B : E3;
1072C : E3;
1072D : E3;
1072E : E1;
1072F : E0;
10730 : E3;
10731 : E3;
10732 : E3;
10733 : E3;
10734 : E3;
10735 : E3;
10736 : E1;
10737 : E0;
10738 : E3;
10739 : E3;
1073A : E3;
1073B : E3;
1073C : E3;
1073D : E3;
1073E : E1;
1073F : E0;
10740 : B0;
10741 : B0;
10742 : B0;
10743 : B0;
10744 : B0;
10745 : B0;
10746 : B0;
10747 : B0;
10748 : C8;
10749 : CC;
1074A : C8;
1074B : C8;
1074C : C8;
1074D : C8;
1074E : CC;
1074F : C8;
10750 : E0;
10751 : E0;
10752 : E0;
10753 : E0;
10754 : E0;
10755 : E0;
10756 : E0;
10757 : E0;
10758 : E0;
10759 : E0;
1075A : E0;
1075B : E0;
1075C : E0;
1075D : E0;
1075E : E0;
1075F : E0;
10760 : E0;
10761 : E0;
10762 : E0;
10763 : E0;
10764 : E0;
10765 : E0;
10766 : E0;
10767 : E0;
10768 : E0;
10769 : E0;
1076A : E0;
1076B : E0;
1076C : E0;
1076D : E0;
1076E : E0;
1076F : E0;
10770 : E0;
10771 : E0;
10772 : E0;
10773 : E0;
10774 : E0;
10775 : E0;
10776 : E0;
10777 : E0;
10778 : E0;
10779 : E0;
1077A : E0;
1077B : E0;
1077C : E0;
1077D : E0;
1077E : E0;
1077F : E0;
10780 : B0;
10781 : B0;
10782 : B0;
10783 : D8;
10784 : DC;
10785 : DC;
10786 : DC;
10787 : DC;
10788 : C8;
10789 : C8;
1078A : CC;
1078B : D4;
1078C : D4;
1078D : D4;
1078E : D4;
1078F : D4;
10790 : E0;
10791 : E0;
10792 : E4;
10793 : AC;
10794 : B0;
10795 : B0;
10796 : B0;
10797 : B0;
10798 : E0;
10799 : E0;
1079A : E4;
1079B : AC;
1079C : B0;
1079D : B0;
1079E : B0;
1079F : B0;
107A0 : E0;
107A1 : E0;
107A2 : E4;
107A3 : AC;
107A4 : B0;
107A5 : B0;
107A6 : B0;
107A7 : B0;
107A8 : E0;
107A9 : E0;
107AA : E4;
107AB : AC;
107AC : B0;
107AD : B0;
107AE : B0;
107AF : B0;
107B0 : E0;
107B1 : E0;
107B2 : E4;
107B3 : AC;
107B4 : B0;
107B5 : B0;
107B6 : B0;
107B7 : B0;
107B8 : E0;
107B9 : E0;
107BA : E4;
107BB : AC;
107BC : B0;
107BD : B0;
107BE : B0;
107BF : B0;
107C0 : DC;
107C1 : DC;
107C2 : DC;
107C3 : DC;
107C4 : DC;
107C5 : DC;
107C6 : DC;
107C7 : DC;
107C8 : D4;
107C9 : D4;
107CA : D4;
107CB : D4;
107CC : D4;
107CD : D4;
107CE : D4;
107CF : D4;
107D0 : B0;
107D1 : B0;
107D2 : B0;
107D3 : B0;
107D4 : B0;
107D5 : B0;
107D6 : B0;
107D7 : B0;
107D8 : B0;
107D9 : B0;
107DA : B0;
107DB : B0;
107DC : B0;
107DD : B0;
107DE : B0;
107DF : B0;
107E0 : B0;
107E1 : B0;
107E2 : B0;
107E3 : B0;
107E4 : B0;
107E5 : B0;
107E6 : B0;
107E7 : B0;
107E8 : B0;
107E9 : B0;
107EA : B0;
107EB : B0;
107EC : B0;
107ED : B0;
107EE : B0;
107EF : B0;
107F0 : B0;
107F1 : B0;
107F2 : B0;
107F3 : B0;
107F4 : B0;
107F5 : B0;
107F6 : B0;
107F7 : B0;
107F8 : B0;
107F9 : B0;
107FA : B0;
107FB : B0;
107FC : B0;
107FD : B0;
107FE : B0;
107FF : B0;
10800 : 8F;
10801 : 8F;
10802 : 8F;
10803 : 8F;
10804 : 8F;
10805 : 8F;
10806 : 8F;
10807 : 8F;
10808 : 8F;
10809 : 8F;
1080A : 8F;
1080B : 8F;
1080C : 8F;
1080D : 8F;
1080E : 8F;
1080F : 8F;
10810 : 8F;
10811 : 8F;
10812 : 8F;
10813 : 8F;
10814 : 8F;
10815 : 8F;
10816 : 8F;
10817 : 8F;
10818 : C7;
10819 : C7;
1081A : C7;
1081B : C7;
1081C : C7;
1081D : C7;
1081E : C7;
1081F : C7;
10820 : E3;
10821 : E3;
10822 : E3;
10823 : E3;
10824 : E3;
10825 : E3;
10826 : E3;
10827 : E3;
10828 : E3;
10829 : E3;
1082A : E3;
1082B : E3;
1082C : E3;
1082D : E3;
1082E : E3;
1082F : E3;
10830 : E3;
10831 : E3;
10832 : E3;
10833 : E3;
10834 : E3;
10835 : E3;
10836 : E3;
10837 : E3;
10838 : E3;
10839 : E3;
1083A : E3;
1083B : E3;
1083C : E3;
1083D : E3;
1083E : E3;
1083F : E3;
10840 : 8F;
10841 : 8F;
10842 : 8F;
10843 : 8F;
10844 : 73;
10845 : 1D;
10846 : 1D;
10847 : 1D;
10848 : 8F;
10849 : 8F;
1084A : 8F;
1084B : 8F;
1084C : 73;
1084D : 1D;
1084E : 1D;
1084F : 1D;
10850 : 8F;
10851 : 8F;
10852 : 8F;
10853 : 8F;
10854 : 73;
10855 : 3D;
10856 : 1D;
10857 : 1D;
10858 : C7;
10859 : C7;
1085A : C7;
1085B : C7;
1085C : CB;
1085D : 93;
1085E : 73;
1085F : 73;
10860 : E3;
10861 : E3;
10862 : E3;
10863 : E3;
10864 : C7;
10865 : 8F;
10866 : 8F;
10867 : 8F;
10868 : E3;
10869 : E3;
1086A : E3;
1086B : E3;
1086C : C7;
1086D : 8F;
1086E : 6F;
1086F : 8F;
10870 : E3;
10871 : E3;
10872 : E3;
10873 : E3;
10874 : C7;
10875 : 8F;
10876 : 6F;
10877 : 8F;
10878 : E3;
10879 : E3;
1087A : E3;
1087B : E3;
1087C : C7;
1087D : 8F;
1087E : 6F;
1087F : 8F;
10880 : 1D;
10881 : 1D;
10882 : 1D;
10883 : 1D;
10884 : 1D;
10885 : 1D;
10886 : 1D;
10887 : 1D;
10888 : 1D;
10889 : 1D;
1088A : 1D;
1088B : 1D;
1088C : 1D;
1088D : 1D;
1088E : 1D;
1088F : 1D;
10890 : 1D;
10891 : 1D;
10892 : 1D;
10893 : 1D;
10894 : 1D;
10895 : 1D;
10896 : 1D;
10897 : 1D;
10898 : 73;
10899 : 73;
1089A : 73;
1089B : 73;
1089C : 73;
1089D : 73;
1089E : 73;
1089F : 73;
108A0 : 8F;
108A1 : 8F;
108A2 : 8F;
108A3 : 8F;
108A4 : 8F;
108A5 : 8F;
108A6 : 8F;
108A7 : 8F;
108A8 : 8F;
108A9 : 8F;
108AA : 8F;
108AB : 8F;
108AC : 8F;
108AD : 8F;
108AE : 8F;
108AF : 8F;
108B0 : 8F;
108B1 : 8F;
108B2 : 8F;
108B3 : 8F;
108B4 : 8F;
108B5 : 8F;
108B6 : 8F;
108B7 : 8F;
108B8 : 8F;
108B9 : 8F;
108BA : 8F;
108BB : 8F;
108BC : 8F;
108BD : 8F;
108BE : 8F;
108BF : 8F;
108C0 : 1D;
108C1 : 71;
108C2 : E0;
108C3 : E0;
108C4 : E0;
108C5 : E0;
108C6 : E0;
108C7 : E0;
108C8 : 1D;
108C9 : 71;
108CA : E0;
108CB : E0;
108CC : E0;
108CD : E0;
108CE : E0;
108CF : E0;
108D0 : 1D;
108D1 : 71;
108D2 : E0;
108D3 : E0;
108D4 : E0;
108D5 : E0;
108D6 : E0;
108D7 : E0;
108D8 : 73;
108D9 : 76;
108DA : 59;
108DB : 59;
108DC : 59;
108DD : 59;
108DE : 59;
108DF : 59;
108E0 : 8F;
108E1 : 56;
108E2 : 1D;
108E3 : 1D;
108E4 : 1D;
108E5 : 1D;
108E6 : 1D;
108E7 : 1D;
108E8 : 8F;
108E9 : 56;
108EA : 1D;
108EB : 1D;
108EC : 1D;
108ED : 1D;
108EE : 1D;
108EF : 1D;
108F0 : 8F;
108F1 : 56;
108F2 : 1D;
108F3 : 1D;
108F4 : 1D;
108F5 : 1D;
108F6 : 1D;
108F7 : 1D;
108F8 : 8F;
108F9 : 56;
108FA : 1D;
108FB : 1D;
108FC : 1D;
108FD : 1D;
108FE : 1D;
108FF : 1D;
10900 : E0;
10901 : E0;
10902 : E0;
10903 : E0;
10904 : E0;
10905 : E0;
10906 : E8;
10907 : EC;
10908 : E0;
10909 : E0;
1090A : E0;
1090B : E0;
1090C : E0;
1090D : E0;
1090E : E8;
1090F : EC;
10910 : E0;
10911 : E0;
10912 : E0;
10913 : E0;
10914 : E0;
10915 : E0;
10916 : E8;
10917 : EC;
10918 : 59;
10919 : 59;
1091A : 59;
1091B : 59;
1091C : 59;
1091D : 79;
1091E : AC;
1091F : E4;
10920 : 1D;
10921 : 1D;
10922 : 1D;
10923 : 1D;
10924 : 1D;
10925 : 1D;
10926 : 8C;
10927 : E0;
10928 : 1D;
10929 : 1D;
1092A : 1D;
1092B : 1D;
1092C : 1D;
1092D : 1D;
1092E : 8C;
1092F : E0;
10930 : 1D;
10931 : 1D;
10932 : 1D;
10933 : 1D;
10934 : 1D;
10935 : 1D;
10936 : 8C;
10937 : E0;
10938 : 1D;
10939 : 1D;
1093A : 1D;
1093B : 1D;
1093C : 1D;
1093D : 1D;
1093E : 8C;
1093F : E0;
10940 : EC;
10941 : EC;
10942 : EC;
10943 : EC;
10944 : EC;
10945 : EC;
10946 : EC;
10947 : EC;
10948 : EC;
10949 : EC;
1094A : EC;
1094B : EC;
1094C : EC;
1094D : EC;
1094E : EC;
1094F : EC;
10950 : EC;
10951 : EC;
10952 : EC;
10953 : EC;
10954 : EC;
10955 : EC;
10956 : EC;
10957 : EC;
10958 : E0;
10959 : E4;
1095A : E0;
1095B : E0;
1095C : E0;
1095D : E0;
1095E : E0;
1095F : E0;
10960 : E0;
10961 : E0;
10962 : E0;
10963 : E0;
10964 : E0;
10965 : E0;
10966 : E0;
10967 : E0;
10968 : E0;
10969 : E0;
1096A : E0;
1096B : E0;
1096C : E0;
1096D : E0;
1096E : E0;
1096F : E0;
10970 : E0;
10971 : E0;
10972 : E0;
10973 : E0;
10974 : E0;
10975 : E0;
10976 : E0;
10977 : E0;
10978 : E0;
10979 : E0;
1097A : E0;
1097B : E0;
1097C : E0;
1097D : E0;
1097E : E0;
1097F : E0;
10980 : EC;
10981 : EC;
10982 : EC;
10983 : B4;
10984 : B4;
10985 : B4;
10986 : B4;
10987 : B4;
10988 : EC;
10989 : EC;
1098A : EC;
1098B : B4;
1098C : B4;
1098D : B4;
1098E : B4;
1098F : B4;
10990 : EC;
10991 : EC;
10992 : EC;
10993 : B4;
10994 : B4;
10995 : B4;
10996 : B4;
10997 : B4;
10998 : E4;
10999 : E4;
1099A : E0;
1099B : EC;
1099C : EC;
1099D : EC;
1099E : EC;
1099F : EC;
109A0 : E0;
109A1 : E0;
109A2 : E0;
109A3 : E8;
109A4 : EC;
109A5 : EC;
109A6 : EC;
109A7 : EC;
109A8 : E0;
109A9 : E0;
109AA : E0;
109AB : E8;
109AC : EC;
109AD : EC;
109AE : EC;
109AF : EC;
109B0 : E0;
109B1 : E0;
109B2 : E0;
109B3 : E8;
109B4 : EC;
109B5 : EC;
109B6 : EC;
109B7 : EC;
109B8 : E0;
109B9 : E0;
109BA : E0;
109BB : E8;
109BC : EC;
109BD : EC;
109BE : EC;
109BF : EC;
109C0 : B4;
109C1 : B4;
109C2 : B4;
109C3 : B4;
109C4 : B4;
109C5 : B4;
109C6 : B4;
109C7 : 95;
109C8 : B4;
109C9 : B4;
109CA : B4;
109CB : B4;
109CC : B4;
109CD : B4;
109CE : B4;
109CF : 95;
109D0 : B4;
109D1 : B4;
109D2 : B4;
109D3 : B4;
109D4 : B4;
109D5 : B4;
109D6 : B4;
109D7 : B5;
109D8 : EC;
109D9 : EC;
109DA : EC;
109DB : EC;
109DC : EC;
109DD : EC;
109DE : EC;
109DF : CC;
109E0 : EC;
109E1 : EC;
109E2 : EC;
109E3 : EC;
109E4 : EC;
109E5 : EC;
109E6 : EC;
109E7 : EC;
109E8 : EC;
109E9 : EC;
109EA : EC;
109EB : EC;
109EC : EC;
109ED : EC;
109EE : EC;
109EF : EC;
109F0 : EC;
109F1 : EC;
109F2 : EC;
109F3 : EC;
109F4 : EC;
109F5 : EC;
109F6 : EC;
109F7 : EC;
109F8 : EC;
109F9 : EC;
109FA : EC;
109FB : EC;
109FC : EC;
109FD : EC;
109FE : EC;
109FF : EC;
10A00 : BB;
10A01 : 9B;
10A02 : 9B;
10A03 : 9B;
10A04 : 9B;
10A05 : 9B;
10A06 : 9B;
10A07 : 9B;
10A08 : BB;
10A09 : 9B;
10A0A : 9B;
10A0B : 9B;
10A0C : 9B;
10A0D : 9B;
10A0E : 9B;
10A0F : 9B;
10A10 : 9B;
10A11 : 9B;
10A12 : 9B;
10A13 : 9B;
10A14 : 9B;
10A15 : 9B;
10A16 : 9B;
10A17 : 9B;
10A18 : 8E;
10A19 : 6E;
10A1A : 6E;
10A1B : 6E;
10A1C : 6E;
10A1D : 6E;
10A1E : 6E;
10A1F : 6E;
10A20 : 89;
10A21 : 4A;
10A22 : 6A;
10A23 : 6A;
10A24 : 6A;
10A25 : 6A;
10A26 : 6A;
10A27 : 6A;
10A28 : 6D;
10A29 : 4E;
10A2A : 6E;
10A2B : 6E;
10A2C : 6E;
10A2D : 6E;
10A2E : 6E;
10A2F : 6E;
10A30 : 69;
10A31 : 6E;
10A32 : 6E;
10A33 : 6E;
10A34 : 6E;
10A35 : 6E;
10A36 : 6E;
10A37 : 6E;
10A38 : 8A;
10A39 : 6E;
10A3A : 6E;
10A3B : 6E;
10A3C : 6E;
10A3D : 6E;
10A3E : 6E;
10A3F : 6E;
10A40 : 9B;
10A41 : 9B;
10A42 : 9B;
10A43 : 9B;
10A44 : 9A;
10A45 : 7C;
10A46 : 7C;
10A47 : 7C;
10A48 : 9B;
10A49 : 9B;
10A4A : 9B;
10A4B : 9B;
10A4C : 9A;
10A4D : 7C;
10A4E : 7C;
10A4F : 7C;
10A50 : 9B;
10A51 : 9B;
10A52 : 9B;
10A53 : 9B;
10A54 : 9B;
10A55 : 7C;
10A56 : 7C;
10A57 : 7C;
10A58 : 6E;
10A59 : 6E;
10A5A : 6E;
10A5B : 6E;
10A5C : 72;
10A5D : 9B;
10A5E : 9B;
10A5F : 9B;
10A60 : 6A;
10A61 : 6A;
10A62 : 6A;
10A63 : 6A;
10A64 : 6E;
10A65 : 9B;
10A66 : 9B;
10A67 : 9B;
10A68 : 6E;
10A69 : 6E;
10A6A : 6A;
10A6B : 6A;
10A6C : 6E;
10A6D : 9B;
10A6E : 9B;
10A6F : 9B;
10A70 : 6E;
10A71 : 6E;
10A72 : 6E;
10A73 : 6A;
10A74 : 6E;
10A75 : 9B;
10A76 : 9B;
10A77 : 9B;
10A78 : 6E;
10A79 : 6E;
10A7A : 6E;
10A7B : 6A;
10A7C : 6E;
10A7D : 9B;
10A7E : 9B;
10A7F : 9B;
10A80 : 7C;
10A81 : 7C;
10A82 : 7C;
10A83 : 7C;
10A84 : 7C;
10A85 : 7C;
10A86 : 7C;
10A87 : 7C;
10A88 : 7C;
10A89 : 7C;
10A8A : 7C;
10A8B : 7C;
10A8C : 7C;
10A8D : 7C;
10A8E : 7C;
10A8F : 7C;
10A90 : 7C;
10A91 : 7C;
10A92 : 7C;
10A93 : 7C;
10A94 : 7C;
10A95 : 7C;
10A96 : 7C;
10A97 : 9C;
10A98 : 9B;
10A99 : 9B;
10A9A : 9B;
10A9B : 9B;
10A9C : 9B;
10A9D : 9B;
10A9E : 9B;
10A9F : 9B;
10AA0 : 9B;
10AA1 : 9B;
10AA2 : 9B;
10AA3 : 9B;
10AA4 : 9B;
10AA5 : 9B;
10AA6 : 9B;
10AA7 : 9B;
10AA8 : 9B;
10AA9 : 9B;
10AAA : 9B;
10AAB : 9B;
10AAC : 9B;
10AAD : 9B;
10AAE : 9B;
10AAF : 9B;
10AB0 : 9B;
10AB1 : 9B;
10AB2 : 9B;
10AB3 : 9B;
10AB4 : 9B;
10AB5 : 9B;
10AB6 : 9B;
10AB7 : 9B;
10AB8 : 9B;
10AB9 : 9B;
10ABA : 9B;
10ABB : 9B;
10ABC : 9B;
10ABD : 9B;
10ABE : 9B;
10ABF : 9B;
10AC0 : 7C;
10AC1 : 7C;
10AC2 : 5C;
10AC3 : 5C;
10AC4 : 5C;
10AC5 : 5C;
10AC6 : 5C;
10AC7 : 5C;
10AC8 : 7C;
10AC9 : 7C;
10ACA : 5C;
10ACB : 5C;
10ACC : 5C;
10ACD : 5C;
10ACE : 5C;
10ACF : 5C;
10AD0 : 7C;
10AD1 : 7C;
10AD2 : 5C;
10AD3 : 5C;
10AD4 : 5C;
10AD5 : 5C;
10AD6 : 5C;
10AD7 : 5C;
10AD8 : 9B;
10AD9 : 9A;
10ADA : 7C;
10ADB : 7C;
10ADC : 7C;
10ADD : 7C;
10ADE : 7C;
10ADF : 7C;
10AE0 : 9B;
10AE1 : 9B;
10AE2 : 7C;
10AE3 : 7C;
10AE4 : 7C;
10AE5 : 7C;
10AE6 : 7C;
10AE7 : 7C;
10AE8 : 9B;
10AE9 : 9A;
10AEA : 7C;
10AEB : 7C;
10AEC : 7C;
10AED : 7C;
10AEE : 7C;
10AEF : 7C;
10AF0 : 9B;
10AF1 : 9B;
10AF2 : 7C;
10AF3 : 7C;
10AF4 : 7C;
10AF5 : 7C;
10AF6 : 7C;
10AF7 : 7C;
10AF8 : 9B;
10AF9 : 9B;
10AFA : 7C;
10AFB : 7C;
10AFC : 7C;
10AFD : 7C;
10AFE : 7C;
10AFF : 7C;
10B00 : 5C;
10B01 : 5C;
10B02 : 5C;
10B03 : 5C;
10B04 : 5C;
10B05 : 7C;
10B06 : 1E;
10B07 : 1E;
10B08 : 5C;
10B09 : 5C;
10B0A : 5C;
10B0B : 5C;
10B0C : 5C;
10B0D : 5C;
10B0E : 1E;
10B0F : 1E;
10B10 : 5C;
10B11 : 5C;
10B12 : 5C;
10B13 : 5C;
10B14 : 5C;
10B15 : 5C;
10B16 : 3E;
10B17 : 1F;
10B18 : 7C;
10B19 : 7C;
10B1A : 7C;
10B1B : 7C;
10B1C : 7C;
10B1D : 9C;
10B1E : 5C;
10B1F : 5C;
10B20 : 7C;
10B21 : 7C;
10B22 : 7C;
10B23 : 7C;
10B24 : 7C;
10B25 : 98;
10B26 : 7C;
10B27 : 5C;
10B28 : 7C;
10B29 : 7C;
10B2A : 7C;
10B2B : 7C;
10B2C : 7C;
10B2D : 9C;
10B2E : 7C;
10B2F : 5C;
10B30 : 7C;
10B31 : 7C;
10B32 : 7C;
10B33 : 7C;
10B34 : 7C;
10B35 : 9C;
10B36 : 7C;
10B37 : 5C;
10B38 : 7C;
10B39 : 7C;
10B3A : 7C;
10B3B : 7C;
10B3C : 7C;
10B3D : 9C;
10B3E : 7C;
10B3F : 5C;
10B40 : 1E;
10B41 : 1E;
10B42 : 1E;
10B43 : 1E;
10B44 : 1E;
10B45 : 1E;
10B46 : 1E;
10B47 : 1E;
10B48 : 1E;
10B49 : 1E;
10B4A : 1E;
10B4B : 1E;
10B4C : 1E;
10B4D : 1E;
10B4E : 1E;
10B4F : 1E;
10B50 : 1E;
10B51 : 1E;
10B52 : 1E;
10B53 : 1E;
10B54 : 1E;
10B55 : 1E;
10B56 : 1E;
10B57 : 1E;
10B58 : 5C;
10B59 : 5C;
10B5A : 5C;
10B5B : 5C;
10B5C : 5C;
10B5D : 5C;
10B5E : 5C;
10B5F : 5C;
10B60 : 5C;
10B61 : 5C;
10B62 : 5C;
10B63 : 5C;
10B64 : 5C;
10B65 : 5C;
10B66 : 5C;
10B67 : 5C;
10B68 : 5C;
10B69 : 5C;
10B6A : 5C;
10B6B : 5C;
10B6C : 5C;
10B6D : 5C;
10B6E : 5C;
10B6F : 5C;
10B70 : 5C;
10B71 : 5C;
10B72 : 5C;
10B73 : 5C;
10B74 : 5C;
10B75 : 5C;
10B76 : 5C;
10B77 : 5C;
10B78 : 5C;
10B79 : 5C;
10B7A : 5C;
10B7B : 5C;
10B7C : 5C;
10B7D : 5C;
10B7E : 5C;
10B7F : 5C;
10B80 : 1E;
10B81 : 1E;
10B82 : 1E;
10B83 : 2E;
10B84 : 62;
10B85 : 46;
10B86 : 46;
10B87 : 46;
10B88 : 1E;
10B89 : 1E;
10B8A : 1E;
10B8B : 2E;
10B8C : 62;
10B8D : 46;
10B8E : 46;
10B8F : 46;
10B90 : 1F;
10B91 : 1E;
10B92 : 1E;
10B93 : 2E;
10B94 : 46;
10B95 : 46;
10B96 : 46;
10B97 : 46;
10B98 : 5C;
10B99 : 5C;
10B9A : 5D;
10B9B : 3A;
10B9C : 3B;
10B9D : 3A;
10B9E : 3A;
10B9F : 3A;
10BA0 : 5C;
10BA1 : 5C;
10BA2 : 5C;
10BA3 : 3E;
10BA4 : 1E;
10BA5 : 1E;
10BA6 : 1E;
10BA7 : 1E;
10BA8 : 5C;
10BA9 : 5C;
10BAA : 5C;
10BAB : 3E;
10BAC : 1F;
10BAD : 1E;
10BAE : 1E;
10BAF : 1E;
10BB0 : 5C;
10BB1 : 5C;
10BB2 : 5C;
10BB3 : 3E;
10BB4 : 1F;
10BB5 : 1E;
10BB6 : 1E;
10BB7 : 1E;
10BB8 : 5C;
10BB9 : 5C;
10BBA : 5C;
10BBB : 3E;
10BBC : 1F;
10BBD : 1E;
10BBE : 1E;
10BBF : 1E;
10BC0 : 46;
10BC1 : 46;
10BC2 : 46;
10BC3 : 46;
10BC4 : 46;
10BC5 : 46;
10BC6 : 46;
10BC7 : 46;
10BC8 : 46;
10BC9 : 46;
10BCA : 46;
10BCB : 46;
10BCC : 46;
10BCD : 46;
10BCE : 46;
10BCF : 46;
10BD0 : 46;
10BD1 : 46;
10BD2 : 46;
10BD3 : 46;
10BD4 : 46;
10BD5 : 46;
10BD6 : 46;
10BD7 : 4A;
10BD8 : 3A;
10BD9 : 3A;
10BDA : 3A;
10BDB : 3A;
10BDC : 3A;
10BDD : 3A;
10BDE : 3A;
10BDF : 3A;
10BE0 : 1E;
10BE1 : 1E;
10BE2 : 1E;
10BE3 : 1E;
10BE4 : 1E;
10BE5 : 1E;
10BE6 : 1E;
10BE7 : 1E;
10BE8 : 1E;
10BE9 : 1E;
10BEA : 1E;
10BEB : 1E;
10BEC : 1E;
10BED : 1E;
10BEE : 1E;
10BEF : 1E;
10BF0 : 1E;
10BF1 : 1E;
10BF2 : 1E;
10BF3 : 1E;
10BF4 : 1E;
10BF5 : 1E;
10BF6 : 1E;
10BF7 : 1E;
10BF8 : 1E;
10BF9 : 1E;
10BFA : 1E;
10BFB : 1E;
10BFC : 1E;
10BFD : 1E;
10BFE : 1E;
10BFF : 1E;
10C00 : 1C;
10C01 : 1C;
10C02 : 1C;
10C03 : 1C;
10C04 : 1C;
10C05 : 1C;
10C06 : 1C;
10C07 : 1C;
10C08 : 1C;
10C09 : 1C;
10C0A : 1C;
10C0B : 1C;
10C0C : 1C;
10C0D : 1C;
10C0E : 1C;
10C0F : 1C;
10C10 : 1C;
10C11 : 1C;
10C12 : 1C;
10C13 : 1C;
10C14 : 1C;
10C15 : 1C;
10C16 : 1C;
10C17 : 1C;
10C18 : 17;
10C19 : 17;
10C1A : 17;
10C1B : 17;
10C1C : 17;
10C1D : 17;
10C1E : 1B;
10C1F : 1B;
10C20 : 17;
10C21 : 17;
10C22 : 17;
10C23 : 17;
10C24 : 17;
10C25 : 17;
10C26 : 17;
10C27 : 17;
10C28 : 17;
10C29 : 17;
10C2A : 17;
10C2B : 17;
10C2C : 17;
10C2D : 17;
10C2E : 17;
10C2F : 17;
10C30 : 17;
10C31 : 17;
10C32 : 17;
10C33 : 17;
10C34 : 17;
10C35 : 17;
10C36 : 17;
10C37 : 17;
10C38 : 17;
10C39 : 17;
10C3A : 17;
10C3B : 17;
10C3C : 17;
10C3D : 17;
10C3E : 17;
10C3F : 17;
10C40 : 1C;
10C41 : 1C;
10C42 : 1C;
10C43 : 1C;
10C44 : 5C;
10C45 : F4;
10C46 : F4;
10C47 : F4;
10C48 : 1C;
10C49 : 1C;
10C4A : 1C;
10C4B : 1C;
10C4C : 5C;
10C4D : F4;
10C4E : F4;
10C4F : F4;
10C50 : 1C;
10C51 : 1C;
10C52 : 1C;
10C53 : 1C;
10C54 : 5C;
10C55 : F4;
10C56 : F4;
10C57 : F4;
10C58 : 1B;
10C59 : 1B;
10C5A : 1B;
10C5B : 1B;
10C5C : 1A;
10C5D : 5C;
10C5E : 5C;
10C5F : 5C;
10C60 : 17;
10C61 : 17;
10C62 : 17;
10C63 : 17;
10C64 : 17;
10C65 : 1C;
10C66 : 1C;
10C67 : 1C;
10C68 : 17;
10C69 : 17;
10C6A : 17;
10C6B : 17;
10C6C : 17;
10C6D : 1C;
10C6E : 1C;
10C6F : 1C;
10C70 : 17;
10C71 : 17;
10C72 : 17;
10C73 : 17;
10C74 : 17;
10C75 : 1C;
10C76 : 1C;
10C77 : 1C;
10C78 : 17;
10C79 : 17;
10C7A : 17;
10C7B : 17;
10C7C : 17;
10C7D : 1C;
10C7E : 1C;
10C7F : 1C;
10C80 : F4;
10C81 : F4;
10C82 : F4;
10C83 : F4;
10C84 : F4;
10C85 : F4;
10C86 : F4;
10C87 : F4;
10C88 : F4;
10C89 : F4;
10C8A : F4;
10C8B : F4;
10C8C : F4;
10C8D : F4;
10C8E : F4;
10C8F : F4;
10C90 : F4;
10C91 : F4;
10C92 : F4;
10C93 : F4;
10C94 : F4;
10C95 : F4;
10C96 : F4;
10C97 : F4;
10C98 : 5C;
10C99 : 5C;
10C9A : 5C;
10C9B : 5C;
10C9C : 5C;
10C9D : 5C;
10C9E : 5C;
10C9F : 5C;
10CA0 : 1C;
10CA1 : 1C;
10CA2 : 1C;
10CA3 : 1C;
10CA4 : 1C;
10CA5 : 1C;
10CA6 : 1C;
10CA7 : 1C;
10CA8 : 1C;
10CA9 : 1C;
10CAA : 1C;
10CAB : 1C;
10CAC : 1C;
10CAD : 1C;
10CAE : 1C;
10CAF : 1C;
10CB0 : 1C;
10CB1 : 1C;
10CB2 : 1C;
10CB3 : 1C;
10CB4 : 1C;
10CB5 : 1C;
10CB6 : 1C;
10CB7 : 1C;
10CB8 : 1C;
10CB9 : 1C;
10CBA : 1C;
10CBB : 1C;
10CBC : 1C;
10CBD : 1C;
10CBE : 1C;
10CBF : 1C;
10CC0 : F4;
10CC1 : 96;
10CC2 : 37;
10CC3 : 37;
10CC4 : 37;
10CC5 : 37;
10CC6 : 37;
10CC7 : 37;
10CC8 : F4;
10CC9 : 96;
10CCA : 37;
10CCB : 37;
10CCC : 37;
10CCD : 37;
10CCE : 37;
10CCF : 37;
10CD0 : F4;
10CD1 : 96;
10CD2 : 37;
10CD3 : 37;
10CD4 : 37;
10CD5 : 37;
10CD6 : 37;
10CD7 : 37;
10CD8 : 5C;
10CD9 : 99;
10CDA : D5;
10CDB : D5;
10CDC : D5;
10CDD : D5;
10CDE : D5;
10CDF : D5;
10CE0 : 1C;
10CE1 : 98;
10CE2 : F4;
10CE3 : F4;
10CE4 : F4;
10CE5 : F4;
10CE6 : F4;
10CE7 : F4;
10CE8 : 1C;
10CE9 : 98;
10CEA : F4;
10CEB : F4;
10CEC : F4;
10CED : F4;
10CEE : F4;
10CEF : F4;
10CF0 : 1C;
10CF1 : 98;
10CF2 : F4;
10CF3 : F4;
10CF4 : F4;
10CF5 : F4;
10CF6 : F4;
10CF7 : F4;
10CF8 : 1C;
10CF9 : 98;
10CFA : F4;
10CFB : F4;
10CFC : F4;
10CFD : F4;
10CFE : F4;
10CFF : F4;
10D00 : 37;
10D01 : 37;
10D02 : 37;
10D03 : 37;
10D04 : 37;
10D05 : 37;
10D06 : 0E;
10D07 : 05;
10D08 : 37;
10D09 : 37;
10D0A : 37;
10D0B : 37;
10D0C : 37;
10D0D : 37;
10D0E : 0E;
10D0F : 05;
10D10 : 37;
10D11 : 37;
10D12 : 37;
10D13 : 37;
10D14 : 37;
10D15 : 37;
10D16 : 0E;
10D17 : 05;
10D18 : D5;
10D19 : D5;
10D1A : D5;
10D1B : D5;
10D1C : D5;
10D1D : D5;
10D1E : 76;
10D1F : 13;
10D20 : F4;
10D21 : F4;
10D22 : F4;
10D23 : F4;
10D24 : F4;
10D25 : F4;
10D26 : 96;
10D27 : 17;
10D28 : F4;
10D29 : F4;
10D2A : F4;
10D2B : F4;
10D2C : F4;
10D2D : F4;
10D2E : 96;
10D2F : 17;
10D30 : F4;
10D31 : F4;
10D32 : F4;
10D33 : F4;
10D34 : F4;
10D35 : F4;
10D36 : 96;
10D37 : 17;
10D38 : F4;
10D39 : F4;
10D3A : F4;
10D3B : F4;
10D3C : F4;
10D3D : F4;
10D3E : 96;
10D3F : 17;
10D40 : 09;
10D41 : 09;
10D42 : 09;
10D43 : 09;
10D44 : 09;
10D45 : 09;
10D46 : 09;
10D47 : 09;
10D48 : 09;
10D49 : 09;
10D4A : 09;
10D4B : 09;
10D4C : 09;
10D4D : 09;
10D4E : 09;
10D4F : 09;
10D50 : 09;
10D51 : 09;
10D52 : 09;
10D53 : 09;
10D54 : 09;
10D55 : 09;
10D56 : 09;
10D57 : 09;
10D58 : 33;
10D59 : 33;
10D5A : 33;
10D5B : 33;
10D5C : 33;
10D5D : 33;
10D5E : 33;
10D5F : 33;
10D60 : 37;
10D61 : 37;
10D62 : 37;
10D63 : 37;
10D64 : 37;
10D65 : 37;
10D66 : 37;
10D67 : 37;
10D68 : 37;
10D69 : 37;
10D6A : 37;
10D6B : 37;
10D6C : 37;
10D6D : 37;
10D6E : 37;
10D6F : 37;
10D70 : 37;
10D71 : 37;
10D72 : 37;
10D73 : 37;
10D74 : 37;
10D75 : 37;
10D76 : 37;
10D77 : 37;
10D78 : 37;
10D79 : 37;
10D7A : 37;
10D7B : 37;
10D7C : 37;
10D7D : 37;
10D7E : 37;
10D7F : 37;
10D80 : 0A;
10D81 : 0A;
10D82 : 09;
10D83 : A5;
10D84 : A5;
10D85 : A5;
10D86 : A5;
10D87 : A5;
10D88 : 0A;
10D89 : 0A;
10D8A : 09;
10D8B : A5;
10D8C : A5;
10D8D : A5;
10D8E : A5;
10D8F : A5;
10D90 : 09;
10D91 : 0A;
10D92 : 09;
10D93 : A5;
10D94 : A5;
10D95 : A5;
10D96 : A5;
10D97 : A5;
10D98 : 33;
10D99 : 33;
10D9A : 33;
10D9B : 2A;
10D9C : 25;
10D9D : 29;
10D9E : 29;
10D9F : 29;
10DA0 : 37;
10DA1 : 37;
10DA2 : 37;
10DA3 : 0A;
10DA4 : 09;
10DA5 : 09;
10DA6 : 09;
10DA7 : 09;
10DA8 : 37;
10DA9 : 37;
10DAA : 37;
10DAB : 0A;
10DAC : 09;
10DAD : 09;
10DAE : 09;
10DAF : 09;
10DB0 : 37;
10DB1 : 37;
10DB2 : 37;
10DB3 : 0A;
10DB4 : 05;
10DB5 : 09;
10DB6 : 09;
10DB7 : 09;
10DB8 : 37;
10DB9 : 37;
10DBA : 37;
10DBB : 0A;
10DBC : 05;
10DBD : 09;
10DBE : 09;
10DBF : 09;
10DC0 : A5;
10DC1 : A5;
10DC2 : A5;
10DC3 : A5;
10DC4 : A5;
10DC5 : A5;
10DC6 : A5;
10DC7 : A5;
10DC8 : A5;
10DC9 : A5;
10DCA : A5;
10DCB : A5;
10DCC : A5;
10DCD : A5;
10DCE : A5;
10DCF : A5;
10DD0 : A5;
10DD1 : A5;
10DD2 : A5;
10DD3 : A5;
10DD4 : A5;
10DD5 : A5;
10DD6 : A5;
10DD7 : A4;
10DD8 : 29;
10DD9 : 29;
10DDA : 29;
10DDB : 29;
10DDC : 29;
10DDD : 29;
10DDE : 25;
10DDF : 49;
10DE0 : 09;
10DE1 : 09;
10DE2 : 09;
10DE3 : 09;
10DE4 : 09;
10DE5 : 09;
10DE6 : 0A;
10DE7 : 09;
10DE8 : 09;
10DE9 : 09;
10DEA : 09;
10DEB : 09;
10DEC : 09;
10DED : 09;
10DEE : 0A;
10DEF : 09;
10DF0 : 09;
10DF1 : 09;
10DF2 : 09;
10DF3 : 09;
10DF4 : 09;
10DF5 : 09;
10DF6 : 0A;
10DF7 : 09;
10DF8 : 09;
10DF9 : 09;
10DFA : 09;
10DFB : 09;
10DFC : 09;
10DFD : 09;
10DFE : 0A;
10DFF : 09;
10E00 : F8;
10E01 : F8;
10E02 : F8;
10E03 : F8;
10E04 : F8;
10E05 : F8;
10E06 : F8;
10E07 : F8;
10E08 : F8;
10E09 : F8;
10E0A : F8;
10E0B : F8;
10E0C : F8;
10E0D : F8;
10E0E : F8;
10E0F : F8;
10E10 : F8;
10E11 : F8;
10E12 : F8;
10E13 : F8;
10E14 : F8;
10E15 : F8;
10E16 : F8;
10E17 : F8;
10E18 : 9C;
10E19 : 9C;
10E1A : 9C;
10E1B : 9C;
10E1C : 9C;
10E1D : 9C;
10E1E : 9C;
10E1F : 9C;
10E20 : 7C;
10E21 : 7C;
10E22 : 7C;
10E23 : 7C;
10E24 : 7C;
10E25 : 7C;
10E26 : 7C;
10E27 : 7C;
10E28 : 7C;
10E29 : 7C;
10E2A : 7C;
10E2B : 7C;
10E2C : 7C;
10E2D : 7C;
10E2E : 7C;
10E2F : 7C;
10E30 : 7C;
10E31 : 7C;
10E32 : 7C;
10E33 : 7C;
10E34 : 7C;
10E35 : 7C;
10E36 : 7C;
10E37 : 7C;
10E38 : 7C;
10E39 : 7C;
10E3A : 7C;
10E3B : 7C;
10E3C : 7C;
10E3D : 7C;
10E3E : 7C;
10E3F : 7C;
10E40 : F8;
10E41 : F8;
10E42 : F8;
10E43 : F8;
10E44 : F4;
10E45 : C4;
10E46 : E0;
10E47 : E0;
10E48 : F8;
10E49 : F8;
10E4A : F8;
10E4B : F8;
10E4C : F4;
10E4D : C4;
10E4E : E0;
10E4F : E0;
10E50 : F8;
10E51 : F8;
10E52 : F8;
10E53 : F8;
10E54 : F4;
10E55 : C4;
10E56 : E4;
10E57 : E4;
10E58 : 9C;
10E59 : 9C;
10E5A : 9C;
10E5B : 9C;
10E5C : BC;
10E5D : F4;
10E5E : F4;
10E5F : F4;
10E60 : 7C;
10E61 : 7C;
10E62 : 7C;
10E63 : 7C;
10E64 : BC;
10E65 : F8;
10E66 : F8;
10E67 : F8;
10E68 : 7C;
10E69 : 7C;
10E6A : 7C;
10E6B : 7C;
10E6C : BC;
10E6D : F8;
10E6E : F8;
10E6F : F8;
10E70 : 7C;
10E71 : 7C;
10E72 : 7C;
10E73 : 7C;
10E74 : BC;
10E75 : F8;
10E76 : F8;
10E77 : F8;
10E78 : 7C;
10E79 : 7C;
10E7A : 7C;
10E7B : 7C;
10E7C : BC;
10E7D : F8;
10E7E : F8;
10E7F : F8;
10E80 : E0;
10E81 : E0;
10E82 : E0;
10E83 : E0;
10E84 : E0;
10E85 : E0;
10E86 : E0;
10E87 : E0;
10E88 : E0;
10E89 : E0;
10E8A : E0;
10E8B : E0;
10E8C : E0;
10E8D : E0;
10E8E : E0;
10E8F : E0;
10E90 : E4;
10E91 : E4;
10E92 : E4;
10E93 : E4;
10E94 : E4;
10E95 : E4;
10E96 : E4;
10E97 : E4;
10E98 : F4;
10E99 : F4;
10E9A : F4;
10E9B : F4;
10E9C : F4;
10E9D : F4;
10E9E : F4;
10E9F : F4;
10EA0 : F8;
10EA1 : F8;
10EA2 : F8;
10EA3 : F8;
10EA4 : F8;
10EA5 : F8;
10EA6 : F8;
10EA7 : F8;
10EA8 : F8;
10EA9 : F8;
10EAA : F8;
10EAB : F8;
10EAC : F8;
10EAD : F8;
10EAE : F8;
10EAF : F8;
10EB0 : F8;
10EB1 : F8;
10EB2 : F8;
10EB3 : F8;
10EB4 : F8;
10EB5 : F8;
10EB6 : F8;
10EB7 : F8;
10EB8 : F8;
10EB9 : F8;
10EBA : F8;
10EBB : F8;
10EBC : F8;
10EBD : F8;
10EBE : F8;
10EBF : F8;
10EC0 : E0;
10EC1 : E0;
10EC2 : E0;
10EC3 : E0;
10EC4 : E0;
10EC5 : E0;
10EC6 : E0;
10EC7 : E0;
10EC8 : E0;
10EC9 : E0;
10ECA : E0;
10ECB : E0;
10ECC : E0;
10ECD : E0;
10ECE : E0;
10ECF : E0;
10ED0 : E4;
10ED1 : E0;
10ED2 : E0;
10ED3 : E0;
10ED4 : E0;
10ED5 : E0;
10ED6 : E0;
10ED7 : E0;
10ED8 : F4;
10ED9 : EC;
10EDA : E0;
10EDB : E0;
10EDC : E0;
10EDD : E0;
10EDE : E0;
10EDF : E0;
10EE0 : F8;
10EE1 : F0;
10EE2 : E0;
10EE3 : E0;
10EE4 : E0;
10EE5 : E0;
10EE6 : E0;
10EE7 : E0;
10EE8 : F8;
10EE9 : F0;
10EEA : E0;
10EEB : E0;
10EEC : E0;
10EED : E0;
10EEE : E0;
10EEF : E0;
10EF0 : F8;
10EF1 : F0;
10EF2 : E0;
10EF3 : E0;
10EF4 : E0;
10EF5 : E0;
10EF6 : E0;
10EF7 : E0;
10EF8 : F8;
10EF9 : F0;
10EFA : E0;
10EFB : E0;
10EFC : E0;
10EFD : E0;
10EFE : E0;
10EFF : E0;
10F00 : E0;
10F01 : E0;
10F02 : E0;
10F03 : E0;
10F04 : E0;
10F05 : E0;
10F06 : E8;
10F07 : EC;
10F08 : E0;
10F09 : E0;
10F0A : E0;
10F0B : E0;
10F0C : E0;
10F0D : E0;
10F0E : E8;
10F0F : EC;
10F10 : E0;
10F11 : E0;
10F12 : E0;
10F13 : E0;
10F14 : E0;
10F15 : E0;
10F16 : E8;
10F17 : EC;
10F18 : E0;
10F19 : E0;
10F1A : E0;
10F1B : E0;
10F1C : E0;
10F1D : E0;
10F1E : E0;
10F1F : E0;
10F20 : E0;
10F21 : E0;
10F22 : E0;
10F23 : E0;
10F24 : E0;
10F25 : E0;
10F26 : E0;
10F27 : E0;
10F28 : E0;
10F29 : E0;
10F2A : E0;
10F2B : E0;
10F2C : E0;
10F2D : E0;
10F2E : E0;
10F2F : E0;
10F30 : E0;
10F31 : E0;
10F32 : E0;
10F33 : E0;
10F34 : E0;
10F35 : E0;
10F36 : E0;
10F37 : E0;
10F38 : E0;
10F39 : E0;
10F3A : E0;
10F3B : E0;
10F3C : E0;
10F3D : E0;
10F3E : E0;
10F3F : E0;
10F40 : EC;
10F41 : EC;
10F42 : EC;
10F43 : EC;
10F44 : EC;
10F45 : EC;
10F46 : EC;
10F47 : EC;
10F48 : EC;
10F49 : EC;
10F4A : EC;
10F4B : EC;
10F4C : EC;
10F4D : EC;
10F4E : EC;
10F4F : EC;
10F50 : EC;
10F51 : EC;
10F52 : EC;
10F53 : EC;
10F54 : EC;
10F55 : EC;
10F56 : EC;
10F57 : EC;
10F58 : E4;
10F59 : E4;
10F5A : E4;
10F5B : E4;
10F5C : E4;
10F5D : E4;
10F5E : E4;
10F5F : E4;
10F60 : E0;
10F61 : E0;
10F62 : E0;
10F63 : E0;
10F64 : E0;
10F65 : E0;
10F66 : E0;
10F67 : E0;
10F68 : E0;
10F69 : E0;
10F6A : E0;
10F6B : E0;
10F6C : E0;
10F6D : E0;
10F6E : E0;
10F6F : E0;
10F70 : E0;
10F71 : E0;
10F72 : E0;
10F73 : E0;
10F74 : E0;
10F75 : E0;
10F76 : E0;
10F77 : E0;
10F78 : E0;
10F79 : E0;
10F7A : E0;
10F7B : E0;
10F7C : E0;
10F7D : E0;
10F7E : E0;
10F7F : E0;
10F80 : EC;
10F81 : EC;
10F82 : EC;
10F83 : B4;
10F84 : 94;
10F85 : B4;
10F86 : B4;
10F87 : B4;
10F88 : EC;
10F89 : EC;
10F8A : EC;
10F8B : B4;
10F8C : 94;
10F8D : B4;
10F8E : B4;
10F8F : B4;
10F90 : EC;
10F91 : EC;
10F92 : EC;
10F93 : B4;
10F94 : 94;
10F95 : B4;
10F96 : B4;
10F97 : B4;
10F98 : E4;
10F99 : E4;
10F9A : E4;
10F9B : EC;
10F9C : F0;
10F9D : EC;
10F9E : EC;
10F9F : EC;
10FA0 : E0;
10FA1 : E0;
10FA2 : E0;
10FA3 : E8;
10FA4 : EC;
10FA5 : EC;
10FA6 : EC;
10FA7 : EC;
10FA8 : E0;
10FA9 : E0;
10FAA : E0;
10FAB : E8;
10FAC : EC;
10FAD : EC;
10FAE : EC;
10FAF : EC;
10FB0 : E0;
10FB1 : E0;
10FB2 : E0;
10FB3 : E8;
10FB4 : EC;
10FB5 : EC;
10FB6 : EC;
10FB7 : EC;
10FB8 : E0;
10FB9 : E0;
10FBA : E0;
10FBB : E8;
10FBC : EC;
10FBD : EC;
10FBE : EC;
10FBF : EC;
10FC0 : B4;
10FC1 : B4;
10FC2 : B4;
10FC3 : B4;
10FC4 : B4;
10FC5 : B4;
10FC6 : B4;
10FC7 : B1;
10FC8 : B4;
10FC9 : B4;
10FCA : B4;
10FCB : B4;
10FCC : B4;
10FCD : B4;
10FCE : B4;
10FCF : B1;
10FD0 : B4;
10FD1 : B4;
10FD2 : B4;
10FD3 : B4;
10FD4 : B4;
10FD5 : B4;
10FD6 : 94;
10FD7 : B1;
10FD8 : EC;
10FD9 : EC;
10FDA : EC;
10FDB : EC;
10FDC : EC;
10FDD : F0;
10FDE : F0;
10FDF : EC;
10FE0 : EC;
10FE1 : EC;
10FE2 : EC;
10FE3 : EC;
10FE4 : EC;
10FE5 : EC;
10FE6 : EC;
10FE7 : E8;
10FE8 : EC;
10FE9 : EC;
10FEA : EC;
10FEB : EC;
10FEC : EC;
10FED : EC;
10FEE : EC;
10FEF : EC;
10FF0 : EC;
10FF1 : EC;
10FF2 : EC;
10FF3 : EC;
10FF4 : EC;
10FF5 : EC;
10FF6 : EC;
10FF7 : EC;
10FF8 : EC;
10FF9 : EC;
10FFA : EC;
10FFB : EC;
10FFC : EC;
10FFD : EC;
10FFE : EC;
10FFF : EC;
11000 : A7;
11001 : A3;
11002 : A3;
11003 : A3;
11004 : A3;
11005 : A3;
11006 : A3;
11007 : A3;
11008 : A7;
11009 : A3;
1100A : A3;
1100B : A3;
1100C : A3;
1100D : A3;
1100E : A3;
1100F : A3;
11010 : A7;
11011 : A3;
11012 : A3;
11013 : A3;
11014 : A3;
11015 : A3;
11016 : A3;
11017 : A3;
11018 : E1;
11019 : E1;
1101A : E1;
1101B : E1;
1101C : E1;
1101D : E1;
1101E : E1;
1101F : E1;
11020 : E0;
11021 : E0;
11022 : E0;
11023 : E0;
11024 : E0;
11025 : E0;
11026 : E0;
11027 : E0;
11028 : E0;
11029 : E0;
1102A : E0;
1102B : E0;
1102C : E0;
1102D : E0;
1102E : E0;
1102F : E0;
11030 : E0;
11031 : E0;
11032 : E0;
11033 : E0;
11034 : E0;
11035 : E0;
11036 : E0;
11037 : E0;
11038 : E0;
11039 : E0;
1103A : E0;
1103B : E0;
1103C : E0;
1103D : E0;
1103E : E0;
1103F : E0;
11040 : A3;
11041 : A3;
11042 : A3;
11043 : A3;
11044 : A7;
11045 : 17;
11046 : 17;
11047 : 17;
11048 : A3;
11049 : A3;
1104A : A3;
1104B : A3;
1104C : 87;
1104D : 17;
1104E : 17;
1104F : 17;
11050 : A3;
11051 : A3;
11052 : A3;
11053 : A3;
11054 : A7;
11055 : 17;
11056 : 17;
11057 : 17;
11058 : E1;
11059 : E1;
1105A : E1;
1105B : E1;
1105C : C1;
1105D : 87;
1105E : 87;
1105F : 87;
11060 : E0;
11061 : E0;
11062 : E0;
11063 : E0;
11064 : E1;
11065 : A3;
11066 : A3;
11067 : A3;
11068 : E0;
11069 : E0;
1106A : E0;
1106B : E0;
1106C : E1;
1106D : 83;
1106E : A3;
1106F : A3;
11070 : E0;
11071 : E0;
11072 : E0;
11073 : E0;
11074 : E1;
11075 : A3;
11076 : A3;
11077 : A3;
11078 : E0;
11079 : E0;
1107A : E0;
1107B : E0;
1107C : E1;
1107D : A3;
1107E : A3;
1107F : A3;
11080 : 17;
11081 : 17;
11082 : 17;
11083 : 17;
11084 : 17;
11085 : 17;
11086 : 17;
11087 : 17;
11088 : 17;
11089 : 17;
1108A : 17;
1108B : 17;
1108C : 17;
1108D : 17;
1108E : 17;
1108F : 17;
11090 : 17;
11091 : 17;
11092 : 17;
11093 : 17;
11094 : 17;
11095 : 17;
11096 : 17;
11097 : 17;
11098 : 87;
11099 : 87;
1109A : 87;
1109B : 87;
1109C : 87;
1109D : 87;
1109E : 87;
1109F : 87;
110A0 : A3;
110A1 : A3;
110A2 : A3;
110A3 : A3;
110A4 : A3;
110A5 : A3;
110A6 : A3;
110A7 : A3;
110A8 : A3;
110A9 : A3;
110AA : A3;
110AB : A3;
110AC : A3;
110AD : A3;
110AE : A3;
110AF : A3;
110B0 : A3;
110B1 : A3;
110B2 : A3;
110B3 : A3;
110B4 : A3;
110B5 : A3;
110B6 : A3;
110B7 : A3;
110B8 : A3;
110B9 : A3;
110BA : A3;
110BB : A3;
110BC : A3;
110BD : A3;
110BE : A3;
110BF : A3;
110C0 : 17;
110C1 : 8F;
110C2 : E3;
110C3 : E3;
110C4 : E3;
110C5 : E3;
110C6 : E3;
110C7 : E3;
110C8 : 17;
110C9 : 8F;
110CA : E3;
110CB : E3;
110CC : E3;
110CD : E3;
110CE : E3;
110CF : E3;
110D0 : 17;
110D1 : 8F;
110D2 : E3;
110D3 : E3;
110D4 : E3;
110D5 : E3;
110D6 : E3;
110D7 : E3;
110D8 : A7;
110D9 : 6F;
110DA : 53;
110DB : 53;
110DC : 53;
110DD : 53;
110DE : 53;
110DF : 53;
110E0 : C3;
110E1 : 6F;
110E2 : 17;
110E3 : 17;
110E4 : 17;
110E5 : 17;
110E6 : 17;
110E7 : 17;
110E8 : A3;
110E9 : 6F;
110EA : 17;
110EB : 17;
110EC : 17;
110ED : 17;
110EE : 17;
110EF : 17;
110F0 : C3;
110F1 : 6F;
110F2 : 17;
110F3 : 17;
110F4 : 17;
110F5 : 17;
110F6 : 17;
110F7 : 17;
110F8 : C3;
110F9 : 6F;
110FA : 17;
110FB : 17;
110FC : 17;
110FD : 17;
110FE : 17;
110FF : 17;
11100 : E3;
11101 : E3;
11102 : E3;
11103 : E3;
11104 : E3;
11105 : E3;
11106 : E1;
11107 : E0;
11108 : E3;
11109 : E3;
1110A : E3;
1110B : E3;
1110C : E3;
1110D : E3;
1110E : E1;
1110F : E0;
11110 : E3;
11111 : E3;
11112 : E3;
11113 : E3;
11114 : E3;
11115 : E3;
11116 : E1;
11117 : E0;
11118 : 53;
11119 : 53;
1111A : 53;
1111B : 53;
1111C : 53;
1111D : 57;
1111E : AB;
1111F : E2;
11120 : 17;
11121 : 17;
11122 : 17;
11123 : 17;
11124 : 17;
11125 : 17;
11126 : 8B;
11127 : E3;
11128 : 17;
11129 : 17;
1112A : 17;
1112B : 17;
1112C : 17;
1112D : 17;
1112E : 8B;
1112F : E3;
11130 : 17;
11131 : 17;
11132 : 17;
11133 : 17;
11134 : 17;
11135 : 17;
11136 : 8B;
11137 : E3;
11138 : 17;
11139 : 17;
1113A : 17;
1113B : 17;
1113C : 17;
1113D : 17;
1113E : 8B;
1113F : E3;
11140 : E0;
11141 : E0;
11142 : E0;
11143 : E0;
11144 : E0;
11145 : E0;
11146 : E0;
11147 : E0;
11148 : E0;
11149 : E0;
1114A : E0;
1114B : E0;
1114C : E0;
1114D : E0;
1114E : E0;
1114F : E0;
11150 : E4;
11151 : E4;
11152 : E0;
11153 : E0;
11154 : E0;
11155 : E0;
11156 : E0;
11157 : E0;
11158 : E2;
11159 : E2;
1115A : E2;
1115B : E2;
1115C : E2;
1115D : E2;
1115E : E2;
1115F : E2;
11160 : E3;
11161 : E3;
11162 : E3;
11163 : E3;
11164 : E3;
11165 : E3;
11166 : E3;
11167 : E3;
11168 : E3;
11169 : E3;
1116A : E3;
1116B : E3;
1116C : E3;
1116D : E3;
1116E : E3;
1116F : E3;
11170 : E3;
11171 : E3;
11172 : E3;
11173 : E3;
11174 : E3;
11175 : E3;
11176 : E3;
11177 : E3;
11178 : E3;
11179 : E3;
1117A : E3;
1117B : E3;
1117C : E3;
1117D : E3;
1117E : E3;
1117F : E3;
11180 : E0;
11181 : E0;
11182 : E4;
11183 : AC;
11184 : B0;
11185 : B0;
11186 : B0;
11187 : B0;
11188 : E0;
11189 : E0;
1118A : E4;
1118B : AC;
1118C : B0;
1118D : B0;
1118E : B0;
1118F : B0;
11190 : E0;
11191 : E0;
11192 : E4;
11193 : B0;
11194 : B0;
11195 : B0;
11196 : B0;
11197 : B0;
11198 : E2;
11199 : E2;
1119A : E2;
1119B : E5;
1119C : E8;
1119D : C4;
1119E : C8;
1119F : C8;
111A0 : E3;
111A1 : E3;
111A2 : E3;
111A3 : E1;
111A4 : E0;
111A5 : E0;
111A6 : E0;
111A7 : E0;
111A8 : E3;
111A9 : E3;
111AA : E3;
111AB : E1;
111AC : E4;
111AD : E0;
111AE : E0;
111AF : E0;
111B0 : E3;
111B1 : E3;
111B2 : E3;
111B3 : E1;
111B4 : E4;
111B5 : E0;
111B6 : E0;
111B7 : E0;
111B8 : E3;
111B9 : E3;
111BA : E3;
111BB : E1;
111BC : E4;
111BD : E0;
111BE : E0;
111BF : E0;
111C0 : B0;
111C1 : B0;
111C2 : B0;
111C3 : B0;
111C4 : B0;
111C5 : B0;
111C6 : B0;
111C7 : B0;
111C8 : B0;
111C9 : B0;
111CA : B0;
111CB : B0;
111CC : B0;
111CD : B0;
111CE : B0;
111CF : B0;
111D0 : B0;
111D1 : B0;
111D2 : B0;
111D3 : B0;
111D4 : B0;
111D5 : B0;
111D6 : B0;
111D7 : B0;
111D8 : E4;
111D9 : E4;
111DA : E4;
111DB : E4;
111DC : E4;
111DD : E4;
111DE : E4;
111DF : E4;
111E0 : E0;
111E1 : E0;
111E2 : E0;
111E3 : E0;
111E4 : E0;
111E5 : E0;
111E6 : E0;
111E7 : E0;
111E8 : E0;
111E9 : E0;
111EA : E0;
111EB : E0;
111EC : E0;
111ED : E0;
111EE : E0;
111EF : E4;
111F0 : E0;
111F1 : E0;
111F2 : E0;
111F3 : E0;
111F4 : E0;
111F5 : E0;
111F6 : E0;
111F7 : E4;
111F8 : E0;
111F9 : E0;
111FA : E0;
111FB : E0;
111FC : E0;
111FD : E0;
111FE : E0;
111FF : E4;
11200 : E3;
11201 : E3;
11202 : E3;
11203 : E3;
11204 : E3;
11205 : E3;
11206 : E3;
11207 : E3;
11208 : E3;
11209 : E3;
1120A : E3;
1120B : E3;
1120C : E3;
1120D : E3;
1120E : E3;
1120F : E3;
11210 : E3;
11211 : E3;
11212 : E3;
11213 : E3;
11214 : E3;
11215 : E3;
11216 : E3;
11217 : E3;
11218 : E3;
11219 : E3;
1121A : E3;
1121B : E3;
1121C : E3;
1121D : E3;
1121E : E3;
1121F : E3;
11220 : E6;
11221 : E6;
11222 : E6;
11223 : E6;
11224 : E6;
11225 : E6;
11226 : E6;
11227 : E6;
11228 : A8;
11229 : A8;
1122A : A8;
1122B : A8;
1122C : A8;
1122D : A8;
1122E : A8;
1122F : A8;
11230 : A8;
11231 : A8;
11232 : A8;
11233 : A8;
11234 : A8;
11235 : A8;
11236 : A8;
11237 : A8;
11238 : A8;
11239 : A8;
1123A : A8;
1123B : A8;
1123C : A8;
1123D : A8;
1123E : A8;
1123F : A8;
11240 : E3;
11241 : E3;
11242 : E3;
11243 : E3;
11244 : C7;
11245 : 8F;
11246 : 6F;
11247 : 8F;
11248 : E3;
11249 : E3;
1124A : E3;
1124B : E3;
1124C : C7;
1124D : 8F;
1124E : 6F;
1124F : 8F;
11250 : E3;
11251 : E3;
11252 : E3;
11253 : E3;
11254 : C7;
11255 : 8F;
11256 : 6F;
11257 : 8F;
11258 : E3;
11259 : E3;
1125A : E3;
1125B : E3;
1125C : C7;
1125D : 8F;
1125E : 6F;
1125F : 6F;
11260 : E6;
11261 : E6;
11262 : E6;
11263 : E6;
11264 : C7;
11265 : AB;
11266 : AB;
11267 : AB;
11268 : A8;
11269 : A8;
1126A : A8;
1126B : A8;
1126C : C9;
1126D : E3;
1126E : E3;
1126F : E3;
11270 : A8;
11271 : A8;
11272 : A8;
11273 : AC;
11274 : A9;
11275 : E3;
11276 : E3;
11277 : E3;
11278 : A8;
11279 : A8;
1127A : A8;
1127B : A8;
1127C : C9;
1127D : E3;
1127E : E3;
1127F : E3;
11280 : 8F;
11281 : 8F;
11282 : 8F;
11283 : 8F;
11284 : 8F;
11285 : 8F;
11286 : 8F;
11287 : 8F;
11288 : 8F;
11289 : 8F;
1128A : 8F;
1128B : 8F;
1128C : 8F;
1128D : 8F;
1128E : 8F;
1128F : 8F;
11290 : 8F;
11291 : 8F;
11292 : 8F;
11293 : 8F;
11294 : 8F;
11295 : 8F;
11296 : 8F;
11297 : 8F;
11298 : 6F;
11299 : 6F;
1129A : 6F;
1129B : 6F;
1129C : 6F;
1129D : 6F;
1129E : 6F;
1129F : 6F;
112A0 : AB;
112A1 : AB;
112A2 : AB;
112A3 : AB;
112A4 : AB;
112A5 : AB;
112A6 : AB;
112A7 : AB;
112A8 : E3;
112A9 : E3;
112AA : E3;
112AB : E3;
112AC : E3;
112AD : E3;
112AE : E3;
112AF : E3;
112B0 : E3;
112B1 : E3;
112B2 : E3;
112B3 : E3;
112B4 : E3;
112B5 : E3;
112B6 : E3;
112B7 : E3;
112B8 : E3;
112B9 : E3;
112BA : E3;
112BB : E3;
112BC : E3;
112BD : E3;
112BE : E3;
112BF : E3;
112C0 : 8F;
112C1 : 56;
112C2 : 1D;
112C3 : 1D;
112C4 : 1D;
112C5 : 1D;
112C6 : 1D;
112C7 : 1D;
112C8 : 8F;
112C9 : 56;
112CA : 1D;
112CB : 1D;
112CC : 1D;
112CD : 1D;
112CE : 1D;
112CF : 1D;
112D0 : 8F;
112D1 : 56;
112D2 : 1D;
112D3 : 1D;
112D4 : 1D;
112D5 : 1D;
112D6 : 1D;
112D7 : 1D;
112D8 : 8F;
112D9 : 56;
112DA : 1D;
112DB : 1D;
112DC : 1D;
112DD : 1D;
112DE : 1D;
112DF : 1D;
112E0 : AB;
112E1 : 73;
112E2 : 3A;
112E3 : 5A;
112E4 : 5A;
112E5 : 3A;
112E6 : 3A;
112E7 : 3A;
112E8 : E3;
112E9 : C7;
112EA : 6F;
112EB : 8F;
112EC : 8F;
112ED : 8F;
112EE : 8F;
112EF : 8F;
112F0 : E3;
112F1 : C7;
112F2 : 6F;
112F3 : 8F;
112F4 : 8F;
112F5 : 8F;
112F6 : 8F;
112F7 : 8F;
112F8 : E3;
112F9 : A7;
112FA : 6F;
112FB : 8F;
112FC : 8F;
112FD : 8F;
112FE : 8F;
112FF : 8F;
11300 : 1D;
11301 : 1D;
11302 : 1D;
11303 : 1D;
11304 : 1D;
11305 : 1D;
11306 : 8C;
11307 : E0;
11308 : 1D;
11309 : 1D;
1130A : 1D;
1130B : 1D;
1130C : 1D;
1130D : 1D;
1130E : 8C;
1130F : E0;
11310 : 1D;
11311 : 1D;
11312 : 1D;
11313 : 1D;
11314 : 1D;
11315 : 1D;
11316 : 8C;
11317 : E0;
11318 : 1D;
11319 : 1D;
1131A : 1D;
1131B : 1D;
1131C : 1D;
1131D : 1D;
1131E : 8C;
1131F : E0;
11320 : 3A;
11321 : 3A;
11322 : 3A;
11323 : 3A;
11324 : 3A;
11325 : 5A;
11326 : 91;
11327 : AC;
11328 : 8F;
11329 : 8F;
1132A : 8F;
1132B : 8F;
1132C : 8F;
1132D : 8F;
1132E : 56;
1132F : 3D;
11330 : 8F;
11331 : 8F;
11332 : 8F;
11333 : 8F;
11334 : 8F;
11335 : 8F;
11336 : 56;
11337 : 1D;
11338 : 8F;
11339 : 8F;
1133A : 8F;
1133B : 8F;
1133C : 8F;
1133D : 8F;
1133E : 56;
1133F : 1D;
11340 : E0;
11341 : E0;
11342 : E0;
11343 : E0;
11344 : E0;
11345 : E0;
11346 : E0;
11347 : E0;
11348 : E0;
11349 : E0;
1134A : E0;
1134B : E0;
1134C : E0;
1134D : E0;
1134E : E0;
1134F : E0;
11350 : E0;
11351 : E0;
11352 : E0;
11353 : E0;
11354 : E0;
11355 : E0;
11356 : E0;
11357 : E0;
11358 : E0;
11359 : E0;
1135A : E0;
1135B : E0;
1135C : E0;
1135D : E0;
1135E : E0;
1135F : E0;
11360 : A8;
11361 : A8;
11362 : AC;
11363 : AC;
11364 : AC;
11365 : AC;
11366 : AC;
11367 : A8;
11368 : 1D;
11369 : 1D;
1136A : 1D;
1136B : 1D;
1136C : 1D;
1136D : 1D;
1136E : 1D;
1136F : 1D;
11370 : 1D;
11371 : 1D;
11372 : 1D;
11373 : 1D;
11374 : 1D;
11375 : 1D;
11376 : 1D;
11377 : 1D;
11378 : 1D;
11379 : 1D;
1137A : 1D;
1137B : 1D;
1137C : 1D;
1137D : 1D;
1137E : 1D;
1137F : 1D;
11380 : E0;
11381 : E0;
11382 : E0;
11383 : E8;
11384 : EC;
11385 : EC;
11386 : EC;
11387 : EC;
11388 : E0;
11389 : E0;
1138A : E0;
1138B : E8;
1138C : EC;
1138D : EC;
1138E : EC;
1138F : EC;
11390 : E0;
11391 : E0;
11392 : E0;
11393 : E8;
11394 : EC;
11395 : EC;
11396 : EC;
11397 : EC;
11398 : E0;
11399 : E0;
1139A : E0;
1139B : E8;
1139C : EC;
1139D : EC;
1139E : EC;
1139F : EC;
113A0 : A8;
113A1 : A8;
113A2 : AC;
113A3 : E8;
113A4 : E8;
113A5 : E8;
113A6 : E8;
113A7 : E8;
113A8 : 1D;
113A9 : 1D;
113AA : 1D;
113AB : C8;
113AC : E0;
113AD : E0;
113AE : E0;
113AF : E0;
113B0 : 1D;
113B1 : 1D;
113B2 : 1D;
113B3 : C8;
113B4 : E0;
113B5 : E0;
113B6 : E0;
113B7 : E0;
113B8 : 1D;
113B9 : 1D;
113BA : 1D;
113BB : C8;
113BC : E0;
113BD : E0;
113BE : E0;
113BF : E0;
113C0 : EC;
113C1 : EC;
113C2 : EC;
113C3 : EC;
113C4 : EC;
113C5 : EC;
113C6 : EC;
113C7 : EC;
113C8 : EC;
113C9 : EC;
113CA : EC;
113CB : EC;
113CC : EC;
113CD : EC;
113CE : EC;
113CF : EC;
113D0 : EC;
113D1 : EC;
113D2 : EC;
113D3 : EC;
113D4 : EC;
113D5 : EC;
113D6 : EC;
113D7 : EC;
113D8 : EC;
113D9 : EC;
113DA : EC;
113DB : EC;
113DC : EC;
113DD : EC;
113DE : EC;
113DF : EC;
113E0 : E8;
113E1 : E8;
113E2 : E8;
113E3 : E8;
113E4 : E8;
113E5 : E8;
113E6 : E8;
113E7 : E8;
113E8 : E0;
113E9 : E0;
113EA : E0;
113EB : E0;
113EC : E0;
113ED : E0;
113EE : E0;
113EF : E0;
113F0 : E0;
113F1 : E0;
113F2 : E0;
113F3 : E0;
113F4 : E0;
113F5 : E0;
113F6 : E0;
113F7 : E0;
113F8 : E0;
113F9 : E0;
113FA : E0;
113FB : E0;
113FC : E0;
113FD : E0;
113FE : E0;
113FF : E0;
11400 : 8A;
11401 : 6E;
11402 : 6E;
11403 : 6E;
11404 : 6E;
11405 : 6E;
11406 : 6E;
11407 : 6E;
11408 : 8A;
11409 : 6E;
1140A : 6E;
1140B : 6E;
1140C : 6E;
1140D : 6E;
1140E : 6E;
1140F : 6E;
11410 : 8A;
11411 : 6E;
11412 : 6E;
11413 : 6E;
11414 : 6E;
11415 : 6E;
11416 : 6E;
11417 : 6E;
11418 : 6E;
11419 : 4E;
1141A : 6E;
1141B : 6E;
1141C : 6E;
1141D : 6E;
1141E : 6E;
1141F : 6E;
11420 : 89;
11421 : 6A;
11422 : 69;
11423 : 6A;
11424 : 6A;
11425 : 6A;
11426 : 6A;
11427 : 6A;
11428 : A4;
11429 : A5;
1142A : A5;
1142B : A5;
1142C : A5;
1142D : A5;
1142E : A5;
1142F : A5;
11430 : A4;
11431 : A5;
11432 : A5;
11433 : A5;
11434 : A5;
11435 : A5;
11436 : A5;
11437 : A5;
11438 : A4;
11439 : A5;
1143A : A5;
1143B : A5;
1143C : A5;
1143D : A5;
1143E : A5;
1143F : A5;
11440 : 6E;
11441 : 6E;
11442 : 6E;
11443 : 6A;
11444 : 6E;
11445 : 9B;
11446 : 9B;
11447 : 9B;
11448 : 6E;
11449 : 6E;
1144A : 6E;
1144B : 6A;
1144C : 6E;
1144D : 9B;
1144E : 9B;
1144F : 9B;
11450 : 6E;
11451 : 6E;
11452 : 6E;
11453 : 6A;
11454 : 6E;
11455 : 9B;
11456 : 9B;
11457 : 9B;
11458 : 6E;
11459 : 6E;
1145A : 6E;
1145B : 6A;
1145C : 72;
1145D : 9B;
1145E : 9B;
1145F : 9B;
11460 : 6A;
11461 : 69;
11462 : 69;
11463 : 69;
11464 : 8E;
11465 : 97;
11466 : 97;
11467 : 97;
11468 : A5;
11469 : A5;
1146A : A5;
1146B : A5;
1146C : 85;
1146D : 6A;
1146E : 6A;
1146F : 6A;
11470 : A5;
11471 : A5;
11472 : A5;
11473 : A4;
11474 : A5;
11475 : 6E;
11476 : 6E;
11477 : 6E;
11478 : A5;
11479 : A5;
1147A : A5;
1147B : A4;
1147C : A5;
1147D : 6E;
1147E : 6E;
1147F : 6E;
11480 : 9B;
11481 : 9B;
11482 : 9B;
11483 : 9B;
11484 : 9B;
11485 : 9B;
11486 : 9B;
11487 : 9B;
11488 : 9B;
11489 : 9B;
1148A : 9B;
1148B : 9B;
1148C : 9B;
1148D : 9B;
1148E : 9B;
1148F : 9B;
11490 : 9B;
11491 : 9B;
11492 : 9B;
11493 : 9B;
11494 : 9B;
11495 : 9B;
11496 : 9B;
11497 : 9B;
11498 : 9B;
11499 : 9B;
1149A : 9B;
1149B : 9B;
1149C : 9B;
1149D : 9B;
1149E : 9B;
1149F : 9B;
114A0 : 97;
114A1 : 97;
114A2 : 97;
114A3 : 97;
114A4 : 97;
114A5 : 97;
114A6 : 97;
114A7 : 97;
114A8 : 6A;
114A9 : 6A;
114AA : 6A;
114AB : 6A;
114AC : 6A;
114AD : 6A;
114AE : 6A;
114AF : 6A;
114B0 : 6E;
114B1 : 6E;
114B2 : 6E;
114B3 : 6E;
114B4 : 6E;
114B5 : 6A;
114B6 : 6A;
114B7 : 6A;
114B8 : 6E;
114B9 : 6E;
114BA : 6E;
114BB : 6E;
114BC : 6E;
114BD : 6E;
114BE : 6E;
114BF : 6E;
114C0 : 9B;
114C1 : 9B;
114C2 : 7C;
114C3 : 7C;
114C4 : 7C;
114C5 : 7C;
114C6 : 7C;
114C7 : 7C;
114C8 : 9B;
114C9 : 9B;
114CA : 7C;
114CB : 7C;
114CC : 7C;
114CD : 7C;
114CE : 7C;
114CF : 7C;
114D0 : 9B;
114D1 : 9B;
114D2 : 7C;
114D3 : 7C;
114D4 : 7C;
114D5 : 7C;
114D6 : 7C;
114D7 : 7C;
114D8 : 9B;
114D9 : 9B;
114DA : 7C;
114DB : 7C;
114DC : 7C;
114DD : 7C;
114DE : 7C;
114DF : 7C;
114E0 : 97;
114E1 : 9B;
114E2 : 9D;
114E3 : 9D;
114E4 : 9D;
114E5 : 9D;
114E6 : 9D;
114E7 : 9D;
114E8 : 6A;
114E9 : 72;
114EA : 9B;
114EB : 9B;
114EC : 9B;
114ED : 9B;
114EE : 9B;
114EF : 9B;
114F0 : 6A;
114F1 : 93;
114F2 : 9B;
114F3 : 9B;
114F4 : 9B;
114F5 : 9B;
114F6 : 9B;
114F7 : 9B;
114F8 : 6A;
114F9 : 93;
114FA : 9B;
114FB : 9B;
114FC : 9B;
114FD : 9B;
114FE : 9B;
114FF : 9B;
11500 : 7C;
11501 : 7C;
11502 : 7C;
11503 : 7C;
11504 : 7C;
11505 : 9C;
11506 : 7C;
11507 : 5C;
11508 : 7C;
11509 : 7C;
1150A : 7C;
1150B : 7C;
1150C : 7C;
1150D : 9C;
1150E : 7C;
1150F : 5C;
11510 : 7C;
11511 : 7C;
11512 : 7C;
11513 : 7C;
11514 : 7C;
11515 : 9C;
11516 : 7C;
11517 : 5C;
11518 : 7C;
11519 : 7C;
1151A : 7C;
1151B : 7C;
1151C : 7C;
1151D : 7C;
1151E : 7C;
1151F : 5C;
11520 : 9D;
11521 : 9D;
11522 : 9D;
11523 : 9D;
11524 : 9D;
11525 : 99;
11526 : 7C;
11527 : 7C;
11528 : 9B;
11529 : 9B;
1152A : 9B;
1152B : 9B;
1152C : 9B;
1152D : 9B;
1152E : 99;
1152F : 7C;
11530 : 9B;
11531 : 9B;
11532 : 9B;
11533 : 9B;
11534 : 9B;
11535 : 9B;
11536 : 99;
11537 : 7C;
11538 : 9B;
11539 : 9B;
1153A : 9B;
1153B : 9B;
1153C : 9B;
1153D : 9B;
1153E : 99;
1153F : 7C;
11540 : 5C;
11541 : 5C;
11542 : 5C;
11543 : 5C;
11544 : 5C;
11545 : 5C;
11546 : 5C;
11547 : 5C;
11548 : 5C;
11549 : 5C;
1154A : 5C;
1154B : 5C;
1154C : 5C;
1154D : 5C;
1154E : 5C;
1154F : 5C;
11550 : 5C;
11551 : 5C;
11552 : 5C;
11553 : 5C;
11554 : 5C;
11555 : 5C;
11556 : 5C;
11557 : 5C;
11558 : 5C;
11559 : 5C;
1155A : 5C;
1155B : 5C;
1155C : 5C;
1155D : 5C;
1155E : 5C;
1155F : 5C;
11560 : 7C;
11561 : 7C;
11562 : 7C;
11563 : 7C;
11564 : 7C;
11565 : 7C;
11566 : 7C;
11567 : 7C;
11568 : 7C;
11569 : 7C;
1156A : 7C;
1156B : 7C;
1156C : 7C;
1156D : 7C;
1156E : 7C;
1156F : 7C;
11570 : 7C;
11571 : 7C;
11572 : 7C;
11573 : 7C;
11574 : 7C;
11575 : 7C;
11576 : 7C;
11577 : 7C;
11578 : 7C;
11579 : 7C;
1157A : 7C;
1157B : 7C;
1157C : 7C;
1157D : 7C;
1157E : 7C;
1157F : 7C;
11580 : 5C;
11581 : 5C;
11582 : 5C;
11583 : 3E;
11584 : 1F;
11585 : 1E;
11586 : 1E;
11587 : 1E;
11588 : 5C;
11589 : 5C;
1158A : 5C;
1158B : 3E;
1158C : 1F;
1158D : 1E;
1158E : 1E;
1158F : 1E;
11590 : 5C;
11591 : 5C;
11592 : 5C;
11593 : 3E;
11594 : 1F;
11595 : 1E;
11596 : 1E;
11597 : 1E;
11598 : 5C;
11599 : 5C;
1159A : 5C;
1159B : 3E;
1159C : 1F;
1159D : 1E;
1159E : 1E;
1159F : 1E;
115A0 : 7C;
115A1 : 7C;
115A2 : 5C;
115A3 : 3D;
115A4 : 3E;
115A5 : 3E;
115A6 : 3E;
115A7 : 3E;
115A8 : 7C;
115A9 : 7C;
115AA : 7C;
115AB : 7C;
115AC : 5C;
115AD : 5C;
115AE : 5C;
115AF : 5C;
115B0 : 7C;
115B1 : 7C;
115B2 : 7C;
115B3 : 7C;
115B4 : 5C;
115B5 : 5C;
115B6 : 5C;
115B7 : 5C;
115B8 : 7C;
115B9 : 7C;
115BA : 7C;
115BB : 7C;
115BC : 5C;
115BD : 5C;
115BE : 5C;
115BF : 5C;
115C0 : 1E;
115C1 : 1E;
115C2 : 1E;
115C3 : 1E;
115C4 : 1E;
115C5 : 1E;
115C6 : 1E;
115C7 : 1E;
115C8 : 1E;
115C9 : 1E;
115CA : 1E;
115CB : 1E;
115CC : 1E;
115CD : 1E;
115CE : 1E;
115CF : 1E;
115D0 : 1E;
115D1 : 1E;
115D2 : 1E;
115D3 : 1E;
115D4 : 1E;
115D5 : 1E;
115D6 : 1E;
115D7 : 1E;
115D8 : 1F;
115D9 : 1E;
115DA : 1E;
115DB : 1E;
115DC : 1E;
115DD : 1E;
115DE : 1E;
115DF : 1E;
115E0 : 3E;
115E1 : 3E;
115E2 : 3E;
115E3 : 3E;
115E4 : 3E;
115E5 : 3E;
115E6 : 3E;
115E7 : 3E;
115E8 : 5C;
115E9 : 5C;
115EA : 5C;
115EB : 5C;
115EC : 5C;
115ED : 5C;
115EE : 5C;
115EF : 7C;
115F0 : 5C;
115F1 : 5C;
115F2 : 5C;
115F3 : 5C;
115F4 : 5C;
115F5 : 5C;
115F6 : 5C;
115F7 : 5C;
115F8 : 5C;
115F9 : 5C;
115FA : 5C;
115FB : 5C;
115FC : 5C;
115FD : 5C;
115FE : 5C;
115FF : 5C;
11600 : 17;
11601 : 17;
11602 : 17;
11603 : 17;
11604 : 17;
11605 : 17;
11606 : 17;
11607 : 17;
11608 : 17;
11609 : 17;
1160A : 17;
1160B : 17;
1160C : 17;
1160D : 17;
1160E : 17;
1160F : 17;
11610 : 17;
11611 : 17;
11612 : 17;
11613 : 17;
11614 : 17;
11615 : 17;
11616 : 17;
11617 : 17;
11618 : 17;
11619 : 17;
1161A : 17;
1161B : 17;
1161C : 17;
1161D : 17;
1161E : 17;
1161F : 17;
11620 : 33;
11621 : 33;
11622 : 33;
11623 : 33;
11624 : 33;
11625 : 33;
11626 : 33;
11627 : 33;
11628 : 6A;
11629 : 66;
1162A : 66;
1162B : 66;
1162C : 66;
1162D : 66;
1162E : 66;
1162F : 66;
11630 : 6A;
11631 : 66;
11632 : 86;
11633 : 66;
11634 : 66;
11635 : 66;
11636 : 66;
11637 : 66;
11638 : 6A;
11639 : 66;
1163A : 66;
1163B : 66;
1163C : 66;
1163D : 66;
1163E : 66;
1163F : 66;
11640 : 17;
11641 : 17;
11642 : 17;
11643 : 17;
11644 : 17;
11645 : 1C;
11646 : 1C;
11647 : 1C;
11648 : 17;
11649 : 17;
1164A : 17;
1164B : 17;
1164C : 17;
1164D : 1C;
1164E : 1C;
1164F : 1C;
11650 : 17;
11651 : 17;
11652 : 17;
11653 : 17;
11654 : 17;
11655 : 1C;
11656 : 1C;
11657 : 1C;
11658 : 17;
11659 : 17;
1165A : 17;
1165B : 17;
1165C : 1B;
1165D : 1C;
1165E : 1C;
1165F : 1C;
11660 : 33;
11661 : 33;
11662 : 33;
11663 : 33;
11664 : 37;
11665 : 1D;
11666 : 1D;
11667 : 1D;
11668 : 66;
11669 : 66;
1166A : 66;
1166B : 66;
1166C : 6A;
1166D : 17;
1166E : 17;
1166F : 17;
11670 : 66;
11671 : 66;
11672 : 66;
11673 : 66;
11674 : 6B;
11675 : 17;
11676 : 17;
11677 : 17;
11678 : 66;
11679 : 66;
1167A : 66;
1167B : 66;
1167C : 6B;
1167D : 17;
1167E : 17;
1167F : 17;
11680 : 1C;
11681 : 1C;
11682 : 1C;
11683 : 1C;
11684 : 1C;
11685 : 1C;
11686 : 1C;
11687 : 1C;
11688 : 1C;
11689 : 1C;
1168A : 1C;
1168B : 1C;
1168C : 1C;
1168D : 1C;
1168E : 1C;
1168F : 1C;
11690 : 1C;
11691 : 1C;
11692 : 1C;
11693 : 1C;
11694 : 1C;
11695 : 1C;
11696 : 1C;
11697 : 1C;
11698 : 1C;
11699 : 1C;
1169A : 1C;
1169B : 1C;
1169C : 1C;
1169D : 1C;
1169E : 1C;
1169F : 1C;
116A0 : 1D;
116A1 : 1D;
116A2 : 1D;
116A3 : 1D;
116A4 : 1D;
116A5 : 1D;
116A6 : 1D;
116A7 : 1D;
116A8 : 17;
116A9 : 17;
116AA : 17;
116AB : 17;
116AC : 17;
116AD : 17;
116AE : 17;
116AF : 17;
116B0 : 17;
116B1 : 17;
116B2 : 17;
116B3 : 17;
116B4 : 17;
116B5 : 17;
116B6 : 17;
116B7 : 17;
116B8 : 17;
116B9 : 17;
116BA : 17;
116BB : 17;
116BC : 17;
116BD : 17;
116BE : 17;
116BF : 17;
116C0 : 1C;
116C1 : 98;
116C2 : F4;
116C3 : F4;
116C4 : F4;
116C5 : F4;
116C6 : F4;
116C7 : F4;
116C8 : 1C;
116C9 : 98;
116CA : F4;
116CB : F4;
116CC : F4;
116CD : F4;
116CE : F4;
116CF : F4;
116D0 : 1C;
116D1 : 98;
116D2 : F4;
116D3 : F4;
116D4 : F4;
116D5 : F4;
116D6 : F4;
116D7 : F4;
116D8 : 1C;
116D9 : 98;
116DA : F4;
116DB : F4;
116DC : F4;
116DD : F4;
116DE : F4;
116DF : F4;
116E0 : 1D;
116E1 : 79;
116E2 : B8;
116E3 : B8;
116E4 : B8;
116E5 : B8;
116E6 : B8;
116E7 : B8;
116E8 : 17;
116E9 : 1A;
116EA : 3C;
116EB : 1C;
116EC : 1C;
116ED : 1C;
116EE : 1C;
116EF : 1C;
116F0 : 17;
116F1 : 1A;
116F2 : 1C;
116F3 : 1C;
116F4 : 1C;
116F5 : 1C;
116F6 : 1C;
116F7 : 1C;
116F8 : 17;
116F9 : 1A;
116FA : 1C;
116FB : 1C;
116FC : 1C;
116FD : 1C;
116FE : 1C;
116FF : 1C;
11700 : F4;
11701 : F4;
11702 : F4;
11703 : F4;
11704 : F4;
11705 : F4;
11706 : 96;
11707 : 17;
11708 : F4;
11709 : F4;
1170A : F4;
1170B : F4;
1170C : F4;
1170D : F4;
1170E : 96;
1170F : 17;
11710 : F4;
11711 : F4;
11712 : F4;
11713 : F4;
11714 : F4;
11715 : F4;
11716 : 96;
11717 : 17;
11718 : F4;
11719 : F4;
1171A : F4;
1171B : F4;
1171C : F4;
1171D : F4;
1171E : 96;
1171F : 17;
11720 : B8;
11721 : B8;
11722 : B8;
11723 : B8;
11724 : B8;
11725 : B8;
11726 : 95;
11727 : 77;
11728 : 1C;
11729 : 1C;
1172A : 1C;
1172B : 1C;
1172C : 1C;
1172D : 3C;
1172E : 98;
1172F : F4;
11730 : 1C;
11731 : 1C;
11732 : 1C;
11733 : 1C;
11734 : 1C;
11735 : 1C;
11736 : 98;
11737 : F4;
11738 : 1C;
11739 : 1C;
1173A : 1C;
1173B : 1C;
1173C : 1C;
1173D : 3C;
1173E : 98;
1173F : F4;
11740 : 37;
11741 : 37;
11742 : 37;
11743 : 37;
11744 : 37;
11745 : 37;
11746 : 37;
11747 : 37;
11748 : 37;
11749 : 37;
1174A : 37;
1174B : 37;
1174C : 37;
1174D : 37;
1174E : 37;
1174F : 37;
11750 : 37;
11751 : 37;
11752 : 37;
11753 : 37;
11754 : 37;
11755 : 37;
11756 : 37;
11757 : 37;
11758 : 37;
11759 : 37;
1175A : 37;
1175B : 37;
1175C : 37;
1175D : 37;
1175E : 37;
1175F : 37;
11760 : 76;
11761 : 76;
11762 : 76;
11763 : 76;
11764 : 76;
11765 : 76;
11766 : 76;
11767 : 76;
11768 : F4;
11769 : F4;
1176A : F4;
1176B : F4;
1176C : F4;
1176D : F4;
1176E : F4;
1176F : F4;
11770 : F4;
11771 : F4;
11772 : F4;
11773 : F4;
11774 : F4;
11775 : F4;
11776 : F4;
11777 : F4;
11778 : F4;
11779 : F4;
1177A : F4;
1177B : F4;
1177C : F4;
1177D : F4;
1177E : F4;
1177F : F4;
11780 : 37;
11781 : 37;
11782 : 37;
11783 : 0A;
11784 : 05;
11785 : 09;
11786 : 09;
11787 : 09;
11788 : 37;
11789 : 37;
1178A : 37;
1178B : 0A;
1178C : 05;
1178D : 09;
1178E : 09;
1178F : 09;
11790 : 37;
11791 : 37;
11792 : 37;
11793 : 0A;
11794 : 05;
11795 : 09;
11796 : 09;
11797 : 09;
11798 : 37;
11799 : 37;
1179A : 37;
1179B : 0A;
1179C : 05;
1179D : 05;
1179E : 05;
1179F : 05;
117A0 : 76;
117A1 : 77;
117A2 : 56;
117A3 : 2E;
117A4 : 0A;
117A5 : 0A;
117A6 : 0A;
117A7 : 0A;
117A8 : F4;
117A9 : F4;
117AA : F4;
117AB : 77;
117AC : 37;
117AD : 37;
117AE : 37;
117AF : 37;
117B0 : F4;
117B1 : F4;
117B2 : F4;
117B3 : 77;
117B4 : 37;
117B5 : 37;
117B6 : 37;
117B7 : 37;
117B8 : F4;
117B9 : F4;
117BA : F4;
117BB : 77;
117BC : 37;
117BD : 37;
117BE : 37;
117BF : 37;
117C0 : 09;
117C1 : 09;
117C2 : 09;
117C3 : 09;
117C4 : 09;
117C5 : 09;
117C6 : 0A;
117C7 : 09;
117C8 : 09;
117C9 : 09;
117CA : 09;
117CB : 09;
117CC : 09;
117CD : 09;
117CE : 0A;
117CF : 09;
117D0 : 09;
117D1 : 09;
117D2 : 09;
117D3 : 09;
117D4 : 09;
117D5 : 09;
117D6 : 0A;
117D7 : 09;
117D8 : 05;
117D9 : 05;
117DA : 05;
117DB : 05;
117DC : 05;
117DD : 05;
117DE : 05;
117DF : 09;
117E0 : 0A;
117E1 : 0A;
117E2 : 0A;
117E3 : 0A;
117E4 : 0A;
117E5 : 0A;
117E6 : 0A;
117E7 : 0E;
117E8 : 37;
117E9 : 37;
117EA : 37;
117EB : 37;
117EC : 37;
117ED : 37;
117EE : 37;
117EF : 37;
117F0 : 37;
117F1 : 37;
117F2 : 37;
117F3 : 37;
117F4 : 37;
117F5 : 37;
117F6 : 37;
117F7 : 37;
117F8 : 37;
117F9 : 37;
117FA : 37;
117FB : 37;
117FC : 37;
117FD : 37;
117FE : 37;
117FF : 37;
11800 : 7C;
11801 : 7C;
11802 : 7C;
11803 : 7C;
11804 : 7C;
11805 : 7C;
11806 : 7C;
11807 : 7C;
11808 : 7C;
11809 : 7C;
1180A : 7C;
1180B : 7C;
1180C : 7C;
1180D : 7C;
1180E : 7C;
1180F : 7C;
11810 : 7C;
11811 : 7C;
11812 : 7C;
11813 : 7C;
11814 : 7C;
11815 : 7C;
11816 : 7C;
11817 : 7C;
11818 : 7C;
11819 : 7C;
1181A : 7C;
1181B : 7C;
1181C : 7C;
1181D : 7C;
1181E : 7C;
1181F : 7C;
11820 : 79;
11821 : 79;
11822 : 79;
11823 : 79;
11824 : 79;
11825 : 79;
11826 : 79;
11827 : 79;
11828 : 32;
11829 : 2E;
1182A : 2E;
1182B : 2E;
1182C : 2E;
1182D : 2E;
1182E : 2E;
1182F : 2E;
11830 : 32;
11831 : 2E;
11832 : 2E;
11833 : 2E;
11834 : 32;
11835 : 32;
11836 : 32;
11837 : 32;
11838 : 32;
11839 : 2E;
1183A : 32;
1183B : 32;
1183C : 32;
1183D : 32;
1183E : 32;
1183F : 32;
11840 : 7C;
11841 : 7C;
11842 : 7C;
11843 : 7C;
11844 : BC;
11845 : F8;
11846 : F8;
11847 : F8;
11848 : 7C;
11849 : 7C;
1184A : 7C;
1184B : 7C;
1184C : BC;
1184D : F8;
1184E : F8;
1184F : F8;
11850 : 7C;
11851 : 7C;
11852 : 7C;
11853 : 7C;
11854 : BC;
11855 : F8;
11856 : F8;
11857 : F8;
11858 : 7C;
11859 : 7C;
1185A : 7C;
1185B : 7C;
1185C : BC;
1185D : F8;
1185E : F8;
1185F : F8;
11860 : 79;
11861 : 79;
11862 : 79;
11863 : 59;
11864 : 98;
11865 : D8;
11866 : D8;
11867 : D8;
11868 : 2E;
11869 : 32;
1186A : 32;
1186B : 2F;
1186C : 35;
1186D : 9C;
1186E : 9C;
1186F : 7C;
11870 : 32;
11871 : 32;
11872 : 32;
11873 : 2F;
11874 : 35;
11875 : 7C;
11876 : 7C;
11877 : 7C;
11878 : 32;
11879 : 32;
1187A : 32;
1187B : 2E;
1187C : 51;
1187D : 7C;
1187E : 7C;
1187F : 7C;
11880 : F8;
11881 : F8;
11882 : F8;
11883 : F8;
11884 : F8;
11885 : F8;
11886 : F8;
11887 : F8;
11888 : F8;
11889 : F8;
1188A : F8;
1188B : F8;
1188C : F8;
1188D : F8;
1188E : F8;
1188F : F8;
11890 : F8;
11891 : F8;
11892 : F8;
11893 : F8;
11894 : F8;
11895 : F8;
11896 : F8;
11897 : F8;
11898 : F8;
11899 : F8;
1189A : F8;
1189B : F8;
1189C : F8;
1189D : F8;
1189E : F8;
1189F : F8;
118A0 : D8;
118A1 : D8;
118A2 : D8;
118A3 : D8;
118A4 : D8;
118A5 : D8;
118A6 : D8;
118A7 : D8;
118A8 : 7C;
118A9 : 7C;
118AA : 7C;
118AB : 7C;
118AC : 7C;
118AD : 7C;
118AE : 7C;
118AF : 7C;
118B0 : 7C;
118B1 : 7C;
118B2 : 7C;
118B3 : 7C;
118B4 : 7C;
118B5 : 7C;
118B6 : 7C;
118B7 : 7C;
118B8 : 7C;
118B9 : 7C;
118BA : 7C;
118BB : 7C;
118BC : 7C;
118BD : 7C;
118BE : 7C;
118BF : 7C;
118C0 : F8;
118C1 : F0;
118C2 : E0;
118C3 : E0;
118C4 : E0;
118C5 : E0;
118C6 : E0;
118C7 : E0;
118C8 : F8;
118C9 : F0;
118CA : E0;
118CB : E0;
118CC : E0;
118CD : E0;
118CE : E0;
118CF : E0;
118D0 : F8;
118D1 : F0;
118D2 : E0;
118D3 : E0;
118D4 : E0;
118D5 : E0;
118D6 : E0;
118D7 : E0;
118D8 : F8;
118D9 : F0;
118DA : E0;
118DB : E0;
118DC : E0;
118DD : E0;
118DE : E0;
118DF : E0;
118E0 : DC;
118E1 : D4;
118E2 : E8;
118E3 : E8;
118E4 : E8;
118E5 : E8;
118E6 : E8;
118E7 : E8;
118E8 : 7C;
118E9 : BC;
118EA : F8;
118EB : F8;
118EC : F8;
118ED : F8;
118EE : F8;
118EF : F8;
118F0 : 7C;
118F1 : 9C;
118F2 : F8;
118F3 : F8;
118F4 : F8;
118F5 : F8;
118F6 : F8;
118F7 : F8;
118F8 : 7C;
118F9 : 9C;
118FA : F8;
118FB : F8;
118FC : F8;
118FD : F8;
118FE : F8;
118FF : F8;
11900 : E0;
11901 : E0;
11902 : E0;
11903 : E0;
11904 : E0;
11905 : E0;
11906 : E0;
11907 : E0;
11908 : E0;
11909 : E0;
1190A : E0;
1190B : E0;
1190C : E0;
1190D : E0;
1190E : E0;
1190F : E0;
11910 : E0;
11911 : E0;
11912 : E0;
11913 : E0;
11914 : E0;
11915 : E0;
11916 : E0;
11917 : E0;
11918 : E0;
11919 : E0;
1191A : E0;
1191B : E0;
1191C : E0;
1191D : E0;
1191E : E0;
1191F : E0;
11920 : E8;
11921 : E8;
11922 : E8;
11923 : E8;
11924 : E8;
11925 : E8;
11926 : E4;
11927 : E0;
11928 : F8;
11929 : F8;
1192A : F8;
1192B : F8;
1192C : F8;
1192D : F8;
1192E : EC;
1192F : E0;
11930 : F8;
11931 : F8;
11932 : F8;
11933 : F8;
11934 : F8;
11935 : F8;
11936 : EC;
11937 : E0;
11938 : F8;
11939 : F8;
1193A : F8;
1193B : F8;
1193C : F8;
1193D : F8;
1193E : EC;
1193F : E0;
11940 : E0;
11941 : E0;
11942 : E0;
11943 : E0;
11944 : E0;
11945 : E0;
11946 : E0;
11947 : E0;
11948 : E0;
11949 : E0;
1194A : E0;
1194B : E0;
1194C : E0;
1194D : E0;
1194E : E0;
1194F : E0;
11950 : E0;
11951 : E0;
11952 : E0;
11953 : E0;
11954 : E0;
11955 : E0;
11956 : E0;
11957 : E0;
11958 : E0;
11959 : E0;
1195A : E0;
1195B : E0;
1195C : E0;
1195D : E0;
1195E : E0;
1195F : E0;
11960 : E0;
11961 : E0;
11962 : E0;
11963 : E0;
11964 : E0;
11965 : E0;
11966 : E0;
11967 : E0;
11968 : E0;
11969 : E0;
1196A : E0;
1196B : E0;
1196C : E0;
1196D : E0;
1196E : E0;
1196F : E0;
11970 : E0;
11971 : E0;
11972 : E0;
11973 : E0;
11974 : E0;
11975 : E0;
11976 : E0;
11977 : E0;
11978 : E0;
11979 : E0;
1197A : E0;
1197B : E0;
1197C : E0;
1197D : E0;
1197E : E0;
1197F : E0;
11980 : E0;
11981 : E0;
11982 : E0;
11983 : E8;
11984 : EC;
11985 : EC;
11986 : EC;
11987 : EC;
11988 : E0;
11989 : E0;
1198A : E0;
1198B : E8;
1198C : EC;
1198D : EC;
1198E : EC;
1198F : EC;
11990 : E0;
11991 : E0;
11992 : E0;
11993 : E8;
11994 : EC;
11995 : EC;
11996 : EC;
11997 : EC;
11998 : E0;
11999 : E0;
1199A : E0;
1199B : EC;
1199C : EC;
1199D : EC;
1199E : EC;
1199F : EC;
119A0 : E0;
119A1 : E0;
119A2 : E0;
119A3 : E8;
119A4 : E8;
119A5 : E8;
119A6 : E8;
119A7 : E8;
119A8 : E0;
119A9 : E0;
119AA : E0;
119AB : E0;
119AC : E0;
119AD : E0;
119AE : E0;
119AF : E0;
119B0 : E0;
119B1 : E0;
119B2 : E0;
119B3 : E0;
119B4 : E0;
119B5 : E0;
119B6 : E0;
119B7 : E0;
119B8 : E0;
119B9 : E0;
119BA : E0;
119BB : E0;
119BC : E0;
119BD : E0;
119BE : E0;
119BF : E0;
119C0 : EC;
119C1 : EC;
119C2 : EC;
119C3 : EC;
119C4 : EC;
119C5 : EC;
119C6 : EC;
119C7 : EC;
119C8 : EC;
119C9 : EC;
119CA : EC;
119CB : EC;
119CC : EC;
119CD : EC;
119CE : EC;
119CF : EC;
119D0 : EC;
119D1 : EC;
119D2 : EC;
119D3 : EC;
119D4 : EC;
119D5 : EC;
119D6 : EC;
119D7 : EC;
119D8 : EC;
119D9 : EC;
119DA : EC;
119DB : EC;
119DC : EC;
119DD : EC;
119DE : EC;
119DF : EC;
119E0 : E8;
119E1 : E8;
119E2 : E8;
119E3 : E8;
119E4 : E8;
119E5 : E8;
119E6 : E8;
119E7 : E8;
119E8 : E0;
119E9 : E0;
119EA : E0;
119EB : E0;
119EC : E0;
119ED : E0;
119EE : E0;
119EF : E4;
119F0 : E0;
119F1 : E0;
119F2 : E0;
119F3 : E0;
119F4 : E0;
119F5 : E0;
119F6 : E0;
119F7 : E4;
119F8 : E0;
119F9 : E0;
119FA : E0;
119FB : E0;
119FC : E0;
119FD : E0;
119FE : E0;
119FF : E4;
11A00 : E0;
11A01 : E0;
11A02 : E0;
11A03 : E0;
11A04 : E0;
11A05 : E0;
11A06 : E0;
11A07 : E0;
11A08 : E0;
11A09 : E0;
11A0A : E0;
11A0B : E0;
11A0C : E0;
11A0D : E0;
11A0E : E0;
11A0F : E0;
11A10 : E0;
11A11 : E0;
11A12 : E0;
11A13 : E0;
11A14 : E0;
11A15 : E0;
11A16 : E0;
11A17 : E0;
11A18 : E0;
11A19 : E0;
11A1A : E0;
11A1B : E0;
11A1C : E0;
11A1D : E0;
11A1E : E0;
11A1F : E0;
11A20 : E4;
11A21 : C4;
11A22 : C4;
11A23 : C4;
11A24 : C4;
11A25 : C4;
11A26 : C4;
11A27 : C4;
11A28 : AC;
11A29 : B0;
11A2A : B0;
11A2B : B0;
11A2C : B0;
11A2D : B0;
11A2E : B0;
11A2F : B0;
11A30 : AC;
11A31 : B0;
11A32 : B0;
11A33 : B0;
11A34 : B0;
11A35 : B0;
11A36 : B0;
11A37 : B0;
11A38 : AC;
11A39 : B0;
11A3A : B0;
11A3B : B0;
11A3C : B0;
11A3D : B0;
11A3E : B0;
11A3F : B0;
11A40 : E0;
11A41 : E0;
11A42 : E0;
11A43 : E0;
11A44 : E1;
11A45 : A3;
11A46 : A3;
11A47 : A3;
11A48 : E0;
11A49 : E0;
11A4A : E0;
11A4B : E0;
11A4C : E1;
11A4D : A3;
11A4E : A3;
11A4F : A3;
11A50 : E0;
11A51 : E0;
11A52 : E0;
11A53 : E0;
11A54 : E1;
11A55 : A3;
11A56 : A3;
11A57 : A3;
11A58 : E0;
11A59 : E0;
11A5A : E0;
11A5B : E0;
11A5C : E1;
11A5D : A3;
11A5E : A3;
11A5F : A3;
11A60 : C4;
11A61 : C4;
11A62 : C4;
11A63 : C4;
11A64 : C5;
11A65 : C3;
11A66 : C3;
11A67 : C3;
11A68 : B0;
11A69 : B0;
11A6A : B0;
11A6B : B0;
11A6C : AC;
11A6D : E1;
11A6E : E0;
11A6F : E0;
11A70 : B0;
11A71 : B0;
11A72 : AC;
11A73 : B0;
11A74 : AC;
11A75 : E0;
11A76 : E0;
11A77 : E0;
11A78 : B0;
11A79 : B0;
11A7A : B0;
11A7B : B0;
11A7C : AC;
11A7D : E0;
11A7E : E0;
11A7F : E0;
11A80 : A3;
11A81 : A3;
11A82 : A3;
11A83 : A3;
11A84 : A3;
11A85 : A3;
11A86 : A3;
11A87 : A3;
11A88 : A3;
11A89 : A3;
11A8A : A3;
11A8B : A3;
11A8C : A3;
11A8D : A3;
11A8E : A3;
11A8F : A3;
11A90 : A3;
11A91 : A3;
11A92 : A3;
11A93 : A3;
11A94 : A3;
11A95 : A3;
11A96 : A3;
11A97 : A3;
11A98 : A3;
11A99 : A3;
11A9A : A3;
11A9B : A3;
11A9C : A3;
11A9D : A3;
11A9E : A3;
11A9F : A3;
11AA0 : C3;
11AA1 : C3;
11AA2 : C3;
11AA3 : C3;
11AA4 : C3;
11AA5 : C3;
11AA6 : C3;
11AA7 : A3;
11AA8 : E0;
11AA9 : E0;
11AAA : E0;
11AAB : E0;
11AAC : E0;
11AAD : E0;
11AAE : E0;
11AAF : E0;
11AB0 : E0;
11AB1 : E0;
11AB2 : E0;
11AB3 : E0;
11AB4 : E0;
11AB5 : E0;
11AB6 : E0;
11AB7 : E0;
11AB8 : E0;
11AB9 : E0;
11ABA : E0;
11ABB : E0;
11ABC : E0;
11ABD : E0;
11ABE : E0;
11ABF : E0;
11AC0 : C3;
11AC1 : 6F;
11AC2 : 17;
11AC3 : 17;
11AC4 : 17;
11AC5 : 17;
11AC6 : 17;
11AC7 : 17;
11AC8 : C3;
11AC9 : 6F;
11ACA : 17;
11ACB : 17;
11ACC : 17;
11ACD : 17;
11ACE : 17;
11ACF : 17;
11AD0 : C3;
11AD1 : 6F;
11AD2 : 17;
11AD3 : 17;
11AD4 : 17;
11AD5 : 17;
11AD6 : 17;
11AD7 : 17;
11AD8 : A3;
11AD9 : 6F;
11ADA : 17;
11ADB : 17;
11ADC : 17;
11ADD : 17;
11ADE : 17;
11ADF : 17;
11AE0 : C2;
11AE1 : 8B;
11AE2 : 53;
11AE3 : 53;
11AE4 : 53;
11AE5 : 53;
11AE6 : 53;
11AE7 : 53;
11AE8 : E0;
11AE9 : C2;
11AEA : A3;
11AEB : A3;
11AEC : A3;
11AED : A3;
11AEE : A3;
11AEF : A3;
11AF0 : E0;
11AF1 : C2;
11AF2 : A3;
11AF3 : A3;
11AF4 : A3;
11AF5 : A3;
11AF6 : A3;
11AF7 : A3;
11AF8 : E0;
11AF9 : C2;
11AFA : A3;
11AFB : A3;
11AFC : A3;
11AFD : A3;
11AFE : A3;
11AFF : A3;
11B00 : 17;
11B01 : 17;
11B02 : 17;
11B03 : 17;
11B04 : 17;
11B05 : 17;
11B06 : 8B;
11B07 : E3;
11B08 : 17;
11B09 : 17;
11B0A : 17;
11B0B : 17;
11B0C : 17;
11B0D : 17;
11B0E : 8B;
11B0F : E3;
11B10 : 17;
11B11 : 17;
11B12 : 17;
11B13 : 17;
11B14 : 17;
11B15 : 17;
11B16 : 8B;
11B17 : E3;
11B18 : 17;
11B19 : 17;
11B1A : 17;
11B1B : 17;
11B1C : 17;
11B1D : 17;
11B1E : 8B;
11B1F : E3;
11B20 : 53;
11B21 : 53;
11B22 : 53;
11B23 : 53;
11B24 : 53;
11B25 : 53;
11B26 : 8F;
11B27 : AB;
11B28 : A3;
11B29 : A3;
11B2A : A3;
11B2B : A3;
11B2C : A3;
11B2D : C3;
11B2E : 6F;
11B2F : 17;
11B30 : A3;
11B31 : A3;
11B32 : A3;
11B33 : A3;
11B34 : A3;
11B35 : C3;
11B36 : 4F;
11B37 : 17;
11B38 : A3;
11B39 : A3;
11B3A : A3;
11B3B : A3;
11B3C : A3;
11B3D : A3;
11B3E : 4F;
11B3F : 17;
11B40 : E3;
11B41 : E3;
11B42 : E3;
11B43 : E3;
11B44 : E3;
11B45 : E3;
11B46 : E3;
11B47 : E3;
11B48 : E3;
11B49 : E3;
11B4A : E3;
11B4B : E3;
11B4C : E3;
11B4D : E3;
11B4E : E3;
11B4F : E3;
11B50 : E3;
11B51 : E3;
11B52 : E3;
11B53 : E3;
11B54 : E3;
11B55 : E3;
11B56 : E3;
11B57 : E3;
11B58 : E3;
11B59 : E3;
11B5A : E3;
11B5B : E3;
11B5C : E3;
11B5D : E3;
11B5E : E3;
11B5F : E3;
11B60 : AB;
11B61 : AB;
11B62 : AB;
11B63 : AB;
11B64 : AB;
11B65 : AB;
11B66 : AB;
11B67 : AB;
11B68 : 17;
11B69 : 17;
11B6A : 17;
11B6B : 17;
11B6C : 17;
11B6D : 17;
11B6E : 17;
11B6F : 17;
11B70 : 17;
11B71 : 17;
11B72 : 17;
11B73 : 17;
11B74 : 17;
11B75 : 17;
11B76 : 17;
11B77 : 17;
11B78 : 17;
11B79 : 17;
11B7A : 17;
11B7B : 17;
11B7C : 17;
11B7D : 17;
11B7E : 17;
11B7F : 17;
11B80 : E3;
11B81 : E3;
11B82 : E3;
11B83 : E1;
11B84 : E4;
11B85 : E0;
11B86 : E0;
11B87 : E0;
11B88 : E3;
11B89 : E3;
11B8A : E3;
11B8B : E1;
11B8C : E4;
11B8D : E0;
11B8E : E0;
11B8F : E0;
11B90 : E3;
11B91 : E3;
11B92 : E3;
11B93 : E1;
11B94 : E4;
11B95 : E0;
11B96 : E0;
11B97 : E0;
11B98 : E3;
11B99 : E3;
11B9A : E3;
11B9B : E1;
11B9C : E4;
11B9D : E4;
11B9E : E0;
11B9F : E0;
11BA0 : AB;
11BA1 : AB;
11BA2 : AB;
11BA3 : E5;
11BA4 : E1;
11BA5 : E1;
11BA6 : E1;
11BA7 : E1;
11BA8 : 17;
11BA9 : 17;
11BAA : 57;
11BAB : C7;
11BAC : E3;
11BAD : E3;
11BAE : E3;
11BAF : E3;
11BB0 : 17;
11BB1 : 17;
11BB2 : 37;
11BB3 : C7;
11BB4 : E3;
11BB5 : E3;
11BB6 : E3;
11BB7 : E3;
11BB8 : 17;
11BB9 : 17;
11BBA : 37;
11BBB : C7;
11BBC : E3;
11BBD : E3;
11BBE : E3;
11BBF : E3;
11BC0 : E0;
11BC1 : E0;
11BC2 : E0;
11BC3 : E0;
11BC4 : E0;
11BC5 : E0;
11BC6 : E0;
11BC7 : E4;
11BC8 : E0;
11BC9 : E0;
11BCA : E0;
11BCB : E0;
11BCC : E0;
11BCD : E0;
11BCE : E0;
11BCF : E4;
11BD0 : E0;
11BD1 : E0;
11BD2 : E0;
11BD3 : E0;
11BD4 : E0;
11BD5 : E0;
11BD6 : E0;
11BD7 : E4;
11BD8 : E0;
11BD9 : E0;
11BDA : E0;
11BDB : E0;
11BDC : E0;
11BDD : E4;
11BDE : E4;
11BDF : E4;
11BE0 : E1;
11BE1 : E1;
11BE2 : E1;
11BE3 : E1;
11BE4 : E1;
11BE5 : E1;
11BE6 : E1;
11BE7 : E1;
11BE8 : E3;
11BE9 : E3;
11BEA : E3;
11BEB : E3;
11BEC : E3;
11BED : E3;
11BEE : E3;
11BEF : E3;
11BF0 : E3;
11BF1 : E3;
11BF2 : E3;
11BF3 : E3;
11BF4 : E3;
11BF5 : E3;
11BF6 : E3;
11BF7 : E3;
11BF8 : E3;
11BF9 : E3;
11BFA : E3;
11BFB : E3;
11BFC : E3;
11BFD : E3;
11BFE : E3;
11BFF : E3;
11C00 : A8;
11C01 : A8;
11C02 : A8;
11C03 : A8;
11C04 : A8;
11C05 : A8;
11C06 : A8;
11C07 : A8;
11C08 : A8;
11C09 : A8;
11C0A : A8;
11C0B : A8;
11C0C : A8;
11C0D : A8;
11C0E : A8;
11C0F : A8;
11C10 : A8;
11C11 : A8;
11C12 : A8;
11C13 : A8;
11C14 : A8;
11C15 : A8;
11C16 : A8;
11C17 : A8;
11C18 : A8;
11C19 : A8;
11C1A : A8;
11C1B : A8;
11C1C : A8;
11C1D : A8;
11C1E : A8;
11C1F : A8;
11C20 : A8;
11C21 : A8;
11C22 : A8;
11C23 : A8;
11C24 : A8;
11C25 : A8;
11C26 : A8;
11C27 : A8;
11C28 : A8;
11C29 : A8;
11C2A : A8;
11C2B : A8;
11C2C : A8;
11C2D : A8;
11C2E : A8;
11C2F : A8;
11C30 : D0;
11C31 : D0;
11C32 : D0;
11C33 : D0;
11C34 : D0;
11C35 : D0;
11C36 : D0;
11C37 : D0;
11C38 : F4;
11C39 : F4;
11C3A : F4;
11C3B : F4;
11C3C : F4;
11C3D : F4;
11C3E : F4;
11C3F : F4;
11C40 : A8;
11C41 : A8;
11C42 : A8;
11C43 : AC;
11C44 : C9;
11C45 : E3;
11C46 : E3;
11C47 : E3;
11C48 : A8;
11C49 : A8;
11C4A : A8;
11C4B : AC;
11C4C : C9;
11C4D : E3;
11C4E : E3;
11C4F : E3;
11C50 : A8;
11C51 : A8;
11C52 : A8;
11C53 : AC;
11C54 : C9;
11C55 : E3;
11C56 : E3;
11C57 : E3;
11C58 : A8;
11C59 : A8;
11C5A : A8;
11C5B : AC;
11C5C : C9;
11C5D : E3;
11C5E : E3;
11C5F : E3;
11C60 : A8;
11C61 : A8;
11C62 : A8;
11C63 : AC;
11C64 : C9;
11C65 : E3;
11C66 : E3;
11C67 : E3;
11C68 : A8;
11C69 : A8;
11C6A : A8;
11C6B : A8;
11C6C : C9;
11C6D : E3;
11C6E : E3;
11C6F : E3;
11C70 : D0;
11C71 : D0;
11C72 : D0;
11C73 : D0;
11C74 : CD;
11C75 : C5;
11C76 : C5;
11C77 : C5;
11C78 : F4;
11C79 : F4;
11C7A : F4;
11C7B : F4;
11C7C : D0;
11C7D : A8;
11C7E : A8;
11C7F : AC;
11C80 : E3;
11C81 : E3;
11C82 : E3;
11C83 : E3;
11C84 : E3;
11C85 : E3;
11C86 : E3;
11C87 : E3;
11C88 : E3;
11C89 : E3;
11C8A : E3;
11C8B : E3;
11C8C : E3;
11C8D : E3;
11C8E : E3;
11C8F : E3;
11C90 : E3;
11C91 : E3;
11C92 : E3;
11C93 : E3;
11C94 : E3;
11C95 : E3;
11C96 : E3;
11C97 : E3;
11C98 : E3;
11C99 : E3;
11C9A : E3;
11C9B : E3;
11C9C : E3;
11C9D : E3;
11C9E : E3;
11C9F : E3;
11CA0 : E3;
11CA1 : E3;
11CA2 : E3;
11CA3 : E3;
11CA4 : E3;
11CA5 : E3;
11CA6 : E3;
11CA7 : E3;
11CA8 : E3;
11CA9 : E3;
11CAA : E3;
11CAB : E3;
11CAC : E3;
11CAD : E3;
11CAE : E3;
11CAF : E3;
11CB0 : C5;
11CB1 : C5;
11CB2 : C5;
11CB3 : C5;
11CB4 : C5;
11CB5 : C5;
11CB6 : C5;
11CB7 : C5;
11CB8 : AC;
11CB9 : AC;
11CBA : AC;
11CBB : AC;
11CBC : AC;
11CBD : AC;
11CBE : AC;
11CBF : AC;
11CC0 : E3;
11CC1 : A7;
11CC2 : 6F;
11CC3 : 8F;
11CC4 : 8F;
11CC5 : 8F;
11CC6 : 8F;
11CC7 : 8F;
11CC8 : E3;
11CC9 : A7;
11CCA : 6F;
11CCB : 8F;
11CCC : 8F;
11CCD : 8F;
11CCE : 8F;
11CCF : 8F;
11CD0 : E3;
11CD1 : A7;
11CD2 : 6F;
11CD3 : 8F;
11CD4 : 8F;
11CD5 : 8F;
11CD6 : 8F;
11CD7 : 8F;
11CD8 : E3;
11CD9 : A7;
11CDA : 6F;
11CDB : 8F;
11CDC : 8F;
11CDD : 8F;
11CDE : 8F;
11CDF : 8F;
11CE0 : E3;
11CE1 : A7;
11CE2 : 6F;
11CE3 : 8F;
11CE4 : 8F;
11CE5 : 8F;
11CE6 : 8F;
11CE7 : 8F;
11CE8 : E3;
11CE9 : C7;
11CEA : 73;
11CEB : 8F;
11CEC : 8F;
11CED : 8F;
11CEE : 8F;
11CEF : 8F;
11CF0 : C9;
11CF1 : A6;
11CF2 : A7;
11CF3 : C7;
11CF4 : C7;
11CF5 : C7;
11CF6 : C7;
11CF7 : C7;
11CF8 : 8C;
11CF9 : C5;
11CFA : E3;
11CFB : E3;
11CFC : E3;
11CFD : E3;
11CFE : E3;
11CFF : E3;
11D00 : 8F;
11D01 : 8F;
11D02 : 8F;
11D03 : 8F;
11D04 : 8F;
11D05 : 8F;
11D06 : 56;
11D07 : 1D;
11D08 : 8F;
11D09 : 8F;
11D0A : 8F;
11D0B : 8F;
11D0C : 8F;
11D0D : 8F;
11D0E : 56;
11D0F : 1D;
11D10 : 8F;
11D11 : 8F;
11D12 : 8F;
11D13 : 8F;
11D14 : 8F;
11D15 : 8F;
11D16 : 56;
11D17 : 1D;
11D18 : 8F;
11D19 : 8F;
11D1A : 8F;
11D1B : 8F;
11D1C : 8F;
11D1D : 8F;
11D1E : 56;
11D1F : 1D;
11D20 : 8F;
11D21 : 8F;
11D22 : 8F;
11D23 : 8F;
11D24 : 8F;
11D25 : 8F;
11D26 : 56;
11D27 : 1D;
11D28 : 8F;
11D29 : 8F;
11D2A : 8F;
11D2B : 8F;
11D2C : 8F;
11D2D : 6F;
11D2E : 5A;
11D2F : 1D;
11D30 : C7;
11D31 : C7;
11D32 : C7;
11D33 : C7;
11D34 : C7;
11D35 : C7;
11D36 : 8F;
11D37 : 56;
11D38 : E3;
11D39 : E3;
11D3A : E3;
11D3B : E3;
11D3C : E3;
11D3D : E3;
11D3E : CB;
11D3F : 8F;
11D40 : 1D;
11D41 : 1D;
11D42 : 1D;
11D43 : 1D;
11D44 : 1D;
11D45 : 1D;
11D46 : 1D;
11D47 : 1D;
11D48 : 1D;
11D49 : 1D;
11D4A : 1D;
11D4B : 1D;
11D4C : 1D;
11D4D : 1D;
11D4E : 1D;
11D4F : 1D;
11D50 : 1D;
11D51 : 1D;
11D52 : 1D;
11D53 : 1D;
11D54 : 1D;
11D55 : 1D;
11D56 : 1D;
11D57 : 1D;
11D58 : 1D;
11D59 : 1D;
11D5A : 1D;
11D5B : 1D;
11D5C : 1D;
11D5D : 1D;
11D5E : 1D;
11D5F : 1D;
11D60 : 1D;
11D61 : 1D;
11D62 : 1D;
11D63 : 1D;
11D64 : 1D;
11D65 : 1D;
11D66 : 1D;
11D67 : 1D;
11D68 : 1D;
11D69 : 1D;
11D6A : 1D;
11D6B : 1D;
11D6C : 1D;
11D6D : 1D;
11D6E : 1D;
11D6F : 1D;
11D70 : 56;
11D71 : 56;
11D72 : 56;
11D73 : 56;
11D74 : 56;
11D75 : 56;
11D76 : 56;
11D77 : 56;
11D78 : 8F;
11D79 : 8F;
11D7A : 8F;
11D7B : 8F;
11D7C : 8F;
11D7D : 8F;
11D7E : 8F;
11D7F : 8F;
11D80 : 1D;
11D81 : 1D;
11D82 : 1D;
11D83 : C8;
11D84 : E0;
11D85 : E0;
11D86 : E0;
11D87 : E0;
11D88 : 1D;
11D89 : 1D;
11D8A : 1D;
11D8B : C8;
11D8C : E0;
11D8D : E0;
11D8E : E0;
11D8F : E0;
11D90 : 1D;
11D91 : 1D;
11D92 : 1D;
11D93 : C8;
11D94 : E0;
11D95 : E0;
11D96 : E0;
11D97 : E0;
11D98 : 1D;
11D99 : 1D;
11D9A : 1D;
11D9B : C8;
11D9C : E0;
11D9D : E0;
11D9E : E0;
11D9F : E0;
11DA0 : 1D;
11DA1 : 1D;
11DA2 : 1D;
11DA3 : C8;
11DA4 : E0;
11DA5 : E0;
11DA6 : E0;
11DA7 : E0;
11DA8 : 1D;
11DA9 : 1D;
11DAA : 1D;
11DAB : E8;
11DAC : E0;
11DAD : E0;
11DAE : E0;
11DAF : E0;
11DB0 : 56;
11DB1 : 56;
11DB2 : 52;
11DB3 : 75;
11DB4 : 71;
11DB5 : 71;
11DB6 : 71;
11DB7 : 71;
11DB8 : 8F;
11DB9 : 8F;
11DBA : AF;
11DBB : 19;
11DBC : 1D;
11DBD : 1D;
11DBE : 1D;
11DBF : 1D;
11DC0 : E0;
11DC1 : E0;
11DC2 : E0;
11DC3 : E0;
11DC4 : E0;
11DC5 : E0;
11DC6 : E0;
11DC7 : E0;
11DC8 : E0;
11DC9 : E0;
11DCA : E0;
11DCB : E0;
11DCC : E0;
11DCD : E0;
11DCE : E0;
11DCF : E0;
11DD0 : E0;
11DD1 : E0;
11DD2 : E0;
11DD3 : E0;
11DD4 : E0;
11DD5 : E0;
11DD6 : E0;
11DD7 : E0;
11DD8 : E0;
11DD9 : E0;
11DDA : E0;
11DDB : E0;
11DDC : E0;
11DDD : E0;
11DDE : E0;
11DDF : E0;
11DE0 : E0;
11DE1 : E0;
11DE2 : E0;
11DE3 : E0;
11DE4 : E0;
11DE5 : E0;
11DE6 : E0;
11DE7 : E0;
11DE8 : E0;
11DE9 : E0;
11DEA : E0;
11DEB : E0;
11DEC : E0;
11DED : E0;
11DEE : E0;
11DEF : E0;
11DF0 : 71;
11DF1 : 71;
11DF2 : 71;
11DF3 : 71;
11DF4 : 71;
11DF5 : 71;
11DF6 : 71;
11DF7 : 91;
11DF8 : 1D;
11DF9 : 1D;
11DFA : 1D;
11DFB : 1D;
11DFC : 1D;
11DFD : 1D;
11DFE : 1D;
11DFF : 59;
11E00 : A4;
11E01 : A5;
11E02 : A5;
11E03 : A5;
11E04 : A5;
11E05 : A5;
11E06 : A5;
11E07 : A5;
11E08 : A4;
11E09 : A5;
11E0A : A5;
11E0B : A5;
11E0C : A5;
11E0D : A5;
11E0E : A5;
11E0F : A5;
11E10 : A4;
11E11 : A5;
11E12 : A5;
11E13 : A5;
11E14 : A5;
11E15 : A5;
11E16 : A5;
11E17 : A5;
11E18 : A4;
11E19 : A5;
11E1A : A5;
11E1B : A5;
11E1C : A5;
11E1D : A5;
11E1E : A5;
11E1F : A5;
11E20 : A4;
11E21 : A5;
11E22 : A5;
11E23 : A5;
11E24 : A5;
11E25 : A5;
11E26 : A5;
11E27 : A5;
11E28 : A4;
11E29 : A5;
11E2A : A5;
11E2B : A5;
11E2C : A5;
11E2D : A5;
11E2E : A5;
11E2F : A5;
11E30 : C8;
11E31 : C9;
11E32 : C9;
11E33 : C9;
11E34 : C9;
11E35 : C9;
11E36 : C9;
11E37 : C9;
11E38 : CC;
11E39 : EC;
11E3A : EC;
11E3B : EC;
11E3C : EC;
11E3D : EC;
11E3E : EC;
11E3F : EC;
11E40 : A5;
11E41 : A5;
11E42 : A5;
11E43 : A4;
11E44 : A5;
11E45 : 6E;
11E46 : 6E;
11E47 : 6E;
11E48 : A5;
11E49 : A5;
11E4A : A5;
11E4B : A4;
11E4C : A5;
11E4D : 6E;
11E4E : 6E;
11E4F : 6E;
11E50 : A5;
11E51 : A5;
11E52 : A5;
11E53 : A4;
11E54 : A5;
11E55 : 6E;
11E56 : 6E;
11E57 : 6E;
11E58 : A5;
11E59 : A5;
11E5A : A5;
11E5B : A4;
11E5C : A5;
11E5D : 6E;
11E5E : 6E;
11E5F : 6E;
11E60 : A5;
11E61 : A5;
11E62 : A5;
11E63 : A4;
11E64 : A5;
11E65 : 6E;
11E66 : 6E;
11E67 : 6E;
11E68 : A5;
11E69 : A5;
11E6A : A5;
11E6B : A4;
11E6C : A5;
11E6D : 6E;
11E6E : 6E;
11E6F : 6E;
11E70 : C9;
11E71 : C9;
11E72 : C8;
11E73 : C8;
11E74 : C9;
11E75 : 89;
11E76 : 89;
11E77 : 89;
11E78 : EC;
11E79 : EC;
11E7A : EC;
11E7B : EC;
11E7C : C8;
11E7D : A5;
11E7E : A5;
11E7F : A5;
11E80 : 6E;
11E81 : 6E;
11E82 : 6E;
11E83 : 6E;
11E84 : 6E;
11E85 : 6E;
11E86 : 6E;
11E87 : 6E;
11E88 : 6E;
11E89 : 6E;
11E8A : 6E;
11E8B : 6E;
11E8C : 6E;
11E8D : 6E;
11E8E : 6E;
11E8F : 6E;
11E90 : 6E;
11E91 : 6E;
11E92 : 6E;
11E93 : 6E;
11E94 : 6E;
11E95 : 6E;
11E96 : 6E;
11E97 : 6E;
11E98 : 6E;
11E99 : 6E;
11E9A : 6E;
11E9B : 6E;
11E9C : 6E;
11E9D : 6E;
11E9E : 6E;
11E9F : 6E;
11EA0 : 6E;
11EA1 : 6E;
11EA2 : 6E;
11EA3 : 6E;
11EA4 : 6E;
11EA5 : 6E;
11EA6 : 6E;
11EA7 : 6E;
11EA8 : 6E;
11EA9 : 6E;
11EAA : 6E;
11EAB : 6E;
11EAC : 6E;
11EAD : 6E;
11EAE : 6E;
11EAF : 6E;
11EB0 : 89;
11EB1 : 89;
11EB2 : 89;
11EB3 : 89;
11EB4 : 89;
11EB5 : 89;
11EB6 : 89;
11EB7 : 89;
11EB8 : A5;
11EB9 : A5;
11EBA : A5;
11EBB : A5;
11EBC : A5;
11EBD : A5;
11EBE : A5;
11EBF : A5;
11EC0 : 6A;
11EC1 : 73;
11EC2 : 9B;
11EC3 : 9B;
11EC4 : 9B;
11EC5 : 9B;
11EC6 : 9B;
11EC7 : 9B;
11EC8 : 6A;
11EC9 : 73;
11ECA : 9B;
11ECB : 9B;
11ECC : 9B;
11ECD : 9B;
11ECE : 9B;
11ECF : 9B;
11ED0 : 6A;
11ED1 : 73;
11ED2 : 9B;
11ED3 : 9B;
11ED4 : 9B;
11ED5 : 9B;
11ED6 : 9B;
11ED7 : 9B;
11ED8 : 6A;
11ED9 : 73;
11EDA : 9B;
11EDB : 9B;
11EDC : 9B;
11EDD : 9B;
11EDE : 9B;
11EDF : 9B;
11EE0 : 6A;
11EE1 : 73;
11EE2 : 9B;
11EE3 : 9B;
11EE4 : 9B;
11EE5 : 9B;
11EE6 : 9B;
11EE7 : 9B;
11EE8 : 6A;
11EE9 : 73;
11EEA : 9F;
11EEB : 9B;
11EEC : 9B;
11EED : 9B;
11EEE : 9B;
11EEF : 9B;
11EF0 : 89;
11EF1 : 8E;
11EF2 : 72;
11EF3 : 72;
11EF4 : 72;
11EF5 : 72;
11EF6 : 72;
11EF7 : 72;
11EF8 : A4;
11EF9 : A5;
11EFA : 6A;
11EFB : 6A;
11EFC : 6A;
11EFD : 6A;
11EFE : 6A;
11EFF : 6A;
11F00 : 9B;
11F01 : 9B;
11F02 : 9B;
11F03 : 9B;
11F04 : 9B;
11F05 : 9B;
11F06 : 9D;
11F07 : 7C;
11F08 : 9B;
11F09 : 9B;
11F0A : 9B;
11F0B : 9B;
11F0C : 9B;
11F0D : 9B;
11F0E : 9D;
11F0F : 7C;
11F10 : 9B;
11F11 : 9B;
11F12 : 9B;
11F13 : 9B;
11F14 : 9B;
11F15 : 9B;
11F16 : 9D;
11F17 : 7C;
11F18 : 9B;
11F19 : 9B;
11F1A : 9B;
11F1B : 9B;
11F1C : 9B;
11F1D : 9B;
11F1E : 9D;
11F1F : 7C;
11F20 : 9B;
11F21 : 9B;
11F22 : 9B;
11F23 : 9B;
11F24 : 9B;
11F25 : 9B;
11F26 : 9D;
11F27 : 7C;
11F28 : 9B;
11F29 : 9B;
11F2A : 9B;
11F2B : 9B;
11F2C : 9B;
11F2D : 9B;
11F2E : 9D;
11F2F : 7C;
11F30 : 72;
11F31 : 72;
11F32 : 72;
11F33 : 73;
11F34 : 72;
11F35 : 73;
11F36 : 9A;
11F37 : 9A;
11F38 : 6A;
11F39 : 6A;
11F3A : 6A;
11F3B : 6A;
11F3C : 6A;
11F3D : 6A;
11F3E : 77;
11F3F : 9B;
11F40 : 7C;
11F41 : 7C;
11F42 : 7C;
11F43 : 7C;
11F44 : 7C;
11F45 : 7C;
11F46 : 7C;
11F47 : 7C;
11F48 : 7C;
11F49 : 7C;
11F4A : 7C;
11F4B : 7C;
11F4C : 7C;
11F4D : 7C;
11F4E : 7C;
11F4F : 7C;
11F50 : 7C;
11F51 : 7C;
11F52 : 7C;
11F53 : 7C;
11F54 : 7C;
11F55 : 7C;
11F56 : 7C;
11F57 : 7C;
11F58 : 7C;
11F59 : 7C;
11F5A : 7C;
11F5B : 7C;
11F5C : 7C;
11F5D : 7C;
11F5E : 7C;
11F5F : 7C;
11F60 : 7C;
11F61 : 7C;
11F62 : 7C;
11F63 : 7C;
11F64 : 7C;
11F65 : 7C;
11F66 : 7C;
11F67 : 7C;
11F68 : 7C;
11F69 : 7C;
11F6A : 7C;
11F6B : 7C;
11F6C : 7C;
11F6D : 7C;
11F6E : 7C;
11F6F : 7C;
11F70 : 9A;
11F71 : 9A;
11F72 : 9A;
11F73 : 9A;
11F74 : 9A;
11F75 : 9A;
11F76 : 9A;
11F77 : 9A;
11F78 : 9B;
11F79 : 9B;
11F7A : 9B;
11F7B : 9B;
11F7C : 9B;
11F7D : 9B;
11F7E : 9B;
11F7F : 9B;
11F80 : 7C;
11F81 : 7C;
11F82 : 7C;
11F83 : 7C;
11F84 : 5C;
11F85 : 5C;
11F86 : 5C;
11F87 : 5C;
11F88 : 7C;
11F89 : 7C;
11F8A : 7C;
11F8B : 7C;
11F8C : 5C;
11F8D : 5C;
11F8E : 5C;
11F8F : 5C;
11F90 : 7C;
11F91 : 7C;
11F92 : 7C;
11F93 : 7C;
11F94 : 5C;
11F95 : 5C;
11F96 : 5C;
11F97 : 5C;
11F98 : 7C;
11F99 : 7C;
11F9A : 7C;
11F9B : 7C;
11F9C : 5C;
11F9D : 5C;
11F9E : 5C;
11F9F : 5C;
11FA0 : 7C;
11FA1 : 7C;
11FA2 : 7C;
11FA3 : 7C;
11FA4 : 5C;
11FA5 : 5C;
11FA6 : 5C;
11FA7 : 5C;
11FA8 : 7C;
11FA9 : 7C;
11FAA : 7C;
11FAB : 7C;
11FAC : 5C;
11FAD : 5C;
11FAE : 5C;
11FAF : 5C;
11FB0 : 9A;
11FB1 : 9A;
11FB2 : 9A;
11FB3 : 7D;
11FB4 : 7C;
11FB5 : 7C;
11FB6 : 7C;
11FB7 : 7C;
11FB8 : 9B;
11FB9 : 9B;
11FBA : 9B;
11FBB : 9D;
11FBC : 7C;
11FBD : 9C;
11FBE : 7C;
11FBF : 7C;
11FC0 : 5C;
11FC1 : 5C;
11FC2 : 5C;
11FC3 : 5C;
11FC4 : 5C;
11FC5 : 5C;
11FC6 : 5C;
11FC7 : 5C;
11FC8 : 5C;
11FC9 : 5C;
11FCA : 5C;
11FCB : 5C;
11FCC : 5C;
11FCD : 5C;
11FCE : 5C;
11FCF : 5C;
11FD0 : 5C;
11FD1 : 5C;
11FD2 : 5C;
11FD3 : 5C;
11FD4 : 5C;
11FD5 : 5C;
11FD6 : 5C;
11FD7 : 5C;
11FD8 : 5C;
11FD9 : 5C;
11FDA : 5C;
11FDB : 5C;
11FDC : 5C;
11FDD : 5C;
11FDE : 5C;
11FDF : 5C;
11FE0 : 5C;
11FE1 : 5C;
11FE2 : 5C;
11FE3 : 5C;
11FE4 : 5C;
11FE5 : 5C;
11FE6 : 5C;
11FE7 : 5C;
11FE8 : 5C;
11FE9 : 5C;
11FEA : 5C;
11FEB : 5C;
11FEC : 5C;
11FED : 5C;
11FEE : 5C;
11FEF : 5C;
11FF0 : 7C;
11FF1 : 7C;
11FF2 : 7C;
11FF3 : 7C;
11FF4 : 7C;
11FF5 : 7C;
11FF6 : 7C;
11FF7 : 78;
11FF8 : 7C;
11FF9 : 7C;
11FFA : 7C;
11FFB : 7C;
11FFC : 7C;
11FFD : 9C;
11FFE : 7C;
11FFF : 98;
12000 : 6A;
12001 : 66;
12002 : 66;
12003 : 66;
12004 : 66;
12005 : 66;
12006 : 66;
12007 : 66;
12008 : 6A;
12009 : 66;
1200A : 66;
1200B : 66;
1200C : 66;
1200D : 66;
1200E : 66;
1200F : 66;
12010 : 6A;
12011 : 66;
12012 : 66;
12013 : 66;
12014 : 66;
12015 : 66;
12016 : 66;
12017 : 66;
12018 : 6A;
12019 : 66;
1201A : 66;
1201B : 66;
1201C : 66;
1201D : 66;
1201E : 66;
1201F : 66;
12020 : 6A;
12021 : 66;
12022 : 66;
12023 : 66;
12024 : 66;
12025 : 66;
12026 : 66;
12027 : 66;
12028 : 6A;
12029 : 66;
1202A : 66;
1202B : 66;
1202C : 66;
1202D : 66;
1202E : 66;
1202F : 66;
12030 : AA;
12031 : A6;
12032 : A6;
12033 : A6;
12034 : A6;
12035 : A6;
12036 : A6;
12037 : A6;
12038 : EA;
12039 : E6;
1203A : E6;
1203B : E6;
1203C : E6;
1203D : E6;
1203E : E6;
1203F : E6;
12040 : 66;
12041 : 66;
12042 : 66;
12043 : 66;
12044 : 6B;
12045 : 17;
12046 : 17;
12047 : 17;
12048 : 66;
12049 : 66;
1204A : 66;
1204B : 66;
1204C : 6B;
1204D : 17;
1204E : 17;
1204F : 17;
12050 : 66;
12051 : 66;
12052 : 66;
12053 : 66;
12054 : 6B;
12055 : 17;
12056 : 17;
12057 : 17;
12058 : 66;
12059 : 66;
1205A : 66;
1205B : 66;
1205C : 6B;
1205D : 17;
1205E : 17;
1205F : 17;
12060 : 66;
12061 : 66;
12062 : 66;
12063 : 66;
12064 : 6A;
12065 : 17;
12066 : 17;
12067 : 17;
12068 : 66;
12069 : 66;
1206A : 66;
1206B : 66;
1206C : 6A;
1206D : 17;
1206E : 17;
1206F : 17;
12070 : A6;
12071 : A6;
12072 : A6;
12073 : A6;
12074 : AA;
12075 : 4F;
12076 : 4F;
12077 : 4F;
12078 : E6;
12079 : E6;
1207A : E6;
1207B : E6;
1207C : C6;
1207D : 86;
1207E : 86;
1207F : 86;
12080 : 17;
12081 : 17;
12082 : 17;
12083 : 17;
12084 : 17;
12085 : 17;
12086 : 17;
12087 : 17;
12088 : 17;
12089 : 17;
1208A : 17;
1208B : 17;
1208C : 17;
1208D : 17;
1208E : 17;
1208F : 17;
12090 : 17;
12091 : 17;
12092 : 17;
12093 : 17;
12094 : 17;
12095 : 17;
12096 : 17;
12097 : 17;
12098 : 17;
12099 : 17;
1209A : 17;
1209B : 17;
1209C : 17;
1209D : 17;
1209E : 17;
1209F : 17;
120A0 : 17;
120A1 : 17;
120A2 : 17;
120A3 : 17;
120A4 : 17;
120A5 : 17;
120A6 : 17;
120A7 : 17;
120A8 : 17;
120A9 : 17;
120AA : 17;
120AB : 17;
120AC : 17;
120AD : 17;
120AE : 17;
120AF : 17;
120B0 : 4F;
120B1 : 4F;
120B2 : 4F;
120B3 : 4F;
120B4 : 4F;
120B5 : 4F;
120B6 : 4F;
120B7 : 4F;
120B8 : 86;
120B9 : 86;
120BA : 86;
120BB : 86;
120BC : 86;
120BD : 86;
120BE : 86;
120BF : 86;
120C0 : 17;
120C1 : 1A;
120C2 : 1C;
120C3 : 1C;
120C4 : 1C;
120C5 : 1C;
120C6 : 1C;
120C7 : 1C;
120C8 : 17;
120C9 : 1A;
120CA : 1C;
120CB : 1C;
120CC : 1C;
120CD : 1C;
120CE : 1C;
120CF : 1C;
120D0 : 17;
120D1 : 1A;
120D2 : 1C;
120D3 : 1C;
120D4 : 1C;
120D5 : 1C;
120D6 : 1C;
120D7 : 1C;
120D8 : 17;
120D9 : 1A;
120DA : 1C;
120DB : 1C;
120DC : 1C;
120DD : 1C;
120DE : 1C;
120DF : 1C;
120E0 : 17;
120E1 : 1A;
120E2 : 1C;
120E3 : 1C;
120E4 : 1C;
120E5 : 1C;
120E6 : 1C;
120E7 : 1C;
120E8 : 17;
120E9 : 1A;
120EA : 1C;
120EB : 1C;
120EC : 1C;
120ED : 1C;
120EE : 1C;
120EF : 1C;
120F0 : 4B;
120F1 : 32;
120F2 : 1A;
120F3 : 1A;
120F4 : 1A;
120F5 : 1A;
120F6 : 1A;
120F7 : 1A;
120F8 : 82;
120F9 : 4F;
120FA : 17;
120FB : 17;
120FC : 17;
120FD : 17;
120FE : 17;
120FF : 17;
12100 : 1C;
12101 : 1C;
12102 : 1C;
12103 : 1C;
12104 : 1C;
12105 : 1C;
12106 : 98;
12107 : F4;
12108 : 1C;
12109 : 1C;
1210A : 1C;
1210B : 1C;
1210C : 1C;
1210D : 1C;
1210E : 98;
1210F : F4;
12110 : 1C;
12111 : 1C;
12112 : 1C;
12113 : 1C;
12114 : 1C;
12115 : 1C;
12116 : 98;
12117 : F4;
12118 : 1C;
12119 : 1C;
1211A : 1C;
1211B : 1C;
1211C : 1C;
1211D : 1C;
1211E : 98;
1211F : F4;
12120 : 1C;
12121 : 1C;
12122 : 1C;
12123 : 1C;
12124 : 1C;
12125 : 1C;
12126 : 98;
12127 : F4;
12128 : 1C;
12129 : 1C;
1212A : 1C;
1212B : 1C;
1212C : 1C;
1212D : 3C;
1212E : 98;
1212F : F4;
12130 : 1A;
12131 : 1A;
12132 : 1A;
12133 : 1A;
12134 : 1A;
12135 : 1A;
12136 : 59;
12137 : 78;
12138 : 17;
12139 : 17;
1213A : 17;
1213B : 17;
1213C : 17;
1213D : 17;
1213E : 1A;
1213F : 1C;
12140 : F4;
12141 : F4;
12142 : F4;
12143 : F4;
12144 : F4;
12145 : F4;
12146 : F4;
12147 : F4;
12148 : F4;
12149 : F4;
1214A : F4;
1214B : F4;
1214C : F4;
1214D : F4;
1214E : F4;
1214F : F4;
12150 : F4;
12151 : F4;
12152 : F4;
12153 : F4;
12154 : F4;
12155 : F4;
12156 : F4;
12157 : F4;
12158 : F4;
12159 : F4;
1215A : F4;
1215B : F4;
1215C : F4;
1215D : F4;
1215E : F4;
1215F : F4;
12160 : F4;
12161 : F4;
12162 : F4;
12163 : F4;
12164 : F4;
12165 : F4;
12166 : F4;
12167 : F4;
12168 : F4;
12169 : F4;
1216A : F4;
1216B : F4;
1216C : F4;
1216D : F4;
1216E : F4;
1216F : F4;
12170 : 78;
12171 : 78;
12172 : 78;
12173 : 78;
12174 : 78;
12175 : 78;
12176 : 78;
12177 : 78;
12178 : 1C;
12179 : 1C;
1217A : 1C;
1217B : 1C;
1217C : 1C;
1217D : 1C;
1217E : 1C;
1217F : 1C;
12180 : F4;
12181 : F4;
12182 : F4;
12183 : 57;
12184 : 37;
12185 : 37;
12186 : 37;
12187 : 37;
12188 : F4;
12189 : F4;
1218A : F4;
1218B : 57;
1218C : 37;
1218D : 37;
1218E : 37;
1218F : 37;
12190 : F4;
12191 : F4;
12192 : F4;
12193 : 57;
12194 : 37;
12195 : 37;
12196 : 37;
12197 : 37;
12198 : F4;
12199 : F4;
1219A : F4;
1219B : 57;
1219C : 37;
1219D : 37;
1219E : 37;
1219F : 37;
121A0 : F4;
121A1 : F4;
121A2 : F4;
121A3 : 57;
121A4 : 37;
121A5 : 37;
121A6 : 37;
121A7 : 37;
121A8 : F4;
121A9 : F4;
121AA : F4;
121AB : 57;
121AC : 37;
121AD : 37;
121AE : 37;
121AF : 37;
121B0 : 78;
121B1 : 78;
121B2 : 78;
121B3 : B5;
121B4 : B5;
121B5 : B5;
121B6 : B5;
121B7 : B5;
121B8 : 1C;
121B9 : 1C;
121BA : 1C;
121BB : D8;
121BC : F4;
121BD : F4;
121BE : F4;
121BF : F4;
121C0 : 37;
121C1 : 37;
121C2 : 37;
121C3 : 37;
121C4 : 37;
121C5 : 37;
121C6 : 37;
121C7 : 37;
121C8 : 37;
121C9 : 37;
121CA : 37;
121CB : 37;
121CC : 37;
121CD : 37;
121CE : 37;
121CF : 37;
121D0 : 37;
121D1 : 37;
121D2 : 37;
121D3 : 37;
121D4 : 37;
121D5 : 37;
121D6 : 37;
121D7 : 37;
121D8 : 37;
121D9 : 37;
121DA : 37;
121DB : 37;
121DC : 37;
121DD : 37;
121DE : 37;
121DF : 37;
121E0 : 37;
121E1 : 37;
121E2 : 37;
121E3 : 37;
121E4 : 37;
121E5 : 37;
121E6 : 37;
121E7 : 37;
121E8 : 37;
121E9 : 37;
121EA : 37;
121EB : 37;
121EC : 37;
121ED : 37;
121EE : 37;
121EF : 37;
121F0 : B5;
121F1 : B5;
121F2 : B5;
121F3 : B5;
121F4 : B5;
121F5 : B5;
121F6 : B5;
121F7 : B6;
121F8 : F4;
121F9 : F4;
121FA : F4;
121FB : F4;
121FC : F4;
121FD : F4;
121FE : F4;
121FF : F4;
12200 : 32;
12201 : 2E;
12202 : 32;
12203 : 32;
12204 : 32;
12205 : 32;
12206 : 32;
12207 : 32;
12208 : 32;
12209 : 2E;
1220A : 32;
1220B : 32;
1220C : 32;
1220D : 32;
1220E : 32;
1220F : 32;
12210 : 32;
12211 : 2E;
12212 : 32;
12213 : 32;
12214 : 32;
12215 : 32;
12216 : 32;
12217 : 32;
12218 : 32;
12219 : 32;
1221A : 32;
1221B : 32;
1221C : 32;
1221D : 32;
1221E : 32;
1221F : 32;
12220 : 32;
12221 : 32;
12222 : 32;
12223 : 32;
12224 : 32;
12225 : 32;
12226 : 32;
12227 : 32;
12228 : 32;
12229 : 32;
1222A : 32;
1222B : 32;
1222C : 32;
1222D : 32;
1222E : 32;
1222F : 32;
12230 : 2A;
12231 : 2B;
12232 : 2B;
12233 : 2B;
12234 : 2B;
12235 : 2B;
12236 : 2B;
12237 : 2B;
12238 : 47;
12239 : 27;
1223A : 47;
1223B : 27;
1223C : 27;
1223D : 27;
1223E : 27;
1223F : 27;
12240 : 32;
12241 : 32;
12242 : 32;
12243 : 2F;
12244 : 51;
12245 : 7C;
12246 : 7C;
12247 : 7C;
12248 : 32;
12249 : 32;
1224A : 32;
1224B : 2F;
1224C : 51;
1224D : 7C;
1224E : 7C;
1224F : 7C;
12250 : 32;
12251 : 32;
12252 : 32;
12253 : 2F;
12254 : 51;
12255 : 7C;
12256 : 7C;
12257 : 7C;
12258 : 32;
12259 : 32;
1225A : 32;
1225B : 2F;
1225C : 51;
1225D : 7C;
1225E : 7C;
1225F : 7C;
12260 : 32;
12261 : 32;
12262 : 32;
12263 : 2F;
12264 : 35;
12265 : 7C;
12266 : 7C;
12267 : 7C;
12268 : 32;
12269 : 32;
1226A : 32;
1226B : 2F;
1226C : 35;
1226D : 7C;
1226E : 7C;
1226F : 7C;
12270 : 2B;
12271 : 2B;
12272 : 2B;
12273 : 2B;
12274 : 2E;
12275 : 55;
12276 : 55;
12277 : 55;
12278 : 27;
12279 : 27;
1227A : 47;
1227B : 47;
1227C : 2B;
1227D : 2E;
1227E : 2E;
1227F : 2E;
12280 : 7C;
12281 : 7C;
12282 : 7C;
12283 : 7C;
12284 : 7C;
12285 : 7C;
12286 : 7C;
12287 : 7C;
12288 : 7C;
12289 : 7C;
1228A : 7C;
1228B : 7C;
1228C : 7C;
1228D : 7C;
1228E : 7C;
1228F : 7C;
12290 : 7C;
12291 : 7C;
12292 : 7C;
12293 : 7C;
12294 : 7C;
12295 : 7C;
12296 : 7C;
12297 : 7C;
12298 : 7C;
12299 : 7C;
1229A : 7C;
1229B : 7C;
1229C : 7C;
1229D : 7C;
1229E : 7C;
1229F : 7C;
122A0 : 7C;
122A1 : 7C;
122A2 : 7C;
122A3 : 7C;
122A4 : 7C;
122A5 : 7C;
122A6 : 7C;
122A7 : 7C;
122A8 : 7C;
122A9 : 7C;
122AA : 7C;
122AB : 7C;
122AC : 7C;
122AD : 7C;
122AE : 7C;
122AF : 7C;
122B0 : 55;
122B1 : 55;
122B2 : 55;
122B3 : 55;
122B4 : 55;
122B5 : 55;
122B6 : 55;
122B7 : 55;
122B8 : 2E;
122B9 : 2E;
122BA : 2E;
122BB : 2E;
122BC : 2E;
122BD : 2E;
122BE : 2E;
122BF : 2E;
122C0 : 7C;
122C1 : BC;
122C2 : F8;
122C3 : F8;
122C4 : F8;
122C5 : F8;
122C6 : F8;
122C7 : F8;
122C8 : 7C;
122C9 : BC;
122CA : F8;
122CB : F8;
122CC : F8;
122CD : F8;
122CE : F8;
122CF : F8;
122D0 : 7C;
122D1 : BC;
122D2 : F8;
122D3 : F8;
122D4 : F8;
122D5 : F8;
122D6 : F8;
122D7 : F8;
122D8 : 7C;
122D9 : BC;
122DA : F8;
122DB : F8;
122DC : F8;
122DD : F8;
122DE : F8;
122DF : F8;
122E0 : 7C;
122E1 : 9C;
122E2 : F8;
122E3 : F8;
122E4 : F8;
122E5 : F8;
122E6 : F8;
122E7 : F8;
122E8 : 7C;
122E9 : BC;
122EA : F8;
122EB : F8;
122EC : F8;
122ED : F8;
122EE : F8;
122EF : F8;
122F0 : 55;
122F1 : 79;
122F2 : BC;
122F3 : BC;
122F4 : BC;
122F5 : BC;
122F6 : BC;
122F7 : BC;
122F8 : 2E;
122F9 : 56;
122FA : 7C;
122FB : 7C;
122FC : 7C;
122FD : 7C;
122FE : 7C;
122FF : 7C;
12300 : F8;
12301 : F8;
12302 : F8;
12303 : F8;
12304 : F8;
12305 : F8;
12306 : EC;
12307 : E0;
12308 : F8;
12309 : F8;
1230A : F8;
1230B : F8;
1230C : F8;
1230D : F8;
1230E : EC;
1230F : E0;
12310 : F8;
12311 : F8;
12312 : F8;
12313 : F8;
12314 : F8;
12315 : F8;
12316 : EC;
12317 : E0;
12318 : F8;
12319 : F8;
1231A : F8;
1231B : F8;
1231C : F8;
1231D : F8;
1231E : EC;
1231F : E0;
12320 : F8;
12321 : F8;
12322 : F8;
12323 : F8;
12324 : F8;
12325 : F8;
12326 : EC;
12327 : E0;
12328 : F8;
12329 : F8;
1232A : F8;
1232B : F8;
1232C : F8;
1232D : F8;
1232E : EC;
1232F : E0;
12330 : BC;
12331 : BC;
12332 : BC;
12333 : BC;
12334 : BC;
12335 : BC;
12336 : D4;
12337 : F0;
12338 : 7C;
12339 : 7C;
1233A : 7C;
1233B : 7C;
1233C : 7C;
1233D : 7C;
1233E : DC;
1233F : F8;
12340 : E0;
12341 : E0;
12342 : E0;
12343 : E0;
12344 : E0;
12345 : E0;
12346 : E0;
12347 : E0;
12348 : E0;
12349 : E0;
1234A : E0;
1234B : E0;
1234C : E0;
1234D : E0;
1234E : E0;
1234F : E0;
12350 : E0;
12351 : E0;
12352 : E0;
12353 : E0;
12354 : E0;
12355 : E0;
12356 : E0;
12357 : E0;
12358 : E0;
12359 : E0;
1235A : E0;
1235B : E0;
1235C : E0;
1235D : E0;
1235E : E0;
1235F : E0;
12360 : E0;
12361 : E0;
12362 : E0;
12363 : E0;
12364 : E0;
12365 : E0;
12366 : E0;
12367 : E0;
12368 : E0;
12369 : E0;
1236A : E0;
1236B : E0;
1236C : E0;
1236D : E0;
1236E : E0;
1236F : E0;
12370 : F0;
12371 : F0;
12372 : F0;
12373 : F0;
12374 : F0;
12375 : F0;
12376 : F0;
12377 : F0;
12378 : F8;
12379 : F8;
1237A : F8;
1237B : F8;
1237C : F8;
1237D : F8;
1237E : F8;
1237F : F8;
12380 : E0;
12381 : E0;
12382 : E0;
12383 : E0;
12384 : E0;
12385 : E0;
12386 : E0;
12387 : E0;
12388 : E0;
12389 : E0;
1238A : E0;
1238B : E0;
1238C : E0;
1238D : E0;
1238E : E0;
1238F : E0;
12390 : E0;
12391 : E0;
12392 : E0;
12393 : E0;
12394 : E0;
12395 : E0;
12396 : E0;
12397 : E0;
12398 : E0;
12399 : E0;
1239A : E0;
1239B : E0;
1239C : E0;
1239D : E0;
1239E : E0;
1239F : E0;
123A0 : E0;
123A1 : E0;
123A2 : E0;
123A3 : E0;
123A4 : E0;
123A5 : E0;
123A6 : E0;
123A7 : E0;
123A8 : E0;
123A9 : E0;
123AA : E0;
123AB : E0;
123AC : E0;
123AD : E0;
123AE : E0;
123AF : E0;
123B0 : F0;
123B1 : F0;
123B2 : F0;
123B3 : E4;
123B4 : E0;
123B5 : E0;
123B6 : E0;
123B7 : E0;
123B8 : F8;
123B9 : F8;
123BA : F8;
123BB : E8;
123BC : E0;
123BD : E0;
123BE : E0;
123BF : E0;
123C0 : E0;
123C1 : E0;
123C2 : E0;
123C3 : E0;
123C4 : E0;
123C5 : E0;
123C6 : E0;
123C7 : E4;
123C8 : E0;
123C9 : E0;
123CA : E0;
123CB : E0;
123CC : E0;
123CD : E0;
123CE : E0;
123CF : E4;
123D0 : E0;
123D1 : E0;
123D2 : E0;
123D3 : E0;
123D4 : E0;
123D5 : E0;
123D6 : E0;
123D7 : E4;
123D8 : E0;
123D9 : E0;
123DA : E0;
123DB : E0;
123DC : E0;
123DD : E0;
123DE : E0;
123DF : E4;
123E0 : E0;
123E1 : E0;
123E2 : E0;
123E3 : E0;
123E4 : E0;
123E5 : E0;
123E6 : E0;
123E7 : E4;
123E8 : E0;
123E9 : E0;
123EA : E0;
123EB : E0;
123EC : E0;
123ED : E0;
123EE : E0;
123EF : E4;
123F0 : E0;
123F1 : E0;
123F2 : E0;
123F3 : E0;
123F4 : E0;
123F5 : E0;
123F6 : E0;
123F7 : E4;
123F8 : E0;
123F9 : E0;
123FA : E0;
123FB : E0;
123FC : E0;
123FD : E0;
123FE : E0;
123FF : E4;
12400 : AC;
12401 : B0;
12402 : B0;
12403 : B0;
12404 : B0;
12405 : B0;
12406 : B0;
12407 : B0;
12408 : AC;
12409 : B0;
1240A : B0;
1240B : B0;
1240C : B0;
1240D : B0;
1240E : B0;
1240F : B0;
12410 : AC;
12411 : B0;
12412 : B0;
12413 : B0;
12414 : B0;
12415 : B0;
12416 : B0;
12417 : B0;
12418 : AC;
12419 : B0;
1241A : B0;
1241B : B0;
1241C : B0;
1241D : B0;
1241E : B0;
1241F : B0;
12420 : AC;
12421 : B0;
12422 : B0;
12423 : B0;
12424 : B0;
12425 : B0;
12426 : B0;
12427 : B0;
12428 : AC;
12429 : B0;
1242A : B0;
1242B : AC;
1242C : AC;
1242D : AC;
1242E : AC;
1242F : AC;
12430 : D4;
12431 : D4;
12432 : D4;
12433 : D4;
12434 : D4;
12435 : D4;
12436 : D4;
12437 : D4;
12438 : F8;
12439 : D8;
1243A : D8;
1243B : D8;
1243C : F8;
1243D : F8;
1243E : F8;
1243F : F8;
12440 : B0;
12441 : B0;
12442 : B0;
12443 : B0;
12444 : AC;
12445 : E0;
12446 : E0;
12447 : E0;
12448 : B0;
12449 : B0;
1244A : B0;
1244B : B0;
1244C : AC;
1244D : E0;
1244E : E0;
1244F : E0;
12450 : B0;
12451 : B0;
12452 : B0;
12453 : B0;
12454 : AC;
12455 : E0;
12456 : E0;
12457 : E0;
12458 : B0;
12459 : B0;
1245A : B0;
1245B : B0;
1245C : AC;
1245D : E0;
1245E : E0;
1245F : E0;
12460 : B0;
12461 : B0;
12462 : B0;
12463 : B0;
12464 : AC;
12465 : E0;
12466 : E0;
12467 : E0;
12468 : AC;
12469 : AC;
1246A : AC;
1246B : B0;
1246C : AC;
1246D : E0;
1246E : E0;
1246F : E0;
12470 : D4;
12471 : D4;
12472 : D4;
12473 : D4;
12474 : D4;
12475 : C8;
12476 : C8;
12477 : C8;
12478 : D8;
12479 : F8;
1247A : D8;
1247B : F8;
1247C : D8;
1247D : 90;
1247E : B0;
1247F : B0;
12480 : E0;
12481 : E0;
12482 : E0;
12483 : E0;
12484 : E0;
12485 : E0;
12486 : E0;
12487 : E0;
12488 : E0;
12489 : E0;
1248A : E0;
1248B : E0;
1248C : E0;
1248D : E0;
1248E : E0;
1248F : E0;
12490 : E0;
12491 : E0;
12492 : E0;
12493 : E0;
12494 : E0;
12495 : E0;
12496 : E0;
12497 : E0;
12498 : E0;
12499 : E0;
1249A : E0;
1249B : E0;
1249C : E0;
1249D : E0;
1249E : E0;
1249F : E0;
124A0 : E0;
124A1 : E0;
124A2 : E0;
124A3 : E0;
124A4 : E0;
124A5 : E0;
124A6 : E0;
124A7 : E0;
124A8 : E0;
124A9 : E0;
124AA : E0;
124AB : E0;
124AC : E0;
124AD : E0;
124AE : E0;
124AF : E0;
124B0 : C8;
124B1 : C8;
124B2 : C8;
124B3 : C8;
124B4 : C8;
124B5 : C8;
124B6 : C8;
124B7 : C8;
124B8 : B0;
124B9 : B0;
124BA : B0;
124BB : B0;
124BC : B0;
124BD : B0;
124BE : B0;
124BF : B0;
124C0 : E0;
124C1 : C2;
124C2 : A3;
124C3 : A3;
124C4 : A3;
124C5 : A3;
124C6 : A3;
124C7 : A3;
124C8 : E0;
124C9 : C2;
124CA : A3;
124CB : A3;
124CC : A3;
124CD : A3;
124CE : A3;
124CF : A3;
124D0 : E0;
124D1 : C2;
124D2 : A3;
124D3 : A3;
124D4 : A3;
124D5 : A3;
124D6 : A3;
124D7 : A3;
124D8 : E0;
124D9 : C2;
124DA : A3;
124DB : A3;
124DC : A3;
124DD : A3;
124DE : A3;
124DF : A3;
124E0 : E0;
124E1 : C2;
124E2 : A3;
124E3 : A3;
124E4 : A3;
124E5 : A3;
124E6 : A3;
124E7 : A3;
124E8 : E0;
124E9 : C2;
124EA : A3;
124EB : A3;
124EC : A3;
124ED : A3;
124EE : A3;
124EF : A3;
124F0 : C8;
124F1 : C5;
124F2 : C1;
124F3 : C1;
124F4 : C1;
124F5 : C1;
124F6 : C1;
124F7 : C1;
124F8 : 90;
124F9 : C8;
124FA : E0;
124FB : E0;
124FC : E0;
124FD : E0;
124FE : E0;
124FF : E0;
12500 : A3;
12501 : A3;
12502 : A3;
12503 : A3;
12504 : A3;
12505 : C3;
12506 : 4F;
12507 : 17;
12508 : A3;
12509 : A3;
1250A : A3;
1250B : A3;
1250C : A3;
1250D : C3;
1250E : 4F;
1250F : 17;
12510 : A3;
12511 : A3;
12512 : A3;
12513 : A3;
12514 : A3;
12515 : C3;
12516 : 4F;
12517 : 17;
12518 : A3;
12519 : A3;
1251A : A3;
1251B : A3;
1251C : A3;
1251D : C3;
1251E : 4F;
1251F : 17;
12520 : A3;
12521 : A3;
12522 : A3;
12523 : A3;
12524 : A3;
12525 : A3;
12526 : 4F;
12527 : 17;
12528 : A3;
12529 : A3;
1252A : A3;
1252B : A3;
1252C : A3;
1252D : A3;
1252E : 4F;
1252F : 1B;
12530 : C1;
12531 : C1;
12532 : C1;
12533 : C1;
12534 : C1;
12535 : E1;
12536 : 86;
12537 : 6B;
12538 : E0;
12539 : E0;
1253A : E0;
1253B : E0;
1253C : E0;
1253D : E0;
1253E : C2;
1253F : A3;
12540 : 17;
12541 : 17;
12542 : 17;
12543 : 17;
12544 : 17;
12545 : 17;
12546 : 17;
12547 : 17;
12548 : 17;
12549 : 17;
1254A : 17;
1254B : 17;
1254C : 17;
1254D : 17;
1254E : 17;
1254F : 17;
12550 : 17;
12551 : 17;
12552 : 17;
12553 : 17;
12554 : 17;
12555 : 17;
12556 : 17;
12557 : 17;
12558 : 17;
12559 : 17;
1255A : 17;
1255B : 17;
1255C : 17;
1255D : 17;
1255E : 17;
1255F : 17;
12560 : 17;
12561 : 17;
12562 : 17;
12563 : 17;
12564 : 17;
12565 : 17;
12566 : 17;
12567 : 17;
12568 : 17;
12569 : 17;
1256A : 17;
1256B : 17;
1256C : 17;
1256D : 17;
1256E : 17;
1256F : 17;
12570 : 6B;
12571 : 6B;
12572 : 6B;
12573 : 6B;
12574 : 6B;
12575 : 6B;
12576 : 6B;
12577 : 6B;
12578 : A3;
12579 : A3;
1257A : C3;
1257B : A3;
1257C : A3;
1257D : A3;
1257E : A3;
1257F : A3;
12580 : 17;
12581 : 17;
12582 : 37;
12583 : C7;
12584 : E3;
12585 : E3;
12586 : E3;
12587 : E3;
12588 : 17;
12589 : 17;
1258A : 37;
1258B : C7;
1258C : E3;
1258D : E3;
1258E : E3;
1258F : E3;
12590 : 17;
12591 : 17;
12592 : 37;
12593 : C7;
12594 : E3;
12595 : E3;
12596 : E3;
12597 : E3;
12598 : 17;
12599 : 17;
1259A : 37;
1259B : C7;
1259C : E3;
1259D : E3;
1259E : E3;
1259F : E3;
125A0 : 17;
125A1 : 17;
125A2 : 37;
125A3 : C7;
125A4 : E3;
125A5 : E3;
125A6 : E3;
125A7 : E3;
125A8 : 17;
125A9 : 17;
125AA : 37;
125AB : C7;
125AC : E3;
125AD : E3;
125AE : E3;
125AF : E3;
125B0 : 6B;
125B1 : 6B;
125B2 : 6B;
125B3 : 8F;
125B4 : 6F;
125B5 : 6F;
125B6 : 6F;
125B7 : 6F;
125B8 : A3;
125B9 : C3;
125BA : A3;
125BB : 53;
125BC : 1B;
125BD : 17;
125BE : 17;
125BF : 17;
125C0 : E3;
125C1 : E3;
125C2 : E3;
125C3 : E3;
125C4 : E3;
125C5 : E3;
125C6 : E3;
125C7 : E3;
125C8 : E3;
125C9 : E3;
125CA : E3;
125CB : E3;
125CC : E3;
125CD : E3;
125CE : E3;
125CF : E3;
125D0 : E3;
125D1 : E3;
125D2 : E3;
125D3 : E3;
125D4 : E3;
125D5 : E3;
125D6 : E3;
125D7 : E3;
125D8 : E3;
125D9 : E3;
125DA : E3;
125DB : E3;
125DC : E3;
125DD : E3;
125DE : E3;
125DF : E3;
125E0 : E3;
125E1 : E3;
125E2 : E3;
125E3 : E3;
125E4 : E3;
125E5 : E3;
125E6 : E3;
125E7 : E3;
125E8 : E3;
125E9 : E3;
125EA : E3;
125EB : E3;
125EC : E3;
125ED : E3;
125EE : E3;
125EF : E3;
125F0 : 6F;
125F1 : 6F;
125F2 : 6F;
125F3 : 6F;
125F4 : 6F;
125F5 : 6F;
125F6 : 6F;
125F7 : 6F;
125F8 : 17;
125F9 : 17;
125FA : 17;
125FB : 17;
125FC : 17;
125FD : 17;
125FE : 17;
125FF : 17;
12600 : F4;
12601 : F4;
12602 : F4;
12603 : F4;
12604 : F4;
12605 : F4;
12606 : F4;
12607 : F4;
12608 : F4;
12609 : F4;
1260A : F4;
1260B : F4;
1260C : F4;
1260D : F4;
1260E : F4;
1260F : F4;
12610 : F4;
12611 : F4;
12612 : F4;
12613 : F4;
12614 : F4;
12615 : F4;
12616 : F4;
12617 : F4;
12618 : F4;
12619 : F4;
1261A : F4;
1261B : F4;
1261C : F4;
1261D : F4;
1261E : F4;
1261F : F4;
12620 : F4;
12621 : F4;
12622 : F4;
12623 : F4;
12624 : F4;
12625 : F4;
12626 : F4;
12627 : F4;
12628 : F4;
12629 : F4;
1262A : F4;
1262B : F4;
1262C : F4;
1262D : F4;
1262E : F4;
1262F : F4;
12630 : F4;
12631 : F4;
12632 : F4;
12633 : F4;
12634 : F4;
12635 : F4;
12636 : F4;
12637 : F4;
12638 : D4;
12639 : D4;
1263A : D4;
1263B : D4;
1263C : D4;
1263D : D4;
1263E : D4;
1263F : D4;
12640 : F4;
12641 : F4;
12642 : F4;
12643 : F4;
12644 : D0;
12645 : A8;
12646 : A8;
12647 : A8;
12648 : F4;
12649 : F4;
1264A : F4;
1264B : F4;
1264C : D0;
1264D : A8;
1264E : A8;
1264F : A8;
12650 : F4;
12651 : F4;
12652 : F4;
12653 : F4;
12654 : D0;
12655 : A8;
12656 : A8;
12657 : A8;
12658 : F4;
12659 : F4;
1265A : F4;
1265B : F4;
1265C : D0;
1265D : A8;
1265E : A8;
1265F : A8;
12660 : F4;
12661 : F4;
12662 : F4;
12663 : F4;
12664 : D0;
12665 : A8;
12666 : A8;
12667 : A8;
12668 : F4;
12669 : F4;
1266A : F4;
1266B : F4;
1266C : D0;
1266D : A8;
1266E : A8;
1266F : A8;
12670 : F4;
12671 : F4;
12672 : F4;
12673 : F4;
12674 : D0;
12675 : A8;
12676 : A8;
12677 : A8;
12678 : D4;
12679 : D4;
1267A : D4;
1267B : F4;
1267C : D0;
1267D : AC;
1267E : AC;
1267F : AC;
12680 : A8;
12681 : A8;
12682 : A8;
12683 : A8;
12684 : A8;
12685 : A8;
12686 : A8;
12687 : A8;
12688 : A8;
12689 : A8;
1268A : A8;
1268B : A8;
1268C : A8;
1268D : A8;
1268E : A8;
1268F : A8;
12690 : A8;
12691 : A8;
12692 : A8;
12693 : A8;
12694 : A8;
12695 : A8;
12696 : A8;
12697 : A8;
12698 : A8;
12699 : A8;
1269A : A8;
1269B : A8;
1269C : A8;
1269D : A8;
1269E : A8;
1269F : A8;
126A0 : A8;
126A1 : A8;
126A2 : A8;
126A3 : A8;
126A4 : A8;
126A5 : A8;
126A6 : A8;
126A7 : A8;
126A8 : A8;
126A9 : A8;
126AA : A8;
126AB : A8;
126AC : A8;
126AD : A8;
126AE : A8;
126AF : A8;
126B0 : A8;
126B1 : A8;
126B2 : A8;
126B3 : A8;
126B4 : A8;
126B5 : A8;
126B6 : A8;
126B7 : A8;
126B8 : AC;
126B9 : AC;
126BA : A8;
126BB : A8;
126BC : A8;
126BD : AC;
126BE : AC;
126BF : AC;
126C0 : AC;
126C1 : C5;
126C2 : E3;
126C3 : E3;
126C4 : E3;
126C5 : E3;
126C6 : E3;
126C7 : E3;
126C8 : AC;
126C9 : C5;
126CA : E3;
126CB : E3;
126CC : E3;
126CD : E3;
126CE : E3;
126CF : E3;
126D0 : AC;
126D1 : C5;
126D2 : E3;
126D3 : E3;
126D4 : E3;
126D5 : E3;
126D6 : E3;
126D7 : E3;
126D8 : AC;
126D9 : C5;
126DA : E3;
126DB : E3;
126DC : E3;
126DD : E3;
126DE : E3;
126DF : E3;
126E0 : AC;
126E1 : C5;
126E2 : E3;
126E3 : E3;
126E4 : E3;
126E5 : E3;
126E6 : E3;
126E7 : E3;
126E8 : 8C;
126E9 : C5;
126EA : E3;
126EB : E3;
126EC : E3;
126ED : E3;
126EE : E3;
126EF : E3;
126F0 : AC;
126F1 : C5;
126F2 : E3;
126F3 : E3;
126F4 : E3;
126F5 : E3;
126F6 : E3;
126F7 : E3;
126F8 : AC;
126F9 : C9;
126FA : E7;
126FB : E7;
126FC : E7;
126FD : E7;
126FE : E7;
126FF : E7;
12700 : E3;
12701 : E3;
12702 : E3;
12703 : E3;
12704 : E3;
12705 : E3;
12706 : AB;
12707 : 6F;
12708 : E3;
12709 : E3;
1270A : E3;
1270B : E3;
1270C : E3;
1270D : E3;
1270E : AB;
1270F : 6F;
12710 : E3;
12711 : E3;
12712 : E3;
12713 : E3;
12714 : E3;
12715 : E3;
12716 : AB;
12717 : 6F;
12718 : E3;
12719 : E3;
1271A : E3;
1271B : E3;
1271C : E3;
1271D : E3;
1271E : AB;
1271F : 6F;
12720 : E3;
12721 : E3;
12722 : E3;
12723 : E3;
12724 : E3;
12725 : E3;
12726 : AB;
12727 : 6F;
12728 : E3;
12729 : E3;
1272A : E3;
1272B : E3;
1272C : E3;
1272D : E3;
1272E : AB;
1272F : 6F;
12730 : E3;
12731 : E3;
12732 : E3;
12733 : E3;
12734 : E3;
12735 : E3;
12736 : CB;
12737 : 6F;
12738 : E7;
12739 : E7;
1273A : E7;
1273B : E7;
1273C : E7;
1273D : E7;
1273E : CB;
1273F : 73;
12740 : 8F;
12741 : 8F;
12742 : 8F;
12743 : 8F;
12744 : 8F;
12745 : 8F;
12746 : 8F;
12747 : 8F;
12748 : 8F;
12749 : 8F;
1274A : 8F;
1274B : 8F;
1274C : 8F;
1274D : 8F;
1274E : 8F;
1274F : 8F;
12750 : 8F;
12751 : 8F;
12752 : 8F;
12753 : 8F;
12754 : 8F;
12755 : 8F;
12756 : 8F;
12757 : 8F;
12758 : 8F;
12759 : 8F;
1275A : 8F;
1275B : 8F;
1275C : 8F;
1275D : 8F;
1275E : 8F;
1275F : 8F;
12760 : 8F;
12761 : 8F;
12762 : 8F;
12763 : 8F;
12764 : 8F;
12765 : 8F;
12766 : 8F;
12767 : 8F;
12768 : 8F;
12769 : 8F;
1276A : 8F;
1276B : 8F;
1276C : 8F;
1276D : 8F;
1276E : 8F;
1276F : 8F;
12770 : 8F;
12771 : 8F;
12772 : 8F;
12773 : 8F;
12774 : 8F;
12775 : 8F;
12776 : 8F;
12777 : 8F;
12778 : 8F;
12779 : 6F;
1277A : 6F;
1277B : 6F;
1277C : 6F;
1277D : 6F;
1277E : 6F;
1277F : 6F;
12780 : 8F;
12781 : 8F;
12782 : 8F;
12783 : 19;
12784 : 1D;
12785 : 1D;
12786 : 1D;
12787 : 1D;
12788 : 8F;
12789 : 8F;
1278A : 8F;
1278B : 19;
1278C : 1D;
1278D : 1D;
1278E : 1D;
1278F : 1D;
12790 : 8F;
12791 : 8F;
12792 : 8F;
12793 : 19;
12794 : 1D;
12795 : 1D;
12796 : 1D;
12797 : 1D;
12798 : 8F;
12799 : 8F;
1279A : 8F;
1279B : 19;
1279C : 1D;
1279D : 1D;
1279E : 1D;
1279F : 1D;
127A0 : 8F;
127A1 : 8F;
127A2 : 8F;
127A3 : 19;
127A4 : 1D;
127A5 : 1D;
127A6 : 1D;
127A7 : 1D;
127A8 : 8F;
127A9 : 8F;
127AA : 8F;
127AB : 19;
127AC : 1D;
127AD : 1D;
127AE : 1D;
127AF : 1D;
127B0 : 8F;
127B1 : 8F;
127B2 : 8F;
127B3 : 19;
127B4 : 1D;
127B5 : 1D;
127B6 : 1D;
127B7 : 1D;
127B8 : 6F;
127B9 : 8F;
127BA : 8F;
127BB : 39;
127BC : 1D;
127BD : 1D;
127BE : 1D;
127BF : 1D;
127C0 : 1D;
127C1 : 1D;
127C2 : 1D;
127C3 : 1D;
127C4 : 1D;
127C5 : 1D;
127C6 : 1D;
127C7 : 59;
127C8 : 1D;
127C9 : 1D;
127CA : 1D;
127CB : 1D;
127CC : 1D;
127CD : 1D;
127CE : 1D;
127CF : 59;
127D0 : 1D;
127D1 : 1D;
127D2 : 1D;
127D3 : 1D;
127D4 : 1D;
127D5 : 1D;
127D6 : 1D;
127D7 : 59;
127D8 : 1D;
127D9 : 1D;
127DA : 1D;
127DB : 1D;
127DC : 1D;
127DD : 1D;
127DE : 1D;
127DF : 59;
127E0 : 1D;
127E1 : 1D;
127E2 : 1D;
127E3 : 1D;
127E4 : 1D;
127E5 : 1D;
127E6 : 1D;
127E7 : 59;
127E8 : 1D;
127E9 : 1D;
127EA : 1D;
127EB : 1D;
127EC : 1D;
127ED : 1D;
127EE : 1D;
127EF : 59;
127F0 : 1D;
127F1 : 1D;
127F2 : 1D;
127F3 : 1D;
127F4 : 1D;
127F5 : 1D;
127F6 : 1D;
127F7 : 59;
127F8 : 1D;
127F9 : 1D;
127FA : 1D;
127FB : 1D;
127FC : 1D;
127FD : 1D;
127FE : 1D;
127FF : 59;
12800 : CD;
12801 : E8;
12802 : EC;
12803 : EC;
12804 : EC;
12805 : EC;
12806 : EC;
12807 : EC;
12808 : CC;
12809 : E8;
1280A : EC;
1280B : EC;
1280C : EC;
1280D : EC;
1280E : EC;
1280F : EC;
12810 : CC;
12811 : E8;
12812 : EC;
12813 : EC;
12814 : EC;
12815 : EC;
12816 : EC;
12817 : EC;
12818 : CC;
12819 : E8;
1281A : EC;
1281B : EC;
1281C : EC;
1281D : EC;
1281E : EC;
1281F : EC;
12820 : CC;
12821 : E8;
12822 : EC;
12823 : EC;
12824 : EC;
12825 : EC;
12826 : EC;
12827 : EC;
12828 : CC;
12829 : E8;
1282A : EC;
1282B : EC;
1282C : EC;
1282D : EC;
1282E : EC;
1282F : EC;
12830 : CC;
12831 : E8;
12832 : EC;
12833 : EC;
12834 : EC;
12835 : EC;
12836 : EC;
12837 : EC;
12838 : D0;
12839 : EC;
1283A : CC;
1283B : CC;
1283C : CC;
1283D : CC;
1283E : CC;
1283F : CC;
12840 : EC;
12841 : EC;
12842 : EC;
12843 : EC;
12844 : C8;
12845 : A5;
12846 : A5;
12847 : A5;
12848 : EC;
12849 : EC;
1284A : EC;
1284B : EC;
1284C : C8;
1284D : A5;
1284E : A5;
1284F : A5;
12850 : EC;
12851 : EC;
12852 : EC;
12853 : EC;
12854 : C8;
12855 : A5;
12856 : A5;
12857 : A5;
12858 : EC;
12859 : EC;
1285A : EC;
1285B : EC;
1285C : C8;
1285D : A5;
1285E : A5;
1285F : A5;
12860 : EC;
12861 : EC;
12862 : EC;
12863 : EC;
12864 : C8;
12865 : A5;
12866 : A5;
12867 : A5;
12868 : EC;
12869 : EC;
1286A : EC;
1286B : EC;
1286C : C8;
1286D : A5;
1286E : A5;
1286F : A5;
12870 : EC;
12871 : EC;
12872 : EC;
12873 : EC;
12874 : C8;
12875 : A5;
12876 : A4;
12877 : A4;
12878 : EC;
12879 : EC;
1287A : EC;
1287B : EC;
1287C : CC;
1287D : 89;
1287E : A9;
1287F : A5;
12880 : A5;
12881 : A5;
12882 : A5;
12883 : A5;
12884 : A5;
12885 : A5;
12886 : A5;
12887 : A5;
12888 : A5;
12889 : A5;
1288A : A5;
1288B : A5;
1288C : A5;
1288D : A5;
1288E : A5;
1288F : A5;
12890 : A5;
12891 : A5;
12892 : A5;
12893 : A5;
12894 : A5;
12895 : A5;
12896 : A5;
12897 : A5;
12898 : A5;
12899 : A5;
1289A : A5;
1289B : A5;
1289C : A5;
1289D : A5;
1289E : A5;
1289F : A5;
128A0 : A5;
128A1 : A5;
128A2 : A5;
128A3 : A5;
128A4 : A5;
128A5 : A5;
128A6 : A5;
128A7 : A5;
128A8 : A5;
128A9 : A5;
128AA : A5;
128AB : A5;
128AC : A5;
128AD : A5;
128AE : A5;
128AF : A5;
128B0 : A4;
128B1 : A4;
128B2 : A4;
128B3 : A4;
128B4 : A4;
128B5 : A4;
128B6 : A5;
128B7 : A5;
128B8 : 89;
128B9 : 89;
128BA : 89;
128BB : 89;
128BC : 89;
128BD : 89;
128BE : 89;
128BF : 89;
128C0 : A5;
128C1 : 89;
128C2 : 6E;
128C3 : 6E;
128C4 : 6E;
128C5 : 6E;
128C6 : 6E;
128C7 : 6E;
128C8 : A5;
128C9 : 89;
128CA : 6E;
128CB : 6E;
128CC : 6E;
128CD : 6E;
128CE : 6E;
128CF : 6E;
128D0 : A5;
128D1 : 89;
128D2 : 6E;
128D3 : 6E;
128D4 : 6E;
128D5 : 6E;
128D6 : 6E;
128D7 : 6E;
128D8 : A5;
128D9 : 89;
128DA : 6E;
128DB : 6E;
128DC : 6E;
128DD : 6E;
128DE : 6E;
128DF : 6E;
128E0 : A5;
128E1 : 89;
128E2 : 6E;
128E3 : 6E;
128E4 : 6E;
128E5 : 6E;
128E6 : 6E;
128E7 : 6E;
128E8 : A5;
128E9 : 89;
128EA : 6E;
128EB : 6E;
128EC : 6A;
128ED : 6E;
128EE : 6E;
128EF : 6E;
128F0 : A5;
128F1 : 89;
128F2 : 6E;
128F3 : 6E;
128F4 : 6A;
128F5 : 6E;
128F6 : 6E;
128F7 : 6E;
128F8 : 89;
128F9 : 89;
128FA : 6E;
128FB : 6E;
128FC : 6E;
128FD : 6E;
128FE : 6E;
128FF : 6E;
12900 : 6E;
12901 : 6E;
12902 : 6E;
12903 : 6E;
12904 : 6E;
12905 : 6A;
12906 : 77;
12907 : 9B;
12908 : 6E;
12909 : 6E;
1290A : 6E;
1290B : 6E;
1290C : 6E;
1290D : 6A;
1290E : 97;
1290F : 9B;
12910 : 6E;
12911 : 6E;
12912 : 6E;
12913 : 6E;
12914 : 6E;
12915 : 6A;
12916 : 97;
12917 : 9B;
12918 : 6E;
12919 : 6E;
1291A : 6E;
1291B : 6E;
1291C : 6E;
1291D : 6A;
1291E : 97;
1291F : 9B;
12920 : 6E;
12921 : 6E;
12922 : 6E;
12923 : 6E;
12924 : 6E;
12925 : 6A;
12926 : 97;
12927 : 9B;
12928 : 6E;
12929 : 6E;
1292A : 6E;
1292B : 6E;
1292C : 6E;
1292D : 6A;
1292E : 97;
1292F : 9B;
12930 : 6E;
12931 : 6A;
12932 : 6A;
12933 : 6A;
12934 : 6A;
12935 : 6A;
12936 : 97;
12937 : 9F;
12938 : 6E;
12939 : 6E;
1293A : 6E;
1293B : 6E;
1293C : 6E;
1293D : 6E;
1293E : 97;
1293F : BB;
12940 : 9B;
12941 : 9B;
12942 : 9B;
12943 : 9B;
12944 : 9B;
12945 : 9B;
12946 : 9B;
12947 : 9B;
12948 : 9B;
12949 : 9B;
1294A : 9B;
1294B : 9B;
1294C : 9B;
1294D : 9B;
1294E : 9B;
1294F : 9B;
12950 : 9B;
12951 : 9B;
12952 : 9B;
12953 : 9B;
12954 : 9B;
12955 : 9B;
12956 : 9B;
12957 : 9B;
12958 : 9B;
12959 : 9B;
1295A : 9B;
1295B : 9B;
1295C : 9B;
1295D : 9B;
1295E : 9B;
1295F : 9B;
12960 : 9B;
12961 : 9B;
12962 : 9B;
12963 : 9B;
12964 : 9B;
12965 : 9B;
12966 : 9B;
12967 : 9B;
12968 : 9B;
12969 : 9B;
1296A : 9B;
1296B : 9B;
1296C : 9B;
1296D : 9B;
1296E : 9B;
1296F : 9B;
12970 : 9B;
12971 : 9B;
12972 : 9B;
12973 : 9B;
12974 : 9B;
12975 : 9B;
12976 : 9B;
12977 : 9B;
12978 : 9B;
12979 : 9B;
1297A : 9B;
1297B : 9B;
1297C : 9B;
1297D : 9B;
1297E : 9B;
1297F : 9B;
12980 : 9B;
12981 : 9B;
12982 : 9B;
12983 : 9D;
12984 : 7C;
12985 : 7C;
12986 : 7C;
12987 : 7C;
12988 : 9B;
12989 : 9B;
1298A : 9B;
1298B : 9D;
1298C : 7C;
1298D : 7C;
1298E : 7C;
1298F : 7C;
12990 : 9B;
12991 : 9B;
12992 : 9B;
12993 : 9D;
12994 : 7C;
12995 : 7C;
12996 : 7C;
12997 : 7C;
12998 : 9B;
12999 : 9B;
1299A : 9B;
1299B : 9D;
1299C : 7C;
1299D : 7C;
1299E : 7C;
1299F : 7C;
129A0 : 9B;
129A1 : 9B;
129A2 : 9B;
129A3 : 9D;
129A4 : 7C;
129A5 : 7C;
129A6 : 7C;
129A7 : 7C;
129A8 : 9B;
129A9 : 9B;
129AA : 9B;
129AB : 9D;
129AC : 7C;
129AD : 7C;
129AE : 7C;
129AF : 7C;
129B0 : 9B;
129B1 : 9B;
129B2 : 9B;
129B3 : 9D;
129B4 : 7C;
129B5 : 7C;
129B6 : 7C;
129B7 : 7C;
129B8 : 9B;
129B9 : 9B;
129BA : 9B;
129BB : 99;
129BC : 98;
129BD : 98;
129BE : 98;
129BF : 98;
129C0 : 7C;
129C1 : 7C;
129C2 : 7C;
129C3 : 7C;
129C4 : 7C;
129C5 : 7C;
129C6 : 7C;
129C7 : 98;
129C8 : 7C;
129C9 : 7C;
129CA : 7C;
129CB : 7C;
129CC : 7C;
129CD : 7C;
129CE : 7C;
129CF : 98;
129D0 : 7C;
129D1 : 7C;
129D2 : 7C;
129D3 : 7C;
129D4 : 7C;
129D5 : 7C;
129D6 : 7C;
129D7 : 98;
129D8 : 7C;
129D9 : 7C;
129DA : 7C;
129DB : 7C;
129DC : 7C;
129DD : 7C;
129DE : 7C;
129DF : 98;
129E0 : 7C;
129E1 : 7C;
129E2 : 7C;
129E3 : 7C;
129E4 : 7C;
129E5 : 7C;
129E6 : 7C;
129E7 : 98;
129E8 : 7C;
129E9 : 7C;
129EA : 7C;
129EB : 7C;
129EC : 7C;
129ED : 7C;
129EE : 7C;
129EF : 98;
129F0 : 7C;
129F1 : 7C;
129F2 : 7C;
129F3 : 7C;
129F4 : 7C;
129F5 : 7C;
129F6 : 7C;
129F7 : 78;
129F8 : 98;
129F9 : 98;
129FA : 98;
129FB : 98;
129FC : 98;
129FD : 98;
129FE : 98;
129FF : 98;
12A00 : EA;
12A01 : C6;
12A02 : E6;
12A03 : E6;
12A04 : E6;
12A05 : E6;
12A06 : E6;
12A07 : E6;
12A08 : EA;
12A09 : E6;
12A0A : E6;
12A0B : E6;
12A0C : E6;
12A0D : E6;
12A0E : E6;
12A0F : E6;
12A10 : EA;
12A11 : E6;
12A12 : E6;
12A13 : E6;
12A14 : E6;
12A15 : E6;
12A16 : E6;
12A17 : E6;
12A18 : EA;
12A19 : E6;
12A1A : E6;
12A1B : E6;
12A1C : E6;
12A1D : E6;
12A1E : E6;
12A1F : E6;
12A20 : EA;
12A21 : E6;
12A22 : E6;
12A23 : E6;
12A24 : E6;
12A25 : E6;
12A26 : E6;
12A27 : E6;
12A28 : EA;
12A29 : E6;
12A2A : E6;
12A2B : E6;
12A2C : E6;
12A2D : E6;
12A2E : E6;
12A2F : E6;
12A30 : EA;
12A31 : E6;
12A32 : C6;
12A33 : E6;
12A34 : E6;
12A35 : E6;
12A36 : E6;
12A37 : E6;
12A38 : EA;
12A39 : E6;
12A3A : C6;
12A3B : C6;
12A3C : E6;
12A3D : E6;
12A3E : E6;
12A3F : E6;
12A40 : E6;
12A41 : E6;
12A42 : E6;
12A43 : E6;
12A44 : C6;
12A45 : 66;
12A46 : 66;
12A47 : 66;
12A48 : E6;
12A49 : E6;
12A4A : E6;
12A4B : E6;
12A4C : C6;
12A4D : 66;
12A4E : 66;
12A4F : 66;
12A50 : E6;
12A51 : E6;
12A52 : E6;
12A53 : E6;
12A54 : C6;
12A55 : 66;
12A56 : 66;
12A57 : 66;
12A58 : E6;
12A59 : E6;
12A5A : E6;
12A5B : E6;
12A5C : C6;
12A5D : 66;
12A5E : 66;
12A5F : 66;
12A60 : E6;
12A61 : E6;
12A62 : E6;
12A63 : E6;
12A64 : C6;
12A65 : 66;
12A66 : 66;
12A67 : 66;
12A68 : E6;
12A69 : E6;
12A6A : E6;
12A6B : E6;
12A6C : C6;
12A6D : 66;
12A6E : 66;
12A6F : 66;
12A70 : E6;
12A71 : E6;
12A72 : E6;
12A73 : E6;
12A74 : C6;
12A75 : 66;
12A76 : 66;
12A77 : 66;
12A78 : E6;
12A79 : E6;
12A7A : E6;
12A7B : E6;
12A7C : C6;
12A7D : 66;
12A7E : 66;
12A7F : 66;
12A80 : 66;
12A81 : 66;
12A82 : 66;
12A83 : 66;
12A84 : 66;
12A85 : 66;
12A86 : 66;
12A87 : 66;
12A88 : 66;
12A89 : 66;
12A8A : 66;
12A8B : 66;
12A8C : 66;
12A8D : 66;
12A8E : 66;
12A8F : 66;
12A90 : 66;
12A91 : 66;
12A92 : 66;
12A93 : 66;
12A94 : 66;
12A95 : 66;
12A96 : 66;
12A97 : 66;
12A98 : 66;
12A99 : 66;
12A9A : 66;
12A9B : 66;
12A9C : 66;
12A9D : 66;
12A9E : 66;
12A9F : 66;
12AA0 : 66;
12AA1 : 66;
12AA2 : 66;
12AA3 : 66;
12AA4 : 66;
12AA5 : 66;
12AA6 : 66;
12AA7 : 66;
12AA8 : 66;
12AA9 : 66;
12AAA : 66;
12AAB : 66;
12AAC : 66;
12AAD : 66;
12AAE : 66;
12AAF : 66;
12AB0 : 66;
12AB1 : 66;
12AB2 : 66;
12AB3 : 66;
12AB4 : 66;
12AB5 : 66;
12AB6 : 66;
12AB7 : 66;
12AB8 : 66;
12AB9 : 66;
12ABA : 66;
12ABB : 66;
12ABC : 66;
12ABD : 66;
12ABE : 66;
12ABF : 66;
12AC0 : 86;
12AC1 : 4F;
12AC2 : 17;
12AC3 : 17;
12AC4 : 17;
12AC5 : 17;
12AC6 : 17;
12AC7 : 17;
12AC8 : 86;
12AC9 : 4F;
12ACA : 17;
12ACB : 17;
12ACC : 17;
12ACD : 17;
12ACE : 17;
12ACF : 17;
12AD0 : 82;
12AD1 : 4F;
12AD2 : 17;
12AD3 : 17;
12AD4 : 17;
12AD5 : 17;
12AD6 : 17;
12AD7 : 17;
12AD8 : 82;
12AD9 : 4F;
12ADA : 17;
12ADB : 17;
12ADC : 17;
12ADD : 17;
12ADE : 17;
12ADF : 17;
12AE0 : 82;
12AE1 : 4F;
12AE2 : 17;
12AE3 : 17;
12AE4 : 17;
12AE5 : 17;
12AE6 : 17;
12AE7 : 17;
12AE8 : 86;
12AE9 : 4F;
12AEA : 17;
12AEB : 17;
12AEC : 17;
12AED : 17;
12AEE : 17;
12AEF : 17;
12AF0 : 86;
12AF1 : 2F;
12AF2 : 17;
12AF3 : 17;
12AF4 : 17;
12AF5 : 17;
12AF6 : 17;
12AF7 : 17;
12AF8 : 82;
12AF9 : 4F;
12AFA : 57;
12AFB : 57;
12AFC : 57;
12AFD : 57;
12AFE : 57;
12AFF : 57;
12B00 : 17;
12B01 : 17;
12B02 : 17;
12B03 : 17;
12B04 : 17;
12B05 : 17;
12B06 : 1A;
12B07 : 1C;
12B08 : 17;
12B09 : 17;
12B0A : 17;
12B0B : 17;
12B0C : 17;
12B0D : 17;
12B0E : 1A;
12B0F : 1C;
12B10 : 17;
12B11 : 17;
12B12 : 17;
12B13 : 17;
12B14 : 17;
12B15 : 17;
12B16 : 1A;
12B17 : 1C;
12B18 : 17;
12B19 : 17;
12B1A : 17;
12B1B : 17;
12B1C : 17;
12B1D : 17;
12B1E : 1A;
12B1F : 1C;
12B20 : 17;
12B21 : 17;
12B22 : 17;
12B23 : 17;
12B24 : 17;
12B25 : 17;
12B26 : 1A;
12B27 : 1C;
12B28 : 17;
12B29 : 17;
12B2A : 17;
12B2B : 17;
12B2C : 17;
12B2D : 17;
12B2E : 1A;
12B2F : 1C;
12B30 : 17;
12B31 : 17;
12B32 : 17;
12B33 : 17;
12B34 : 17;
12B35 : 17;
12B36 : 1A;
12B37 : 1C;
12B38 : 57;
12B39 : 57;
12B3A : 57;
12B3B : 57;
12B3C : 57;
12B3D : 57;
12B3E : 3A;
12B3F : 3C;
12B40 : 1C;
12B41 : 1C;
12B42 : 1C;
12B43 : 1C;
12B44 : 1C;
12B45 : 1C;
12B46 : 1C;
12B47 : 1C;
12B48 : 1C;
12B49 : 1C;
12B4A : 1C;
12B4B : 1C;
12B4C : 1C;
12B4D : 1C;
12B4E : 1C;
12B4F : 1C;
12B50 : 1C;
12B51 : 1C;
12B52 : 1C;
12B53 : 1C;
12B54 : 1C;
12B55 : 1C;
12B56 : 1C;
12B57 : 1C;
12B58 : 1C;
12B59 : 1C;
12B5A : 1C;
12B5B : 1C;
12B5C : 1C;
12B5D : 1C;
12B5E : 1C;
12B5F : 1C;
12B60 : 1C;
12B61 : 1C;
12B62 : 1C;
12B63 : 1C;
12B64 : 1C;
12B65 : 1C;
12B66 : 1C;
12B67 : 1C;
12B68 : 1C;
12B69 : 1C;
12B6A : 1C;
12B6B : 1C;
12B6C : 1C;
12B6D : 1C;
12B6E : 1C;
12B6F : 1C;
12B70 : 1C;
12B71 : 1C;
12B72 : 1C;
12B73 : 1C;
12B74 : 1C;
12B75 : 1C;
12B76 : 1C;
12B77 : 1C;
12B78 : 3C;
12B79 : 3C;
12B7A : 3C;
12B7B : 3C;
12B7C : 3C;
12B7D : 3C;
12B7E : 3C;
12B7F : 3C;
12B80 : 1C;
12B81 : 1C;
12B82 : 1C;
12B83 : D8;
12B84 : F4;
12B85 : F4;
12B86 : F4;
12B87 : F4;
12B88 : 1C;
12B89 : 1C;
12B8A : 1C;
12B8B : D8;
12B8C : F4;
12B8D : F4;
12B8E : F4;
12B8F : F4;
12B90 : 1C;
12B91 : 1C;
12B92 : 1C;
12B93 : D8;
12B94 : F4;
12B95 : F4;
12B96 : F4;
12B97 : F4;
12B98 : 1C;
12B99 : 1C;
12B9A : 1C;
12B9B : D8;
12B9C : F4;
12B9D : F4;
12B9E : F4;
12B9F : F4;
12BA0 : 1C;
12BA1 : 1C;
12BA2 : 1C;
12BA3 : D8;
12BA4 : F4;
12BA5 : F4;
12BA6 : F4;
12BA7 : F4;
12BA8 : 1C;
12BA9 : 1C;
12BAA : 1C;
12BAB : D8;
12BAC : F4;
12BAD : F4;
12BAE : F4;
12BAF : F4;
12BB0 : 1C;
12BB1 : 1C;
12BB2 : 1C;
12BB3 : D8;
12BB4 : F4;
12BB5 : F4;
12BB6 : F4;
12BB7 : F4;
12BB8 : 3C;
12BB9 : 3C;
12BBA : 5C;
12BBB : D4;
12BBC : F4;
12BBD : F4;
12BBE : F4;
12BBF : F4;
12BC0 : F4;
12BC1 : F4;
12BC2 : F4;
12BC3 : F4;
12BC4 : F4;
12BC5 : F4;
12BC6 : F4;
12BC7 : D4;
12BC8 : F4;
12BC9 : F4;
12BCA : F4;
12BCB : F4;
12BCC : F4;
12BCD : F4;
12BCE : F4;
12BCF : D4;
12BD0 : F4;
12BD1 : F4;
12BD2 : F4;
12BD3 : F4;
12BD4 : F4;
12BD5 : F4;
12BD6 : F4;
12BD7 : D4;
12BD8 : F4;
12BD9 : F4;
12BDA : F4;
12BDB : F4;
12BDC : F4;
12BDD : F4;
12BDE : F4;
12BDF : D4;
12BE0 : F4;
12BE1 : F4;
12BE2 : F4;
12BE3 : F4;
12BE4 : F4;
12BE5 : F4;
12BE6 : F4;
12BE7 : D4;
12BE8 : F4;
12BE9 : F4;
12BEA : F4;
12BEB : F4;
12BEC : F4;
12BED : F4;
12BEE : F4;
12BEF : D4;
12BF0 : F4;
12BF1 : F4;
12BF2 : F4;
12BF3 : F4;
12BF4 : F4;
12BF5 : F4;
12BF6 : F4;
12BF7 : D4;
12BF8 : F4;
12BF9 : F4;
12BFA : F4;
12BFB : F4;
12BFC : F4;
12BFD : F4;
12BFE : F4;
12BFF : D4;
12C00 : 2B;
12C01 : 27;
12C02 : 27;
12C03 : 27;
12C04 : 27;
12C05 : 27;
12C06 : 27;
12C07 : 27;
12C08 : 47;
12C09 : 27;
12C0A : 27;
12C0B : 27;
12C0C : 27;
12C0D : 27;
12C0E : 27;
12C0F : 27;
12C10 : 47;
12C11 : 27;
12C12 : 27;
12C13 : 27;
12C14 : 27;
12C15 : 27;
12C16 : 27;
12C17 : 27;
12C18 : 47;
12C19 : 27;
12C1A : 27;
12C1B : 27;
12C1C : 27;
12C1D : 27;
12C1E : 27;
12C1F : 27;
12C20 : 47;
12C21 : 27;
12C22 : 27;
12C23 : 27;
12C24 : 27;
12C25 : 27;
12C26 : 27;
12C27 : 27;
12C28 : 47;
12C29 : 27;
12C2A : 27;
12C2B : 27;
12C2C : 27;
12C2D : 27;
12C2E : 27;
12C2F : 27;
12C30 : 27;
12C31 : 27;
12C32 : 27;
12C33 : 27;
12C34 : 27;
12C35 : 27;
12C36 : 27;
12C37 : 27;
12C38 : 47;
12C39 : 47;
12C3A : 47;
12C3B : 47;
12C3C : 47;
12C3D : 47;
12C3E : 47;
12C3F : 47;
12C40 : 27;
12C41 : 27;
12C42 : 27;
12C43 : 47;
12C44 : 2B;
12C45 : 2E;
12C46 : 32;
12C47 : 32;
12C48 : 27;
12C49 : 27;
12C4A : 27;
12C4B : 47;
12C4C : 2B;
12C4D : 32;
12C4E : 32;
12C4F : 32;
12C50 : 27;
12C51 : 27;
12C52 : 27;
12C53 : 47;
12C54 : 2B;
12C55 : 32;
12C56 : 32;
12C57 : 32;
12C58 : 27;
12C59 : 27;
12C5A : 27;
12C5B : 47;
12C5C : 2B;
12C5D : 32;
12C5E : 32;
12C5F : 32;
12C60 : 27;
12C61 : 27;
12C62 : 27;
12C63 : 47;
12C64 : 2B;
12C65 : 32;
12C66 : 32;
12C67 : 32;
12C68 : 27;
12C69 : 27;
12C6A : 27;
12C6B : 47;
12C6C : 2B;
12C6D : 32;
12C6E : 32;
12C6F : 32;
12C70 : 27;
12C71 : 27;
12C72 : 27;
12C73 : 27;
12C74 : 2B;
12C75 : 2E;
12C76 : 32;
12C77 : 32;
12C78 : 47;
12C79 : 47;
12C7A : 47;
12C7B : 47;
12C7C : 4B;
12C7D : 4E;
12C7E : 4E;
12C7F : 4E;
12C80 : 32;
12C81 : 32;
12C82 : 32;
12C83 : 2E;
12C84 : 2E;
12C85 : 2E;
12C86 : 2E;
12C87 : 32;
12C88 : 32;
12C89 : 32;
12C8A : 32;
12C8B : 32;
12C8C : 32;
12C8D : 32;
12C8E : 32;
12C8F : 32;
12C90 : 32;
12C91 : 32;
12C92 : 32;
12C93 : 32;
12C94 : 32;
12C95 : 32;
12C96 : 32;
12C97 : 32;
12C98 : 32;
12C99 : 32;
12C9A : 32;
12C9B : 32;
12C9C : 32;
12C9D : 32;
12C9E : 32;
12C9F : 32;
12CA0 : 32;
12CA1 : 32;
12CA2 : 32;
12CA3 : 32;
12CA4 : 32;
12CA5 : 32;
12CA6 : 32;
12CA7 : 32;
12CA8 : 32;
12CA9 : 32;
12CAA : 32;
12CAB : 32;
12CAC : 32;
12CAD : 32;
12CAE : 32;
12CAF : 32;
12CB0 : 32;
12CB1 : 32;
12CB2 : 32;
12CB3 : 32;
12CB4 : 32;
12CB5 : 32;
12CB6 : 32;
12CB7 : 32;
12CB8 : 4E;
12CB9 : 4E;
12CBA : 4E;
12CBB : 4E;
12CBC : 4E;
12CBD : 4E;
12CBE : 4E;
12CBF : 4E;
12CC0 : 2E;
12CC1 : 56;
12CC2 : 7C;
12CC3 : 7C;
12CC4 : 7C;
12CC5 : 7C;
12CC6 : 7C;
12CC7 : 7C;
12CC8 : 2E;
12CC9 : 56;
12CCA : 7C;
12CCB : 7C;
12CCC : 7C;
12CCD : 7C;
12CCE : 7C;
12CCF : 7C;
12CD0 : 2E;
12CD1 : 56;
12CD2 : 7C;
12CD3 : 7C;
12CD4 : 7C;
12CD5 : 7C;
12CD6 : 7C;
12CD7 : 7C;
12CD8 : 2E;
12CD9 : 56;
12CDA : 7C;
12CDB : 7C;
12CDC : 7C;
12CDD : 7C;
12CDE : 7C;
12CDF : 7C;
12CE0 : 2E;
12CE1 : 56;
12CE2 : 7C;
12CE3 : 7C;
12CE4 : 7C;
12CE5 : 7C;
12CE6 : 7C;
12CE7 : 7C;
12CE8 : 2E;
12CE9 : 56;
12CEA : 7C;
12CEB : 7C;
12CEC : 7C;
12CED : 7C;
12CEE : 7C;
12CEF : 7C;
12CF0 : 0E;
12CF1 : 56;
12CF2 : 7C;
12CF3 : 7C;
12CF4 : 7C;
12CF5 : 7C;
12CF6 : 7C;
12CF7 : 7C;
12CF8 : 4E;
12CF9 : 76;
12CFA : 9C;
12CFB : 9C;
12CFC : 9C;
12CFD : 9C;
12CFE : 9C;
12CFF : 9C;
12D00 : 7C;
12D01 : 7C;
12D02 : 7C;
12D03 : 7C;
12D04 : 7C;
12D05 : 7C;
12D06 : D8;
12D07 : F8;
12D08 : 7C;
12D09 : 7C;
12D0A : 7C;
12D0B : 7C;
12D0C : 7C;
12D0D : 7C;
12D0E : D8;
12D0F : F8;
12D10 : 7C;
12D11 : 7C;
12D12 : 7C;
12D13 : 7C;
12D14 : 7C;
12D15 : 7C;
12D16 : D8;
12D17 : F8;
12D18 : 7C;
12D19 : 7C;
12D1A : 7C;
12D1B : 7C;
12D1C : 7C;
12D1D : 7C;
12D1E : D8;
12D1F : F8;
12D20 : 7C;
12D21 : 7C;
12D22 : 7C;
12D23 : 7C;
12D24 : 7C;
12D25 : 7C;
12D26 : D8;
12D27 : F8;
12D28 : 7C;
12D29 : 7C;
12D2A : 7C;
12D2B : 7C;
12D2C : 7C;
12D2D : 7C;
12D2E : D8;
12D2F : F8;
12D30 : 7C;
12D31 : 7C;
12D32 : 7C;
12D33 : 7C;
12D34 : 7C;
12D35 : 7C;
12D36 : DC;
12D37 : F8;
12D38 : 9C;
12D39 : 9C;
12D3A : 9C;
12D3B : 9C;
12D3C : 9C;
12D3D : 9C;
12D3E : D8;
12D3F : F8;
12D40 : F8;
12D41 : F8;
12D42 : F8;
12D43 : F8;
12D44 : F8;
12D45 : F8;
12D46 : F8;
12D47 : F8;
12D48 : F8;
12D49 : F8;
12D4A : F8;
12D4B : F8;
12D4C : F8;
12D4D : F8;
12D4E : F8;
12D4F : F8;
12D50 : F8;
12D51 : F8;
12D52 : F8;
12D53 : F8;
12D54 : F8;
12D55 : F8;
12D56 : F8;
12D57 : F8;
12D58 : F8;
12D59 : F8;
12D5A : F8;
12D5B : F8;
12D5C : F8;
12D5D : F8;
12D5E : F8;
12D5F : F8;
12D60 : F8;
12D61 : F8;
12D62 : F8;
12D63 : F8;
12D64 : F8;
12D65 : F8;
12D66 : F8;
12D67 : F8;
12D68 : F8;
12D69 : F8;
12D6A : F8;
12D6B : F8;
12D6C : F8;
12D6D : F8;
12D6E : F8;
12D6F : F8;
12D70 : F8;
12D71 : F8;
12D72 : F8;
12D73 : F8;
12D74 : F8;
12D75 : F8;
12D76 : F8;
12D77 : F8;
12D78 : F8;
12D79 : F8;
12D7A : F8;
12D7B : F8;
12D7C : F8;
12D7D : F8;
12D7E : F8;
12D7F : F8;
12D80 : F8;
12D81 : F8;
12D82 : F8;
12D83 : E8;
12D84 : E0;
12D85 : E0;
12D86 : E0;
12D87 : E0;
12D88 : F8;
12D89 : F8;
12D8A : F8;
12D8B : E8;
12D8C : E0;
12D8D : E0;
12D8E : E0;
12D8F : E0;
12D90 : F8;
12D91 : F8;
12D92 : F8;
12D93 : E8;
12D94 : E0;
12D95 : E0;
12D96 : E0;
12D97 : E0;
12D98 : F8;
12D99 : F8;
12D9A : F8;
12D9B : E8;
12D9C : E0;
12D9D : E0;
12D9E : E0;
12D9F : E0;
12DA0 : F8;
12DA1 : F8;
12DA2 : F8;
12DA3 : E8;
12DA4 : E0;
12DA5 : E0;
12DA6 : E0;
12DA7 : E0;
12DA8 : F8;
12DA9 : F8;
12DAA : F8;
12DAB : E8;
12DAC : E0;
12DAD : E0;
12DAE : E0;
12DAF : E0;
12DB0 : F8;
12DB1 : F8;
12DB2 : F8;
12DB3 : E4;
12DB4 : E0;
12DB5 : E0;
12DB6 : E0;
12DB7 : E0;
12DB8 : F8;
12DB9 : F8;
12DBA : F8;
12DBB : C8;
12DBC : C4;
12DBD : C4;
12DBE : C4;
12DBF : C4;
12DC0 : E0;
12DC1 : E0;
12DC2 : E0;
12DC3 : E0;
12DC4 : E0;
12DC5 : E0;
12DC6 : E0;
12DC7 : E4;
12DC8 : E0;
12DC9 : E0;
12DCA : E0;
12DCB : E0;
12DCC : E0;
12DCD : E0;
12DCE : E0;
12DCF : E4;
12DD0 : E0;
12DD1 : E0;
12DD2 : E0;
12DD3 : E0;
12DD4 : E0;
12DD5 : E0;
12DD6 : E0;
12DD7 : E4;
12DD8 : E0;
12DD9 : E0;
12DDA : E0;
12DDB : E0;
12DDC : E0;
12DDD : E0;
12DDE : E0;
12DDF : C4;
12DE0 : E0;
12DE1 : E0;
12DE2 : E0;
12DE3 : E0;
12DE4 : E0;
12DE5 : E0;
12DE6 : E0;
12DE7 : C4;
12DE8 : E0;
12DE9 : E0;
12DEA : E0;
12DEB : E0;
12DEC : E0;
12DED : E0;
12DEE : E0;
12DEF : C4;
12DF0 : E0;
12DF1 : E0;
12DF2 : E0;
12DF3 : E0;
12DF4 : E0;
12DF5 : E0;
12DF6 : E0;
12DF7 : E4;
12DF8 : C4;
12DF9 : C4;
12DFA : C4;
12DFB : C4;
12DFC : C4;
12DFD : C4;
12DFE : C4;
12DFF : C8;
12E00 : F8;
12E01 : D8;
12E02 : F8;
12E03 : F8;
12E04 : F8;
12E05 : F8;
12E06 : F8;
12E07 : F8;
12E08 : F8;
12E09 : D8;
12E0A : F8;
12E0B : F8;
12E0C : F8;
12E0D : F8;
12E0E : F8;
12E0F : F8;
12E10 : F8;
12E11 : D8;
12E12 : F8;
12E13 : F8;
12E14 : F8;
12E15 : F8;
12E16 : F8;
12E17 : F8;
12E18 : F8;
12E19 : D8;
12E1A : F8;
12E1B : F8;
12E1C : F8;
12E1D : F8;
12E1E : F8;
12E1F : F8;
12E20 : F8;
12E21 : D8;
12E22 : F8;
12E23 : F8;
12E24 : F8;
12E25 : F8;
12E26 : F8;
12E27 : F8;
12E28 : F8;
12E29 : D8;
12E2A : F8;
12E2B : F8;
12E2C : F8;
12E2D : F8;
12E2E : F8;
12E2F : F8;
12E30 : F8;
12E31 : D8;
12E32 : F8;
12E33 : F8;
12E34 : F8;
12E35 : F8;
12E36 : F8;
12E37 : F8;
12E38 : D8;
12E39 : D8;
12E3A : D8;
12E3B : D8;
12E3C : D8;
12E3D : D8;
12E3E : D8;
12E3F : D8;
12E40 : F8;
12E41 : F8;
12E42 : F8;
12E43 : F8;
12E44 : D4;
12E45 : B0;
12E46 : B0;
12E47 : B0;
12E48 : F8;
12E49 : F8;
12E4A : F8;
12E4B : F8;
12E4C : D4;
12E4D : B0;
12E4E : B0;
12E4F : B0;
12E50 : F8;
12E51 : F8;
12E52 : F8;
12E53 : F8;
12E54 : D4;
12E55 : B0;
12E56 : B0;
12E57 : B0;
12E58 : F8;
12E59 : F8;
12E5A : F8;
12E5B : F8;
12E5C : D4;
12E5D : B0;
12E5E : B0;
12E5F : B0;
12E60 : F8;
12E61 : F8;
12E62 : F8;
12E63 : F8;
12E64 : D4;
12E65 : B0;
12E66 : B0;
12E67 : B0;
12E68 : F8;
12E69 : F8;
12E6A : F8;
12E6B : F8;
12E6C : D4;
12E6D : B0;
12E6E : B0;
12E6F : B0;
12E70 : F8;
12E71 : F8;
12E72 : F8;
12E73 : F8;
12E74 : D8;
12E75 : B0;
12E76 : B0;
12E77 : B0;
12E78 : D8;
12E79 : D8;
12E7A : D8;
12E7B : D8;
12E7C : D8;
12E7D : AC;
12E7E : AC;
12E7F : AC;
12E80 : B0;
12E81 : B0;
12E82 : B0;
12E83 : B0;
12E84 : B0;
12E85 : B0;
12E86 : B0;
12E87 : AC;
12E88 : B0;
12E89 : B0;
12E8A : B0;
12E8B : B0;
12E8C : B0;
12E8D : B0;
12E8E : B0;
12E8F : B0;
12E90 : B0;
12E91 : B0;
12E92 : B0;
12E93 : B0;
12E94 : B0;
12E95 : B0;
12E96 : B0;
12E97 : B0;
12E98 : B0;
12E99 : B0;
12E9A : B0;
12E9B : B0;
12E9C : B0;
12E9D : B0;
12E9E : B0;
12E9F : B0;
12EA0 : B0;
12EA1 : B0;
12EA2 : B0;
12EA3 : B0;
12EA4 : B0;
12EA5 : B0;
12EA6 : B0;
12EA7 : B0;
12EA8 : B0;
12EA9 : B0;
12EAA : B0;
12EAB : B0;
12EAC : B0;
12EAD : B0;
12EAE : B0;
12EAF : B0;
12EB0 : B0;
12EB1 : B0;
12EB2 : B0;
12EB3 : B0;
12EB4 : B0;
12EB5 : B0;
12EB6 : B0;
12EB7 : B0;
12EB8 : AC;
12EB9 : AC;
12EBA : AC;
12EBB : AC;
12EBC : AC;
12EBD : AC;
12EBE : AC;
12EBF : AC;
12EC0 : B0;
12EC1 : C8;
12EC2 : E0;
12EC3 : E0;
12EC4 : E0;
12EC5 : E0;
12EC6 : E0;
12EC7 : E0;
12EC8 : B0;
12EC9 : C8;
12ECA : E0;
12ECB : E0;
12ECC : E0;
12ECD : E0;
12ECE : E0;
12ECF : E0;
12ED0 : B0;
12ED1 : C8;
12ED2 : E0;
12ED3 : E0;
12ED4 : E0;
12ED5 : E0;
12ED6 : E0;
12ED7 : E0;
12ED8 : B0;
12ED9 : C8;
12EDA : E0;
12EDB : E0;
12EDC : E0;
12EDD : E0;
12EDE : E0;
12EDF : E0;
12EE0 : B0;
12EE1 : C8;
12EE2 : E0;
12EE3 : E0;
12EE4 : E0;
12EE5 : E0;
12EE6 : E0;
12EE7 : E0;
12EE8 : B0;
12EE9 : C8;
12EEA : E0;
12EEB : E0;
12EEC : E0;
12EED : E0;
12EEE : E0;
12EEF : E0;
12EF0 : B0;
12EF1 : C8;
12EF2 : E0;
12EF3 : E0;
12EF4 : E0;
12EF5 : E0;
12EF6 : E0;
12EF7 : E0;
12EF8 : AC;
12EF9 : C8;
12EFA : E4;
12EFB : E4;
12EFC : E4;
12EFD : E4;
12EFE : E4;
12EFF : E4;
12F00 : E0;
12F01 : E0;
12F02 : E0;
12F03 : E0;
12F04 : E0;
12F05 : E0;
12F06 : C2;
12F07 : A3;
12F08 : E0;
12F09 : E0;
12F0A : E0;
12F0B : E0;
12F0C : E0;
12F0D : E0;
12F0E : C2;
12F0F : A3;
12F10 : E0;
12F11 : E0;
12F12 : E0;
12F13 : E0;
12F14 : E0;
12F15 : E0;
12F16 : C2;
12F17 : A3;
12F18 : E0;
12F19 : E0;
12F1A : E0;
12F1B : E0;
12F1C : E0;
12F1D : E0;
12F1E : C2;
12F1F : A3;
12F20 : E0;
12F21 : E0;
12F22 : E0;
12F23 : E0;
12F24 : E0;
12F25 : E0;
12F26 : C2;
12F27 : A3;
12F28 : E0;
12F29 : E0;
12F2A : E0;
12F2B : E0;
12F2C : E0;
12F2D : E0;
12F2E : C2;
12F2F : A3;
12F30 : E0;
12F31 : E0;
12F32 : E0;
12F33 : E0;
12F34 : E0;
12F35 : E0;
12F36 : C2;
12F37 : A3;
12F38 : E4;
12F39 : E4;
12F3A : E4;
12F3B : E4;
12F3C : E4;
12F3D : E4;
12F3E : C6;
12F3F : 87;
12F40 : A3;
12F41 : A3;
12F42 : A3;
12F43 : A3;
12F44 : A3;
12F45 : A3;
12F46 : A3;
12F47 : A3;
12F48 : A3;
12F49 : A3;
12F4A : A3;
12F4B : A3;
12F4C : A3;
12F4D : A3;
12F4E : A3;
12F4F : A3;
12F50 : A3;
12F51 : A3;
12F52 : A3;
12F53 : A3;
12F54 : A3;
12F55 : A3;
12F56 : A3;
12F57 : A3;
12F58 : A3;
12F59 : A3;
12F5A : A3;
12F5B : A3;
12F5C : A3;
12F5D : A3;
12F5E : A3;
12F5F : A3;
12F60 : A3;
12F61 : A3;
12F62 : A3;
12F63 : A3;
12F64 : A3;
12F65 : A3;
12F66 : A3;
12F67 : A3;
12F68 : A3;
12F69 : A3;
12F6A : A3;
12F6B : A3;
12F6C : A3;
12F6D : A3;
12F6E : A3;
12F6F : A3;
12F70 : A3;
12F71 : A3;
12F72 : A3;
12F73 : A3;
12F74 : A3;
12F75 : A3;
12F76 : A3;
12F77 : A3;
12F78 : A7;
12F79 : A7;
12F7A : A7;
12F7B : A7;
12F7C : A7;
12F7D : A7;
12F7E : A7;
12F7F : A7;
12F80 : A3;
12F81 : A3;
12F82 : A3;
12F83 : 53;
12F84 : 17;
12F85 : 17;
12F86 : 17;
12F87 : 17;
12F88 : A3;
12F89 : A3;
12F8A : A3;
12F8B : 53;
12F8C : 17;
12F8D : 17;
12F8E : 17;
12F8F : 17;
12F90 : A3;
12F91 : A3;
12F92 : A3;
12F93 : 53;
12F94 : 17;
12F95 : 17;
12F96 : 17;
12F97 : 17;
12F98 : A3;
12F99 : A3;
12F9A : A3;
12F9B : 53;
12F9C : 17;
12F9D : 17;
12F9E : 17;
12F9F : 17;
12FA0 : A3;
12FA1 : A3;
12FA2 : A3;
12FA3 : 53;
12FA4 : 17;
12FA5 : 17;
12FA6 : 17;
12FA7 : 17;
12FA8 : A3;
12FA9 : A3;
12FAA : A3;
12FAB : 53;
12FAC : 17;
12FAD : 17;
12FAE : 17;
12FAF : 17;
12FB0 : A3;
12FB1 : A3;
12FB2 : A3;
12FB3 : 53;
12FB4 : 17;
12FB5 : 17;
12FB6 : 17;
12FB7 : 17;
12FB8 : A7;
12FB9 : A7;
12FBA : 87;
12FBB : 57;
12FBC : 17;
12FBD : 17;
12FBE : 17;
12FBF : 17;
12FC0 : 17;
12FC1 : 17;
12FC2 : 17;
12FC3 : 17;
12FC4 : 17;
12FC5 : 17;
12FC6 : 17;
12FC7 : 17;
12FC8 : 17;
12FC9 : 17;
12FCA : 17;
12FCB : 17;
12FCC : 17;
12FCD : 17;
12FCE : 17;
12FCF : 17;
12FD0 : 17;
12FD1 : 17;
12FD2 : 17;
12FD3 : 17;
12FD4 : 17;
12FD5 : 17;
12FD6 : 17;
12FD7 : 17;
12FD8 : 17;
12FD9 : 17;
12FDA : 17;
12FDB : 17;
12FDC : 17;
12FDD : 17;
12FDE : 17;
12FDF : 17;
12FE0 : 17;
12FE1 : 17;
12FE2 : 17;
12FE3 : 17;
12FE4 : 17;
12FE5 : 17;
12FE6 : 17;
12FE7 : 17;
12FE8 : 17;
12FE9 : 17;
12FEA : 17;
12FEB : 17;
12FEC : 17;
12FED : 17;
12FEE : 17;
12FEF : 17;
12FF0 : 17;
12FF1 : 17;
12FF2 : 17;
12FF3 : 17;
12FF4 : 17;
12FF5 : 17;
12FF6 : 17;
12FF7 : 17;
12FF8 : 17;
12FF9 : 17;
12FFA : 17;
12FFB : 17;
12FFC : 17;
12FFD : 17;
12FFE : 17;
12FFF : 17;
13000 : F8;
13001 : F8;
13002 : F8;
13003 : F8;
13004 : F8;
13005 : F8;
13006 : F8;
13007 : F8;
13008 : FC;
13009 : FC;
1300A : FC;
1300B : FC;
1300C : FC;
1300D : FC;
1300E : FC;
1300F : FC;
13010 : FC;
13011 : FC;
13012 : FC;
13013 : FC;
13014 : FC;
13015 : FC;
13016 : FC;
13017 : FC;
13018 : FC;
13019 : FC;
1301A : FC;
1301B : FC;
1301C : FC;
1301D : FC;
1301E : FC;
1301F : FC;
13020 : FC;
13021 : FC;
13022 : FC;
13023 : FC;
13024 : FC;
13025 : FC;
13026 : FC;
13027 : FC;
13028 : FC;
13029 : FC;
1302A : FC;
1302B : FC;
1302C : FC;
1302D : FC;
1302E : FC;
1302F : FC;
13030 : FC;
13031 : FC;
13032 : FC;
13033 : FC;
13034 : FC;
13035 : FC;
13036 : FC;
13037 : FC;
13038 : FC;
13039 : FC;
1303A : FC;
1303B : FC;
1303C : FC;
1303D : FC;
1303E : FC;
1303F : FC;
13040 : F8;
13041 : F8;
13042 : F8;
13043 : FC;
13044 : F8;
13045 : F0;
13046 : F0;
13047 : F0;
13048 : FC;
13049 : FC;
1304A : FC;
1304B : FC;
1304C : F8;
1304D : F0;
1304E : F0;
1304F : F0;
13050 : FC;
13051 : FC;
13052 : FC;
13053 : FC;
13054 : F8;
13055 : F0;
13056 : F0;
13057 : F0;
13058 : FC;
13059 : FC;
1305A : FC;
1305B : FC;
1305C : F8;
1305D : F0;
1305E : F0;
1305F : F0;
13060 : FC;
13061 : FC;
13062 : FC;
13063 : FC;
13064 : F8;
13065 : F0;
13066 : F0;
13067 : F0;
13068 : FC;
13069 : FC;
1306A : FC;
1306B : FC;
1306C : F8;
1306D : F0;
1306E : F0;
1306F : F0;
13070 : FC;
13071 : FC;
13072 : FC;
13073 : FC;
13074 : F8;
13075 : F0;
13076 : F0;
13077 : F0;
13078 : FC;
13079 : FC;
1307A : FC;
1307B : FC;
1307C : F8;
1307D : F0;
1307E : F0;
1307F : F0;
13080 : F0;
13081 : F0;
13082 : F0;
13083 : F0;
13084 : F0;
13085 : F0;
13086 : F0;
13087 : F0;
13088 : F0;
13089 : F0;
1308A : F0;
1308B : F0;
1308C : F0;
1308D : F0;
1308E : F0;
1308F : F0;
13090 : F0;
13091 : F0;
13092 : F0;
13093 : F0;
13094 : F0;
13095 : F0;
13096 : F0;
13097 : F0;
13098 : F0;
13099 : F0;
1309A : F0;
1309B : F0;
1309C : F0;
1309D : F0;
1309E : F0;
1309F : F0;
130A0 : F0;
130A1 : F0;
130A2 : F0;
130A3 : F0;
130A4 : F0;
130A5 : F0;
130A6 : F0;
130A7 : F0;
130A8 : F0;
130A9 : F0;
130AA : F0;
130AB : F0;
130AC : F0;
130AD : F0;
130AE : F0;
130AF : F0;
130B0 : F0;
130B1 : F0;
130B2 : F0;
130B3 : F0;
130B4 : F0;
130B5 : F0;
130B6 : F0;
130B7 : F0;
130B8 : F0;
130B9 : F0;
130BA : F0;
130BB : F0;
130BC : F0;
130BD : F0;
130BE : F0;
130BF : F0;
130C0 : F0;
130C1 : F4;
130C2 : FC;
130C3 : FC;
130C4 : FC;
130C5 : FC;
130C6 : FC;
130C7 : FC;
130C8 : F0;
130C9 : F4;
130CA : FC;
130CB : FC;
130CC : FC;
130CD : FC;
130CE : FC;
130CF : FC;
130D0 : F0;
130D1 : F4;
130D2 : FC;
130D3 : FC;
130D4 : FC;
130D5 : FC;
130D6 : FC;
130D7 : FC;
130D8 : F0;
130D9 : F4;
130DA : FC;
130DB : FC;
130DC : FC;
130DD : FC;
130DE : FC;
130DF : FC;
130E0 : F0;
130E1 : F4;
130E2 : FC;
130E3 : FC;
130E4 : FC;
130E5 : FC;
130E6 : FC;
130E7 : FC;
130E8 : F0;
130E9 : F4;
130EA : FC;
130EB : FC;
130EC : FC;
130ED : FC;
130EE : FC;
130EF : FC;
130F0 : F0;
130F1 : F4;
130F2 : FC;
130F3 : FC;
130F4 : FC;
130F5 : FC;
130F6 : FC;
130F7 : FC;
130F8 : F0;
130F9 : F4;
130FA : FC;
130FB : FC;
130FC : FC;
130FD : FC;
130FE : FC;
130FF : FC;
13100 : FC;
13101 : FC;
13102 : FC;
13103 : FC;
13104 : FC;
13105 : FC;
13106 : 95;
13107 : 36;
13108 : FC;
13109 : FC;
1310A : FC;
1310B : FC;
1310C : FC;
1310D : FC;
1310E : 98;
1310F : 15;
13110 : FC;
13111 : FC;
13112 : FC;
13113 : FC;
13114 : FC;
13115 : FC;
13116 : 98;
13117 : 15;
13118 : FC;
13119 : FC;
1311A : FC;
1311B : FC;
1311C : FC;
1311D : FC;
1311E : 98;
1311F : 15;
13120 : FC;
13121 : FC;
13122 : FC;
13123 : FC;
13124 : FC;
13125 : FC;
13126 : 98;
13127 : 15;
13128 : FC;
13129 : FC;
1312A : FC;
1312B : FC;
1312C : FC;
1312D : FC;
1312E : 98;
1312F : 15;
13130 : FC;
13131 : FC;
13132 : FC;
13133 : FC;
13134 : FC;
13135 : FC;
13136 : 98;
13137 : 15;
13138 : FC;
13139 : FC;
1313A : FC;
1313B : FC;
1313C : FC;
1313D : FC;
1313E : 98;
1313F : 15;
13140 : 35;
13141 : 35;
13142 : 35;
13143 : 35;
13144 : 35;
13145 : 35;
13146 : 35;
13147 : 35;
13148 : 35;
13149 : 35;
1314A : 35;
1314B : 35;
1314C : 35;
1314D : 35;
1314E : 35;
1314F : 35;
13150 : 35;
13151 : 35;
13152 : 35;
13153 : 35;
13154 : 35;
13155 : 35;
13156 : 35;
13157 : 35;
13158 : 35;
13159 : 35;
1315A : 35;
1315B : 35;
1315C : 35;
1315D : 35;
1315E : 35;
1315F : 35;
13160 : 35;
13161 : 35;
13162 : 35;
13163 : 35;
13164 : 35;
13165 : 35;
13166 : 35;
13167 : 35;
13168 : 35;
13169 : 35;
1316A : 35;
1316B : 35;
1316C : 35;
1316D : 35;
1316E : 35;
1316F : 35;
13170 : 35;
13171 : 35;
13172 : 35;
13173 : 35;
13174 : 35;
13175 : 35;
13176 : 35;
13177 : 35;
13178 : 35;
13179 : 35;
1317A : 35;
1317B : 35;
1317C : 35;
1317D : 35;
1317E : 35;
1317F : 35;
13180 : 35;
13181 : 35;
13182 : 35;
13183 : 37;
13184 : 37;
13185 : 37;
13186 : 37;
13187 : 37;
13188 : 35;
13189 : 35;
1318A : 35;
1318B : 37;
1318C : 37;
1318D : 37;
1318E : 37;
1318F : 37;
13190 : 35;
13191 : 35;
13192 : 35;
13193 : 37;
13194 : 37;
13195 : 37;
13196 : 37;
13197 : 37;
13198 : 35;
13199 : 35;
1319A : 35;
1319B : 37;
1319C : 37;
1319D : 37;
1319E : 37;
1319F : 37;
131A0 : 35;
131A1 : 35;
131A2 : 35;
131A3 : 37;
131A4 : 37;
131A5 : 37;
131A6 : 37;
131A7 : 37;
131A8 : 35;
131A9 : 35;
131AA : 35;
131AB : 37;
131AC : 37;
131AD : 37;
131AE : 37;
131AF : 37;
131B0 : 35;
131B1 : 35;
131B2 : 35;
131B3 : 37;
131B4 : 37;
131B5 : 37;
131B6 : 37;
131B7 : 37;
131B8 : 35;
131B9 : 35;
131BA : 35;
131BB : 37;
131BC : 37;
131BD : 37;
131BE : 37;
131BF : 37;
131C0 : 37;
131C1 : 37;
131C2 : 37;
131C3 : 37;
131C4 : 37;
131C5 : 37;
131C6 : 37;
131C7 : 57;
131C8 : 37;
131C9 : 37;
131CA : 37;
131CB : 37;
131CC : 37;
131CD : 37;
131CE : 37;
131CF : 77;
131D0 : 37;
131D1 : 37;
131D2 : 37;
131D3 : 37;
131D4 : 37;
131D5 : 37;
131D6 : 37;
131D7 : 77;
131D8 : 37;
131D9 : 37;
131DA : 37;
131DB : 37;
131DC : 37;
131DD : 37;
131DE : 37;
131DF : 77;
131E0 : 37;
131E1 : 37;
131E2 : 37;
131E3 : 37;
131E4 : 37;
131E5 : 37;
131E6 : 37;
131E7 : 77;
131E8 : 37;
131E9 : 37;
131EA : 37;
131EB : 37;
131EC : 37;
131ED : 37;
131EE : 37;
131EF : 77;
131F0 : 37;
131F1 : 37;
131F2 : 37;
131F3 : 37;
131F4 : 37;
131F5 : 37;
131F6 : 37;
131F7 : 77;
131F8 : 37;
131F9 : 37;
131FA : 37;
131FB : 37;
131FC : 37;
131FD : 37;
131FE : 37;
131FF : 57;
13200 : D1;
13201 : F0;
13202 : F0;
13203 : F0;
13204 : F0;
13205 : F0;
13206 : F0;
13207 : F0;
13208 : D5;
13209 : F0;
1320A : F0;
1320B : F0;
1320C : F0;
1320D : F0;
1320E : F0;
1320F : F0;
13210 : D5;
13211 : F0;
13212 : F0;
13213 : F0;
13214 : F0;
13215 : F0;
13216 : F0;
13217 : F0;
13218 : D5;
13219 : F0;
1321A : F0;
1321B : F0;
1321C : F0;
1321D : F0;
1321E : F0;
1321F : F0;
13220 : D5;
13221 : F0;
13222 : F0;
13223 : F0;
13224 : F0;
13225 : F0;
13226 : F0;
13227 : F0;
13228 : D5;
13229 : F0;
1322A : F0;
1322B : F0;
1322C : F0;
1322D : F0;
1322E : F0;
1322F : F0;
13230 : D5;
13231 : F0;
13232 : F0;
13233 : F0;
13234 : F0;
13235 : F0;
13236 : F0;
13237 : F0;
13238 : D5;
13239 : F0;
1323A : F0;
1323B : F0;
1323C : F0;
1323D : F0;
1323E : F0;
1323F : F0;
13240 : F0;
13241 : F0;
13242 : F0;
13243 : F0;
13244 : B5;
13245 : 3B;
13246 : 3B;
13247 : 3B;
13248 : F0;
13249 : F0;
1324A : F0;
1324B : F0;
1324C : B5;
1324D : 1B;
1324E : 1B;
1324F : 1B;
13250 : F0;
13251 : F0;
13252 : F0;
13253 : F0;
13254 : B5;
13255 : 1B;
13256 : 1B;
13257 : 1B;
13258 : F0;
13259 : F0;
1325A : F0;
1325B : F0;
1325C : B5;
1325D : 1B;
1325E : 1B;
1325F : 1B;
13260 : F0;
13261 : F0;
13262 : F0;
13263 : F0;
13264 : B5;
13265 : 1B;
13266 : 1B;
13267 : 1B;
13268 : F0;
13269 : F0;
1326A : F0;
1326B : F0;
1326C : B5;
1326D : 1B;
1326E : 1B;
1326F : 1B;
13270 : F0;
13271 : F0;
13272 : F0;
13273 : F0;
13274 : B5;
13275 : 1B;
13276 : 1B;
13277 : 1B;
13278 : F0;
13279 : F0;
1327A : F0;
1327B : F0;
1327C : B5;
1327D : 1B;
1327E : 1B;
1327F : 1B;
13280 : 3B;
13281 : 3B;
13282 : 3B;
13283 : 3B;
13284 : 3B;
13285 : 3B;
13286 : 3B;
13287 : 3B;
13288 : 1B;
13289 : 1B;
1328A : 1B;
1328B : 1B;
1328C : 1B;
1328D : 1B;
1328E : 1B;
1328F : 1B;
13290 : 1B;
13291 : 1B;
13292 : 1B;
13293 : 1B;
13294 : 1B;
13295 : 1B;
13296 : 1B;
13297 : 1B;
13298 : 1B;
13299 : 1B;
1329A : 1B;
1329B : 1B;
1329C : 1B;
1329D : 1B;
1329E : 1B;
1329F : 1B;
132A0 : 1B;
132A1 : 1B;
132A2 : 1B;
132A3 : 1B;
132A4 : 1B;
132A5 : 1B;
132A6 : 1B;
132A7 : 1B;
132A8 : 1B;
132A9 : 1B;
132AA : 1B;
132AB : 1B;
132AC : 1B;
132AD : 1B;
132AE : 1B;
132AF : 1B;
132B0 : 1B;
132B1 : 1B;
132B2 : 1B;
132B3 : 1B;
132B4 : 1B;
132B5 : 1B;
132B6 : 1B;
132B7 : 1B;
132B8 : 1B;
132B9 : 1B;
132BA : 1B;
132BB : 1B;
132BC : 1B;
132BD : 1B;
132BE : 1B;
132BF : 1B;
132C0 : 3B;
132C1 : 57;
132C2 : 92;
132C3 : 92;
132C4 : 92;
132C5 : 92;
132C6 : 92;
132C7 : 92;
132C8 : 1B;
132C9 : 57;
132CA : 92;
132CB : 92;
132CC : 92;
132CD : 92;
132CE : 92;
132CF : 92;
132D0 : 1B;
132D1 : 57;
132D2 : 92;
132D3 : 92;
132D4 : 92;
132D5 : 92;
132D6 : 92;
132D7 : 92;
132D8 : 1B;
132D9 : 57;
132DA : 92;
132DB : 92;
132DC : 92;
132DD : 92;
132DE : 92;
132DF : 92;
132E0 : 1B;
132E1 : 57;
132E2 : 92;
132E3 : 92;
132E4 : 92;
132E5 : 92;
132E6 : 92;
132E7 : 92;
132E8 : 1B;
132E9 : 57;
132EA : 92;
132EB : 92;
132EC : 92;
132ED : 92;
132EE : 92;
132EF : 92;
132F0 : 1B;
132F1 : 57;
132F2 : 92;
132F3 : 92;
132F4 : 92;
132F5 : 92;
132F6 : 92;
132F7 : 92;
132F8 : 1B;
132F9 : 57;
132FA : 92;
132FB : 92;
132FC : 92;
132FD : 92;
132FE : 92;
132FF : 92;
13300 : 92;
13301 : 92;
13302 : 92;
13303 : 92;
13304 : 92;
13305 : 92;
13306 : AA;
13307 : A5;
13308 : 92;
13309 : 92;
1330A : 92;
1330B : 92;
1330C : 92;
1330D : 92;
1330E : AA;
1330F : A5;
13310 : 92;
13311 : 92;
13312 : 92;
13313 : 92;
13314 : 92;
13315 : 92;
13316 : AA;
13317 : A5;
13318 : 92;
13319 : 92;
1331A : 92;
1331B : 92;
1331C : 92;
1331D : 92;
1331E : AA;
1331F : A5;
13320 : 92;
13321 : 92;
13322 : 92;
13323 : 92;
13324 : 92;
13325 : 92;
13326 : AA;
13327 : A5;
13328 : 92;
13329 : 92;
1332A : 92;
1332B : 92;
1332C : 92;
1332D : 92;
1332E : AA;
1332F : A5;
13330 : 92;
13331 : 92;
13332 : 92;
13333 : 92;
13334 : 92;
13335 : 92;
13336 : AA;
13337 : A5;
13338 : 92;
13339 : 92;
1333A : 92;
1333B : 92;
1333C : 92;
1333D : 96;
1333E : AA;
1333F : A5;
13340 : A5;
13341 : A5;
13342 : A5;
13343 : A5;
13344 : A5;
13345 : A5;
13346 : A5;
13347 : A5;
13348 : A5;
13349 : A5;
1334A : A5;
1334B : A5;
1334C : A5;
1334D : A5;
1334E : A5;
1334F : A5;
13350 : A5;
13351 : A5;
13352 : A5;
13353 : A5;
13354 : A5;
13355 : A5;
13356 : A5;
13357 : A5;
13358 : A5;
13359 : A5;
1335A : A5;
1335B : A5;
1335C : A5;
1335D : A5;
1335E : A5;
1335F : A5;
13360 : A5;
13361 : A5;
13362 : A5;
13363 : A5;
13364 : A5;
13365 : A5;
13366 : A5;
13367 : A5;
13368 : A5;
13369 : A5;
1336A : A5;
1336B : A5;
1336C : A5;
1336D : A5;
1336E : A5;
1336F : A5;
13370 : A5;
13371 : A5;
13372 : A5;
13373 : A5;
13374 : A5;
13375 : A5;
13376 : A5;
13377 : A5;
13378 : A5;
13379 : A5;
1337A : A5;
1337B : A5;
1337C : A5;
1337D : A5;
1337E : A5;
1337F : A5;
13380 : A5;
13381 : A5;
13382 : A5;
13383 : C9;
13384 : CC;
13385 : C8;
13386 : E8;
13387 : C8;
13388 : A5;
13389 : A5;
1338A : A5;
1338B : C9;
1338C : E8;
1338D : E8;
1338E : E8;
1338F : E8;
13390 : A5;
13391 : A5;
13392 : A5;
13393 : C9;
13394 : E8;
13395 : E8;
13396 : E8;
13397 : E8;
13398 : A5;
13399 : A5;
1339A : A5;
1339B : C9;
1339C : E8;
1339D : E8;
1339E : E8;
1339F : E8;
133A0 : A5;
133A1 : A5;
133A2 : A5;
133A3 : C9;
133A4 : E8;
133A5 : E8;
133A6 : E8;
133A7 : E8;
133A8 : A5;
133A9 : A5;
133AA : A5;
133AB : C9;
133AC : E8;
133AD : E8;
133AE : E8;
133AF : E8;
133B0 : A5;
133B1 : A5;
133B2 : A5;
133B3 : C9;
133B4 : E8;
133B5 : E8;
133B6 : E8;
133B7 : E8;
133B8 : A5;
133B9 : A5;
133BA : A5;
133BB : C9;
133BC : E8;
133BD : E8;
133BE : E8;
133BF : E8;
133C0 : CC;
133C1 : CC;
133C2 : CC;
133C3 : CC;
133C4 : CC;
133C5 : CC;
133C6 : CC;
133C7 : C8;
133C8 : E8;
133C9 : E8;
133CA : E8;
133CB : E8;
133CC : E8;
133CD : E8;
133CE : E8;
133CF : E8;
133D0 : E8;
133D1 : E8;
133D2 : E8;
133D3 : E8;
133D4 : E8;
133D5 : E8;
133D6 : C8;
133D7 : C8;
133D8 : E8;
133D9 : E8;
133DA : E8;
133DB : E8;
133DC : E8;
133DD : E8;
133DE : C8;
133DF : C8;
133E0 : E8;
133E1 : E8;
133E2 : E8;
133E3 : E8;
133E4 : E8;
133E5 : E8;
133E6 : E8;
133E7 : E8;
133E8 : E8;
133E9 : E8;
133EA : E8;
133EB : E8;
133EC : E8;
133ED : E8;
133EE : E8;
133EF : E8;
133F0 : E8;
133F1 : E8;
133F2 : E8;
133F3 : E8;
133F4 : E8;
133F5 : E8;
133F6 : E8;
133F7 : C8;
133F8 : E8;
133F9 : E8;
133FA : E8;
133FB : E8;
133FC : E8;
133FD : E8;
133FE : E8;
133FF : E8;
13400 : E4;
13401 : E4;
13402 : E4;
13403 : E4;
13404 : E4;
13405 : E4;
13406 : E4;
13407 : E4;
13408 : E4;
13409 : E4;
1340A : E4;
1340B : E4;
1340C : E4;
1340D : E4;
1340E : E4;
1340F : E4;
13410 : E4;
13411 : E4;
13412 : E4;
13413 : E4;
13414 : E4;
13415 : E4;
13416 : E4;
13417 : E4;
13418 : E4;
13419 : E4;
1341A : E4;
1341B : E4;
1341C : E4;
1341D : E4;
1341E : E4;
1341F : E4;
13420 : E4;
13421 : E4;
13422 : E4;
13423 : E4;
13424 : E4;
13425 : E4;
13426 : E4;
13427 : E4;
13428 : E4;
13429 : E4;
1342A : E4;
1342B : E4;
1342C : E4;
1342D : E4;
1342E : E4;
1342F : E4;
13430 : E4;
13431 : E4;
13432 : E4;
13433 : E4;
13434 : E4;
13435 : E4;
13436 : E4;
13437 : E4;
13438 : E4;
13439 : E4;
1343A : E4;
1343B : E4;
1343C : E4;
1343D : E4;
1343E : E4;
1343F : E4;
13440 : E4;
13441 : E4;
13442 : E4;
13443 : E4;
13444 : C5;
13445 : 63;
13446 : 63;
13447 : 63;
13448 : E4;
13449 : E4;
1344A : E4;
1344B : E4;
1344C : C5;
1344D : 63;
1344E : 63;
1344F : 63;
13450 : E4;
13451 : E4;
13452 : E4;
13453 : E4;
13454 : C5;
13455 : 63;
13456 : 63;
13457 : 63;
13458 : E4;
13459 : E4;
1345A : E4;
1345B : E4;
1345C : C5;
1345D : 63;
1345E : 63;
1345F : 63;
13460 : E4;
13461 : E4;
13462 : E4;
13463 : E4;
13464 : C5;
13465 : 63;
13466 : 63;
13467 : 63;
13468 : E4;
13469 : E4;
1346A : E4;
1346B : E4;
1346C : C5;
1346D : 63;
1346E : 63;
1346F : 63;
13470 : E4;
13471 : E4;
13472 : E4;
13473 : E4;
13474 : C5;
13475 : 63;
13476 : 63;
13477 : 63;
13478 : E4;
13479 : E4;
1347A : E4;
1347B : E4;
1347C : C5;
1347D : 63;
1347E : 63;
1347F : 63;
13480 : 63;
13481 : 63;
13482 : 63;
13483 : 63;
13484 : 63;
13485 : 63;
13486 : 63;
13487 : 63;
13488 : 63;
13489 : 63;
1348A : 63;
1348B : 63;
1348C : 63;
1348D : 63;
1348E : 63;
1348F : 63;
13490 : 63;
13491 : 63;
13492 : 63;
13493 : 63;
13494 : 63;
13495 : 63;
13496 : 63;
13497 : 63;
13498 : 63;
13499 : 63;
1349A : 63;
1349B : 63;
1349C : 63;
1349D : 63;
1349E : 63;
1349F : 63;
134A0 : 63;
134A1 : 63;
134A2 : 63;
134A3 : 63;
134A4 : 63;
134A5 : 63;
134A6 : 63;
134A7 : 63;
134A8 : 63;
134A9 : 63;
134AA : 63;
134AB : 63;
134AC : 63;
134AD : 63;
134AE : 63;
134AF : 63;
134B0 : 63;
134B1 : 63;
134B2 : 63;
134B3 : 63;
134B4 : 63;
134B5 : 63;
134B6 : 63;
134B7 : 63;
134B8 : 63;
134B9 : 63;
134BA : 63;
134BB : 63;
134BC : 63;
134BD : 63;
134BE : 63;
134BF : 63;
134C0 : 63;
134C1 : A2;
134C2 : E6;
134C3 : E6;
134C4 : E6;
134C5 : E6;
134C6 : E6;
134C7 : E6;
134C8 : 63;
134C9 : A2;
134CA : E1;
134CB : E1;
134CC : E1;
134CD : E1;
134CE : E1;
134CF : E1;
134D0 : 63;
134D1 : A2;
134D2 : E1;
134D3 : E1;
134D4 : E1;
134D5 : E1;
134D6 : E1;
134D7 : E1;
134D8 : 63;
134D9 : A2;
134DA : E1;
134DB : E1;
134DC : E1;
134DD : E1;
134DE : E1;
134DF : E1;
134E0 : 63;
134E1 : A2;
134E2 : E1;
134E3 : E1;
134E4 : E1;
134E5 : E1;
134E6 : E1;
134E7 : E1;
134E8 : 63;
134E9 : A2;
134EA : E1;
134EB : E1;
134EC : E1;
134ED : E1;
134EE : E1;
134EF : E1;
134F0 : 63;
134F1 : A2;
134F2 : E1;
134F3 : E1;
134F4 : E1;
134F5 : E1;
134F6 : E1;
134F7 : E1;
134F8 : 63;
134F9 : A2;
134FA : E1;
134FB : E1;
134FC : E1;
134FD : E1;
134FE : E1;
134FF : E1;
13500 : E6;
13501 : E6;
13502 : E6;
13503 : E6;
13504 : E6;
13505 : E6;
13506 : C9;
13507 : 90;
13508 : E1;
13509 : E1;
1350A : E1;
1350B : E1;
1350C : E1;
1350D : E1;
1350E : C9;
1350F : 8C;
13510 : E1;
13511 : E1;
13512 : E1;
13513 : E1;
13514 : E1;
13515 : E1;
13516 : C9;
13517 : 8C;
13518 : E1;
13519 : E1;
1351A : E1;
1351B : E1;
1351C : E1;
1351D : E1;
1351E : C9;
1351F : 8C;
13520 : E1;
13521 : E1;
13522 : E1;
13523 : E1;
13524 : E1;
13525 : E1;
13526 : C9;
13527 : 8C;
13528 : E1;
13529 : E1;
1352A : E1;
1352B : E1;
1352C : E1;
1352D : E1;
1352E : C9;
1352F : 8C;
13530 : E1;
13531 : E1;
13532 : E1;
13533 : E1;
13534 : E1;
13535 : E1;
13536 : C9;
13537 : 8C;
13538 : E1;
13539 : E1;
1353A : E1;
1353B : E1;
1353C : E1;
1353D : E1;
1353E : C9;
1353F : 8C;
13540 : AC;
13541 : AC;
13542 : AC;
13543 : AC;
13544 : AC;
13545 : AC;
13546 : AC;
13547 : AC;
13548 : AC;
13549 : AC;
1354A : AC;
1354B : AC;
1354C : AC;
1354D : AC;
1354E : AC;
1354F : AC;
13550 : AC;
13551 : AC;
13552 : AC;
13553 : AC;
13554 : AC;
13555 : AC;
13556 : AC;
13557 : AC;
13558 : AC;
13559 : AC;
1355A : AC;
1355B : AC;
1355C : AC;
1355D : AC;
1355E : AC;
1355F : AC;
13560 : AC;
13561 : AC;
13562 : AC;
13563 : AC;
13564 : AC;
13565 : AC;
13566 : AC;
13567 : AC;
13568 : AC;
13569 : AC;
1356A : AC;
1356B : AC;
1356C : AC;
1356D : AC;
1356E : AC;
1356F : AC;
13570 : AC;
13571 : AC;
13572 : AC;
13573 : AC;
13574 : AC;
13575 : AC;
13576 : AC;
13577 : AC;
13578 : AC;
13579 : AC;
1357A : AC;
1357B : AC;
1357C : AC;
1357D : AC;
1357E : AC;
1357F : AC;
13580 : AC;
13581 : AC;
13582 : AC;
13583 : D4;
13584 : F8;
13585 : F4;
13586 : F4;
13587 : F4;
13588 : AC;
13589 : AC;
1358A : AC;
1358B : D4;
1358C : F8;
1358D : F8;
1358E : F8;
1358F : F8;
13590 : AC;
13591 : AC;
13592 : AC;
13593 : D4;
13594 : F8;
13595 : F8;
13596 : F8;
13597 : F8;
13598 : AC;
13599 : AC;
1359A : AC;
1359B : D4;
1359C : F8;
1359D : F8;
1359E : F8;
1359F : F8;
135A0 : AC;
135A1 : AC;
135A2 : AC;
135A3 : D4;
135A4 : F8;
135A5 : F8;
135A6 : F8;
135A7 : F8;
135A8 : AC;
135A9 : AC;
135AA : AC;
135AB : D4;
135AC : F8;
135AD : F8;
135AE : F8;
135AF : F8;
135B0 : AC;
135B1 : AC;
135B2 : AC;
135B3 : D4;
135B4 : F8;
135B5 : F8;
135B6 : F8;
135B7 : F8;
135B8 : AC;
135B9 : AC;
135BA : AC;
135BB : D4;
135BC : F8;
135BD : F8;
135BE : F8;
135BF : F8;
135C0 : F4;
135C1 : F4;
135C2 : F4;
135C3 : F4;
135C4 : F4;
135C5 : F4;
135C6 : F8;
135C7 : D5;
135C8 : F8;
135C9 : F8;
135CA : F8;
135CB : F8;
135CC : F8;
135CD : F8;
135CE : F8;
135CF : D5;
135D0 : F8;
135D1 : F8;
135D2 : F8;
135D3 : F8;
135D4 : F8;
135D5 : F8;
135D6 : F8;
135D7 : D5;
135D8 : F8;
135D9 : F8;
135DA : F8;
135DB : F8;
135DC : F8;
135DD : F8;
135DE : F8;
135DF : D5;
135E0 : F8;
135E1 : F8;
135E2 : F8;
135E3 : F8;
135E4 : F8;
135E5 : F8;
135E6 : F8;
135E7 : D5;
135E8 : F8;
135E9 : F8;
135EA : F8;
135EB : F8;
135EC : F8;
135ED : F8;
135EE : F8;
135EF : D5;
135F0 : F8;
135F1 : F8;
135F2 : F8;
135F3 : F8;
135F4 : F8;
135F5 : F8;
135F6 : F8;
135F7 : D5;
135F8 : F8;
135F9 : F8;
135FA : F8;
135FB : F8;
135FC : F8;
135FD : F8;
135FE : F8;
135FF : D5;
13600 : A7;
13601 : 83;
13602 : 83;
13603 : 83;
13604 : 83;
13605 : 83;
13606 : 83;
13607 : 83;
13608 : A7;
13609 : A3;
1360A : A3;
1360B : A3;
1360C : A3;
1360D : A3;
1360E : A3;
1360F : 83;
13610 : A7;
13611 : 83;
13612 : 83;
13613 : 83;
13614 : 83;
13615 : 83;
13616 : 83;
13617 : 83;
13618 : A7;
13619 : 83;
1361A : 83;
1361B : 83;
1361C : 83;
1361D : A3;
1361E : A3;
1361F : 83;
13620 : A7;
13621 : A3;
13622 : A3;
13623 : 83;
13624 : 83;
13625 : A3;
13626 : A3;
13627 : 83;
13628 : A7;
13629 : A3;
1362A : A3;
1362B : 83;
1362C : 83;
1362D : 83;
1362E : 83;
1362F : 83;
13630 : A7;
13631 : A3;
13632 : A3;
13633 : 83;
13634 : 83;
13635 : 83;
13636 : 83;
13637 : 83;
13638 : A7;
13639 : A3;
1363A : 83;
1363B : 83;
1363C : 83;
1363D : 83;
1363E : 83;
1363F : 83;
13640 : 83;
13641 : 83;
13642 : 83;
13643 : 83;
13644 : A2;
13645 : E1;
13646 : E1;
13647 : E1;
13648 : 83;
13649 : 83;
1364A : 83;
1364B : 83;
1364C : C2;
1364D : E1;
1364E : E1;
1364F : E1;
13650 : 83;
13651 : 83;
13652 : 83;
13653 : 83;
13654 : A2;
13655 : E1;
13656 : E1;
13657 : E1;
13658 : 83;
13659 : 83;
1365A : 83;
1365B : 83;
1365C : A2;
1365D : E1;
1365E : E1;
1365F : E1;
13660 : 83;
13661 : A3;
13662 : A3;
13663 : 83;
13664 : A2;
13665 : E1;
13666 : E1;
13667 : E1;
13668 : 83;
13669 : A3;
1366A : A3;
1366B : 83;
1366C : A2;
1366D : E1;
1366E : E1;
1366F : E1;
13670 : 83;
13671 : A3;
13672 : A3;
13673 : 83;
13674 : A2;
13675 : E1;
13676 : E1;
13677 : E1;
13678 : 83;
13679 : A3;
1367A : 83;
1367B : 83;
1367C : C2;
1367D : E1;
1367E : E1;
1367F : E1;
13680 : E1;
13681 : E1;
13682 : E1;
13683 : E1;
13684 : E1;
13685 : E1;
13686 : E1;
13687 : E1;
13688 : E1;
13689 : E1;
1368A : E1;
1368B : E1;
1368C : E1;
1368D : E1;
1368E : E1;
1368F : E1;
13690 : E1;
13691 : E1;
13692 : E1;
13693 : E1;
13694 : E1;
13695 : E1;
13696 : E1;
13697 : E1;
13698 : E1;
13699 : E1;
1369A : E1;
1369B : E1;
1369C : E1;
1369D : E1;
1369E : E1;
1369F : E1;
136A0 : E1;
136A1 : E1;
136A2 : E1;
136A3 : E1;
136A4 : E1;
136A5 : E1;
136A6 : E1;
136A7 : E1;
136A8 : E1;
136A9 : E1;
136AA : E1;
136AB : E1;
136AC : E1;
136AD : E1;
136AE : E1;
136AF : E1;
136B0 : E1;
136B1 : E1;
136B2 : E1;
136B3 : E1;
136B4 : E1;
136B5 : E1;
136B6 : E1;
136B7 : E1;
136B8 : E1;
136B9 : E1;
136BA : E1;
136BB : E1;
136BC : E1;
136BD : E1;
136BE : E1;
136BF : E1;
136C0 : E1;
136C1 : E5;
136C2 : EC;
136C3 : E8;
136C4 : EC;
136C5 : EC;
136C6 : EC;
136C7 : EC;
136C8 : E1;
136C9 : E5;
136CA : E8;
136CB : E8;
136CC : E8;
136CD : E8;
136CE : E8;
136CF : E8;
136D0 : E1;
136D1 : E5;
136D2 : E8;
136D3 : E8;
136D4 : E8;
136D5 : E8;
136D6 : E8;
136D7 : E8;
136D8 : E1;
136D9 : E5;
136DA : E8;
136DB : E8;
136DC : E8;
136DD : E8;
136DE : E8;
136DF : E8;
136E0 : E1;
136E1 : E5;
136E2 : E8;
136E3 : E8;
136E4 : E8;
136E5 : E8;
136E6 : E8;
136E7 : E8;
136E8 : E1;
136E9 : E5;
136EA : E8;
136EB : E8;
136EC : E8;
136ED : E8;
136EE : E8;
136EF : E8;
136F0 : E1;
136F1 : E5;
136F2 : E8;
136F3 : E8;
136F4 : E8;
136F5 : E8;
136F6 : E8;
136F7 : E8;
136F8 : E1;
136F9 : E5;
136FA : E8;
136FB : E8;
136FC : E8;
136FD : E8;
136FE : E8;
136FF : E8;
13700 : EC;
13701 : EC;
13702 : EC;
13703 : EC;
13704 : EC;
13705 : E8;
13706 : D0;
13707 : B4;
13708 : E8;
13709 : E8;
1370A : E8;
1370B : E8;
1370C : E8;
1370D : E8;
1370E : D0;
1370F : B4;
13710 : E8;
13711 : E8;
13712 : E8;
13713 : E8;
13714 : E8;
13715 : E8;
13716 : D0;
13717 : B4;
13718 : E8;
13719 : E8;
1371A : E8;
1371B : E8;
1371C : E8;
1371D : E8;
1371E : D0;
1371F : B4;
13720 : E8;
13721 : E8;
13722 : E8;
13723 : E8;
13724 : E8;
13725 : E8;
13726 : D0;
13727 : B4;
13728 : E8;
13729 : E8;
1372A : E8;
1372B : E8;
1372C : E8;
1372D : E8;
1372E : D0;
1372F : B4;
13730 : E8;
13731 : E8;
13732 : E8;
13733 : E8;
13734 : E8;
13735 : E8;
13736 : D0;
13737 : B4;
13738 : E8;
13739 : E8;
1373A : E8;
1373B : E8;
1373C : E8;
1373D : E8;
1373E : D0;
1373F : B4;
13740 : B4;
13741 : B4;
13742 : B4;
13743 : B4;
13744 : B4;
13745 : B4;
13746 : B4;
13747 : B4;
13748 : B4;
13749 : B4;
1374A : B4;
1374B : B4;
1374C : B4;
1374D : B4;
1374E : B4;
1374F : B4;
13750 : B4;
13751 : B4;
13752 : B4;
13753 : B4;
13754 : B4;
13755 : B4;
13756 : B4;
13757 : B4;
13758 : B4;
13759 : B4;
1375A : B4;
1375B : B4;
1375C : B4;
1375D : B4;
1375E : B4;
1375F : B4;
13760 : B4;
13761 : B4;
13762 : B4;
13763 : B4;
13764 : B4;
13765 : B4;
13766 : B4;
13767 : B4;
13768 : B4;
13769 : B4;
1376A : B4;
1376B : B4;
1376C : B4;
1376D : B4;
1376E : B4;
1376F : B4;
13770 : B4;
13771 : B4;
13772 : B4;
13773 : B4;
13774 : B4;
13775 : B4;
13776 : B4;
13777 : B4;
13778 : B4;
13779 : B4;
1377A : B4;
1377B : B4;
1377C : B4;
1377D : B4;
1377E : B4;
1377F : B4;
13780 : B4;
13781 : B4;
13782 : B4;
13783 : 98;
13784 : 98;
13785 : 98;
13786 : 98;
13787 : 98;
13788 : B4;
13789 : B4;
1378A : B4;
1378B : 98;
1378C : 7C;
1378D : 7C;
1378E : 7C;
1378F : 7C;
13790 : B4;
13791 : B4;
13792 : B4;
13793 : 98;
13794 : 7C;
13795 : 9C;
13796 : 9C;
13797 : 9C;
13798 : B4;
13799 : B4;
1379A : B4;
1379B : 98;
1379C : 7C;
1379D : 9C;
1379E : 9C;
1379F : 9C;
137A0 : B4;
137A1 : B4;
137A2 : B4;
137A3 : 98;
137A4 : 7C;
137A5 : 9C;
137A6 : 9C;
137A7 : 9C;
137A8 : B4;
137A9 : B4;
137AA : B4;
137AB : 98;
137AC : 7C;
137AD : 9C;
137AE : 9C;
137AF : 9C;
137B0 : B4;
137B1 : B4;
137B2 : B4;
137B3 : 98;
137B4 : 7C;
137B5 : 9C;
137B6 : 9C;
137B7 : 9C;
137B8 : B4;
137B9 : B4;
137BA : B4;
137BB : 98;
137BC : 7C;
137BD : 9C;
137BE : 9C;
137BF : 9C;
137C0 : 98;
137C1 : 98;
137C2 : 98;
137C3 : 98;
137C4 : 98;
137C5 : 98;
137C6 : 98;
137C7 : 98;
137C8 : 7C;
137C9 : 7C;
137CA : 7C;
137CB : 7C;
137CC : 7C;
137CD : 9C;
137CE : 9C;
137CF : 7C;
137D0 : 9C;
137D1 : 9C;
137D2 : 9C;
137D3 : 9C;
137D4 : 9C;
137D5 : 9C;
137D6 : 9C;
137D7 : 7C;
137D8 : 9C;
137D9 : 9C;
137DA : 9C;
137DB : 9C;
137DC : 9C;
137DD : 9C;
137DE : 9C;
137DF : 7C;
137E0 : 9C;
137E1 : 9C;
137E2 : 9C;
137E3 : 9C;
137E4 : 9C;
137E5 : 9C;
137E6 : 9C;
137E7 : 7C;
137E8 : 9C;
137E9 : 9C;
137EA : 9C;
137EB : 9C;
137EC : 9C;
137ED : 9C;
137EE : 9C;
137EF : 7C;
137F0 : 9C;
137F1 : 9C;
137F2 : 9C;
137F3 : 9C;
137F4 : 9C;
137F5 : 9C;
137F6 : 9C;
137F7 : 7C;
137F8 : 9C;
137F9 : 9C;
137FA : 9C;
137FB : 9C;
137FC : 9C;
137FD : 9C;
137FE : 9C;
137FF : 7C;
13800 : 7C;
13801 : 7C;
13802 : 7C;
13803 : 7C;
13804 : 7C;
13805 : 7C;
13806 : 7C;
13807 : 7C;
13808 : 5C;
13809 : 5C;
1380A : 5C;
1380B : 5C;
1380C : 5C;
1380D : 5C;
1380E : 5C;
1380F : 5C;
13810 : 7C;
13811 : 5C;
13812 : 5C;
13813 : 5C;
13814 : 5C;
13815 : 5C;
13816 : 5C;
13817 : 5C;
13818 : 7C;
13819 : 5C;
1381A : 5C;
1381B : 5C;
1381C : 5C;
1381D : 5C;
1381E : 5C;
1381F : 5C;
13820 : 5C;
13821 : 5C;
13822 : 5C;
13823 : 5C;
13824 : 5C;
13825 : 5C;
13826 : 5C;
13827 : 5C;
13828 : 5C;
13829 : 5C;
1382A : 5C;
1382B : 5C;
1382C : 5C;
1382D : 5C;
1382E : 5C;
1382F : 5C;
13830 : 5C;
13831 : 5C;
13832 : 5C;
13833 : 5C;
13834 : 5C;
13835 : 5C;
13836 : 5C;
13837 : 5C;
13838 : 5C;
13839 : 5C;
1383A : 5C;
1383B : 5C;
1383C : 5C;
1383D : 5C;
1383E : 5C;
1383F : 5C;
13840 : 7C;
13841 : 7C;
13842 : 7C;
13843 : 7C;
13844 : 78;
13845 : E8;
13846 : E8;
13847 : E8;
13848 : 5C;
13849 : 5C;
1384A : 5C;
1384B : 5C;
1384C : 78;
1384D : E4;
1384E : E8;
1384F : E8;
13850 : 5C;
13851 : 5C;
13852 : 5C;
13853 : 5C;
13854 : 78;
13855 : E4;
13856 : E8;
13857 : E8;
13858 : 5C;
13859 : 5C;
1385A : 5C;
1385B : 5C;
1385C : 78;
1385D : E4;
1385E : E8;
1385F : E8;
13860 : 5C;
13861 : 5C;
13862 : 5C;
13863 : 5C;
13864 : 78;
13865 : E4;
13866 : E8;
13867 : E8;
13868 : 5C;
13869 : 5C;
1386A : 5C;
1386B : 5C;
1386C : 78;
1386D : E4;
1386E : E8;
1386F : E8;
13870 : 5C;
13871 : 5C;
13872 : 5C;
13873 : 5C;
13874 : 78;
13875 : E4;
13876 : E8;
13877 : E8;
13878 : 5C;
13879 : 5C;
1387A : 5C;
1387B : 5C;
1387C : 78;
1387D : E4;
1387E : E8;
1387F : E8;
13880 : E8;
13881 : E8;
13882 : E8;
13883 : E8;
13884 : E8;
13885 : E8;
13886 : E8;
13887 : E8;
13888 : E8;
13889 : E8;
1388A : E8;
1388B : E8;
1388C : E8;
1388D : E8;
1388E : E8;
1388F : E4;
13890 : E8;
13891 : E8;
13892 : E8;
13893 : E8;
13894 : E8;
13895 : E8;
13896 : E8;
13897 : E8;
13898 : E8;
13899 : E8;
1389A : E8;
1389B : E8;
1389C : E8;
1389D : E8;
1389E : E8;
1389F : E8;
138A0 : E8;
138A1 : E8;
138A2 : E8;
138A3 : E8;
138A4 : E8;
138A5 : E8;
138A6 : E8;
138A7 : E8;
138A8 : E8;
138A9 : E8;
138AA : E8;
138AB : E8;
138AC : E8;
138AD : E8;
138AE : E8;
138AF : E8;
138B0 : E8;
138B1 : E8;
138B2 : E8;
138B3 : E8;
138B4 : E8;
138B5 : E8;
138B6 : E8;
138B7 : E8;
138B8 : E8;
138B9 : E8;
138BA : E8;
138BB : E8;
138BC : E8;
138BD : E8;
138BE : E8;
138BF : E8;
138C0 : E8;
138C1 : EC;
138C2 : F4;
138C3 : F4;
138C4 : F4;
138C5 : F4;
138C6 : F4;
138C7 : F4;
138C8 : E4;
138C9 : EC;
138CA : F4;
138CB : F4;
138CC : F4;
138CD : F4;
138CE : F4;
138CF : F4;
138D0 : E8;
138D1 : EC;
138D2 : F4;
138D3 : F4;
138D4 : F4;
138D5 : F4;
138D6 : F4;
138D7 : F4;
138D8 : E8;
138D9 : EC;
138DA : F4;
138DB : F4;
138DC : F4;
138DD : F4;
138DE : F4;
138DF : F4;
138E0 : E8;
138E1 : EC;
138E2 : F4;
138E3 : F4;
138E4 : F4;
138E5 : F4;
138E6 : F4;
138E7 : F4;
138E8 : E8;
138E9 : EC;
138EA : F4;
138EB : F4;
138EC : F4;
138ED : F4;
138EE : F4;
138EF : F4;
138F0 : E8;
138F1 : EC;
138F2 : F4;
138F3 : F4;
138F4 : F4;
138F5 : F4;
138F6 : F4;
138F7 : F4;
138F8 : E4;
138F9 : EC;
138FA : F4;
138FB : F4;
138FC : F4;
138FD : F4;
138FE : F4;
138FF : F4;
13900 : F4;
13901 : F4;
13902 : F4;
13903 : F4;
13904 : F4;
13905 : F4;
13906 : 94;
13907 : 55;
13908 : F4;
13909 : F4;
1390A : F4;
1390B : F4;
1390C : F4;
1390D : F4;
1390E : 94;
1390F : 34;
13910 : F4;
13911 : F4;
13912 : F4;
13913 : F4;
13914 : F4;
13915 : F4;
13916 : 94;
13917 : 54;
13918 : F4;
13919 : F4;
1391A : F4;
1391B : F4;
1391C : F4;
1391D : F4;
1391E : 94;
1391F : 54;
13920 : F4;
13921 : F4;
13922 : F4;
13923 : F4;
13924 : F4;
13925 : F4;
13926 : 94;
13927 : 54;
13928 : F4;
13929 : F4;
1392A : F4;
1392B : F4;
1392C : F4;
1392D : F4;
1392E : 94;
1392F : 54;
13930 : F4;
13931 : F4;
13932 : F4;
13933 : F4;
13934 : F4;
13935 : F4;
13936 : 94;
13937 : 54;
13938 : F4;
13939 : F4;
1393A : F4;
1393B : F4;
1393C : F4;
1393D : F4;
1393E : 94;
1393F : 54;
13940 : 55;
13941 : 55;
13942 : 55;
13943 : 55;
13944 : 55;
13945 : 55;
13946 : 55;
13947 : 55;
13948 : 54;
13949 : 54;
1394A : 54;
1394B : 54;
1394C : 54;
1394D : 54;
1394E : 54;
1394F : 54;
13950 : 54;
13951 : 54;
13952 : 54;
13953 : 54;
13954 : 54;
13955 : 54;
13956 : 54;
13957 : 54;
13958 : 54;
13959 : 54;
1395A : 54;
1395B : 54;
1395C : 54;
1395D : 54;
1395E : 54;
1395F : 54;
13960 : 54;
13961 : 54;
13962 : 54;
13963 : 54;
13964 : 54;
13965 : 54;
13966 : 54;
13967 : 54;
13968 : 54;
13969 : 54;
1396A : 54;
1396B : 54;
1396C : 54;
1396D : 54;
1396E : 54;
1396F : 54;
13970 : 54;
13971 : 54;
13972 : 54;
13973 : 54;
13974 : 54;
13975 : 54;
13976 : 54;
13977 : 54;
13978 : 54;
13979 : 54;
1397A : 54;
1397B : 54;
1397C : 54;
1397D : 54;
1397E : 54;
1397F : 54;
13980 : 55;
13981 : 55;
13982 : 55;
13983 : 5A;
13984 : 3E;
13985 : 3A;
13986 : 3A;
13987 : 3A;
13988 : 54;
13989 : 54;
1398A : 54;
1398B : 39;
1398C : 3E;
1398D : 3E;
1398E : 3E;
1398F : 3E;
13990 : 54;
13991 : 54;
13992 : 54;
13993 : 39;
13994 : 3E;
13995 : 3E;
13996 : 3E;
13997 : 3E;
13998 : 54;
13999 : 54;
1399A : 54;
1399B : 39;
1399C : 3E;
1399D : 3A;
1399E : 3E;
1399F : 3E;
139A0 : 54;
139A1 : 54;
139A2 : 54;
139A3 : 39;
139A4 : 3E;
139A5 : 3A;
139A6 : 3E;
139A7 : 3E;
139A8 : 54;
139A9 : 54;
139AA : 54;
139AB : 39;
139AC : 3E;
139AD : 3A;
139AE : 3E;
139AF : 3E;
139B0 : 54;
139B1 : 54;
139B2 : 54;
139B3 : 39;
139B4 : 3E;
139B5 : 3A;
139B6 : 3E;
139B7 : 3E;
139B8 : 54;
139B9 : 54;
139BA : 54;
139BB : 39;
139BC : 3E;
139BD : 3A;
139BE : 3E;
139BF : 3E;
139C0 : 3A;
139C1 : 3A;
139C2 : 3A;
139C3 : 3A;
139C4 : 3A;
139C5 : 3A;
139C6 : 3A;
139C7 : 3E;
139C8 : 3E;
139C9 : 3E;
139CA : 3E;
139CB : 3E;
139CC : 3E;
139CD : 3E;
139CE : 3E;
139CF : 3E;
139D0 : 3E;
139D1 : 3E;
139D2 : 3E;
139D3 : 3E;
139D4 : 3E;
139D5 : 3E;
139D6 : 3E;
139D7 : 3E;
139D8 : 3E;
139D9 : 3E;
139DA : 3E;
139DB : 3E;
139DC : 3E;
139DD : 3E;
139DE : 3E;
139DF : 3E;
139E0 : 3E;
139E1 : 3E;
139E2 : 3E;
139E3 : 3E;
139E4 : 3E;
139E5 : 3E;
139E6 : 3E;
139E7 : 3E;
139E8 : 3E;
139E9 : 3E;
139EA : 3E;
139EB : 3E;
139EC : 3E;
139ED : 3E;
139EE : 3E;
139EF : 3E;
139F0 : 3E;
139F1 : 3E;
139F2 : 3E;
139F3 : 3E;
139F4 : 3E;
139F5 : 3E;
139F6 : 3E;
139F7 : 3E;
139F8 : 3E;
139F9 : 3E;
139FA : 3E;
139FB : 3E;
139FC : 3E;
139FD : 3E;
139FE : 3E;
139FF : 3E;
13A00 : FC;
13A01 : FC;
13A02 : FC;
13A03 : FC;
13A04 : FC;
13A05 : FC;
13A06 : FC;
13A07 : FC;
13A08 : 9D;
13A09 : 9D;
13A0A : 9D;
13A0B : 9D;
13A0C : 9D;
13A0D : 9D;
13A0E : 9D;
13A0F : 9D;
13A10 : 1F;
13A11 : 1F;
13A12 : 1F;
13A13 : 1F;
13A14 : 1F;
13A15 : 1F;
13A16 : 1F;
13A17 : 1F;
13A18 : 1F;
13A19 : 1F;
13A1A : 1F;
13A1B : 1F;
13A1C : 1F;
13A1D : 1F;
13A1E : 1F;
13A1F : 1F;
13A20 : 1F;
13A21 : 1F;
13A22 : 1F;
13A23 : 1F;
13A24 : 1F;
13A25 : 1F;
13A26 : 1F;
13A27 : 1F;
13A28 : 1F;
13A29 : 1F;
13A2A : 1F;
13A2B : 1F;
13A2C : 1F;
13A2D : 1F;
13A2E : 1F;
13A2F : 1F;
13A30 : 1F;
13A31 : 1F;
13A32 : 1F;
13A33 : 1F;
13A34 : 1F;
13A35 : 1F;
13A36 : 1F;
13A37 : 1F;
13A38 : 1F;
13A39 : 1F;
13A3A : 1F;
13A3B : 1F;
13A3C : 1F;
13A3D : 1F;
13A3E : 1F;
13A3F : 1F;
13A40 : FC;
13A41 : FC;
13A42 : FC;
13A43 : FC;
13A44 : F8;
13A45 : F0;
13A46 : F0;
13A47 : F0;
13A48 : 9D;
13A49 : 9D;
13A4A : 9D;
13A4B : 9D;
13A4C : B9;
13A4D : F4;
13A4E : F4;
13A4F : F4;
13A50 : 1F;
13A51 : 1F;
13A52 : 1F;
13A53 : 1F;
13A54 : 5E;
13A55 : DC;
13A56 : FC;
13A57 : DC;
13A58 : 1F;
13A59 : 1F;
13A5A : 1F;
13A5B : 1F;
13A5C : 7E;
13A5D : FC;
13A5E : FC;
13A5F : FC;
13A60 : 1F;
13A61 : 1F;
13A62 : 1F;
13A63 : 1F;
13A64 : 7E;
13A65 : FC;
13A66 : FC;
13A67 : FC;
13A68 : 1F;
13A69 : 1F;
13A6A : 1F;
13A6B : 1F;
13A6C : 7E;
13A6D : FC;
13A6E : FC;
13A6F : FC;
13A70 : 1F;
13A71 : 1F;
13A72 : 1F;
13A73 : 1F;
13A74 : 7E;
13A75 : FC;
13A76 : FC;
13A77 : FC;
13A78 : 1F;
13A79 : 1F;
13A7A : 1F;
13A7B : 1F;
13A7C : 7E;
13A7D : FC;
13A7E : FC;
13A7F : FC;
13A80 : F0;
13A81 : F0;
13A82 : F0;
13A83 : F0;
13A84 : F0;
13A85 : F0;
13A86 : F0;
13A87 : F0;
13A88 : F4;
13A89 : F4;
13A8A : F4;
13A8B : F4;
13A8C : F4;
13A8D : F4;
13A8E : F4;
13A8F : F4;
13A90 : FC;
13A91 : FC;
13A92 : FC;
13A93 : FC;
13A94 : FC;
13A95 : FC;
13A96 : FC;
13A97 : FC;
13A98 : FC;
13A99 : FC;
13A9A : FC;
13A9B : FC;
13A9C : FC;
13A9D : FC;
13A9E : FC;
13A9F : FC;
13AA0 : FC;
13AA1 : FC;
13AA2 : FC;
13AA3 : FC;
13AA4 : FC;
13AA5 : FC;
13AA6 : FC;
13AA7 : FC;
13AA8 : FC;
13AA9 : FC;
13AAA : FC;
13AAB : FC;
13AAC : FC;
13AAD : FC;
13AAE : FC;
13AAF : FC;
13AB0 : FC;
13AB1 : FC;
13AB2 : FC;
13AB3 : FC;
13AB4 : FC;
13AB5 : FC;
13AB6 : FC;
13AB7 : FC;
13AB8 : FC;
13AB9 : FC;
13ABA : FC;
13ABB : FC;
13ABC : FC;
13ABD : FC;
13ABE : FC;
13ABF : FC;
13AC0 : F0;
13AC1 : F4;
13AC2 : FC;
13AC3 : FC;
13AC4 : FC;
13AC5 : FC;
13AC6 : FC;
13AC7 : FC;
13AC8 : F4;
13AC9 : F4;
13ACA : F8;
13ACB : F8;
13ACC : F8;
13ACD : F8;
13ACE : F8;
13ACF : F8;
13AD0 : DC;
13AD1 : F8;
13AD2 : F0;
13AD3 : F0;
13AD4 : F0;
13AD5 : F0;
13AD6 : F0;
13AD7 : F0;
13AD8 : DC;
13AD9 : F8;
13ADA : F0;
13ADB : F0;
13ADC : F0;
13ADD : F0;
13ADE : F0;
13ADF : F0;
13AE0 : DC;
13AE1 : F8;
13AE2 : F0;
13AE3 : F0;
13AE4 : F0;
13AE5 : F0;
13AE6 : F0;
13AE7 : F0;
13AE8 : FC;
13AE9 : F8;
13AEA : F0;
13AEB : F0;
13AEC : F0;
13AED : F0;
13AEE : F0;
13AEF : F0;
13AF0 : FC;
13AF1 : F8;
13AF2 : F0;
13AF3 : F0;
13AF4 : F0;
13AF5 : F0;
13AF6 : F0;
13AF7 : F0;
13AF8 : FC;
13AF9 : F8;
13AFA : F0;
13AFB : F0;
13AFC : F0;
13AFD : F0;
13AFE : F0;
13AFF : F0;
13B00 : FC;
13B01 : FC;
13B02 : FC;
13B03 : FC;
13B04 : FC;
13B05 : FC;
13B06 : 99;
13B07 : 15;
13B08 : F8;
13B09 : F8;
13B0A : F8;
13B0B : F8;
13B0C : F8;
13B0D : F8;
13B0E : B8;
13B0F : 79;
13B10 : F0;
13B11 : F0;
13B12 : F0;
13B13 : F0;
13B14 : F0;
13B15 : F0;
13B16 : F8;
13B17 : FC;
13B18 : F0;
13B19 : F0;
13B1A : F0;
13B1B : F0;
13B1C : F0;
13B1D : F0;
13B1E : F8;
13B1F : FC;
13B20 : F0;
13B21 : F0;
13B22 : F0;
13B23 : F0;
13B24 : F0;
13B25 : F0;
13B26 : F8;
13B27 : FC;
13B28 : F0;
13B29 : F0;
13B2A : F0;
13B2B : F0;
13B2C : F0;
13B2D : F0;
13B2E : F8;
13B2F : FC;
13B30 : F0;
13B31 : F0;
13B32 : F0;
13B33 : F0;
13B34 : F0;
13B35 : F0;
13B36 : F8;
13B37 : FC;
13B38 : F0;
13B39 : F0;
13B3A : F0;
13B3B : F0;
13B3C : F0;
13B3D : F0;
13B3E : F8;
13B3F : FC;
13B40 : 35;
13B41 : 35;
13B42 : 35;
13B43 : 35;
13B44 : 35;
13B45 : 35;
13B46 : 35;
13B47 : 35;
13B48 : 99;
13B49 : 99;
13B4A : 99;
13B4B : 79;
13B4C : 79;
13B4D : 79;
13B4E : 79;
13B4F : 79;
13B50 : FC;
13B51 : FC;
13B52 : FC;
13B53 : FC;
13B54 : FC;
13B55 : FC;
13B56 : FC;
13B57 : FC;
13B58 : FC;
13B59 : FC;
13B5A : FC;
13B5B : FC;
13B5C : FC;
13B5D : FC;
13B5E : FC;
13B5F : FC;
13B60 : FC;
13B61 : FC;
13B62 : FC;
13B63 : FC;
13B64 : FC;
13B65 : FC;
13B66 : FC;
13B67 : FC;
13B68 : FC;
13B69 : FC;
13B6A : FC;
13B6B : FC;
13B6C : FC;
13B6D : FC;
13B6E : FC;
13B6F : FC;
13B70 : FC;
13B71 : FC;
13B72 : FC;
13B73 : FC;
13B74 : FC;
13B75 : FC;
13B76 : FC;
13B77 : FC;
13B78 : FC;
13B79 : FC;
13B7A : FC;
13B7B : FC;
13B7C : FC;
13B7D : FC;
13B7E : FC;
13B7F : FC;
13B80 : 35;
13B81 : 35;
13B82 : 35;
13B83 : 37;
13B84 : 37;
13B85 : 37;
13B86 : 37;
13B87 : 37;
13B88 : 79;
13B89 : 99;
13B8A : 99;
13B8B : 36;
13B8C : 36;
13B8D : 36;
13B8E : 36;
13B8F : 36;
13B90 : FC;
13B91 : FC;
13B92 : FC;
13B93 : 59;
13B94 : 35;
13B95 : 35;
13B96 : 35;
13B97 : 35;
13B98 : FC;
13B99 : FC;
13B9A : FC;
13B9B : 55;
13B9C : 35;
13B9D : 35;
13B9E : 35;
13B9F : 35;
13BA0 : FC;
13BA1 : FC;
13BA2 : FC;
13BA3 : 55;
13BA4 : 35;
13BA5 : 35;
13BA6 : 35;
13BA7 : 35;
13BA8 : FC;
13BA9 : FC;
13BAA : FC;
13BAB : 55;
13BAC : 35;
13BAD : 35;
13BAE : 35;
13BAF : 35;
13BB0 : FC;
13BB1 : FC;
13BB2 : FC;
13BB3 : 55;
13BB4 : 35;
13BB5 : 35;
13BB6 : 35;
13BB7 : 35;
13BB8 : FC;
13BB9 : FC;
13BBA : FC;
13BBB : 55;
13BBC : 35;
13BBD : 35;
13BBE : 35;
13BBF : 35;
13BC0 : 37;
13BC1 : 37;
13BC2 : 37;
13BC3 : 37;
13BC4 : 37;
13BC5 : 37;
13BC6 : 37;
13BC7 : 77;
13BC8 : 36;
13BC9 : 36;
13BCA : 36;
13BCB : 36;
13BCC : 36;
13BCD : 36;
13BCE : 36;
13BCF : 56;
13BD0 : 35;
13BD1 : 35;
13BD2 : 35;
13BD3 : 35;
13BD4 : 35;
13BD5 : 35;
13BD6 : 35;
13BD7 : 35;
13BD8 : 35;
13BD9 : 35;
13BDA : 35;
13BDB : 35;
13BDC : 35;
13BDD : 35;
13BDE : 35;
13BDF : 35;
13BE0 : 35;
13BE1 : 35;
13BE2 : 35;
13BE3 : 35;
13BE4 : 35;
13BE5 : 35;
13BE6 : 35;
13BE7 : 35;
13BE8 : 35;
13BE9 : 35;
13BEA : 35;
13BEB : 35;
13BEC : 35;
13BED : 35;
13BEE : 35;
13BEF : 35;
13BF0 : 35;
13BF1 : 35;
13BF2 : 35;
13BF3 : 35;
13BF4 : 35;
13BF5 : 35;
13BF6 : 35;
13BF7 : 35;
13BF8 : 35;
13BF9 : 35;
13BFA : 35;
13BFB : 35;
13BFC : 35;
13BFD : 35;
13BFE : 35;
13BFF : 35;
13C00 : D1;
13C01 : F0;
13C02 : F0;
13C03 : F0;
13C04 : F0;
13C05 : F0;
13C06 : F0;
13C07 : F0;
13C08 : 98;
13C09 : B4;
13C0A : 98;
13C0B : 98;
13C0C : 98;
13C0D : 98;
13C0E : 98;
13C0F : 98;
13C10 : 1C;
13C11 : 1C;
13C12 : 1C;
13C13 : 1C;
13C14 : 1C;
13C15 : 1C;
13C16 : 1C;
13C17 : 1C;
13C18 : 3C;
13C19 : 3C;
13C1A : 3C;
13C1B : 3C;
13C1C : 3C;
13C1D : 3C;
13C1E : 3C;
13C1F : 3C;
13C20 : 3C;
13C21 : 3C;
13C22 : 3C;
13C23 : 3C;
13C24 : 3C;
13C25 : 3C;
13C26 : 3C;
13C27 : 3C;
13C28 : 3C;
13C29 : 3C;
13C2A : 3C;
13C2B : 3C;
13C2C : 3C;
13C2D : 3C;
13C2E : 3C;
13C2F : 3C;
13C30 : 3C;
13C31 : 3C;
13C32 : 3C;
13C33 : 3C;
13C34 : 3C;
13C35 : 3C;
13C36 : 3C;
13C37 : 3C;
13C38 : 3C;
13C39 : 3C;
13C3A : 3C;
13C3B : 3C;
13C3C : 3C;
13C3D : 3C;
13C3E : 3C;
13C3F : 3C;
13C40 : F0;
13C41 : F0;
13C42 : F0;
13C43 : F0;
13C44 : B5;
13C45 : 1B;
13C46 : 1B;
13C47 : 1B;
13C48 : 98;
13C49 : 94;
13C4A : 94;
13C4B : B4;
13C4C : 94;
13C4D : 76;
13C4E : 76;
13C4F : 76;
13C50 : 1C;
13C51 : 1C;
13C52 : 1C;
13C53 : 1C;
13C54 : 5C;
13C55 : F0;
13C56 : F0;
13C57 : F0;
13C58 : 3C;
13C59 : 3C;
13C5A : 3C;
13C5B : 1C;
13C5C : 5C;
13C5D : F0;
13C5E : F0;
13C5F : F0;
13C60 : 3C;
13C61 : 3C;
13C62 : 3C;
13C63 : 1C;
13C64 : 5C;
13C65 : F0;
13C66 : F0;
13C67 : F0;
13C68 : 3C;
13C69 : 3C;
13C6A : 3C;
13C6B : 1C;
13C6C : 5C;
13C6D : F0;
13C6E : F0;
13C6F : F0;
13C70 : 3C;
13C71 : 3C;
13C72 : 3C;
13C73 : 1C;
13C74 : 5C;
13C75 : F0;
13C76 : F0;
13C77 : F0;
13C78 : 3C;
13C79 : 3C;
13C7A : 3C;
13C7B : 1C;
13C7C : 5C;
13C7D : F0;
13C7E : F0;
13C7F : F0;
13C80 : 1B;
13C81 : 1B;
13C82 : 1B;
13C83 : 1B;
13C84 : 1B;
13C85 : 1B;
13C86 : 1B;
13C87 : 1B;
13C88 : 76;
13C89 : 76;
13C8A : 76;
13C8B : 76;
13C8C : 76;
13C8D : 76;
13C8E : 76;
13C8F : 76;
13C90 : F0;
13C91 : F0;
13C92 : F0;
13C93 : F0;
13C94 : F0;
13C95 : F0;
13C96 : F0;
13C97 : F0;
13C98 : F0;
13C99 : F0;
13C9A : F0;
13C9B : F0;
13C9C : F0;
13C9D : F0;
13C9E : F0;
13C9F : F0;
13CA0 : F0;
13CA1 : F0;
13CA2 : F0;
13CA3 : F0;
13CA4 : F0;
13CA5 : F0;
13CA6 : F0;
13CA7 : F0;
13CA8 : F0;
13CA9 : F0;
13CAA : F0;
13CAB : F0;
13CAC : F0;
13CAD : F0;
13CAE : F0;
13CAF : F0;
13CB0 : F0;
13CB1 : F0;
13CB2 : F0;
13CB3 : F0;
13CB4 : F0;
13CB5 : F0;
13CB6 : F0;
13CB7 : F0;
13CB8 : F0;
13CB9 : F0;
13CBA : F0;
13CBB : F0;
13CBC : F0;
13CBD : F0;
13CBE : F0;
13CBF : F0;
13CC0 : 1B;
13CC1 : 57;
13CC2 : 92;
13CC3 : 92;
13CC4 : 92;
13CC5 : 92;
13CC6 : 92;
13CC7 : 92;
13CC8 : 76;
13CC9 : 76;
13CCA : 77;
13CCB : 77;
13CCC : 57;
13CCD : 57;
13CCE : 57;
13CCF : 57;
13CD0 : F0;
13CD1 : B5;
13CD2 : 1B;
13CD3 : 1B;
13CD4 : 1B;
13CD5 : 1B;
13CD6 : 1B;
13CD7 : 1B;
13CD8 : F0;
13CD9 : B6;
13CDA : 1B;
13CDB : 1B;
13CDC : 1B;
13CDD : 1B;
13CDE : 1B;
13CDF : 1B;
13CE0 : F0;
13CE1 : B6;
13CE2 : 1B;
13CE3 : 1B;
13CE4 : 1B;
13CE5 : 1B;
13CE6 : 1B;
13CE7 : 1B;
13CE8 : F0;
13CE9 : B6;
13CEA : 1B;
13CEB : 1B;
13CEC : 1B;
13CED : 1B;
13CEE : 1B;
13CEF : 1B;
13CF0 : F0;
13CF1 : B6;
13CF2 : 1B;
13CF3 : 1B;
13CF4 : 1B;
13CF5 : 1B;
13CF6 : 1B;
13CF7 : 1B;
13CF8 : F0;
13CF9 : B6;
13CFA : 1B;
13CFB : 1B;
13CFC : 1B;
13CFD : 1B;
13CFE : 1B;
13CFF : 1B;
13D00 : 92;
13D01 : 92;
13D02 : 92;
13D03 : 92;
13D04 : 92;
13D05 : 92;
13D06 : AA;
13D07 : A5;
13D08 : 77;
13D09 : 77;
13D0A : 77;
13D0B : 77;
13D0C : 57;
13D0D : 57;
13D0E : 8E;
13D0F : AA;
13D10 : 1B;
13D11 : 1B;
13D12 : 1B;
13D13 : 1B;
13D14 : 1B;
13D15 : 1B;
13D16 : 77;
13D17 : 92;
13D18 : 1B;
13D19 : 1B;
13D1A : 1B;
13D1B : 1B;
13D1C : 1B;
13D1D : 1B;
13D1E : 77;
13D1F : 92;
13D20 : 1B;
13D21 : 1B;
13D22 : 1B;
13D23 : 1B;
13D24 : 1B;
13D25 : 1B;
13D26 : 77;
13D27 : 92;
13D28 : 1B;
13D29 : 1B;
13D2A : 1B;
13D2B : 1B;
13D2C : 1B;
13D2D : 1B;
13D2E : 77;
13D2F : 92;
13D30 : 1B;
13D31 : 1B;
13D32 : 1B;
13D33 : 1B;
13D34 : 1B;
13D35 : 1B;
13D36 : 77;
13D37 : 92;
13D38 : 1B;
13D39 : 1B;
13D3A : 1B;
13D3B : 1B;
13D3C : 1B;
13D3D : 1B;
13D3E : 77;
13D3F : 92;
13D40 : A5;
13D41 : A5;
13D42 : A5;
13D43 : A5;
13D44 : A5;
13D45 : A5;
13D46 : A5;
13D47 : A5;
13D48 : AA;
13D49 : AA;
13D4A : AA;
13D4B : AA;
13D4C : AA;
13D4D : AA;
13D4E : AA;
13D4F : AA;
13D50 : 92;
13D51 : 92;
13D52 : 92;
13D53 : 92;
13D54 : 92;
13D55 : 92;
13D56 : 92;
13D57 : 92;
13D58 : 92;
13D59 : 92;
13D5A : 92;
13D5B : 92;
13D5C : 92;
13D5D : 92;
13D5E : 92;
13D5F : 92;
13D60 : 92;
13D61 : 92;
13D62 : 92;
13D63 : 92;
13D64 : 92;
13D65 : 92;
13D66 : 92;
13D67 : 92;
13D68 : 92;
13D69 : 92;
13D6A : 92;
13D6B : 92;
13D6C : 92;
13D6D : 92;
13D6E : 92;
13D6F : 92;
13D70 : 92;
13D71 : 92;
13D72 : 92;
13D73 : 92;
13D74 : 92;
13D75 : 92;
13D76 : 92;
13D77 : 92;
13D78 : 92;
13D79 : 92;
13D7A : 92;
13D7B : 92;
13D7C : 92;
13D7D : 92;
13D7E : 92;
13D7F : 92;
13D80 : A5;
13D81 : A5;
13D82 : A5;
13D83 : C9;
13D84 : E8;
13D85 : E8;
13D86 : E8;
13D87 : E8;
13D88 : AA;
13D89 : AA;
13D8A : AA;
13D8B : A9;
13D8C : C8;
13D8D : C9;
13D8E : C9;
13D8F : C9;
13D90 : 92;
13D91 : 92;
13D92 : 92;
13D93 : 89;
13D94 : A5;
13D95 : A5;
13D96 : A5;
13D97 : A5;
13D98 : 92;
13D99 : 92;
13D9A : 92;
13D9B : 89;
13D9C : A5;
13D9D : A5;
13D9E : A5;
13D9F : A5;
13DA0 : 92;
13DA1 : 92;
13DA2 : 92;
13DA3 : A9;
13DA4 : A5;
13DA5 : A5;
13DA6 : A5;
13DA7 : A5;
13DA8 : 92;
13DA9 : 92;
13DAA : 92;
13DAB : A9;
13DAC : A5;
13DAD : A5;
13DAE : A5;
13DAF : A5;
13DB0 : 92;
13DB1 : 92;
13DB2 : 92;
13DB3 : 89;
13DB4 : A5;
13DB5 : A5;
13DB6 : A5;
13DB7 : A5;
13DB8 : 92;
13DB9 : 92;
13DBA : 92;
13DBB : 89;
13DBC : A5;
13DBD : A5;
13DBE : A5;
13DBF : A5;
13DC0 : E8;
13DC1 : E8;
13DC2 : E8;
13DC3 : E8;
13DC4 : E8;
13DC5 : E8;
13DC6 : E8;
13DC7 : E8;
13DC8 : C9;
13DC9 : C9;
13DCA : C9;
13DCB : C9;
13DCC : C9;
13DCD : C9;
13DCE : C9;
13DCF : C9;
13DD0 : A5;
13DD1 : A5;
13DD2 : A5;
13DD3 : A5;
13DD4 : A5;
13DD5 : A5;
13DD6 : A5;
13DD7 : A5;
13DD8 : A5;
13DD9 : A5;
13DDA : A5;
13DDB : A5;
13DDC : A5;
13DDD : A5;
13DDE : A5;
13DDF : A5;
13DE0 : A5;
13DE1 : A5;
13DE2 : A5;
13DE3 : A5;
13DE4 : A5;
13DE5 : A5;
13DE6 : A5;
13DE7 : A5;
13DE8 : A5;
13DE9 : A5;
13DEA : A5;
13DEB : A5;
13DEC : A5;
13DED : A5;
13DEE : A5;
13DEF : A5;
13DF0 : A5;
13DF1 : A5;
13DF2 : A5;
13DF3 : A5;
13DF4 : A5;
13DF5 : A5;
13DF6 : A5;
13DF7 : A5;
13DF8 : A5;
13DF9 : A5;
13DFA : A5;
13DFB : A5;
13DFC : A5;
13DFD : A5;
13DFE : A5;
13DFF : A5;
13E00 : E4;
13E01 : E4;
13E02 : E4;
13E03 : C4;
13E04 : E4;
13E05 : E4;
13E06 : E4;
13E07 : E4;
13E08 : EC;
13E09 : EC;
13E0A : EC;
13E0B : EC;
13E0C : EC;
13E0D : EC;
13E0E : EC;
13E0F : EC;
13E10 : DC;
13E11 : FC;
13E12 : FC;
13E13 : FC;
13E14 : FC;
13E15 : FC;
13E16 : FC;
13E17 : FC;
13E18 : F8;
13E19 : F8;
13E1A : F8;
13E1B : F8;
13E1C : F8;
13E1D : F8;
13E1E : F8;
13E1F : F8;
13E20 : F8;
13E21 : F8;
13E22 : F8;
13E23 : F8;
13E24 : F8;
13E25 : F8;
13E26 : F8;
13E27 : F8;
13E28 : F8;
13E29 : F8;
13E2A : F8;
13E2B : F8;
13E2C : F8;
13E2D : F8;
13E2E : F8;
13E2F : F8;
13E30 : F8;
13E31 : F8;
13E32 : F8;
13E33 : F8;
13E34 : F8;
13E35 : F8;
13E36 : F8;
13E37 : F8;
13E38 : F8;
13E39 : F8;
13E3A : F8;
13E3B : F8;
13E3C : F8;
13E3D : F8;
13E3E : F8;
13E3F : F8;
13E40 : E4;
13E41 : E4;
13E42 : E4;
13E43 : E4;
13E44 : C1;
13E45 : 63;
13E46 : 63;
13E47 : 63;
13E48 : EC;
13E49 : EC;
13E4A : EC;
13E4B : EC;
13E4C : CD;
13E4D : A2;
13E4E : A2;
13E4F : A2;
13E50 : FC;
13E51 : FC;
13E52 : FC;
13E53 : FC;
13E54 : F8;
13E55 : E4;
13E56 : E4;
13E57 : E4;
13E58 : F8;
13E59 : F8;
13E5A : F8;
13E5B : F8;
13E5C : F4;
13E5D : E4;
13E5E : E4;
13E5F : E4;
13E60 : F8;
13E61 : F8;
13E62 : F8;
13E63 : FC;
13E64 : F8;
13E65 : E4;
13E66 : E4;
13E67 : E4;
13E68 : F8;
13E69 : F8;
13E6A : F8;
13E6B : FC;
13E6C : F8;
13E6D : E4;
13E6E : E4;
13E6F : E4;
13E70 : F8;
13E71 : F8;
13E72 : F8;
13E73 : FC;
13E74 : F8;
13E75 : E4;
13E76 : E4;
13E77 : E4;
13E78 : F8;
13E79 : F8;
13E7A : F8;
13E7B : FC;
13E7C : F8;
13E7D : E4;
13E7E : E4;
13E7F : E4;
13E80 : 63;
13E81 : 63;
13E82 : 63;
13E83 : 63;
13E84 : 63;
13E85 : 63;
13E86 : 63;
13E87 : 63;
13E88 : A2;
13E89 : A2;
13E8A : A2;
13E8B : A2;
13E8C : A2;
13E8D : A2;
13E8E : A2;
13E8F : A2;
13E90 : E4;
13E91 : E4;
13E92 : E4;
13E93 : E4;
13E94 : E4;
13E95 : E4;
13E96 : E4;
13E97 : E4;
13E98 : E4;
13E99 : E4;
13E9A : E4;
13E9B : E4;
13E9C : E4;
13E9D : E4;
13E9E : E4;
13E9F : E4;
13EA0 : E4;
13EA1 : E4;
13EA2 : E4;
13EA3 : E4;
13EA4 : E4;
13EA5 : E4;
13EA6 : E4;
13EA7 : E4;
13EA8 : E4;
13EA9 : E4;
13EAA : E4;
13EAB : E4;
13EAC : E4;
13EAD : E4;
13EAE : E4;
13EAF : E4;
13EB0 : E4;
13EB1 : E4;
13EB2 : E4;
13EB3 : E4;
13EB4 : E4;
13EB5 : E4;
13EB6 : E4;
13EB7 : E4;
13EB8 : E4;
13EB9 : E4;
13EBA : E4;
13EBB : E4;
13EBC : E4;
13EBD : E4;
13EBE : E4;
13EBF : E4;
13EC0 : 43;
13EC1 : A2;
13EC2 : E1;
13EC3 : E1;
13EC4 : E1;
13EC5 : E1;
13EC6 : E1;
13EC7 : E1;
13EC8 : A2;
13EC9 : A2;
13ECA : C2;
13ECB : C2;
13ECC : C2;
13ECD : C2;
13ECE : C2;
13ECF : C2;
13ED0 : E4;
13ED1 : A6;
13ED2 : 63;
13ED3 : 63;
13ED4 : 63;
13ED5 : 63;
13ED6 : 63;
13ED7 : 63;
13ED8 : E4;
13ED9 : A6;
13EDA : 63;
13EDB : 63;
13EDC : 63;
13EDD : 63;
13EDE : 63;
13EDF : 63;
13EE0 : E4;
13EE1 : A6;
13EE2 : 63;
13EE3 : 63;
13EE4 : 63;
13EE5 : 63;
13EE6 : 63;
13EE7 : 63;
13EE8 : E4;
13EE9 : A6;
13EEA : 63;
13EEB : 63;
13EEC : 63;
13EED : 63;
13EEE : 63;
13EEF : 63;
13EF0 : E4;
13EF1 : A6;
13EF2 : 63;
13EF3 : 63;
13EF4 : 63;
13EF5 : 63;
13EF6 : 63;
13EF7 : 63;
13EF8 : E4;
13EF9 : A6;
13EFA : 63;
13EFB : 63;
13EFC : 63;
13EFD : 63;
13EFE : 63;
13EFF : 63;
13F00 : E1;
13F01 : E1;
13F02 : E1;
13F03 : E1;
13F04 : E1;
13F05 : E1;
13F06 : C9;
13F07 : 90;
13F08 : C2;
13F09 : C2;
13F0A : C2;
13F0B : C2;
13F0C : C2;
13F0D : C2;
13F0E : C5;
13F0F : A8;
13F10 : 63;
13F11 : 63;
13F12 : 63;
13F13 : 63;
13F14 : 63;
13F15 : 63;
13F16 : A3;
13F17 : E1;
13F18 : 63;
13F19 : 63;
13F1A : 63;
13F1B : 63;
13F1C : 63;
13F1D : 63;
13F1E : A2;
13F1F : E1;
13F20 : 63;
13F21 : 63;
13F22 : 63;
13F23 : 63;
13F24 : 63;
13F25 : 63;
13F26 : A2;
13F27 : E1;
13F28 : 63;
13F29 : 63;
13F2A : 63;
13F2B : 63;
13F2C : 63;
13F2D : 63;
13F2E : A2;
13F2F : E1;
13F30 : 63;
13F31 : 63;
13F32 : 63;
13F33 : 63;
13F34 : 63;
13F35 : 63;
13F36 : A2;
13F37 : E1;
13F38 : 63;
13F39 : 63;
13F3A : 63;
13F3B : 63;
13F3C : 63;
13F3D : 63;
13F3E : A2;
13F3F : E1;
13F40 : AC;
13F41 : AC;
13F42 : AC;
13F43 : AC;
13F44 : AC;
13F45 : AC;
13F46 : AC;
13F47 : AC;
13F48 : C9;
13F49 : C9;
13F4A : C9;
13F4B : C9;
13F4C : C9;
13F4D : C9;
13F4E : C9;
13F4F : C9;
13F50 : E2;
13F51 : E2;
13F52 : E2;
13F53 : E2;
13F54 : E2;
13F55 : E2;
13F56 : E2;
13F57 : E2;
13F58 : E1;
13F59 : E1;
13F5A : E1;
13F5B : E1;
13F5C : E1;
13F5D : E1;
13F5E : E1;
13F5F : E1;
13F60 : E1;
13F61 : E1;
13F62 : E1;
13F63 : E1;
13F64 : E1;
13F65 : E1;
13F66 : E1;
13F67 : E1;
13F68 : E1;
13F69 : E1;
13F6A : E1;
13F6B : E1;
13F6C : E1;
13F6D : E1;
13F6E : E1;
13F6F : E1;
13F70 : E1;
13F71 : E1;
13F72 : E1;
13F73 : E1;
13F74 : E1;
13F75 : E1;
13F76 : E1;
13F77 : E1;
13F78 : E1;
13F79 : E1;
13F7A : E1;
13F7B : E1;
13F7C : E1;
13F7D : E1;
13F7E : E1;
13F7F : E1;
13F80 : AC;
13F81 : AC;
13F82 : AC;
13F83 : D4;
13F84 : F8;
13F85 : F8;
13F86 : F8;
13F87 : F8;
13F88 : C9;
13F89 : C9;
13F8A : C9;
13F8B : D0;
13F8C : D4;
13F8D : D4;
13F8E : D4;
13F8F : D4;
13F90 : E2;
13F91 : E2;
13F92 : E2;
13F93 : AC;
13F94 : AC;
13F95 : AC;
13F96 : AC;
13F97 : AC;
13F98 : E1;
13F99 : E1;
13F9A : E1;
13F9B : AC;
13F9C : AC;
13F9D : AC;
13F9E : AC;
13F9F : AC;
13FA0 : E1;
13FA1 : E1;
13FA2 : E1;
13FA3 : AC;
13FA4 : AC;
13FA5 : AC;
13FA6 : AC;
13FA7 : AC;
13FA8 : E1;
13FA9 : E1;
13FAA : E1;
13FAB : AC;
13FAC : AC;
13FAD : AC;
13FAE : AC;
13FAF : AC;
13FB0 : E1;
13FB1 : E1;
13FB2 : E1;
13FB3 : AC;
13FB4 : AC;
13FB5 : AC;
13FB6 : AC;
13FB7 : AC;
13FB8 : E1;
13FB9 : E1;
13FBA : E1;
13FBB : AC;
13FBC : AC;
13FBD : AC;
13FBE : AC;
13FBF : AC;
13FC0 : F8;
13FC1 : F8;
13FC2 : F8;
13FC3 : F8;
13FC4 : F8;
13FC5 : F8;
13FC6 : F8;
13FC7 : D5;
13FC8 : D4;
13FC9 : D4;
13FCA : D4;
13FCB : D4;
13FCC : D4;
13FCD : D4;
13FCE : D4;
13FCF : D4;
13FD0 : AC;
13FD1 : AC;
13FD2 : AC;
13FD3 : AC;
13FD4 : AC;
13FD5 : AC;
13FD6 : AC;
13FD7 : AC;
13FD8 : AC;
13FD9 : AC;
13FDA : AC;
13FDB : AC;
13FDC : AC;
13FDD : AC;
13FDE : AC;
13FDF : AC;
13FE0 : AC;
13FE1 : AC;
13FE2 : AC;
13FE3 : AC;
13FE4 : AC;
13FE5 : AC;
13FE6 : AC;
13FE7 : AC;
13FE8 : AC;
13FE9 : AC;
13FEA : AC;
13FEB : AC;
13FEC : AC;
13FED : AC;
13FEE : AC;
13FEF : AC;
13FF0 : AC;
13FF1 : AC;
13FF2 : AC;
13FF3 : AC;
13FF4 : AC;
13FF5 : AC;
13FF6 : AC;
13FF7 : AC;
13FF8 : AC;
13FF9 : AC;
13FFA : AC;
13FFB : AC;
13FFC : AC;
13FFD : AC;
13FFE : AC;
13FFF : AC;
14000 : A7;
14001 : 83;
14002 : 83;
14003 : 83;
14004 : 83;
14005 : 83;
14006 : 83;
14007 : 83;
14008 : C6;
14009 : C6;
1400A : C6;
1400B : C6;
1400C : C6;
1400D : C6;
1400E : C6;
1400F : C6;
14010 : E8;
14011 : E8;
14012 : E8;
14013 : E8;
14014 : E8;
14015 : E8;
14016 : E8;
14017 : E8;
14018 : E8;
14019 : E8;
1401A : E8;
1401B : E8;
1401C : E8;
1401D : E8;
1401E : E8;
1401F : E8;
14020 : E8;
14021 : E8;
14022 : E8;
14023 : E8;
14024 : E8;
14025 : E8;
14026 : E8;
14027 : E8;
14028 : E8;
14029 : E8;
1402A : E8;
1402B : E8;
1402C : E8;
1402D : E8;
1402E : E8;
1402F : E8;
14030 : E8;
14031 : E8;
14032 : E8;
14033 : E8;
14034 : E8;
14035 : E8;
14036 : E8;
14037 : E8;
14038 : E8;
14039 : E8;
1403A : E8;
1403B : E8;
1403C : E8;
1403D : E8;
1403E : E8;
1403F : E8;
14040 : 83;
14041 : 83;
14042 : 83;
14043 : 83;
14044 : A2;
14045 : E1;
14046 : E1;
14047 : E1;
14048 : C6;
14049 : C6;
1404A : C6;
1404B : C6;
1404C : C2;
1404D : C2;
1404E : C2;
1404F : C2;
14050 : E8;
14051 : E8;
14052 : E8;
14053 : E8;
14054 : C5;
14055 : 83;
14056 : 83;
14057 : 83;
14058 : E8;
14059 : E8;
1405A : E8;
1405B : E8;
1405C : C5;
1405D : A3;
1405E : 83;
1405F : 83;
14060 : E8;
14061 : E8;
14062 : E8;
14063 : E8;
14064 : C5;
14065 : A3;
14066 : 83;
14067 : 83;
14068 : E8;
14069 : E8;
1406A : E8;
1406B : E8;
1406C : C5;
1406D : A3;
1406E : 83;
1406F : 83;
14070 : E8;
14071 : E8;
14072 : E8;
14073 : E8;
14074 : C5;
14075 : A3;
14076 : 83;
14077 : 83;
14078 : E8;
14079 : E8;
1407A : E8;
1407B : E8;
1407C : C5;
1407D : A3;
1407E : 83;
1407F : 83;
14080 : E1;
14081 : E1;
14082 : E1;
14083 : E1;
14084 : E1;
14085 : E1;
14086 : E1;
14087 : E1;
14088 : C2;
14089 : C2;
1408A : C2;
1408B : C2;
1408C : C2;
1408D : C2;
1408E : C2;
1408F : C2;
14090 : 83;
14091 : 83;
14092 : 83;
14093 : 83;
14094 : 83;
14095 : 83;
14096 : 83;
14097 : 83;
14098 : 83;
14099 : 83;
1409A : 83;
1409B : 83;
1409C : 83;
1409D : 83;
1409E : 83;
1409F : 83;
140A0 : 83;
140A1 : 83;
140A2 : 83;
140A3 : 83;
140A4 : 83;
140A5 : 83;
140A6 : 83;
140A7 : 83;
140A8 : 83;
140A9 : 83;
140AA : 83;
140AB : 83;
140AC : 83;
140AD : 83;
140AE : 83;
140AF : 83;
140B0 : 83;
140B1 : 83;
140B2 : 83;
140B3 : 83;
140B4 : 83;
140B5 : 83;
140B6 : 83;
140B7 : 83;
140B8 : 83;
140B9 : 83;
140BA : 83;
140BB : 83;
140BC : 83;
140BD : 83;
140BE : 83;
140BF : 83;
140C0 : E1;
140C1 : E5;
140C2 : E8;
140C3 : E8;
140C4 : E8;
140C5 : E8;
140C6 : E8;
140C7 : E8;
140C8 : C2;
140C9 : E1;
140CA : E4;
140CB : E4;
140CC : E4;
140CD : E4;
140CE : E4;
140CF : E4;
140D0 : 83;
140D1 : A3;
140D2 : E1;
140D3 : E1;
140D4 : E1;
140D5 : E1;
140D6 : E1;
140D7 : E1;
140D8 : 83;
140D9 : C2;
140DA : E0;
140DB : E1;
140DC : E1;
140DD : E1;
140DE : E1;
140DF : E1;
140E0 : 83;
140E1 : C2;
140E2 : E1;
140E3 : E1;
140E4 : E1;
140E5 : E1;
140E6 : E1;
140E7 : E1;
140E8 : 83;
140E9 : A2;
140EA : E0;
140EB : E1;
140EC : E1;
140ED : E1;
140EE : E1;
140EF : E1;
140F0 : 83;
140F1 : C2;
140F2 : E0;
140F3 : E1;
140F4 : E1;
140F5 : E1;
140F6 : E1;
140F7 : E1;
140F8 : 83;
140F9 : C2;
140FA : E0;
140FB : E1;
140FC : E1;
140FD : E1;
140FE : E1;
140FF : E1;
14100 : E8;
14101 : E8;
14102 : E8;
14103 : E8;
14104 : E8;
14105 : E8;
14106 : D0;
14107 : B4;
14108 : E4;
14109 : E4;
1410A : E4;
1410B : E4;
1410C : E4;
1410D : E4;
1410E : CC;
1410F : D0;
14110 : E1;
14111 : E1;
14112 : E1;
14113 : E1;
14114 : E1;
14115 : E1;
14116 : E4;
14117 : E8;
14118 : E1;
14119 : E1;
1411A : E1;
1411B : E1;
1411C : E1;
1411D : E1;
1411E : E4;
1411F : E8;
14120 : E1;
14121 : E1;
14122 : E1;
14123 : E1;
14124 : E1;
14125 : E1;
14126 : E4;
14127 : E8;
14128 : E1;
14129 : E1;
1412A : E1;
1412B : E1;
1412C : E1;
1412D : E1;
1412E : E4;
1412F : E8;
14130 : E1;
14131 : E1;
14132 : E1;
14133 : E1;
14134 : E1;
14135 : E1;
14136 : E4;
14137 : E8;
14138 : E1;
14139 : E1;
1413A : E1;
1413B : E1;
1413C : E1;
1413D : E1;
1413E : E4;
1413F : E8;
14140 : B4;
14141 : B4;
14142 : B4;
14143 : B4;
14144 : B4;
14145 : B4;
14146 : B4;
14147 : B4;
14148 : D0;
14149 : D0;
1414A : D0;
1414B : D0;
1414C : D0;
1414D : D0;
1414E : D0;
1414F : D0;
14150 : E8;
14151 : E8;
14152 : E8;
14153 : E8;
14154 : E8;
14155 : E8;
14156 : E8;
14157 : E8;
14158 : E8;
14159 : E8;
1415A : E8;
1415B : E8;
1415C : E8;
1415D : E8;
1415E : E8;
1415F : E8;
14160 : E8;
14161 : E8;
14162 : E8;
14163 : E8;
14164 : E8;
14165 : E8;
14166 : E8;
14167 : E8;
14168 : E8;
14169 : E8;
1416A : E8;
1416B : E8;
1416C : E8;
1416D : E8;
1416E : E8;
1416F : E8;
14170 : E8;
14171 : E8;
14172 : E8;
14173 : E8;
14174 : E8;
14175 : E8;
14176 : E8;
14177 : E8;
14178 : E8;
14179 : E8;
1417A : E8;
1417B : E8;
1417C : E8;
1417D : E8;
1417E : E8;
1417F : E8;
14180 : B4;
14181 : B4;
14182 : B4;
14183 : 98;
14184 : 7C;
14185 : 9C;
14186 : 9C;
14187 : 9C;
14188 : D0;
14189 : D0;
1418A : D0;
1418B : 94;
1418C : 98;
1418D : 98;
1418E : 98;
1418F : 98;
14190 : E8;
14191 : E8;
14192 : E8;
14193 : D0;
14194 : B4;
14195 : B0;
14196 : B0;
14197 : B0;
14198 : E8;
14199 : E8;
1419A : E8;
1419B : B0;
1419C : B4;
1419D : B4;
1419E : B4;
1419F : B4;
141A0 : E8;
141A1 : E8;
141A2 : E8;
141A3 : B0;
141A4 : B4;
141A5 : B4;
141A6 : B4;
141A7 : B4;
141A8 : E8;
141A9 : E8;
141AA : E8;
141AB : B0;
141AC : B4;
141AD : B4;
141AE : B4;
141AF : B4;
141B0 : E8;
141B1 : E8;
141B2 : E8;
141B3 : B0;
141B4 : B4;
141B5 : B4;
141B6 : B4;
141B7 : B4;
141B8 : E8;
141B9 : E8;
141BA : E8;
141BB : B0;
141BC : B4;
141BD : B4;
141BE : B4;
141BF : B4;
141C0 : 9C;
141C1 : 9C;
141C2 : 9C;
141C3 : 9C;
141C4 : 9C;
141C5 : 9C;
141C6 : 9C;
141C7 : 7C;
141C8 : 98;
141C9 : 98;
141CA : 98;
141CB : 98;
141CC : 98;
141CD : 98;
141CE : 98;
141CF : 98;
141D0 : B0;
141D1 : B0;
141D2 : B0;
141D3 : B0;
141D4 : B0;
141D5 : B0;
141D6 : B4;
141D7 : B5;
141D8 : B4;
141D9 : B4;
141DA : B4;
141DB : B4;
141DC : B4;
141DD : B4;
141DE : B4;
141DF : B5;
141E0 : B4;
141E1 : B4;
141E2 : B4;
141E3 : B4;
141E4 : B4;
141E5 : B4;
141E6 : B4;
141E7 : B5;
141E8 : B4;
141E9 : B4;
141EA : B4;
141EB : B4;
141EC : B4;
141ED : B4;
141EE : B4;
141EF : B5;
141F0 : B4;
141F1 : B4;
141F2 : B4;
141F3 : B4;
141F4 : B4;
141F5 : B4;
141F6 : B4;
141F7 : B5;
141F8 : B4;
141F9 : B4;
141FA : B4;
141FB : B4;
141FC : B4;
141FD : B4;
141FE : B4;
141FF : B5;
14200 : 5C;
14201 : 5C;
14202 : 5C;
14203 : 5C;
14204 : 5C;
14205 : 5C;
14206 : 5C;
14207 : 5C;
14208 : 79;
14209 : 79;
1420A : 79;
1420B : 79;
1420C : 79;
1420D : 79;
1420E : 79;
1420F : 79;
14210 : B7;
14211 : B7;
14212 : B7;
14213 : B7;
14214 : B7;
14215 : B7;
14216 : B7;
14217 : B7;
14218 : B6;
14219 : B7;
1421A : B6;
1421B : B6;
1421C : B6;
1421D : B6;
1421E : B6;
1421F : B6;
14220 : B6;
14221 : B7;
14222 : B7;
14223 : B7;
14224 : B7;
14225 : B7;
14226 : B7;
14227 : B7;
14228 : B6;
14229 : B7;
1422A : B7;
1422B : B7;
1422C : B7;
1422D : B7;
1422E : B7;
1422F : B7;
14230 : B6;
14231 : B7;
14232 : B7;
14233 : B7;
14234 : B7;
14235 : B7;
14236 : B7;
14237 : B7;
14238 : B6;
14239 : B7;
1423A : B7;
1423B : B7;
1423C : B7;
1423D : B7;
1423E : B7;
1423F : B7;
14240 : 5C;
14241 : 5C;
14242 : 5C;
14243 : 5C;
14244 : 78;
14245 : E4;
14246 : E4;
14247 : E4;
14248 : 79;
14249 : 79;
1424A : 79;
1424B : 79;
1424C : 99;
1424D : B0;
1424E : B0;
1424F : B0;
14250 : B7;
14251 : B7;
14252 : B7;
14253 : B7;
14254 : B6;
14255 : 3C;
14256 : 3C;
14257 : 3C;
14258 : B6;
14259 : B7;
1425A : B7;
1425B : B7;
1425C : B6;
1425D : 5C;
1425E : 5C;
1425F : 5C;
14260 : B7;
14261 : B7;
14262 : B7;
14263 : B7;
14264 : B6;
14265 : 5C;
14266 : 5C;
14267 : 5C;
14268 : B7;
14269 : B7;
1426A : B7;
1426B : B7;
1426C : B6;
1426D : 5C;
1426E : 5C;
1426F : 5C;
14270 : B7;
14271 : B7;
14272 : B7;
14273 : B7;
14274 : B6;
14275 : 5C;
14276 : 5C;
14277 : 5C;
14278 : B7;
14279 : B7;
1427A : B7;
1427B : B7;
1427C : B6;
1427D : 5C;
1427E : 5C;
1427F : 5C;
14280 : E4;
14281 : E4;
14282 : E4;
14283 : E4;
14284 : E4;
14285 : E8;
14286 : E8;
14287 : E4;
14288 : B0;
14289 : B0;
1428A : B0;
1428B : B0;
1428C : B0;
1428D : B0;
1428E : B0;
1428F : B0;
14290 : 3C;
14291 : 3C;
14292 : 3C;
14293 : 3C;
14294 : 3C;
14295 : 3C;
14296 : 3C;
14297 : 3C;
14298 : 5C;
14299 : 5C;
1429A : 5C;
1429B : 5C;
1429C : 5C;
1429D : 5C;
1429E : 5C;
1429F : 5C;
142A0 : 5C;
142A1 : 5C;
142A2 : 5C;
142A3 : 5C;
142A4 : 5C;
142A5 : 5C;
142A6 : 5C;
142A7 : 5C;
142A8 : 5C;
142A9 : 5C;
142AA : 5C;
142AB : 5C;
142AC : 5C;
142AD : 5C;
142AE : 5C;
142AF : 5C;
142B0 : 5C;
142B1 : 5C;
142B2 : 5C;
142B3 : 5C;
142B4 : 5C;
142B5 : 5C;
142B6 : 5C;
142B7 : 5C;
142B8 : 5C;
142B9 : 5C;
142BA : 5C;
142BB : 5C;
142BC : 5C;
142BD : 5C;
142BE : 5C;
142BF : 5C;
142C0 : E4;
142C1 : EC;
142C2 : F4;
142C3 : F4;
142C4 : F4;
142C5 : F4;
142C6 : F4;
142C7 : F4;
142C8 : B0;
142C9 : D0;
142CA : F0;
142CB : F0;
142CC : F0;
142CD : F0;
142CE : F0;
142CF : F0;
142D0 : 3C;
142D1 : B4;
142D2 : E8;
142D3 : E4;
142D4 : E4;
142D5 : E4;
142D6 : E4;
142D7 : E4;
142D8 : 3C;
142D9 : B4;
142DA : E8;
142DB : E8;
142DC : E8;
142DD : E8;
142DE : E8;
142DF : E8;
142E0 : 3C;
142E1 : B4;
142E2 : E8;
142E3 : E8;
142E4 : E8;
142E5 : E8;
142E6 : E8;
142E7 : E8;
142E8 : 5C;
142E9 : B4;
142EA : E8;
142EB : E8;
142EC : E8;
142ED : E8;
142EE : E8;
142EF : E8;
142F0 : 3C;
142F1 : B4;
142F2 : E8;
142F3 : E8;
142F4 : E8;
142F5 : E8;
142F6 : E8;
142F7 : E8;
142F8 : 3C;
142F9 : B4;
142FA : E8;
142FB : E8;
142FC : E8;
142FD : E8;
142FE : E8;
142FF : E8;
14300 : F4;
14301 : F4;
14302 : F4;
14303 : F4;
14304 : F4;
14305 : F4;
14306 : 94;
14307 : 34;
14308 : F0;
14309 : F0;
1430A : F0;
1430B : F0;
1430C : F0;
1430D : F0;
1430E : B4;
1430F : 94;
14310 : E4;
14311 : E4;
14312 : E4;
14313 : E4;
14314 : E4;
14315 : E4;
14316 : F0;
14317 : F4;
14318 : E8;
14319 : E8;
1431A : E8;
1431B : E8;
1431C : E8;
1431D : E8;
1431E : F0;
1431F : F4;
14320 : E8;
14321 : E8;
14322 : E8;
14323 : E8;
14324 : E8;
14325 : E8;
14326 : F0;
14327 : F4;
14328 : E8;
14329 : E8;
1432A : E8;
1432B : E8;
1432C : E8;
1432D : E8;
1432E : F0;
1432F : F4;
14330 : E8;
14331 : E8;
14332 : E8;
14333 : E8;
14334 : E8;
14335 : E8;
14336 : F0;
14337 : F4;
14338 : E8;
14339 : E8;
1433A : E8;
1433B : E8;
1433C : E8;
1433D : E8;
1433E : F0;
1433F : F4;
14340 : 54;
14341 : 54;
14342 : 54;
14343 : 54;
14344 : 54;
14345 : 54;
14346 : 54;
14347 : 54;
14348 : 94;
14349 : 94;
1434A : 94;
1434B : 94;
1434C : 94;
1434D : 94;
1434E : 94;
1434F : 94;
14350 : F4;
14351 : F4;
14352 : F4;
14353 : F4;
14354 : F4;
14355 : F4;
14356 : F4;
14357 : F4;
14358 : F4;
14359 : F4;
1435A : F4;
1435B : F4;
1435C : F4;
1435D : F4;
1435E : F4;
1435F : F4;
14360 : F4;
14361 : F4;
14362 : F4;
14363 : F4;
14364 : F4;
14365 : F4;
14366 : F4;
14367 : F4;
14368 : F4;
14369 : F4;
1436A : F4;
1436B : F4;
1436C : F4;
1436D : F4;
1436E : F4;
1436F : F4;
14370 : F4;
14371 : F4;
14372 : F4;
14373 : F4;
14374 : F4;
14375 : F4;
14376 : F4;
14377 : F4;
14378 : F4;
14379 : F4;
1437A : F4;
1437B : F4;
1437C : F4;
1437D : F4;
1437E : F4;
1437F : F4;
14380 : 54;
14381 : 54;
14382 : 54;
14383 : 39;
14384 : 3E;
14385 : 3E;
14386 : 3E;
14387 : 3E;
14388 : 94;
14389 : 94;
1438A : 94;
1438B : 59;
1438C : 39;
1438D : 59;
1438E : 59;
1438F : 59;
14390 : F4;
14391 : F4;
14392 : F4;
14393 : 94;
14394 : 54;
14395 : 54;
14396 : 54;
14397 : 54;
14398 : F4;
14399 : F4;
1439A : F4;
1439B : 94;
1439C : 54;
1439D : 54;
1439E : 54;
1439F : 54;
143A0 : F4;
143A1 : F4;
143A2 : F4;
143A3 : 94;
143A4 : 54;
143A5 : 54;
143A6 : 54;
143A7 : 54;
143A8 : F4;
143A9 : F4;
143AA : F4;
143AB : 94;
143AC : 54;
143AD : 54;
143AE : 54;
143AF : 54;
143B0 : F4;
143B1 : F4;
143B2 : F4;
143B3 : 94;
143B4 : 54;
143B5 : 54;
143B6 : 54;
143B7 : 54;
143B8 : F4;
143B9 : F4;
143BA : F4;
143BB : 94;
143BC : 54;
143BD : 54;
143BE : 54;
143BF : 54;
143C0 : 3E;
143C1 : 3E;
143C2 : 3E;
143C3 : 3E;
143C4 : 3E;
143C5 : 3E;
143C6 : 3E;
143C7 : 3E;
143C8 : 39;
143C9 : 39;
143CA : 39;
143CB : 39;
143CC : 39;
143CD : 39;
143CE : 39;
143CF : 59;
143D0 : 54;
143D1 : 54;
143D2 : 54;
143D3 : 54;
143D4 : 54;
143D5 : 54;
143D6 : 54;
143D7 : 54;
143D8 : 54;
143D9 : 54;
143DA : 54;
143DB : 54;
143DC : 54;
143DD : 54;
143DE : 54;
143DF : 54;
143E0 : 54;
143E1 : 54;
143E2 : 54;
143E3 : 54;
143E4 : 54;
143E5 : 54;
143E6 : 54;
143E7 : 54;
143E8 : 54;
143E9 : 54;
143EA : 54;
143EB : 54;
143EC : 54;
143ED : 54;
143EE : 54;
143EF : 54;
143F0 : 54;
143F1 : 54;
143F2 : 54;
143F3 : 54;
143F4 : 54;
143F5 : 54;
143F6 : 54;
143F7 : 54;
143F8 : 54;
143F9 : 54;
143FA : 54;
143FB : 54;
143FC : 54;
143FD : 54;
143FE : 54;
143FF : 54;
14400 : 1F;
14401 : 1F;
14402 : 1F;
14403 : 1F;
14404 : 1F;
14405 : 1F;
14406 : 1F;
14407 : 1F;
14408 : 1F;
14409 : 1F;
1440A : 1F;
1440B : 1F;
1440C : 1F;
1440D : 1F;
1440E : 1F;
1440F : 1F;
14410 : 1F;
14411 : 1F;
14412 : 1F;
14413 : 1F;
14414 : 1F;
14415 : 1F;
14416 : 1F;
14417 : 1F;
14418 : 77;
14419 : 77;
1441A : 77;
1441B : 77;
1441C : 77;
1441D : 77;
1441E : 77;
1441F : 77;
14420 : 73;
14421 : 73;
14422 : 73;
14423 : 73;
14424 : 73;
14425 : 73;
14426 : 73;
14427 : 73;
14428 : 73;
14429 : 73;
1442A : 73;
1442B : 73;
1442C : 73;
1442D : 73;
1442E : 73;
1442F : 73;
14430 : 73;
14431 : 73;
14432 : 73;
14433 : 73;
14434 : 73;
14435 : 73;
14436 : 73;
14437 : 73;
14438 : 73;
14439 : 73;
1443A : 73;
1443B : 73;
1443C : 73;
1443D : 73;
1443E : 73;
1443F : 73;
14440 : 1F;
14441 : 1F;
14442 : 1F;
14443 : 1F;
14444 : 7E;
14445 : FC;
14446 : FC;
14447 : FC;
14448 : 1F;
14449 : 1F;
1444A : 1F;
1444B : 1F;
1444C : 7E;
1444D : FC;
1444E : FC;
1444F : FC;
14450 : 1F;
14451 : 1F;
14452 : 1F;
14453 : 1F;
14454 : 7E;
14455 : DC;
14456 : F8;
14457 : FC;
14458 : 77;
14459 : 77;
1445A : 77;
1445B : 73;
1445C : 57;
1445D : 5E;
1445E : 5E;
1445F : 5E;
14460 : 73;
14461 : 93;
14462 : 93;
14463 : 93;
14464 : 77;
14465 : 1F;
14466 : 1F;
14467 : 1F;
14468 : 73;
14469 : 73;
1446A : 73;
1446B : 73;
1446C : 57;
1446D : 1F;
1446E : 1F;
1446F : 1F;
14470 : 73;
14471 : 73;
14472 : 73;
14473 : 73;
14474 : 57;
14475 : 1F;
14476 : 1F;
14477 : 1F;
14478 : 73;
14479 : 73;
1447A : 73;
1447B : 73;
1447C : 57;
1447D : 1F;
1447E : 1F;
1447F : 1F;
14480 : FC;
14481 : FC;
14482 : FC;
14483 : FC;
14484 : FC;
14485 : FC;
14486 : FC;
14487 : FC;
14488 : FC;
14489 : FC;
1448A : FC;
1448B : FC;
1448C : FC;
1448D : FC;
1448E : FC;
1448F : FC;
14490 : FC;
14491 : FC;
14492 : FC;
14493 : FC;
14494 : FC;
14495 : FC;
14496 : FC;
14497 : FC;
14498 : 5E;
14499 : 5E;
1449A : 5E;
1449B : 5E;
1449C : 5E;
1449D : 5E;
1449E : 5E;
1449F : 5E;
144A0 : 1F;
144A1 : 1F;
144A2 : 1F;
144A3 : 1F;
144A4 : 1F;
144A5 : 1F;
144A6 : 1F;
144A7 : 1F;
144A8 : 1F;
144A9 : 1F;
144AA : 1F;
144AB : 1F;
144AC : 1F;
144AD : 1F;
144AE : 1F;
144AF : 1F;
144B0 : 1F;
144B1 : 1F;
144B2 : 1F;
144B3 : 1F;
144B4 : 1F;
144B5 : 1F;
144B6 : 1F;
144B7 : 1F;
144B8 : 1F;
144B9 : 1F;
144BA : 1F;
144BB : 1F;
144BC : 1F;
144BD : 1F;
144BE : 1F;
144BF : 1F;
144C0 : FC;
144C1 : F8;
144C2 : F0;
144C3 : F0;
144C4 : F0;
144C5 : F0;
144C6 : F0;
144C7 : F0;
144C8 : FC;
144C9 : F8;
144CA : F0;
144CB : F0;
144CC : F0;
144CD : F0;
144CE : F0;
144CF : F0;
144D0 : DC;
144D1 : F8;
144D2 : F0;
144D3 : F0;
144D4 : F0;
144D5 : F0;
144D6 : F0;
144D7 : F0;
144D8 : 5F;
144D9 : 9D;
144DA : F8;
144DB : F8;
144DC : F8;
144DD : F8;
144DE : F8;
144DF : F8;
144E0 : 1F;
144E1 : 7E;
144E2 : FC;
144E3 : FC;
144E4 : FC;
144E5 : FC;
144E6 : FC;
144E7 : FC;
144E8 : 1F;
144E9 : 7E;
144EA : FC;
144EB : FC;
144EC : FC;
144ED : FC;
144EE : FC;
144EF : FC;
144F0 : 1F;
144F1 : 7E;
144F2 : FC;
144F3 : FC;
144F4 : FC;
144F5 : FC;
144F6 : FC;
144F7 : FC;
144F8 : 1F;
144F9 : 7E;
144FA : FC;
144FB : FC;
144FC : FC;
144FD : FC;
144FE : FC;
144FF : FC;
14500 : F0;
14501 : F0;
14502 : F0;
14503 : F0;
14504 : F0;
14505 : F0;
14506 : F8;
14507 : FC;
14508 : F0;
14509 : F0;
1450A : F0;
1450B : F0;
1450C : F0;
1450D : F0;
1450E : F8;
1450F : FC;
14510 : F0;
14511 : F0;
14512 : F0;
14513 : F0;
14514 : F0;
14515 : F0;
14516 : F8;
14517 : FC;
14518 : F8;
14519 : F8;
1451A : F8;
1451B : F8;
1451C : F8;
1451D : F8;
1451E : F4;
1451F : F4;
14520 : FC;
14521 : FC;
14522 : FC;
14523 : FC;
14524 : FC;
14525 : FC;
14526 : F4;
14527 : F0;
14528 : FC;
14529 : FC;
1452A : FC;
1452B : FC;
1452C : FC;
1452D : FC;
1452E : F4;
1452F : F0;
14530 : FC;
14531 : FC;
14532 : FC;
14533 : FC;
14534 : FC;
14535 : FC;
14536 : F4;
14537 : F0;
14538 : FC;
14539 : FC;
1453A : FC;
1453B : FC;
1453C : FC;
1453D : FC;
1453E : F4;
1453F : F0;
14540 : FC;
14541 : FC;
14542 : FC;
14543 : FC;
14544 : FC;
14545 : FC;
14546 : FC;
14547 : FC;
14548 : FC;
14549 : FC;
1454A : FC;
1454B : FC;
1454C : FC;
1454D : FC;
1454E : FC;
1454F : FC;
14550 : FC;
14551 : FC;
14552 : FC;
14553 : FC;
14554 : FC;
14555 : FC;
14556 : FC;
14557 : FC;
14558 : F4;
14559 : F4;
1455A : F4;
1455B : F4;
1455C : F4;
1455D : F4;
1455E : F4;
1455F : F4;
14560 : F0;
14561 : F0;
14562 : F0;
14563 : F0;
14564 : F0;
14565 : F0;
14566 : F0;
14567 : F0;
14568 : F0;
14569 : F0;
1456A : F0;
1456B : F0;
1456C : F0;
1456D : F0;
1456E : F0;
1456F : F0;
14570 : F0;
14571 : F0;
14572 : F0;
14573 : F0;
14574 : F0;
14575 : F0;
14576 : F0;
14577 : F0;
14578 : F0;
14579 : F0;
1457A : F0;
1457B : F0;
1457C : F0;
1457D : F0;
1457E : F0;
1457F : F0;
14580 : FC;
14581 : FC;
14582 : FC;
14583 : 55;
14584 : 35;
14585 : 35;
14586 : 35;
14587 : 35;
14588 : FC;
14589 : FC;
1458A : FC;
1458B : 55;
1458C : 35;
1458D : 35;
1458E : 35;
1458F : 35;
14590 : FC;
14591 : FC;
14592 : FC;
14593 : 55;
14594 : 35;
14595 : 35;
14596 : 35;
14597 : 35;
14598 : F4;
14599 : F4;
1459A : F4;
1459B : D8;
1459C : FC;
1459D : F8;
1459E : DC;
1459F : D8;
145A0 : F0;
145A1 : F0;
145A2 : F0;
145A3 : F8;
145A4 : FC;
145A5 : FC;
145A6 : FC;
145A7 : FC;
145A8 : F0;
145A9 : F0;
145AA : F0;
145AB : F8;
145AC : FC;
145AD : FC;
145AE : FC;
145AF : FC;
145B0 : F0;
145B1 : F0;
145B2 : F0;
145B3 : F8;
145B4 : FC;
145B5 : FC;
145B6 : FC;
145B7 : FC;
145B8 : F0;
145B9 : F0;
145BA : F0;
145BB : F8;
145BC : FC;
145BD : FC;
145BE : FC;
145BF : FC;
145C0 : 35;
145C1 : 35;
145C2 : 35;
145C3 : 35;
145C4 : 35;
145C5 : 35;
145C6 : 35;
145C7 : 35;
145C8 : 35;
145C9 : 35;
145CA : 35;
145CB : 35;
145CC : 35;
145CD : 35;
145CE : 35;
145CF : 35;
145D0 : 35;
145D1 : 35;
145D2 : 35;
145D3 : 35;
145D4 : 35;
145D5 : 35;
145D6 : 35;
145D7 : 35;
145D8 : DC;
145D9 : DC;
145DA : DC;
145DB : DC;
145DC : D8;
145DD : DC;
145DE : F8;
145DF : DD;
145E0 : FC;
145E1 : FC;
145E2 : FC;
145E3 : FC;
145E4 : FC;
145E5 : FC;
145E6 : FC;
145E7 : FD;
145E8 : FC;
145E9 : FC;
145EA : FC;
145EB : FC;
145EC : FC;
145ED : FC;
145EE : FC;
145EF : FD;
145F0 : FC;
145F1 : FC;
145F2 : FC;
145F3 : FC;
145F4 : FC;
145F5 : FC;
145F6 : FC;
145F7 : FD;
145F8 : FC;
145F9 : FC;
145FA : FC;
145FB : FC;
145FC : FC;
145FD : FC;
145FE : FC;
145FF : FD;
14600 : 3C;
14601 : 3C;
14602 : 3C;
14603 : 3C;
14604 : 3C;
14605 : 3C;
14606 : 3C;
14607 : 3C;
14608 : 3C;
14609 : 3C;
1460A : 3C;
1460B : 3C;
1460C : 3C;
1460D : 3C;
1460E : 3C;
1460F : 3C;
14610 : 3C;
14611 : 3C;
14612 : 3C;
14613 : 3C;
14614 : 3C;
14615 : 3C;
14616 : 3C;
14617 : 3C;
14618 : 5E;
14619 : 1F;
1461A : 1F;
1461B : 1F;
1461C : 1F;
1461D : 1F;
1461E : 1F;
1461F : 1F;
14620 : 5F;
14621 : 1F;
14622 : 1F;
14623 : 1F;
14624 : 1F;
14625 : 1F;
14626 : 1F;
14627 : 1F;
14628 : 5F;
14629 : 1F;
1462A : 1F;
1462B : 1F;
1462C : 1F;
1462D : 1F;
1462E : 1F;
1462F : 1F;
14630 : 5F;
14631 : 1F;
14632 : 1F;
14633 : 1F;
14634 : 1F;
14635 : 1F;
14636 : 1F;
14637 : 1F;
14638 : 5F;
14639 : 1F;
1463A : 1F;
1463B : 1F;
1463C : 1F;
1463D : 1F;
1463E : 1F;
1463F : 1F;
14640 : 3C;
14641 : 3C;
14642 : 3C;
14643 : 1C;
14644 : 5C;
14645 : F0;
14646 : F0;
14647 : F0;
14648 : 3C;
14649 : 3C;
1464A : 3C;
1464B : 1C;
1464C : 5C;
1464D : F0;
1464E : F0;
1464F : F0;
14650 : 3C;
14651 : 3C;
14652 : 3C;
14653 : 1C;
14654 : 58;
14655 : F0;
14656 : F0;
14657 : F0;
14658 : 1F;
14659 : 1F;
1465A : 1F;
1465B : 1F;
1465C : 3E;
1465D : 78;
1465E : 5C;
1465F : 5C;
14660 : 1F;
14661 : 1F;
14662 : 1F;
14663 : 1F;
14664 : 1F;
14665 : 3C;
14666 : 3C;
14667 : 3C;
14668 : 1F;
14669 : 1F;
1466A : 1F;
1466B : 1F;
1466C : 1E;
1466D : 3C;
1466E : 3C;
1466F : 3C;
14670 : 1F;
14671 : 1F;
14672 : 1F;
14673 : 1F;
14674 : 1E;
14675 : 3C;
14676 : 3C;
14677 : 3C;
14678 : 1F;
14679 : 1F;
1467A : 1F;
1467B : 1F;
1467C : 1E;
1467D : 3C;
1467E : 3C;
1467F : 3C;
14680 : F0;
14681 : F0;
14682 : F0;
14683 : F0;
14684 : F0;
14685 : F0;
14686 : F0;
14687 : F0;
14688 : F0;
14689 : F0;
1468A : F0;
1468B : F0;
1468C : F0;
1468D : F0;
1468E : F0;
1468F : F0;
14690 : F0;
14691 : F0;
14692 : F0;
14693 : F0;
14694 : F0;
14695 : F0;
14696 : F0;
14697 : F0;
14698 : 5C;
14699 : 5C;
1469A : 5C;
1469B : 5C;
1469C : 5C;
1469D : 5C;
1469E : 5C;
1469F : 7C;
146A0 : 3C;
146A1 : 3C;
146A2 : 3C;
146A3 : 3C;
146A4 : 3C;
146A5 : 3C;
146A6 : 3C;
146A7 : 3C;
146A8 : 3C;
146A9 : 3C;
146AA : 3C;
146AB : 3C;
146AC : 3C;
146AD : 3C;
146AE : 3C;
146AF : 3C;
146B0 : 3C;
146B1 : 3C;
146B2 : 3C;
146B3 : 3C;
146B4 : 3C;
146B5 : 3C;
146B6 : 3C;
146B7 : 3C;
146B8 : 3C;
146B9 : 3C;
146BA : 3C;
146BB : 3C;
146BC : 3C;
146BD : 3C;
146BE : 3C;
146BF : 3C;
146C0 : F0;
146C1 : B6;
146C2 : 1B;
146C3 : 1B;
146C4 : 1B;
146C5 : 1B;
146C6 : 1B;
146C7 : 1B;
146C8 : F0;
146C9 : B6;
146CA : 1B;
146CB : 1B;
146CC : 1B;
146CD : 1B;
146CE : 1B;
146CF : 1B;
146D0 : F0;
146D1 : B6;
146D2 : 3B;
146D3 : 1B;
146D4 : 1B;
146D5 : 1B;
146D6 : 1B;
146D7 : 1B;
146D8 : 7C;
146D9 : 98;
146DA : D5;
146DB : D5;
146DC : D5;
146DD : D5;
146DE : D5;
146DF : D5;
146E0 : 3C;
146E1 : 98;
146E2 : F0;
146E3 : F0;
146E4 : F0;
146E5 : F0;
146E6 : F0;
146E7 : F0;
146E8 : 3C;
146E9 : 98;
146EA : F0;
146EB : F0;
146EC : F0;
146ED : F0;
146EE : F0;
146EF : F0;
146F0 : 3C;
146F1 : 98;
146F2 : F0;
146F3 : F0;
146F4 : F0;
146F5 : F0;
146F6 : F0;
146F7 : F0;
146F8 : 3C;
146F9 : 98;
146FA : F0;
146FB : F0;
146FC : F0;
146FD : F0;
146FE : F0;
146FF : F0;
14700 : 1B;
14701 : 1B;
14702 : 1B;
14703 : 1B;
14704 : 1B;
14705 : 1B;
14706 : 77;
14707 : 92;
14708 : 1B;
14709 : 1B;
1470A : 1B;
1470B : 1B;
1470C : 1B;
1470D : 1B;
1470E : 77;
1470F : 92;
14710 : 1B;
14711 : 1B;
14712 : 1B;
14713 : 1B;
14714 : 1B;
14715 : 1B;
14716 : 77;
14717 : 92;
14718 : D5;
14719 : D5;
1471A : D5;
1471B : D5;
1471C : D5;
1471D : D5;
1471E : 77;
1471F : 3B;
14720 : F0;
14721 : F0;
14722 : F0;
14723 : F0;
14724 : F0;
14725 : F0;
14726 : 5A;
14727 : 1B;
14728 : F0;
14729 : F0;
1472A : F0;
1472B : D0;
1472C : D0;
1472D : F0;
1472E : 76;
1472F : 1B;
14730 : F0;
14731 : F0;
14732 : F0;
14733 : F0;
14734 : F0;
14735 : F0;
14736 : 5A;
14737 : 1B;
14738 : F0;
14739 : F0;
1473A : F0;
1473B : F0;
1473C : F0;
1473D : F0;
1473E : 5A;
1473F : 1B;
14740 : 92;
14741 : 92;
14742 : 92;
14743 : 92;
14744 : 92;
14745 : 92;
14746 : 92;
14747 : 92;
14748 : 92;
14749 : 92;
1474A : 92;
1474B : 92;
1474C : 92;
1474D : 92;
1474E : 92;
1474F : 92;
14750 : 92;
14751 : 92;
14752 : 92;
14753 : 92;
14754 : 92;
14755 : 92;
14756 : 92;
14757 : 92;
14758 : 3B;
14759 : 3B;
1475A : 3B;
1475B : 3B;
1475C : 3B;
1475D : 3B;
1475E : 3B;
1475F : 3B;
14760 : 1B;
14761 : 1B;
14762 : 1B;
14763 : 1B;
14764 : 1B;
14765 : 1B;
14766 : 1B;
14767 : 1B;
14768 : 1B;
14769 : 1B;
1476A : 1B;
1476B : 1B;
1476C : 1B;
1476D : 1B;
1476E : 1B;
1476F : 1B;
14770 : 1B;
14771 : 1B;
14772 : 1B;
14773 : 1B;
14774 : 1B;
14775 : 1B;
14776 : 1B;
14777 : 1B;
14778 : 1B;
14779 : 1B;
1477A : 1B;
1477B : 1B;
1477C : 1B;
1477D : 1B;
1477E : 1B;
1477F : 1B;
14780 : 92;
14781 : 92;
14782 : 92;
14783 : 89;
14784 : A5;
14785 : A5;
14786 : A5;
14787 : A5;
14788 : 92;
14789 : 92;
1478A : 92;
1478B : A9;
1478C : A5;
1478D : A5;
1478E : A5;
1478F : A5;
14790 : 92;
14791 : 92;
14792 : 92;
14793 : 89;
14794 : A5;
14795 : A5;
14796 : A5;
14797 : A5;
14798 : 3B;
14799 : 3B;
1479A : 57;
1479B : 72;
1479C : 92;
1479D : 92;
1479E : 92;
1479F : 92;
147A0 : 1B;
147A1 : 1B;
147A2 : 1B;
147A3 : 77;
147A4 : 92;
147A5 : 92;
147A6 : 92;
147A7 : 92;
147A8 : 1B;
147A9 : 1B;
147AA : 1B;
147AB : 77;
147AC : 92;
147AD : 92;
147AE : 92;
147AF : 92;
147B0 : 1B;
147B1 : 1B;
147B2 : 1B;
147B3 : 77;
147B4 : 92;
147B5 : 92;
147B6 : 92;
147B7 : 92;
147B8 : 1B;
147B9 : 1B;
147BA : 1B;
147BB : 77;
147BC : 92;
147BD : 92;
147BE : 92;
147BF : 92;
147C0 : A5;
147C1 : A5;
147C2 : A5;
147C3 : A5;
147C4 : A5;
147C5 : A5;
147C6 : A5;
147C7 : A5;
147C8 : A5;
147C9 : A5;
147CA : A5;
147CB : A5;
147CC : A5;
147CD : A5;
147CE : A5;
147CF : A5;
147D0 : A5;
147D1 : A5;
147D2 : A5;
147D3 : A5;
147D4 : A5;
147D5 : A5;
147D6 : A5;
147D7 : A5;
147D8 : 92;
147D9 : 92;
147DA : 92;
147DB : 92;
147DC : 92;
147DD : 92;
147DE : 8E;
147DF : 92;
147E0 : 92;
147E1 : 92;
147E2 : 92;
147E3 : 92;
147E4 : 92;
147E5 : 92;
147E6 : 93;
147E7 : 96;
147E8 : 92;
147E9 : 92;
147EA : 92;
147EB : 92;
147EC : 92;
147ED : 92;
147EE : 92;
147EF : 96;
147F0 : 92;
147F1 : 92;
147F2 : 92;
147F3 : 92;
147F4 : 92;
147F5 : 92;
147F6 : 92;
147F7 : 96;
147F8 : 92;
147F9 : 92;
147FA : 92;
147FB : 92;
147FC : 92;
147FD : 92;
147FE : 92;
147FF : 96;
14800 : F8;
14801 : F8;
14802 : F8;
14803 : F8;
14804 : F8;
14805 : F8;
14806 : F8;
14807 : F8;
14808 : F8;
14809 : F8;
1480A : F8;
1480B : F8;
1480C : F8;
1480D : F8;
1480E : F8;
1480F : F8;
14810 : F8;
14811 : F8;
14812 : F8;
14813 : F8;
14814 : F8;
14815 : F8;
14816 : F8;
14817 : F8;
14818 : 7C;
14819 : 7C;
1481A : 7C;
1481B : 7C;
1481C : 7C;
1481D : 7C;
1481E : 7C;
1481F : 7C;
14820 : 5C;
14821 : 5C;
14822 : 5C;
14823 : 5C;
14824 : 5C;
14825 : 5C;
14826 : 5C;
14827 : 5C;
14828 : 5C;
14829 : 5C;
1482A : 5C;
1482B : 5C;
1482C : 5C;
1482D : 5C;
1482E : 5C;
1482F : 5C;
14830 : 5C;
14831 : 5C;
14832 : 5C;
14833 : 5C;
14834 : 5C;
14835 : 5C;
14836 : 5C;
14837 : 5C;
14838 : 5C;
14839 : 5C;
1483A : 5C;
1483B : 5C;
1483C : 5C;
1483D : 5C;
1483E : 5C;
1483F : 5C;
14840 : F8;
14841 : F8;
14842 : F8;
14843 : FC;
14844 : F4;
14845 : E4;
14846 : E4;
14847 : E4;
14848 : F8;
14849 : F8;
1484A : F8;
1484B : F8;
1484C : F4;
1484D : E4;
1484E : E4;
1484F : E4;
14850 : F8;
14851 : F8;
14852 : F8;
14853 : F8;
14854 : F4;
14855 : E4;
14856 : E4;
14857 : E4;
14858 : 7C;
14859 : 7C;
1485A : 7C;
1485B : 7C;
1485C : 9C;
1485D : F4;
1485E : F4;
1485F : F4;
14860 : 5C;
14861 : 5C;
14862 : 5C;
14863 : 3C;
14864 : 7C;
14865 : F8;
14866 : F8;
14867 : FC;
14868 : 5C;
14869 : 5C;
1486A : 5C;
1486B : 5C;
1486C : 7C;
1486D : F8;
1486E : F8;
1486F : F8;
14870 : 5C;
14871 : 5C;
14872 : 5C;
14873 : 5C;
14874 : 7C;
14875 : F8;
14876 : F8;
14877 : F8;
14878 : 5C;
14879 : 5C;
1487A : 5C;
1487B : 5C;
1487C : 7C;
1487D : F8;
1487E : F8;
1487F : F8;
14880 : E4;
14881 : E4;
14882 : E4;
14883 : E4;
14884 : E4;
14885 : E4;
14886 : E4;
14887 : E4;
14888 : E4;
14889 : E4;
1488A : E4;
1488B : E4;
1488C : E4;
1488D : E4;
1488E : E4;
1488F : E4;
14890 : E4;
14891 : E4;
14892 : E4;
14893 : E4;
14894 : E4;
14895 : E4;
14896 : E4;
14897 : E4;
14898 : F4;
14899 : F4;
1489A : F4;
1489B : F4;
1489C : F4;
1489D : F4;
1489E : F4;
1489F : F4;
148A0 : FC;
148A1 : FC;
148A2 : FC;
148A3 : FC;
148A4 : FC;
148A5 : FC;
148A6 : FC;
148A7 : FC;
148A8 : F8;
148A9 : F8;
148AA : F8;
148AB : F8;
148AC : F8;
148AD : F8;
148AE : F8;
148AF : F8;
148B0 : F8;
148B1 : F8;
148B2 : F8;
148B3 : F8;
148B4 : F8;
148B5 : F8;
148B6 : F8;
148B7 : F8;
148B8 : F8;
148B9 : F8;
148BA : F8;
148BB : F8;
148BC : F8;
148BD : F8;
148BE : F8;
148BF : F8;
148C0 : E4;
148C1 : A6;
148C2 : 63;
148C3 : 63;
148C4 : 63;
148C5 : 63;
148C6 : 63;
148C7 : 63;
148C8 : E4;
148C9 : A2;
148CA : 63;
148CB : 63;
148CC : 63;
148CD : 63;
148CE : 63;
148CF : 63;
148D0 : E4;
148D1 : A2;
148D2 : 63;
148D3 : 63;
148D4 : 63;
148D5 : 63;
148D6 : 63;
148D7 : 63;
148D8 : F8;
148D9 : F1;
148DA : C5;
148DB : C5;
148DC : C5;
148DD : C5;
148DE : C5;
148DF : C5;
148E0 : FC;
148E1 : F0;
148E2 : C4;
148E3 : E4;
148E4 : E4;
148E5 : E4;
148E6 : E4;
148E7 : E4;
148E8 : FC;
148E9 : F0;
148EA : C4;
148EB : E4;
148EC : E4;
148ED : E4;
148EE : E4;
148EF : E4;
148F0 : FC;
148F1 : F0;
148F2 : C4;
148F3 : E4;
148F4 : E4;
148F5 : E4;
148F6 : E4;
148F7 : E4;
148F8 : FC;
148F9 : F0;
148FA : C4;
148FB : E4;
148FC : E4;
148FD : E4;
148FE : E4;
148FF : E4;
14900 : 63;
14901 : 63;
14902 : 63;
14903 : 63;
14904 : 63;
14905 : 63;
14906 : A3;
14907 : E1;
14908 : 63;
14909 : 63;
1490A : 63;
1490B : 63;
1490C : 63;
1490D : 63;
1490E : A2;
1490F : E1;
14910 : 63;
14911 : 63;
14912 : 63;
14913 : 63;
14914 : 63;
14915 : 63;
14916 : C2;
14917 : E1;
14918 : C5;
14919 : C5;
1491A : C5;
1491B : C5;
1491C : C5;
1491D : C5;
1491E : A2;
1491F : 83;
14920 : E4;
14921 : E4;
14922 : E4;
14923 : E4;
14924 : E4;
14925 : E4;
14926 : A2;
14927 : 63;
14928 : E4;
14929 : E4;
1492A : E4;
1492B : E4;
1492C : E4;
1492D : E4;
1492E : A2;
1492F : 63;
14930 : E4;
14931 : E4;
14932 : E4;
14933 : E4;
14934 : E4;
14935 : E4;
14936 : A2;
14937 : 63;
14938 : E4;
14939 : E4;
1493A : E4;
1493B : E4;
1493C : E4;
1493D : E4;
1493E : A2;
1493F : 63;
14940 : E1;
14941 : E1;
14942 : E1;
14943 : E1;
14944 : E1;
14945 : E1;
14946 : E1;
14947 : E1;
14948 : E1;
14949 : E1;
1494A : E1;
1494B : E1;
1494C : E1;
1494D : E1;
1494E : E1;
1494F : E1;
14950 : E1;
14951 : E2;
14952 : E2;
14953 : E2;
14954 : E2;
14955 : E2;
14956 : E2;
14957 : E1;
14958 : 83;
14959 : 83;
1495A : 83;
1495B : 83;
1495C : 83;
1495D : 83;
1495E : 83;
1495F : 83;
14960 : 63;
14961 : 63;
14962 : 63;
14963 : 63;
14964 : 63;
14965 : 63;
14966 : 63;
14967 : 63;
14968 : 63;
14969 : 63;
1496A : 63;
1496B : 63;
1496C : 63;
1496D : 63;
1496E : 63;
1496F : 63;
14970 : 63;
14971 : 63;
14972 : 63;
14973 : 63;
14974 : 63;
14975 : 63;
14976 : 63;
14977 : 63;
14978 : 63;
14979 : 63;
1497A : 63;
1497B : 63;
1497C : 63;
1497D : 63;
1497E : 63;
1497F : 63;
14980 : E1;
14981 : E1;
14982 : E1;
14983 : AC;
14984 : AC;
14985 : AC;
14986 : AC;
14987 : AC;
14988 : E1;
14989 : E1;
1498A : E1;
1498B : AC;
1498C : AC;
1498D : AC;
1498E : AC;
1498F : AC;
14990 : E1;
14991 : E1;
14992 : E2;
14993 : AC;
14994 : AC;
14995 : AC;
14996 : AC;
14997 : AC;
14998 : 83;
14999 : 83;
1499A : 83;
1499B : C2;
1499C : E5;
1499D : E5;
1499E : E5;
1499F : E5;
149A0 : 63;
149A1 : 63;
149A2 : 63;
149A3 : E2;
149A4 : E1;
149A5 : E1;
149A6 : E1;
149A7 : E1;
149A8 : 63;
149A9 : 63;
149AA : 63;
149AB : E2;
149AC : E1;
149AD : E1;
149AE : E1;
149AF : E1;
149B0 : 63;
149B1 : 63;
149B2 : 63;
149B3 : E2;
149B4 : E1;
149B5 : E1;
149B6 : E1;
149B7 : E1;
149B8 : 63;
149B9 : 63;
149BA : 63;
149BB : E2;
149BC : E1;
149BD : E1;
149BE : E1;
149BF : E1;
149C0 : AC;
149C1 : AC;
149C2 : AC;
149C3 : AC;
149C4 : AC;
149C5 : AC;
149C6 : AC;
149C7 : AC;
149C8 : AC;
149C9 : AC;
149CA : AC;
149CB : AC;
149CC : AC;
149CD : AC;
149CE : AC;
149CF : AC;
149D0 : AC;
149D1 : AC;
149D2 : AC;
149D3 : AC;
149D4 : AC;
149D5 : AC;
149D6 : AC;
149D7 : AC;
149D8 : E5;
149D9 : E5;
149DA : E5;
149DB : E5;
149DC : E5;
149DD : E5;
149DE : E5;
149DF : E5;
149E0 : E1;
149E1 : E1;
149E2 : E1;
149E3 : E1;
149E4 : E1;
149E5 : E1;
149E6 : E2;
149E7 : E5;
149E8 : E1;
149E9 : E1;
149EA : E1;
149EB : E1;
149EC : E1;
149ED : E1;
149EE : E1;
149EF : E5;
149F0 : E1;
149F1 : E1;
149F2 : E1;
149F3 : E1;
149F4 : E1;
149F5 : E1;
149F6 : E1;
149F7 : E5;
149F8 : E1;
149F9 : E1;
149FA : E1;
149FB : E1;
149FC : E1;
149FD : E1;
149FE : E1;
149FF : E5;
14A00 : E8;
14A01 : E8;
14A02 : E8;
14A03 : E8;
14A04 : E8;
14A05 : E8;
14A06 : E8;
14A07 : E8;
14A08 : E8;
14A09 : E8;
14A0A : E8;
14A0B : E8;
14A0C : E8;
14A0D : E8;
14A0E : E8;
14A0F : E8;
14A10 : E8;
14A11 : E8;
14A12 : E8;
14A13 : E8;
14A14 : E8;
14A15 : E8;
14A16 : E8;
14A17 : E8;
14A18 : F0;
14A19 : F4;
14A1A : F4;
14A1B : F4;
14A1C : F0;
14A1D : F0;
14A1E : F4;
14A1F : F4;
14A20 : F4;
14A21 : F4;
14A22 : F4;
14A23 : F4;
14A24 : F4;
14A25 : F4;
14A26 : F4;
14A27 : F4;
14A28 : F4;
14A29 : F4;
14A2A : F4;
14A2B : F4;
14A2C : F4;
14A2D : F4;
14A2E : F4;
14A2F : F4;
14A30 : F4;
14A31 : F4;
14A32 : F4;
14A33 : F4;
14A34 : F4;
14A35 : F4;
14A36 : F4;
14A37 : F4;
14A38 : F4;
14A39 : F4;
14A3A : F4;
14A3B : F4;
14A3C : F4;
14A3D : F4;
14A3E : F4;
14A3F : F4;
14A40 : E8;
14A41 : E8;
14A42 : E8;
14A43 : E8;
14A44 : C5;
14A45 : A3;
14A46 : 83;
14A47 : 83;
14A48 : E8;
14A49 : E8;
14A4A : E8;
14A4B : E8;
14A4C : C5;
14A4D : A3;
14A4E : 83;
14A4F : A3;
14A50 : E8;
14A51 : E8;
14A52 : E8;
14A53 : E8;
14A54 : C5;
14A55 : A3;
14A56 : A3;
14A57 : A3;
14A58 : F4;
14A59 : F0;
14A5A : F0;
14A5B : F4;
14A5C : F0;
14A5D : C5;
14A5E : E5;
14A5F : E5;
14A60 : F4;
14A61 : F4;
14A62 : F4;
14A63 : F4;
14A64 : F0;
14A65 : E8;
14A66 : E8;
14A67 : E8;
14A68 : F4;
14A69 : F4;
14A6A : F4;
14A6B : F4;
14A6C : F0;
14A6D : E8;
14A6E : E8;
14A6F : E8;
14A70 : F4;
14A71 : F4;
14A72 : F4;
14A73 : F4;
14A74 : F0;
14A75 : E8;
14A76 : E8;
14A77 : E8;
14A78 : F4;
14A79 : F4;
14A7A : F4;
14A7B : F4;
14A7C : F0;
14A7D : E8;
14A7E : E8;
14A7F : E8;
14A80 : 83;
14A81 : 83;
14A82 : 83;
14A83 : 83;
14A84 : 83;
14A85 : 83;
14A86 : 83;
14A87 : 83;
14A88 : A3;
14A89 : A3;
14A8A : A3;
14A8B : A3;
14A8C : A3;
14A8D : A3;
14A8E : 83;
14A8F : 83;
14A90 : A3;
14A91 : A3;
14A92 : A3;
14A93 : A3;
14A94 : A3;
14A95 : A3;
14A96 : A3;
14A97 : A3;
14A98 : E5;
14A99 : E5;
14A9A : E5;
14A9B : E5;
14A9C : E5;
14A9D : E5;
14A9E : E5;
14A9F : E5;
14AA0 : E8;
14AA1 : E8;
14AA2 : E8;
14AA3 : E8;
14AA4 : E8;
14AA5 : E8;
14AA6 : E8;
14AA7 : E8;
14AA8 : E8;
14AA9 : E8;
14AAA : E8;
14AAB : E8;
14AAC : E8;
14AAD : E8;
14AAE : E8;
14AAF : E8;
14AB0 : E8;
14AB1 : E8;
14AB2 : E8;
14AB3 : E8;
14AB4 : E8;
14AB5 : E8;
14AB6 : E8;
14AB7 : E8;
14AB8 : E8;
14AB9 : E8;
14ABA : E8;
14ABB : E8;
14ABC : E8;
14ABD : E8;
14ABE : E8;
14ABF : E8;
14AC0 : 83;
14AC1 : C2;
14AC2 : E0;
14AC3 : E1;
14AC4 : E1;
14AC5 : E1;
14AC6 : E1;
14AC7 : E1;
14AC8 : 83;
14AC9 : C2;
14ACA : E0;
14ACB : E1;
14ACC : E1;
14ACD : E1;
14ACE : E1;
14ACF : E1;
14AD0 : 83;
14AD1 : C2;
14AD2 : E1;
14AD3 : E1;
14AD4 : E1;
14AD5 : E1;
14AD6 : E1;
14AD7 : E1;
14AD8 : E5;
14AD9 : C5;
14ADA : A3;
14ADB : A3;
14ADC : A3;
14ADD : A3;
14ADE : A3;
14ADF : A3;
14AE0 : E8;
14AE1 : C5;
14AE2 : 83;
14AE3 : 83;
14AE4 : 83;
14AE5 : 83;
14AE6 : 83;
14AE7 : 83;
14AE8 : E8;
14AE9 : C5;
14AEA : 83;
14AEB : 83;
14AEC : 83;
14AED : 83;
14AEE : 83;
14AEF : 83;
14AF0 : E8;
14AF1 : C5;
14AF2 : 83;
14AF3 : 83;
14AF4 : 83;
14AF5 : 83;
14AF6 : 83;
14AF7 : 83;
14AF8 : E8;
14AF9 : C5;
14AFA : 83;
14AFB : 83;
14AFC : 83;
14AFD : 83;
14AFE : 83;
14AFF : 83;
14B00 : E1;
14B01 : E1;
14B02 : E1;
14B03 : E1;
14B04 : E1;
14B05 : E1;
14B06 : E4;
14B07 : E8;
14B08 : E1;
14B09 : E1;
14B0A : E1;
14B0B : E1;
14B0C : E1;
14B0D : E1;
14B0E : E4;
14B0F : E8;
14B10 : E1;
14B11 : E1;
14B12 : E1;
14B13 : E1;
14B14 : E1;
14B15 : E1;
14B16 : E4;
14B17 : E8;
14B18 : A3;
14B19 : A3;
14B1A : A3;
14B1B : A3;
14B1C : A3;
14B1D : A3;
14B1E : C1;
14B1F : E1;
14B20 : 83;
14B21 : 83;
14B22 : 83;
14B23 : 83;
14B24 : 83;
14B25 : 83;
14B26 : C2;
14B27 : E1;
14B28 : 83;
14B29 : 83;
14B2A : 83;
14B2B : 83;
14B2C : 83;
14B2D : 83;
14B2E : C2;
14B2F : E1;
14B30 : 83;
14B31 : 83;
14B32 : 83;
14B33 : 83;
14B34 : 83;
14B35 : 83;
14B36 : C2;
14B37 : E1;
14B38 : 83;
14B39 : 83;
14B3A : 83;
14B3B : 83;
14B3C : 83;
14B3D : 83;
14B3E : C2;
14B3F : E1;
14B40 : E8;
14B41 : E8;
14B42 : E8;
14B43 : E8;
14B44 : E8;
14B45 : E8;
14B46 : E8;
14B47 : E8;
14B48 : E8;
14B49 : E8;
14B4A : E8;
14B4B : E8;
14B4C : E8;
14B4D : E8;
14B4E : E8;
14B4F : E8;
14B50 : E8;
14B51 : E8;
14B52 : E8;
14B53 : E8;
14B54 : E8;
14B55 : E8;
14B56 : E8;
14B57 : E8;
14B58 : E1;
14B59 : E1;
14B5A : E1;
14B5B : E1;
14B5C : E1;
14B5D : E1;
14B5E : E1;
14B5F : E1;
14B60 : E1;
14B61 : E1;
14B62 : E1;
14B63 : E1;
14B64 : E1;
14B65 : E1;
14B66 : E1;
14B67 : E1;
14B68 : E1;
14B69 : E1;
14B6A : E1;
14B6B : E1;
14B6C : E1;
14B6D : E1;
14B6E : E1;
14B6F : E1;
14B70 : E1;
14B71 : E1;
14B72 : E1;
14B73 : E1;
14B74 : E1;
14B75 : E1;
14B76 : E1;
14B77 : E1;
14B78 : E1;
14B79 : E1;
14B7A : E1;
14B7B : E1;
14B7C : E1;
14B7D : E1;
14B7E : E1;
14B7F : E1;
14B80 : E8;
14B81 : E8;
14B82 : E8;
14B83 : B0;
14B84 : B4;
14B85 : B4;
14B86 : B4;
14B87 : B4;
14B88 : E8;
14B89 : E8;
14B8A : E8;
14B8B : B0;
14B8C : B4;
14B8D : B4;
14B8E : B4;
14B8F : B4;
14B90 : E8;
14B91 : E8;
14B92 : E8;
14B93 : B0;
14B94 : B4;
14B95 : B4;
14B96 : B4;
14B97 : B4;
14B98 : E1;
14B99 : E1;
14B9A : E1;
14B9B : E8;
14B9C : EC;
14B9D : EC;
14B9E : EC;
14B9F : EC;
14BA0 : E1;
14BA1 : E1;
14BA2 : E1;
14BA3 : E8;
14BA4 : E8;
14BA5 : E8;
14BA6 : E8;
14BA7 : E8;
14BA8 : E1;
14BA9 : E1;
14BAA : E1;
14BAB : E8;
14BAC : E8;
14BAD : E8;
14BAE : E8;
14BAF : E8;
14BB0 : E1;
14BB1 : E1;
14BB2 : E1;
14BB3 : E8;
14BB4 : E8;
14BB5 : E8;
14BB6 : E8;
14BB7 : E8;
14BB8 : E1;
14BB9 : E1;
14BBA : E1;
14BBB : E8;
14BBC : E8;
14BBD : E8;
14BBE : E8;
14BBF : E8;
14BC0 : B4;
14BC1 : B4;
14BC2 : B4;
14BC3 : B4;
14BC4 : B4;
14BC5 : B4;
14BC6 : B4;
14BC7 : B5;
14BC8 : B4;
14BC9 : B4;
14BCA : B4;
14BCB : B4;
14BCC : B4;
14BCD : B4;
14BCE : B4;
14BCF : B5;
14BD0 : B4;
14BD1 : B4;
14BD2 : B4;
14BD3 : B4;
14BD4 : B4;
14BD5 : B4;
14BD6 : B4;
14BD7 : B5;
14BD8 : EC;
14BD9 : EC;
14BDA : EC;
14BDB : EC;
14BDC : EC;
14BDD : EC;
14BDE : EC;
14BDF : CD;
14BE0 : E8;
14BE1 : E8;
14BE2 : E8;
14BE3 : E8;
14BE4 : E8;
14BE5 : E8;
14BE6 : E8;
14BE7 : E9;
14BE8 : E8;
14BE9 : E8;
14BEA : E8;
14BEB : E8;
14BEC : E8;
14BED : E8;
14BEE : E8;
14BEF : E9;
14BF0 : E8;
14BF1 : E8;
14BF2 : E8;
14BF3 : E8;
14BF4 : E8;
14BF5 : E8;
14BF6 : E8;
14BF7 : E9;
14BF8 : E8;
14BF9 : E8;
14BFA : E8;
14BFB : E8;
14BFC : E8;
14BFD : E8;
14BFE : E8;
14BFF : E9;
14C00 : B6;
14C01 : B7;
14C02 : B7;
14C03 : B7;
14C04 : B7;
14C05 : B7;
14C06 : B7;
14C07 : B7;
14C08 : B6;
14C09 : B7;
14C0A : B7;
14C0B : B7;
14C0C : B7;
14C0D : B7;
14C0E : B7;
14C0F : B7;
14C10 : B6;
14C11 : B7;
14C12 : B7;
14C13 : B6;
14C14 : B6;
14C15 : B6;
14C16 : B6;
14C17 : B6;
14C18 : 87;
14C19 : 67;
14C1A : 67;
14C1B : 67;
14C1C : 67;
14C1D : 67;
14C1E : 67;
14C1F : 67;
14C20 : 63;
14C21 : 43;
14C22 : 43;
14C23 : 43;
14C24 : 43;
14C25 : 43;
14C26 : 43;
14C27 : 43;
14C28 : 63;
14C29 : 43;
14C2A : 43;
14C2B : 43;
14C2C : 43;
14C2D : 43;
14C2E : 43;
14C2F : 43;
14C30 : 63;
14C31 : 43;
14C32 : 43;
14C33 : 43;
14C34 : 43;
14C35 : 43;
14C36 : 43;
14C37 : 43;
14C38 : 63;
14C39 : 43;
14C3A : 43;
14C3B : 43;
14C3C : 43;
14C3D : 43;
14C3E : 43;
14C3F : 43;
14C40 : B7;
14C41 : B7;
14C42 : B7;
14C43 : B7;
14C44 : 96;
14C45 : 5C;
14C46 : 5C;
14C47 : 5C;
14C48 : B7;
14C49 : B7;
14C4A : B7;
14C4B : B7;
14C4C : 96;
14C4D : 5C;
14C4E : 5C;
14C4F : 5C;
14C50 : B6;
14C51 : B6;
14C52 : B6;
14C53 : B6;
14C54 : 96;
14C55 : 5C;
14C56 : 5C;
14C57 : 5C;
14C58 : 67;
14C59 : 67;
14C5A : 67;
14C5B : 67;
14C5C : 8B;
14C5D : 9A;
14C5E : 9A;
14C5F : 9A;
14C60 : 43;
14C61 : 43;
14C62 : 43;
14C63 : 43;
14C64 : 67;
14C65 : B6;
14C66 : B7;
14C67 : B7;
14C68 : 43;
14C69 : 43;
14C6A : 43;
14C6B : 43;
14C6C : 67;
14C6D : B6;
14C6E : B7;
14C6F : B7;
14C70 : 43;
14C71 : 43;
14C72 : 43;
14C73 : 43;
14C74 : 67;
14C75 : B6;
14C76 : B7;
14C77 : B7;
14C78 : 43;
14C79 : 43;
14C7A : 43;
14C7B : 43;
14C7C : 67;
14C7D : B6;
14C7E : B7;
14C7F : B7;
14C80 : 5C;
14C81 : 5C;
14C82 : 5C;
14C83 : 5C;
14C84 : 5C;
14C85 : 5C;
14C86 : 5C;
14C87 : 5C;
14C88 : 5C;
14C89 : 5C;
14C8A : 5C;
14C8B : 5C;
14C8C : 5C;
14C8D : 5C;
14C8E : 5C;
14C8F : 5C;
14C90 : 5C;
14C91 : 5C;
14C92 : 5C;
14C93 : 5C;
14C94 : 5C;
14C95 : 5C;
14C96 : 5C;
14C97 : 5C;
14C98 : 9A;
14C99 : 96;
14C9A : 96;
14C9B : 96;
14C9C : 96;
14C9D : 96;
14C9E : 9A;
14C9F : 96;
14CA0 : B7;
14CA1 : B7;
14CA2 : B7;
14CA3 : B7;
14CA4 : B7;
14CA5 : B7;
14CA6 : B7;
14CA7 : B7;
14CA8 : B7;
14CA9 : B7;
14CAA : B7;
14CAB : B7;
14CAC : B7;
14CAD : B7;
14CAE : B7;
14CAF : B7;
14CB0 : B7;
14CB1 : B7;
14CB2 : B7;
14CB3 : B7;
14CB4 : B7;
14CB5 : B7;
14CB6 : B7;
14CB7 : B7;
14CB8 : B7;
14CB9 : B7;
14CBA : B7;
14CBB : B7;
14CBC : B7;
14CBD : B7;
14CBE : B7;
14CBF : B7;
14CC0 : 3C;
14CC1 : B4;
14CC2 : E8;
14CC3 : E8;
14CC4 : E8;
14CC5 : E8;
14CC6 : E8;
14CC7 : E8;
14CC8 : 3C;
14CC9 : B4;
14CCA : E8;
14CCB : E4;
14CCC : E8;
14CCD : E8;
14CCE : E8;
14CCF : E8;
14CD0 : 5C;
14CD1 : B4;
14CD2 : E8;
14CD3 : E8;
14CD4 : E8;
14CD5 : E8;
14CD6 : E8;
14CD7 : E8;
14CD8 : 9A;
14CD9 : 99;
14CDA : 98;
14CDB : 78;
14CDC : 78;
14CDD : 78;
14CDE : 78;
14CDF : 78;
14CE0 : B7;
14CE1 : 9A;
14CE2 : 5C;
14CE3 : 5C;
14CE4 : 5C;
14CE5 : 5C;
14CE6 : 5C;
14CE7 : 5C;
14CE8 : B7;
14CE9 : 99;
14CEA : 5C;
14CEB : 5C;
14CEC : 5C;
14CED : 5C;
14CEE : 5C;
14CEF : 5C;
14CF0 : B7;
14CF1 : 99;
14CF2 : 5C;
14CF3 : 5C;
14CF4 : 5C;
14CF5 : 5C;
14CF6 : 5C;
14CF7 : 5C;
14CF8 : B7;
14CF9 : 99;
14CFA : 5C;
14CFB : 5C;
14CFC : 5C;
14CFD : 5C;
14CFE : 5C;
14CFF : 5C;
14D00 : E8;
14D01 : E8;
14D02 : E8;
14D03 : E8;
14D04 : E8;
14D05 : E8;
14D06 : F0;
14D07 : F4;
14D08 : E8;
14D09 : E8;
14D0A : E8;
14D0B : E8;
14D0C : E8;
14D0D : E4;
14D0E : F0;
14D0F : F4;
14D10 : E8;
14D11 : E8;
14D12 : E8;
14D13 : E8;
14D14 : E8;
14D15 : E8;
14D16 : F0;
14D17 : F4;
14D18 : 78;
14D19 : 78;
14D1A : 78;
14D1B : 78;
14D1C : 78;
14D1D : 78;
14D1E : B0;
14D1F : E8;
14D20 : 5C;
14D21 : 5C;
14D22 : 5C;
14D23 : 5C;
14D24 : 5C;
14D25 : 3C;
14D26 : B0;
14D27 : E4;
14D28 : 5C;
14D29 : 5C;
14D2A : 5C;
14D2B : 5C;
14D2C : 5C;
14D2D : 5C;
14D2E : B0;
14D2F : E4;
14D30 : 5C;
14D31 : 5C;
14D32 : 5C;
14D33 : 5C;
14D34 : 5C;
14D35 : 5C;
14D36 : B0;
14D37 : E4;
14D38 : 5C;
14D39 : 5C;
14D3A : 5C;
14D3B : 5C;
14D3C : 5C;
14D3D : 5C;
14D3E : B0;
14D3F : E4;
14D40 : F4;
14D41 : F4;
14D42 : F4;
14D43 : F4;
14D44 : F4;
14D45 : F4;
14D46 : F4;
14D47 : F4;
14D48 : F4;
14D49 : F4;
14D4A : F4;
14D4B : F4;
14D4C : F4;
14D4D : F4;
14D4E : F4;
14D4F : F4;
14D50 : F4;
14D51 : F4;
14D52 : F4;
14D53 : F4;
14D54 : F4;
14D55 : F4;
14D56 : F4;
14D57 : F4;
14D58 : EC;
14D59 : EC;
14D5A : EC;
14D5B : EC;
14D5C : EC;
14D5D : EC;
14D5E : EC;
14D5F : EC;
14D60 : E8;
14D61 : E4;
14D62 : E4;
14D63 : E8;
14D64 : E8;
14D65 : E8;
14D66 : E8;
14D67 : E8;
14D68 : E8;
14D69 : E8;
14D6A : E8;
14D6B : E8;
14D6C : E8;
14D6D : E8;
14D6E : E8;
14D6F : E8;
14D70 : E8;
14D71 : E8;
14D72 : E8;
14D73 : E8;
14D74 : E8;
14D75 : E8;
14D76 : E8;
14D77 : E8;
14D78 : E8;
14D79 : E8;
14D7A : E8;
14D7B : E8;
14D7C : E8;
14D7D : E8;
14D7E : E8;
14D7F : E8;
14D80 : F4;
14D81 : F4;
14D82 : F4;
14D83 : 94;
14D84 : 54;
14D85 : 54;
14D86 : 54;
14D87 : 54;
14D88 : F4;
14D89 : F4;
14D8A : F4;
14D8B : 94;
14D8C : 54;
14D8D : 54;
14D8E : 54;
14D8F : 54;
14D90 : F4;
14D91 : F4;
14D92 : F4;
14D93 : 94;
14D94 : 54;
14D95 : 54;
14D96 : 54;
14D97 : 54;
14D98 : EC;
14D99 : E8;
14D9A : EC;
14D9B : F4;
14D9C : D4;
14D9D : F4;
14D9E : F4;
14D9F : F4;
14DA0 : E8;
14DA1 : E4;
14DA2 : E8;
14DA3 : F4;
14DA4 : F4;
14DA5 : F4;
14DA6 : F4;
14DA7 : F4;
14DA8 : E8;
14DA9 : E8;
14DAA : E8;
14DAB : F4;
14DAC : F4;
14DAD : F4;
14DAE : F4;
14DAF : F4;
14DB0 : E8;
14DB1 : E8;
14DB2 : E8;
14DB3 : F4;
14DB4 : F4;
14DB5 : F4;
14DB6 : F4;
14DB7 : F4;
14DB8 : E8;
14DB9 : E8;
14DBA : E8;
14DBB : F4;
14DBC : F4;
14DBD : F4;
14DBE : F4;
14DBF : F4;
14DC0 : 54;
14DC1 : 54;
14DC2 : 54;
14DC3 : 54;
14DC4 : 54;
14DC5 : 54;
14DC6 : 54;
14DC7 : 54;
14DC8 : 54;
14DC9 : 54;
14DCA : 54;
14DCB : 54;
14DCC : 54;
14DCD : 54;
14DCE : 54;
14DCF : 54;
14DD0 : 54;
14DD1 : 54;
14DD2 : 54;
14DD3 : 54;
14DD4 : 54;
14DD5 : 54;
14DD6 : 54;
14DD7 : 54;
14DD8 : F4;
14DD9 : F4;
14DDA : F4;
14DDB : F4;
14DDC : F4;
14DDD : F4;
14DDE : F4;
14DDF : F4;
14DE0 : F4;
14DE1 : F4;
14DE2 : F4;
14DE3 : F4;
14DE4 : F4;
14DE5 : F4;
14DE6 : F4;
14DE7 : F4;
14DE8 : F4;
14DE9 : F4;
14DEA : F4;
14DEB : F4;
14DEC : F4;
14DED : F4;
14DEE : F4;
14DEF : F4;
14DF0 : F4;
14DF1 : F4;
14DF2 : F4;
14DF3 : F4;
14DF4 : F4;
14DF5 : F4;
14DF6 : F4;
14DF7 : F4;
14DF8 : F4;
14DF9 : F4;
14DFA : F4;
14DFB : F4;
14DFC : F4;
14DFD : F4;
14DFE : F4;
14DFF : F4;
14E00 : 73;
14E01 : 73;
14E02 : 73;
14E03 : 73;
14E04 : 73;
14E05 : 73;
14E06 : 73;
14E07 : 73;
14E08 : 73;
14E09 : 73;
14E0A : 73;
14E0B : 73;
14E0C : 73;
14E0D : 73;
14E0E : 73;
14E0F : 73;
14E10 : 73;
14E11 : 73;
14E12 : 73;
14E13 : 73;
14E14 : 73;
14E15 : 73;
14E16 : 73;
14E17 : 73;
14E18 : 73;
14E19 : 73;
14E1A : 73;
14E1B : 73;
14E1C : 73;
14E1D : 73;
14E1E : 73;
14E1F : 73;
14E20 : 8F;
14E21 : 8F;
14E22 : 8F;
14E23 : 8F;
14E24 : 8F;
14E25 : 8F;
14E26 : 8F;
14E27 : 8F;
14E28 : A6;
14E29 : A6;
14E2A : A6;
14E2B : A6;
14E2C : A6;
14E2D : A6;
14E2E : A6;
14E2F : A6;
14E30 : A6;
14E31 : A6;
14E32 : A6;
14E33 : A6;
14E34 : A6;
14E35 : A6;
14E36 : A6;
14E37 : A6;
14E38 : A6;
14E39 : A6;
14E3A : A6;
14E3B : A6;
14E3C : A6;
14E3D : A6;
14E3E : A6;
14E3F : A6;
14E40 : 73;
14E41 : 73;
14E42 : 73;
14E43 : 73;
14E44 : 57;
14E45 : 1F;
14E46 : 1F;
14E47 : 1F;
14E48 : 73;
14E49 : 73;
14E4A : 73;
14E4B : 73;
14E4C : 57;
14E4D : 1F;
14E4E : 1F;
14E4F : 1F;
14E50 : 73;
14E51 : 73;
14E52 : 73;
14E53 : 73;
14E54 : 57;
14E55 : 1F;
14E56 : 1F;
14E57 : 1F;
14E58 : 73;
14E59 : 73;
14E5A : 73;
14E5B : 73;
14E5C : 57;
14E5D : 1F;
14E5E : 1F;
14E5F : 1F;
14E60 : 8F;
14E61 : 6F;
14E62 : 8F;
14E63 : 8F;
14E64 : 73;
14E65 : 3B;
14E66 : 1F;
14E67 : 1B;
14E68 : A6;
14E69 : A6;
14E6A : A6;
14E6B : A6;
14E6C : AA;
14E6D : 93;
14E6E : 93;
14E6F : 93;
14E70 : A6;
14E71 : A6;
14E72 : A6;
14E73 : A6;
14E74 : 8A;
14E75 : 93;
14E76 : 73;
14E77 : 73;
14E78 : A6;
14E79 : A6;
14E7A : A6;
14E7B : A6;
14E7C : 8A;
14E7D : 93;
14E7E : 73;
14E7F : 73;
14E80 : 1F;
14E81 : 1F;
14E82 : 1F;
14E83 : 1F;
14E84 : 1F;
14E85 : 1F;
14E86 : 1F;
14E87 : 1F;
14E88 : 1F;
14E89 : 1F;
14E8A : 1F;
14E8B : 1F;
14E8C : 1F;
14E8D : 1F;
14E8E : 1F;
14E8F : 1F;
14E90 : 1F;
14E91 : 1F;
14E92 : 1F;
14E93 : 1F;
14E94 : 1F;
14E95 : 1F;
14E96 : 1F;
14E97 : 1F;
14E98 : 1F;
14E99 : 1F;
14E9A : 1F;
14E9B : 1F;
14E9C : 1F;
14E9D : 1F;
14E9E : 1F;
14E9F : 1F;
14EA0 : 1B;
14EA1 : 1B;
14EA2 : 1B;
14EA3 : 1B;
14EA4 : 1B;
14EA5 : 1B;
14EA6 : 1B;
14EA7 : 1B;
14EA8 : 93;
14EA9 : 93;
14EAA : 93;
14EAB : 93;
14EAC : 93;
14EAD : 93;
14EAE : 93;
14EAF : 93;
14EB0 : 73;
14EB1 : 73;
14EB2 : 73;
14EB3 : 73;
14EB4 : 73;
14EB5 : 73;
14EB6 : 73;
14EB7 : 73;
14EB8 : 73;
14EB9 : 73;
14EBA : 73;
14EBB : 73;
14EBC : 73;
14EBD : 73;
14EBE : 73;
14EBF : 73;
14EC0 : 1F;
14EC1 : 7E;
14EC2 : FC;
14EC3 : FC;
14EC4 : FC;
14EC5 : FC;
14EC6 : FC;
14EC7 : FC;
14EC8 : 1F;
14EC9 : 7E;
14ECA : FC;
14ECB : FC;
14ECC : FC;
14ECD : FC;
14ECE : FC;
14ECF : FC;
14ED0 : 1F;
14ED1 : 7E;
14ED2 : FC;
14ED3 : FC;
14ED4 : FC;
14ED5 : FC;
14ED6 : FC;
14ED7 : FC;
14ED8 : 1F;
14ED9 : 7E;
14EDA : F8;
14EDB : FC;
14EDC : F8;
14EDD : F8;
14EDE : F8;
14EDF : F8;
14EE0 : 1B;
14EE1 : 7A;
14EE2 : DC;
14EE3 : BC;
14EE4 : BC;
14EE5 : BC;
14EE6 : BC;
14EE7 : BC;
14EE8 : 8F;
14EE9 : 57;
14EEA : 1F;
14EEB : 1F;
14EEC : 1F;
14EED : 1F;
14EEE : 1F;
14EEF : 1F;
14EF0 : 93;
14EF1 : 57;
14EF2 : 1F;
14EF3 : 1F;
14EF4 : 1F;
14EF5 : 1F;
14EF6 : 1F;
14EF7 : 1F;
14EF8 : 93;
14EF9 : 57;
14EFA : 1F;
14EFB : 1F;
14EFC : 1F;
14EFD : 1F;
14EFE : 1F;
14EFF : 1F;
14F00 : FC;
14F01 : FC;
14F02 : FC;
14F03 : FC;
14F04 : FC;
14F05 : FC;
14F06 : F4;
14F07 : F0;
14F08 : FC;
14F09 : FC;
14F0A : FC;
14F0B : FC;
14F0C : FC;
14F0D : FC;
14F0E : F4;
14F0F : F0;
14F10 : FC;
14F11 : FC;
14F12 : FC;
14F13 : FC;
14F14 : FC;
14F15 : FC;
14F16 : F4;
14F17 : F0;
14F18 : F8;
14F19 : F8;
14F1A : F8;
14F1B : F8;
14F1C : F8;
14F1D : FC;
14F1E : F4;
14F1F : F0;
14F20 : BC;
14F21 : BC;
14F22 : BC;
14F23 : BC;
14F24 : BC;
14F25 : DC;
14F26 : D8;
14F27 : F4;
14F28 : 1F;
14F29 : 1F;
14F2A : 1F;
14F2B : 1F;
14F2C : 1F;
14F2D : 1F;
14F2E : 9E;
14F2F : FC;
14F30 : 1F;
14F31 : 1F;
14F32 : 1F;
14F33 : 1F;
14F34 : 1F;
14F35 : 1F;
14F36 : BD;
14F37 : FC;
14F38 : 1F;
14F39 : 1F;
14F3A : 1F;
14F3B : 1F;
14F3C : 1F;
14F3D : 1F;
14F3E : 9E;
14F3F : FC;
14F40 : F0;
14F41 : F0;
14F42 : F0;
14F43 : F0;
14F44 : F0;
14F45 : F0;
14F46 : F0;
14F47 : F0;
14F48 : F0;
14F49 : F0;
14F4A : F0;
14F4B : F0;
14F4C : F0;
14F4D : F0;
14F4E : F0;
14F4F : F0;
14F50 : F0;
14F51 : F0;
14F52 : F0;
14F53 : F0;
14F54 : F0;
14F55 : F0;
14F56 : F0;
14F57 : F0;
14F58 : F0;
14F59 : F0;
14F5A : F0;
14F5B : F0;
14F5C : F0;
14F5D : F0;
14F5E : F0;
14F5F : F0;
14F60 : F4;
14F61 : F4;
14F62 : F4;
14F63 : F4;
14F64 : F4;
14F65 : F4;
14F66 : F4;
14F67 : F4;
14F68 : DC;
14F69 : DC;
14F6A : DC;
14F6B : DC;
14F6C : DC;
14F6D : DC;
14F6E : DC;
14F6F : DC;
14F70 : FC;
14F71 : FC;
14F72 : FC;
14F73 : FC;
14F74 : FC;
14F75 : FC;
14F76 : FC;
14F77 : FC;
14F78 : FC;
14F79 : FC;
14F7A : FC;
14F7B : FC;
14F7C : FC;
14F7D : FC;
14F7E : FC;
14F7F : FC;
14F80 : F0;
14F81 : F0;
14F82 : F0;
14F83 : F8;
14F84 : FC;
14F85 : FC;
14F86 : FC;
14F87 : FC;
14F88 : F0;
14F89 : F0;
14F8A : F0;
14F8B : F8;
14F8C : FC;
14F8D : FC;
14F8E : FC;
14F8F : FC;
14F90 : F0;
14F91 : F0;
14F92 : F0;
14F93 : F8;
14F94 : FC;
14F95 : FC;
14F96 : FC;
14F97 : FC;
14F98 : F0;
14F99 : F0;
14F9A : F0;
14F9B : F8;
14F9C : FC;
14F9D : FC;
14F9E : FC;
14F9F : FC;
14FA0 : F4;
14FA1 : F4;
14FA2 : F4;
14FA3 : F8;
14FA4 : F8;
14FA5 : F8;
14FA6 : F8;
14FA7 : F8;
14FA8 : DC;
14FA9 : DC;
14FAA : DC;
14FAB : F0;
14FAC : F0;
14FAD : F0;
14FAE : F0;
14FAF : F0;
14FB0 : FC;
14FB1 : FC;
14FB2 : DC;
14FB3 : F0;
14FB4 : F0;
14FB5 : F0;
14FB6 : F0;
14FB7 : F0;
14FB8 : FC;
14FB9 : FC;
14FBA : FC;
14FBB : F4;
14FBC : F0;
14FBD : F0;
14FBE : F0;
14FBF : F0;
14FC0 : FC;
14FC1 : FC;
14FC2 : FC;
14FC3 : FC;
14FC4 : FC;
14FC5 : FC;
14FC6 : FC;
14FC7 : FD;
14FC8 : FC;
14FC9 : FC;
14FCA : FC;
14FCB : FC;
14FCC : FC;
14FCD : FC;
14FCE : FC;
14FCF : FD;
14FD0 : FC;
14FD1 : FC;
14FD2 : FC;
14FD3 : FC;
14FD4 : FC;
14FD5 : FC;
14FD6 : FC;
14FD7 : FD;
14FD8 : FC;
14FD9 : FC;
14FDA : FC;
14FDB : FC;
14FDC : FC;
14FDD : FC;
14FDE : FC;
14FDF : FD;
14FE0 : F8;
14FE1 : F8;
14FE2 : F8;
14FE3 : F8;
14FE4 : F8;
14FE5 : F8;
14FE6 : F8;
14FE7 : F9;
14FE8 : F0;
14FE9 : F0;
14FEA : F0;
14FEB : F0;
14FEC : F0;
14FED : F0;
14FEE : F0;
14FEF : F0;
14FF0 : F0;
14FF1 : F0;
14FF2 : F0;
14FF3 : F0;
14FF4 : F0;
14FF5 : F0;
14FF6 : F0;
14FF7 : F0;
14FF8 : F0;
14FF9 : F0;
14FFA : F0;
14FFB : F0;
14FFC : F0;
14FFD : F0;
14FFE : F0;
14FFF : F0;
15000 : 5F;
15001 : 1F;
15002 : 1F;
15003 : 1F;
15004 : 1F;
15005 : 1F;
15006 : 1F;
15007 : 1F;
15008 : 5F;
15009 : 1F;
1500A : 1F;
1500B : 1F;
1500C : 1F;
1500D : 1F;
1500E : 1F;
1500F : 1F;
15010 : 5F;
15011 : 1F;
15012 : 1F;
15013 : 1F;
15014 : 1F;
15015 : 1F;
15016 : 1F;
15017 : 1F;
15018 : 5F;
15019 : 1F;
1501A : 1F;
1501B : 1F;
1501C : 1F;
1501D : 1F;
1501E : 1F;
1501F : 1F;
15020 : 5A;
15021 : 1B;
15022 : 1B;
15023 : 1B;
15024 : 1B;
15025 : 1B;
15026 : 1B;
15027 : 1B;
15028 : 66;
15029 : 46;
1502A : 66;
1502B : 66;
1502C : 66;
1502D : 66;
1502E : 66;
1502F : 66;
15030 : 66;
15031 : 46;
15032 : 46;
15033 : 46;
15034 : 46;
15035 : 46;
15036 : 46;
15037 : 46;
15038 : 66;
15039 : 46;
1503A : 46;
1503B : 46;
1503C : 46;
1503D : 46;
1503E : 46;
1503F : 46;
15040 : 1F;
15041 : 1F;
15042 : 1F;
15043 : 1F;
15044 : 1E;
15045 : 3C;
15046 : 3C;
15047 : 3C;
15048 : 1F;
15049 : 1F;
1504A : 1F;
1504B : 1F;
1504C : 1E;
1504D : 3C;
1504E : 3C;
1504F : 3C;
15050 : 1F;
15051 : 1F;
15052 : 1F;
15053 : 1F;
15054 : 1E;
15055 : 3C;
15056 : 3C;
15057 : 3C;
15058 : 1F;
15059 : 1F;
1505A : 1F;
1505B : 1F;
1505C : 1E;
1505D : 3C;
1505E : 3C;
1505F : 3C;
15060 : 1B;
15061 : 1B;
15062 : 1B;
15063 : 1B;
15064 : 1A;
15065 : 3D;
15066 : 3C;
15067 : 3C;
15068 : 66;
15069 : 66;
1506A : 66;
1506B : 62;
1506C : 4B;
1506D : 1F;
1506E : 1F;
1506F : 1F;
15070 : 46;
15071 : 46;
15072 : 46;
15073 : 66;
15074 : 4A;
15075 : 1F;
15076 : 1F;
15077 : 1F;
15078 : 46;
15079 : 46;
1507A : 46;
1507B : 66;
1507C : 4A;
1507D : 1F;
1507E : 1F;
1507F : 1F;
15080 : 3C;
15081 : 3C;
15082 : 3C;
15083 : 3C;
15084 : 3C;
15085 : 3C;
15086 : 3C;
15087 : 3C;
15088 : 3C;
15089 : 3C;
1508A : 3C;
1508B : 3C;
1508C : 3C;
1508D : 3C;
1508E : 3C;
1508F : 3C;
15090 : 3C;
15091 : 3C;
15092 : 3C;
15093 : 3C;
15094 : 3C;
15095 : 3C;
15096 : 3C;
15097 : 3C;
15098 : 3C;
15099 : 3C;
1509A : 3C;
1509B : 3C;
1509C : 3C;
1509D : 3C;
1509E : 3C;
1509F : 3C;
150A0 : 3C;
150A1 : 3C;
150A2 : 3C;
150A3 : 3C;
150A4 : 3C;
150A5 : 3C;
150A6 : 3C;
150A7 : 3C;
150A8 : 1F;
150A9 : 1F;
150AA : 1F;
150AB : 1F;
150AC : 1F;
150AD : 1F;
150AE : 1F;
150AF : 1F;
150B0 : 1F;
150B1 : 1F;
150B2 : 1F;
150B3 : 1F;
150B4 : 1F;
150B5 : 1F;
150B6 : 1F;
150B7 : 1F;
150B8 : 1F;
150B9 : 1F;
150BA : 1F;
150BB : 1F;
150BC : 1F;
150BD : 1F;
150BE : 1F;
150BF : 1F;
150C0 : 3C;
150C1 : 98;
150C2 : F0;
150C3 : F0;
150C4 : F0;
150C5 : F0;
150C6 : F0;
150C7 : F0;
150C8 : 3C;
150C9 : 98;
150CA : F0;
150CB : F0;
150CC : F0;
150CD : F0;
150CE : F0;
150CF : F0;
150D0 : 3C;
150D1 : 98;
150D2 : F0;
150D3 : F0;
150D4 : F0;
150D5 : F0;
150D6 : F0;
150D7 : F0;
150D8 : 3C;
150D9 : 98;
150DA : F0;
150DB : F0;
150DC : F0;
150DD : F0;
150DE : F0;
150DF : F0;
150E0 : 3C;
150E1 : 78;
150E2 : D4;
150E3 : D4;
150E4 : D4;
150E5 : D4;
150E6 : D4;
150E7 : D4;
150E8 : 1F;
150E9 : 1E;
150EA : 1C;
150EB : 1C;
150EC : 1C;
150ED : 1C;
150EE : 1C;
150EF : 1C;
150F0 : 1F;
150F1 : 1E;
150F2 : 3C;
150F3 : 3C;
150F4 : 3C;
150F5 : 3C;
150F6 : 3C;
150F7 : 3C;
150F8 : 1F;
150F9 : 1E;
150FA : 3C;
150FB : 3C;
150FC : 3C;
150FD : 3C;
150FE : 3C;
150FF : 3C;
15100 : F0;
15101 : F0;
15102 : F0;
15103 : F0;
15104 : F0;
15105 : F0;
15106 : 5A;
15107 : 1B;
15108 : F0;
15109 : F0;
1510A : F0;
1510B : F0;
1510C : F0;
1510D : F0;
1510E : 5A;
1510F : 1B;
15110 : F0;
15111 : F0;
15112 : F0;
15113 : F0;
15114 : F0;
15115 : F0;
15116 : 7A;
15117 : 1B;
15118 : F0;
15119 : F0;
1511A : F0;
1511B : F0;
1511C : F0;
1511D : F0;
1511E : 5B;
1511F : 1B;
15120 : D4;
15121 : D4;
15122 : D4;
15123 : D4;
15124 : D4;
15125 : D4;
15126 : 76;
15127 : 3B;
15128 : 1C;
15129 : 1C;
1512A : 1C;
1512B : 1C;
1512C : 1C;
1512D : 1C;
1512E : B4;
1512F : F0;
15130 : 3C;
15131 : 3C;
15132 : 3C;
15133 : 3C;
15134 : 3C;
15135 : 1C;
15136 : B4;
15137 : F0;
15138 : 3C;
15139 : 3C;
1513A : 3C;
1513B : 3C;
1513C : 3C;
1513D : 1C;
1513E : B4;
1513F : F0;
15140 : 1B;
15141 : 1B;
15142 : 1B;
15143 : 1B;
15144 : 1B;
15145 : 1B;
15146 : 1B;
15147 : 1B;
15148 : 1B;
15149 : 1B;
1514A : 1B;
1514B : 1B;
1514C : 1B;
1514D : 1B;
1514E : 1B;
1514F : 1B;
15150 : 1B;
15151 : 1B;
15152 : 1B;
15153 : 1B;
15154 : 1B;
15155 : 1B;
15156 : 1B;
15157 : 1B;
15158 : 1B;
15159 : 1B;
1515A : 1B;
1515B : 1B;
1515C : 1B;
1515D : 1B;
1515E : 1B;
1515F : 1B;
15160 : 3B;
15161 : 3B;
15162 : 3B;
15163 : 3B;
15164 : 3B;
15165 : 3B;
15166 : 3B;
15167 : 3B;
15168 : F0;
15169 : F0;
1516A : F0;
1516B : F0;
1516C : F0;
1516D : F0;
1516E : F0;
1516F : F0;
15170 : F0;
15171 : F0;
15172 : F0;
15173 : F0;
15174 : F0;
15175 : F0;
15176 : F0;
15177 : F0;
15178 : F0;
15179 : F0;
1517A : F0;
1517B : F0;
1517C : F0;
1517D : F0;
1517E : F0;
1517F : F0;
15180 : 1B;
15181 : 1B;
15182 : 1B;
15183 : 77;
15184 : 92;
15185 : 92;
15186 : 92;
15187 : 92;
15188 : 1B;
15189 : 1B;
1518A : 1B;
1518B : 77;
1518C : 92;
1518D : 92;
1518E : 92;
1518F : 92;
15190 : 1B;
15191 : 1B;
15192 : 1B;
15193 : 77;
15194 : 92;
15195 : 92;
15196 : 92;
15197 : 92;
15198 : 1B;
15199 : 1B;
1519A : 1B;
1519B : 77;
1519C : 92;
1519D : 92;
1519E : 92;
1519F : 92;
151A0 : 3B;
151A1 : 3B;
151A2 : 5B;
151A3 : 77;
151A4 : 77;
151A5 : 77;
151A6 : 77;
151A7 : 77;
151A8 : F0;
151A9 : F0;
151AA : F0;
151AB : 7A;
151AC : 1B;
151AD : 1B;
151AE : 1B;
151AF : 1B;
151B0 : F0;
151B1 : F0;
151B2 : F0;
151B3 : 7A;
151B4 : 1B;
151B5 : 1B;
151B6 : 1B;
151B7 : 1B;
151B8 : F0;
151B9 : F0;
151BA : D0;
151BB : 7A;
151BC : 1B;
151BD : 1B;
151BE : 1B;
151BF : 1B;
151C0 : 92;
151C1 : 92;
151C2 : 92;
151C3 : 92;
151C4 : 92;
151C5 : 92;
151C6 : 92;
151C7 : 96;
151C8 : 92;
151C9 : 92;
151CA : 92;
151CB : 92;
151CC : 92;
151CD : 92;
151CE : 92;
151CF : 96;
151D0 : 92;
151D1 : 92;
151D2 : 92;
151D3 : 92;
151D4 : 92;
151D5 : 92;
151D6 : 92;
151D7 : 92;
151D8 : 92;
151D9 : 92;
151DA : 92;
151DB : 92;
151DC : 92;
151DD : 92;
151DE : 92;
151DF : 92;
151E0 : 77;
151E1 : 77;
151E2 : 77;
151E3 : 77;
151E4 : 77;
151E5 : 77;
151E6 : 77;
151E7 : 76;
151E8 : 1B;
151E9 : 1B;
151EA : 1B;
151EB : 1B;
151EC : 1B;
151ED : 1B;
151EE : 1B;
151EF : 1B;
151F0 : 1B;
151F1 : 1B;
151F2 : 1B;
151F3 : 1B;
151F4 : 1B;
151F5 : 1B;
151F6 : 1B;
151F7 : 1B;
151F8 : 1B;
151F9 : 1B;
151FA : 1B;
151FB : 1B;
151FC : 1B;
151FD : 1B;
151FE : 1B;
151FF : 1B;
15200 : 5C;
15201 : 5C;
15202 : 5C;
15203 : 5C;
15204 : 5C;
15205 : 5C;
15206 : 5C;
15207 : 5C;
15208 : 5C;
15209 : 5C;
1520A : 5C;
1520B : 5C;
1520C : 5C;
1520D : 5C;
1520E : 5C;
1520F : 5C;
15210 : 5C;
15211 : 5C;
15212 : 5C;
15213 : 5C;
15214 : 5C;
15215 : 5C;
15216 : 5C;
15217 : 5C;
15218 : 5C;
15219 : 5C;
1521A : 5C;
1521B : 5C;
1521C : 5C;
1521D : 5C;
1521E : 5C;
1521F : 5C;
15220 : 58;
15221 : 58;
15222 : 58;
15223 : 58;
15224 : 58;
15225 : 58;
15226 : 58;
15227 : 58;
15228 : 2E;
15229 : 2E;
1522A : 2E;
1522B : 2A;
1522C : 2A;
1522D : 2A;
1522E : 2A;
1522F : 2A;
15230 : 2E;
15231 : 2E;
15232 : 2E;
15233 : 2E;
15234 : 2E;
15235 : 2E;
15236 : 2E;
15237 : 2E;
15238 : 2E;
15239 : 2E;
1523A : 2E;
1523B : 2E;
1523C : 2E;
1523D : 2E;
1523E : 2E;
1523F : 2E;
15240 : 5C;
15241 : 5C;
15242 : 5C;
15243 : 5C;
15244 : 7C;
15245 : F8;
15246 : F8;
15247 : F8;
15248 : 5C;
15249 : 5C;
1524A : 5C;
1524B : 5C;
1524C : 7C;
1524D : F8;
1524E : F8;
1524F : F8;
15250 : 5C;
15251 : 5C;
15252 : 5C;
15253 : 5C;
15254 : 7C;
15255 : F8;
15256 : F8;
15257 : F8;
15258 : 5C;
15259 : 5C;
1525A : 5C;
1525B : 5C;
1525C : 7C;
1525D : F8;
1525E : F8;
1525F : F8;
15260 : 58;
15261 : 58;
15262 : 58;
15263 : 58;
15264 : 78;
15265 : D8;
15266 : DC;
15267 : DC;
15268 : 2A;
15269 : 2A;
1526A : 2A;
1526B : 2B;
1526C : 32;
1526D : 5C;
1526E : 3C;
1526F : 3C;
15270 : 2E;
15271 : 2E;
15272 : 2E;
15273 : 2E;
15274 : 32;
15275 : 5C;
15276 : 5C;
15277 : 5C;
15278 : 2E;
15279 : 2E;
1527A : 2E;
1527B : 2E;
1527C : 32;
1527D : 5C;
1527E : 5C;
1527F : 5C;
15280 : F8;
15281 : F8;
15282 : F8;
15283 : F8;
15284 : F8;
15285 : F8;
15286 : F8;
15287 : F8;
15288 : F8;
15289 : F8;
1528A : F8;
1528B : F8;
1528C : F8;
1528D : F8;
1528E : F8;
1528F : F8;
15290 : F8;
15291 : F8;
15292 : F8;
15293 : F8;
15294 : F8;
15295 : F8;
15296 : F8;
15297 : F8;
15298 : F8;
15299 : F8;
1529A : F8;
1529B : F8;
1529C : F8;
1529D : F8;
1529E : F8;
1529F : F8;
152A0 : DC;
152A1 : DC;
152A2 : DC;
152A3 : DC;
152A4 : DC;
152A5 : DC;
152A6 : DC;
152A7 : DC;
152A8 : 3C;
152A9 : 3C;
152AA : 3C;
152AB : 3C;
152AC : 3C;
152AD : 3C;
152AE : 3C;
152AF : 3C;
152B0 : 5C;
152B1 : 5C;
152B2 : 5C;
152B3 : 5C;
152B4 : 5C;
152B5 : 5C;
152B6 : 5C;
152B7 : 5C;
152B8 : 5C;
152B9 : 5C;
152BA : 5C;
152BB : 5C;
152BC : 5C;
152BD : 5C;
152BE : 5C;
152BF : 5C;
152C0 : FC;
152C1 : F0;
152C2 : C4;
152C3 : E4;
152C4 : E4;
152C5 : E4;
152C6 : E4;
152C7 : E4;
152C8 : FC;
152C9 : F0;
152CA : C4;
152CB : E4;
152CC : E4;
152CD : E4;
152CE : E4;
152CF : E4;
152D0 : FC;
152D1 : F0;
152D2 : C4;
152D3 : E4;
152D4 : E4;
152D5 : E4;
152D6 : E4;
152D7 : E4;
152D8 : FC;
152D9 : F0;
152DA : C4;
152DB : E4;
152DC : E4;
152DD : E4;
152DE : E4;
152DF : E4;
152E0 : DC;
152E1 : F4;
152E2 : E8;
152E3 : E8;
152E4 : E8;
152E5 : E8;
152E6 : E8;
152E7 : E8;
152E8 : 1C;
152E9 : 9C;
152EA : FC;
152EB : F8;
152EC : FC;
152ED : FC;
152EE : FC;
152EF : FC;
152F0 : 3C;
152F1 : BC;
152F2 : F8;
152F3 : F8;
152F4 : F8;
152F5 : F8;
152F6 : F8;
152F7 : F8;
152F8 : 3C;
152F9 : BC;
152FA : F8;
152FB : F8;
152FC : F8;
152FD : F8;
152FE : F8;
152FF : F8;
15300 : E4;
15301 : E4;
15302 : E4;
15303 : E4;
15304 : E4;
15305 : E4;
15306 : A2;
15307 : 63;
15308 : E4;
15309 : E4;
1530A : E4;
1530B : E4;
1530C : E4;
1530D : E4;
1530E : A2;
1530F : 63;
15310 : E4;
15311 : E4;
15312 : E4;
15313 : E4;
15314 : E4;
15315 : E4;
15316 : A2;
15317 : 63;
15318 : E4;
15319 : E4;
1531A : E4;
1531B : E4;
1531C : E4;
1531D : E4;
1531E : A2;
1531F : 63;
15320 : E8;
15321 : E8;
15322 : E8;
15323 : E8;
15324 : E8;
15325 : E8;
15326 : A6;
15327 : 83;
15328 : FC;
15329 : FC;
1532A : FC;
1532B : FC;
1532C : FC;
1532D : FC;
1532E : F0;
1532F : E4;
15330 : F8;
15331 : F8;
15332 : F8;
15333 : F8;
15334 : F8;
15335 : FC;
15336 : EC;
15337 : E0;
15338 : F8;
15339 : F8;
1533A : F8;
1533B : F8;
1533C : F8;
1533D : FC;
1533E : EC;
1533F : E0;
15340 : 63;
15341 : 63;
15342 : 63;
15343 : 63;
15344 : 63;
15345 : 63;
15346 : 63;
15347 : 63;
15348 : 63;
15349 : 63;
1534A : 63;
1534B : 63;
1534C : 63;
1534D : 63;
1534E : 63;
1534F : 63;
15350 : 63;
15351 : 63;
15352 : 63;
15353 : 63;
15354 : 63;
15355 : 63;
15356 : 63;
15357 : 63;
15358 : 63;
15359 : 63;
1535A : 63;
1535B : 63;
1535C : 63;
1535D : 63;
1535E : 63;
1535F : 63;
15360 : 83;
15361 : 83;
15362 : 83;
15363 : 83;
15364 : 83;
15365 : 83;
15366 : 83;
15367 : 83;
15368 : E4;
15369 : E4;
1536A : E4;
1536B : E4;
1536C : E4;
1536D : E4;
1536E : E4;
1536F : E4;
15370 : E4;
15371 : E4;
15372 : E4;
15373 : E4;
15374 : E4;
15375 : E4;
15376 : E4;
15377 : E4;
15378 : E4;
15379 : E4;
1537A : E4;
1537B : E4;
1537C : E4;
1537D : E4;
1537E : E4;
1537F : E4;
15380 : 63;
15381 : 63;
15382 : 63;
15383 : E2;
15384 : E1;
15385 : E1;
15386 : E1;
15387 : E1;
15388 : 63;
15389 : 63;
1538A : 63;
1538B : E2;
1538C : E1;
1538D : E1;
1538E : E1;
1538F : E1;
15390 : 63;
15391 : 63;
15392 : 63;
15393 : E2;
15394 : E1;
15395 : E1;
15396 : E1;
15397 : E1;
15398 : 63;
15399 : 63;
1539A : 63;
1539B : E2;
1539C : E1;
1539D : E1;
1539E : E1;
1539F : E1;
153A0 : 83;
153A1 : 83;
153A2 : 83;
153A3 : C2;
153A4 : E2;
153A5 : E2;
153A6 : E2;
153A7 : E2;
153A8 : E4;
153A9 : E4;
153AA : E4;
153AB : 83;
153AC : 63;
153AD : 63;
153AE : 63;
153AF : 63;
153B0 : E4;
153B1 : E4;
153B2 : E4;
153B3 : 83;
153B4 : 63;
153B5 : 63;
153B6 : 63;
153B7 : 63;
153B8 : E4;
153B9 : E4;
153BA : E4;
153BB : 83;
153BC : 63;
153BD : 63;
153BE : 63;
153BF : 63;
153C0 : E1;
153C1 : E1;
153C2 : E1;
153C3 : E1;
153C4 : E1;
153C5 : E1;
153C6 : E1;
153C7 : E5;
153C8 : E1;
153C9 : E1;
153CA : E1;
153CB : E1;
153CC : E1;
153CD : E1;
153CE : E1;
153CF : E5;
153D0 : E1;
153D1 : E1;
153D2 : E1;
153D3 : E1;
153D4 : E1;
153D5 : E1;
153D6 : E1;
153D7 : E5;
153D8 : E1;
153D9 : E1;
153DA : E1;
153DB : E1;
153DC : E1;
153DD : E1;
153DE : E1;
153DF : E5;
153E0 : E2;
153E1 : E2;
153E2 : E2;
153E3 : E2;
153E4 : E2;
153E5 : E2;
153E6 : E2;
153E7 : C6;
153E8 : 63;
153E9 : 63;
153EA : 63;
153EB : 63;
153EC : 63;
153ED : 63;
153EE : 63;
153EF : 67;
153F0 : 63;
153F1 : 63;
153F2 : 63;
153F3 : 63;
153F4 : 63;
153F5 : 63;
153F6 : 63;
153F7 : 67;
153F8 : 63;
153F9 : 63;
153FA : 63;
153FB : 63;
153FC : 63;
153FD : 63;
153FE : 63;
153FF : 67;
15400 : F4;
15401 : F4;
15402 : F4;
15403 : F4;
15404 : F4;
15405 : F4;
15406 : F4;
15407 : F4;
15408 : F4;
15409 : F4;
1540A : F4;
1540B : F4;
1540C : F4;
1540D : F4;
1540E : F4;
1540F : F4;
15410 : F4;
15411 : F4;
15412 : F4;
15413 : F4;
15414 : F4;
15415 : F4;
15416 : F4;
15417 : F4;
15418 : F4;
15419 : F4;
1541A : F4;
1541B : F4;
1541C : F4;
1541D : F4;
1541E : F4;
1541F : F4;
15420 : D4;
15421 : D4;
15422 : D4;
15423 : D4;
15424 : D4;
15425 : D4;
15426 : D4;
15427 : D4;
15428 : 54;
15429 : 34;
1542A : 54;
1542B : 54;
1542C : 54;
1542D : 54;
1542E : 54;
1542F : 34;
15430 : 54;
15431 : 54;
15432 : 54;
15433 : 54;
15434 : 54;
15435 : 54;
15436 : 54;
15437 : 54;
15438 : 54;
15439 : 54;
1543A : 54;
1543B : 54;
1543C : 54;
1543D : 54;
1543E : 54;
1543F : 54;
15440 : F4;
15441 : F4;
15442 : F4;
15443 : F4;
15444 : F0;
15445 : E8;
15446 : E8;
15447 : E8;
15448 : F4;
15449 : F4;
1544A : F4;
1544B : F4;
1544C : F0;
1544D : E8;
1544E : E8;
1544F : E8;
15450 : F4;
15451 : F4;
15452 : F4;
15453 : F4;
15454 : F0;
15455 : E8;
15456 : E8;
15457 : E8;
15458 : F4;
15459 : F4;
1545A : F4;
1545B : F4;
1545C : F0;
1545D : E8;
1545E : E8;
1545F : E8;
15460 : D4;
15461 : D4;
15462 : D4;
15463 : D4;
15464 : F0;
15465 : EC;
15466 : E8;
15467 : E8;
15468 : 54;
15469 : 54;
1546A : 54;
1546B : 34;
1546C : 74;
1546D : F4;
1546E : F4;
1546F : F4;
15470 : 54;
15471 : 54;
15472 : 54;
15473 : 34;
15474 : 94;
15475 : F4;
15476 : F4;
15477 : F4;
15478 : 54;
15479 : 54;
1547A : 54;
1547B : 34;
1547C : 94;
1547D : F4;
1547E : F4;
1547F : F4;
15480 : E8;
15481 : E8;
15482 : E8;
15483 : E8;
15484 : E8;
15485 : E8;
15486 : E8;
15487 : E8;
15488 : E8;
15489 : E8;
1548A : E8;
1548B : E8;
1548C : E8;
1548D : E8;
1548E : E8;
1548F : E8;
15490 : E8;
15491 : E8;
15492 : E8;
15493 : E8;
15494 : E8;
15495 : E8;
15496 : E8;
15497 : E8;
15498 : E8;
15499 : E8;
1549A : E8;
1549B : E8;
1549C : E8;
1549D : E8;
1549E : E8;
1549F : E8;
154A0 : EC;
154A1 : EC;
154A2 : EC;
154A3 : EC;
154A4 : EC;
154A5 : EC;
154A6 : EC;
154A7 : EC;
154A8 : F4;
154A9 : F4;
154AA : F4;
154AB : F4;
154AC : F4;
154AD : F4;
154AE : F4;
154AF : F4;
154B0 : F4;
154B1 : F4;
154B2 : F4;
154B3 : F4;
154B4 : F4;
154B5 : F4;
154B6 : F4;
154B7 : F4;
154B8 : F4;
154B9 : F4;
154BA : F4;
154BB : F4;
154BC : F4;
154BD : F4;
154BE : F4;
154BF : F4;
154C0 : E8;
154C1 : C5;
154C2 : 83;
154C3 : 83;
154C4 : 83;
154C5 : 83;
154C6 : 83;
154C7 : 83;
154C8 : E8;
154C9 : C5;
154CA : 83;
154CB : 83;
154CC : 83;
154CD : 83;
154CE : 83;
154CF : 83;
154D0 : E8;
154D1 : C5;
154D2 : 83;
154D3 : 83;
154D4 : 83;
154D5 : 83;
154D6 : 83;
154D7 : 83;
154D8 : E8;
154D9 : C5;
154DA : 83;
154DB : 83;
154DC : 83;
154DD : 83;
154DE : 83;
154DF : 83;
154E0 : EC;
154E1 : E9;
154E2 : A3;
154E3 : A3;
154E4 : A3;
154E5 : A3;
154E6 : A3;
154E7 : A3;
154E8 : F4;
154E9 : F0;
154EA : E4;
154EB : E8;
154EC : E8;
154ED : E8;
154EE : E8;
154EF : E8;
154F0 : F4;
154F1 : F0;
154F2 : E4;
154F3 : E8;
154F4 : E8;
154F5 : E8;
154F6 : E8;
154F7 : E8;
154F8 : F4;
154F9 : F0;
154FA : E4;
154FB : E8;
154FC : E8;
154FD : E8;
154FE : E8;
154FF : E8;
15500 : 83;
15501 : 83;
15502 : 83;
15503 : 83;
15504 : 83;
15505 : 83;
15506 : C2;
15507 : E1;
15508 : 83;
15509 : 83;
1550A : 83;
1550B : 83;
1550C : 83;
1550D : 83;
1550E : C2;
1550F : E1;
15510 : 83;
15511 : 83;
15512 : 83;
15513 : 83;
15514 : 83;
15515 : 83;
15516 : C2;
15517 : E1;
15518 : 83;
15519 : 83;
1551A : 83;
1551B : 83;
1551C : 83;
1551D : 83;
1551E : C2;
1551F : E1;
15520 : A3;
15521 : A3;
15522 : A3;
15523 : A3;
15524 : A3;
15525 : A3;
15526 : C2;
15527 : E1;
15528 : E8;
15529 : E8;
1552A : E8;
1552B : E8;
1552C : E8;
1552D : E8;
1552E : C6;
1552F : 83;
15530 : E8;
15531 : E8;
15532 : E8;
15533 : E8;
15534 : E8;
15535 : E8;
15536 : C6;
15537 : 83;
15538 : E8;
15539 : E8;
1553A : E8;
1553B : E8;
1553C : E8;
1553D : E8;
1553E : C2;
1553F : 83;
15540 : E1;
15541 : E1;
15542 : E1;
15543 : E1;
15544 : E1;
15545 : E1;
15546 : E1;
15547 : E1;
15548 : E1;
15549 : E1;
1554A : E1;
1554B : E1;
1554C : E1;
1554D : E1;
1554E : E1;
1554F : E1;
15550 : E1;
15551 : E1;
15552 : E1;
15553 : E1;
15554 : E1;
15555 : E1;
15556 : E1;
15557 : E1;
15558 : E1;
15559 : E1;
1555A : E1;
1555B : E1;
1555C : E1;
1555D : E1;
1555E : E1;
1555F : E1;
15560 : E1;
15561 : E1;
15562 : E1;
15563 : E1;
15564 : E1;
15565 : E1;
15566 : E1;
15567 : E1;
15568 : 83;
15569 : 83;
1556A : 83;
1556B : 83;
1556C : 83;
1556D : 83;
1556E : 83;
1556F : 83;
15570 : 83;
15571 : 83;
15572 : 83;
15573 : 83;
15574 : 83;
15575 : 83;
15576 : A3;
15577 : A3;
15578 : 83;
15579 : 83;
1557A : 83;
1557B : 83;
1557C : 83;
1557D : 83;
1557E : 83;
1557F : 83;
15580 : E1;
15581 : E1;
15582 : E1;
15583 : E8;
15584 : E8;
15585 : E8;
15586 : E8;
15587 : E8;
15588 : E1;
15589 : E1;
1558A : E1;
1558B : E8;
1558C : E8;
1558D : E8;
1558E : E8;
1558F : E8;
15590 : E1;
15591 : E1;
15592 : E1;
15593 : E8;
15594 : E8;
15595 : E8;
15596 : E8;
15597 : E8;
15598 : E1;
15599 : E1;
1559A : E1;
1559B : E8;
1559C : E8;
1559D : E8;
1559E : E8;
1559F : E8;
155A0 : E1;
155A1 : E1;
155A2 : E1;
155A3 : E4;
155A4 : E8;
155A5 : E4;
155A6 : E4;
155A7 : E4;
155A8 : 83;
155A9 : 83;
155AA : 83;
155AB : E1;
155AC : E1;
155AD : E1;
155AE : E1;
155AF : E1;
155B0 : A3;
155B1 : 83;
155B2 : 83;
155B3 : E1;
155B4 : E1;
155B5 : E1;
155B6 : E1;
155B7 : E1;
155B8 : 83;
155B9 : 83;
155BA : 83;
155BB : E1;
155BC : E1;
155BD : E1;
155BE : E1;
155BF : E1;
155C0 : E8;
155C1 : E8;
155C2 : E8;
155C3 : E8;
155C4 : E8;
155C5 : E8;
155C6 : E8;
155C7 : E9;
155C8 : E8;
155C9 : E8;
155CA : E8;
155CB : E8;
155CC : E8;
155CD : E8;
155CE : E8;
155CF : E9;
155D0 : E8;
155D1 : E8;
155D2 : E8;
155D3 : E8;
155D4 : E8;
155D5 : E8;
155D6 : E8;
155D7 : E9;
155D8 : E8;
155D9 : E8;
155DA : E8;
155DB : E8;
155DC : E8;
155DD : E8;
155DE : E8;
155DF : E9;
155E0 : E4;
155E1 : E4;
155E2 : E4;
155E3 : E4;
155E4 : E4;
155E5 : E4;
155E6 : E8;
155E7 : E9;
155E8 : E1;
155E9 : E1;
155EA : E1;
155EB : E1;
155EC : E1;
155ED : E1;
155EE : E1;
155EF : E1;
155F0 : E1;
155F1 : E1;
155F2 : E1;
155F3 : E1;
155F4 : E1;
155F5 : E1;
155F6 : E1;
155F7 : E1;
155F8 : E1;
155F9 : E1;
155FA : E1;
155FB : E1;
155FC : E1;
155FD : E1;
155FE : E1;
155FF : E1;
15600 : 63;
15601 : 43;
15602 : 43;
15603 : 43;
15604 : 43;
15605 : 43;
15606 : 43;
15607 : 43;
15608 : 63;
15609 : 43;
1560A : 43;
1560B : 43;
1560C : 43;
1560D : 43;
1560E : 43;
1560F : 43;
15610 : 63;
15611 : 43;
15612 : 43;
15613 : 43;
15614 : 43;
15615 : 43;
15616 : 43;
15617 : 43;
15618 : 63;
15619 : 43;
1561A : 43;
1561B : 43;
1561C : 43;
1561D : 43;
1561E : 43;
1561F : 43;
15620 : 82;
15621 : 63;
15622 : 63;
15623 : 63;
15624 : 63;
15625 : 63;
15626 : 63;
15627 : 63;
15628 : A4;
15629 : A4;
1562A : A4;
1562B : A4;
1562C : A4;
1562D : A4;
1562E : A4;
1562F : A4;
15630 : A4;
15631 : A4;
15632 : A4;
15633 : A4;
15634 : A4;
15635 : A4;
15636 : A4;
15637 : A4;
15638 : A4;
15639 : A4;
1563A : A4;
1563B : A4;
1563C : A4;
1563D : A4;
1563E : A4;
1563F : A4;
15640 : 43;
15641 : 43;
15642 : 43;
15643 : 43;
15644 : 67;
15645 : B6;
15646 : B7;
15647 : B7;
15648 : 43;
15649 : 43;
1564A : 43;
1564B : 43;
1564C : 67;
1564D : B6;
1564E : B7;
1564F : B7;
15650 : 43;
15651 : 43;
15652 : 43;
15653 : 43;
15654 : 67;
15655 : B6;
15656 : B7;
15657 : B7;
15658 : 43;
15659 : 43;
1565A : 43;
1565B : 43;
1565C : 6B;
1565D : B6;
1565E : B7;
1565F : B7;
15660 : 63;
15661 : 63;
15662 : 63;
15663 : 63;
15664 : 67;
15665 : 92;
15666 : 92;
15667 : 92;
15668 : A4;
15669 : A4;
1566A : A4;
1566B : A4;
1566C : A4;
1566D : 43;
1566E : 63;
1566F : 63;
15670 : A4;
15671 : A4;
15672 : A4;
15673 : A4;
15674 : 85;
15675 : 43;
15676 : 43;
15677 : 43;
15678 : A4;
15679 : A4;
1567A : A4;
1567B : A4;
1567C : 85;
1567D : 43;
1567E : 43;
1567F : 43;
15680 : B7;
15681 : B7;
15682 : B7;
15683 : B7;
15684 : B7;
15685 : B7;
15686 : B7;
15687 : B7;
15688 : B7;
15689 : B7;
1568A : B7;
1568B : B7;
1568C : B7;
1568D : B7;
1568E : B7;
1568F : B7;
15690 : B7;
15691 : B7;
15692 : B7;
15693 : B7;
15694 : B7;
15695 : B7;
15696 : B7;
15697 : B7;
15698 : B7;
15699 : B7;
1569A : B7;
1569B : B7;
1569C : B7;
1569D : B7;
1569E : B7;
1569F : B7;
156A0 : 92;
156A1 : 92;
156A2 : 92;
156A3 : 92;
156A4 : 92;
156A5 : 92;
156A6 : 92;
156A7 : 92;
156A8 : 63;
156A9 : 63;
156AA : 63;
156AB : 63;
156AC : 63;
156AD : 63;
156AE : 63;
156AF : 63;
156B0 : 43;
156B1 : 43;
156B2 : 43;
156B3 : 43;
156B4 : 43;
156B5 : 43;
156B6 : 43;
156B7 : 43;
156B8 : 43;
156B9 : 43;
156BA : 43;
156BB : 43;
156BC : 43;
156BD : 43;
156BE : 43;
156BF : 43;
156C0 : B7;
156C1 : 99;
156C2 : 5C;
156C3 : 5C;
156C4 : 5C;
156C5 : 5C;
156C6 : 5C;
156C7 : 5C;
156C8 : B7;
156C9 : 99;
156CA : 5C;
156CB : 5C;
156CC : 5C;
156CD : 5C;
156CE : 5C;
156CF : 5C;
156D0 : B7;
156D1 : 99;
156D2 : 5C;
156D3 : 5C;
156D4 : 5C;
156D5 : 5C;
156D6 : 5C;
156D7 : 5C;
156D8 : B7;
156D9 : 99;
156DA : 5C;
156DB : 5C;
156DC : 5C;
156DD : 5C;
156DE : 5C;
156DF : 5C;
156E0 : 93;
156E1 : 96;
156E2 : 78;
156E3 : 78;
156E4 : 78;
156E5 : 78;
156E6 : 78;
156E7 : 78;
156E8 : 63;
156E9 : 6F;
156EA : B7;
156EB : B7;
156EC : B7;
156ED : B7;
156EE : B7;
156EF : B7;
156F0 : 43;
156F1 : 6F;
156F2 : B7;
156F3 : B6;
156F4 : B6;
156F5 : B6;
156F6 : B7;
156F7 : B7;
156F8 : 43;
156F9 : 6F;
156FA : B7;
156FB : B6;
156FC : B6;
156FD : B6;
156FE : B7;
156FF : B7;
15700 : 5C;
15701 : 5C;
15702 : 5C;
15703 : 5C;
15704 : 5C;
15705 : 5C;
15706 : B0;
15707 : E4;
15708 : 5C;
15709 : 5C;
1570A : 5C;
1570B : 5C;
1570C : 5C;
1570D : 5C;
1570E : B0;
1570F : E4;
15710 : 5C;
15711 : 5C;
15712 : 5C;
15713 : 5C;
15714 : 5C;
15715 : 5C;
15716 : B0;
15717 : E4;
15718 : 5C;
15719 : 5C;
1571A : 5C;
1571B : 5C;
1571C : 5C;
1571D : 5C;
1571E : B0;
1571F : E4;
15720 : 78;
15721 : 78;
15722 : 78;
15723 : 78;
15724 : 78;
15725 : 5C;
15726 : B0;
15727 : CC;
15728 : B7;
15729 : B7;
1572A : B7;
1572B : B7;
1572C : B7;
1572D : B7;
1572E : 79;
1572F : 3C;
15730 : B7;
15731 : B7;
15732 : B7;
15733 : B6;
15734 : B7;
15735 : B7;
15736 : 79;
15737 : 5C;
15738 : B7;
15739 : B7;
1573A : B7;
1573B : B6;
1573C : B7;
1573D : B7;
1573E : 79;
1573F : 5C;
15740 : E8;
15741 : E8;
15742 : E8;
15743 : E8;
15744 : E8;
15745 : E8;
15746 : E8;
15747 : E8;
15748 : E8;
15749 : E8;
1574A : E8;
1574B : E8;
1574C : E8;
1574D : E8;
1574E : E8;
1574F : E8;
15750 : E8;
15751 : E8;
15752 : E8;
15753 : E8;
15754 : E8;
15755 : E8;
15756 : E8;
15757 : E8;
15758 : E8;
15759 : E8;
1575A : E8;
1575B : E8;
1575C : E8;
1575D : E8;
1575E : E8;
1575F : E8;
15760 : CC;
15761 : CC;
15762 : CC;
15763 : CC;
15764 : CC;
15765 : CC;
15766 : CC;
15767 : CC;
15768 : 3C;
15769 : 5C;
1576A : 5C;
1576B : 3C;
1576C : 3C;
1576D : 3C;
1576E : 3C;
1576F : 3C;
15770 : 5C;
15771 : 5C;
15772 : 5C;
15773 : 5C;
15774 : 5C;
15775 : 5C;
15776 : 5C;
15777 : 5C;
15778 : 5C;
15779 : 5C;
1577A : 5C;
1577B : 5C;
1577C : 5C;
1577D : 5C;
1577E : 5C;
1577F : 5C;
15780 : E8;
15781 : E8;
15782 : E8;
15783 : F4;
15784 : F4;
15785 : F4;
15786 : F4;
15787 : F4;
15788 : E8;
15789 : E8;
1578A : E8;
1578B : F4;
1578C : F4;
1578D : F4;
1578E : F4;
1578F : F4;
15790 : E8;
15791 : E8;
15792 : E8;
15793 : F0;
15794 : F4;
15795 : F4;
15796 : F4;
15797 : F4;
15798 : E8;
15799 : E4;
1579A : E8;
1579B : F4;
1579C : F4;
1579D : F4;
1579E : F4;
1579F : F4;
157A0 : CC;
157A1 : CC;
157A2 : CC;
157A3 : F0;
157A4 : F0;
157A5 : F0;
157A6 : F0;
157A7 : F0;
157A8 : 3C;
157A9 : 3C;
157AA : 5C;
157AB : CC;
157AC : E8;
157AD : E8;
157AE : E8;
157AF : E8;
157B0 : 5C;
157B1 : 5C;
157B2 : 7C;
157B3 : CC;
157B4 : E8;
157B5 : E8;
157B6 : E8;
157B7 : E8;
157B8 : 5C;
157B9 : 5C;
157BA : 7C;
157BB : CC;
157BC : E8;
157BD : E8;
157BE : E8;
157BF : E8;
157C0 : F4;
157C1 : F4;
157C2 : F4;
157C3 : F4;
157C4 : F4;
157C5 : F4;
157C6 : F4;
157C7 : F4;
157C8 : F4;
157C9 : F4;
157CA : F4;
157CB : F4;
157CC : F4;
157CD : F4;
157CE : F4;
157CF : F4;
157D0 : F4;
157D1 : F4;
157D2 : F4;
157D3 : F4;
157D4 : F4;
157D5 : F4;
157D6 : F4;
157D7 : F4;
157D8 : F4;
157D9 : F4;
157DA : F4;
157DB : F4;
157DC : F4;
157DD : F4;
157DE : F4;
157DF : F4;
157E0 : F0;
157E1 : F0;
157E2 : F0;
157E3 : F0;
157E4 : F0;
157E5 : F0;
157E6 : F0;
157E7 : F0;
157E8 : E8;
157E9 : E8;
157EA : E8;
157EB : E8;
157EC : E8;
157ED : E8;
157EE : E8;
157EF : E8;
157F0 : E8;
157F1 : E8;
157F2 : E8;
157F3 : E8;
157F4 : E8;
157F5 : E8;
157F6 : E8;
157F7 : E8;
157F8 : E8;
157F9 : E8;
157FA : E8;
157FB : E8;
157FC : E8;
157FD : E8;
157FE : E8;
157FF : E8;
15800 : A6;
15801 : A6;
15802 : A6;
15803 : A6;
15804 : A6;
15805 : A6;
15806 : A6;
15807 : A6;
15808 : A6;
15809 : A6;
1580A : A6;
1580B : A6;
1580C : A6;
1580D : A6;
1580E : A6;
1580F : A6;
15810 : A6;
15811 : A6;
15812 : A6;
15813 : A6;
15814 : A6;
15815 : A6;
15816 : A6;
15817 : A6;
15818 : A6;
15819 : A6;
1581A : A6;
1581B : A6;
1581C : A6;
1581D : A6;
1581E : A6;
1581F : A6;
15820 : A6;
15821 : A6;
15822 : A6;
15823 : A6;
15824 : A6;
15825 : A6;
15826 : A6;
15827 : A6;
15828 : A6;
15829 : A6;
1582A : A6;
1582B : A6;
1582C : A6;
1582D : A6;
1582E : A6;
1582F : A6;
15830 : C5;
15831 : C5;
15832 : C5;
15833 : C5;
15834 : C5;
15835 : C5;
15836 : C5;
15837 : C5;
15838 : E4;
15839 : E4;
1583A : E4;
1583B : E4;
1583C : E4;
1583D : E4;
1583E : E4;
1583F : E4;
15840 : A6;
15841 : A6;
15842 : A6;
15843 : A6;
15844 : 8A;
15845 : 93;
15846 : 73;
15847 : 73;
15848 : A6;
15849 : A6;
1584A : A6;
1584B : A6;
1584C : 8A;
1584D : 93;
1584E : 73;
1584F : 73;
15850 : A6;
15851 : A6;
15852 : A6;
15853 : A6;
15854 : 8A;
15855 : 93;
15856 : 73;
15857 : 73;
15858 : A6;
15859 : A6;
1585A : A6;
1585B : A6;
1585C : 8A;
1585D : 93;
1585E : 73;
1585F : 73;
15860 : A6;
15861 : A6;
15862 : A6;
15863 : A6;
15864 : 8A;
15865 : 93;
15866 : 73;
15867 : 73;
15868 : A6;
15869 : A6;
1586A : A6;
1586B : A6;
1586C : 8A;
1586D : 93;
1586E : 73;
1586F : 73;
15870 : C5;
15871 : C5;
15872 : C5;
15873 : C5;
15874 : A9;
15875 : AA;
15876 : 8A;
15877 : 8A;
15878 : E4;
15879 : E4;
1587A : E4;
1587B : E4;
1587C : C5;
1587D : A5;
1587E : A6;
1587F : A6;
15880 : 73;
15881 : 73;
15882 : 73;
15883 : 73;
15884 : 73;
15885 : 73;
15886 : 73;
15887 : 73;
15888 : 73;
15889 : 73;
1588A : 73;
1588B : 73;
1588C : 73;
1588D : 73;
1588E : 73;
1588F : 73;
15890 : 73;
15891 : 73;
15892 : 73;
15893 : 73;
15894 : 73;
15895 : 73;
15896 : 73;
15897 : 73;
15898 : 73;
15899 : 73;
1589A : 73;
1589B : 73;
1589C : 73;
1589D : 73;
1589E : 73;
1589F : 73;
158A0 : 73;
158A1 : 73;
158A2 : 73;
158A3 : 73;
158A4 : 73;
158A5 : 73;
158A6 : 73;
158A7 : 73;
158A8 : 73;
158A9 : 73;
158AA : 73;
158AB : 73;
158AC : 73;
158AD : 73;
158AE : 73;
158AF : 73;
158B0 : 8A;
158B1 : 8A;
158B2 : 8A;
158B3 : 8A;
158B4 : 8A;
158B5 : 8A;
158B6 : 8A;
158B7 : 8A;
158B8 : A6;
158B9 : A6;
158BA : A6;
158BB : A6;
158BC : A6;
158BD : A6;
158BE : A6;
158BF : A6;
158C0 : 93;
158C1 : 57;
158C2 : 1F;
158C3 : 1F;
158C4 : 1F;
158C5 : 1F;
158C6 : 1F;
158C7 : 1F;
158C8 : 93;
158C9 : 57;
158CA : 1F;
158CB : 1F;
158CC : 1F;
158CD : 1F;
158CE : 1F;
158CF : 1F;
158D0 : 93;
158D1 : 57;
158D2 : 1F;
158D3 : 1F;
158D4 : 1F;
158D5 : 1F;
158D6 : 1F;
158D7 : 1F;
158D8 : 93;
158D9 : 57;
158DA : 1F;
158DB : 1F;
158DC : 1F;
158DD : 1F;
158DE : 1F;
158DF : 1F;
158E0 : 93;
158E1 : 57;
158E2 : 1F;
158E3 : 1F;
158E4 : 1F;
158E5 : 1F;
158E6 : 1F;
158E7 : 1F;
158E8 : 93;
158E9 : 57;
158EA : 1F;
158EB : 1F;
158EC : 1F;
158ED : 1F;
158EE : 1F;
158EF : 1F;
158F0 : AA;
158F1 : 8F;
158F2 : 57;
158F3 : 57;
158F4 : 57;
158F5 : 57;
158F6 : 57;
158F7 : 57;
158F8 : A5;
158F9 : AA;
158FA : 73;
158FB : 73;
158FC : 73;
158FD : 73;
158FE : 73;
158FF : 73;
15900 : 1F;
15901 : 1F;
15902 : 1F;
15903 : 1F;
15904 : 1F;
15905 : 1F;
15906 : 9E;
15907 : FC;
15908 : 1F;
15909 : 1F;
1590A : 1F;
1590B : 1F;
1590C : 1F;
1590D : 1F;
1590E : 9D;
1590F : FC;
15910 : 1F;
15911 : 1F;
15912 : 1F;
15913 : 1F;
15914 : 1F;
15915 : 1F;
15916 : 9D;
15917 : FC;
15918 : 1F;
15919 : 1F;
1591A : 1F;
1591B : 1F;
1591C : 1F;
1591D : 1F;
1591E : 9D;
1591F : FC;
15920 : 1F;
15921 : 1F;
15922 : 1F;
15923 : 1F;
15924 : 1F;
15925 : 1F;
15926 : 9E;
15927 : FC;
15928 : 1F;
15929 : 1F;
1592A : 1F;
1592B : 1F;
1592C : 1F;
1592D : 1F;
1592E : BD;
1592F : F8;
15930 : 57;
15931 : 57;
15932 : 57;
15933 : 57;
15934 : 57;
15935 : 57;
15936 : 7B;
15937 : 7E;
15938 : 73;
15939 : 73;
1593A : 73;
1593B : 73;
1593C : 93;
1593D : 73;
1593E : 5B;
1593F : 1F;
15940 : FC;
15941 : FC;
15942 : FC;
15943 : FC;
15944 : FC;
15945 : FC;
15946 : FC;
15947 : FC;
15948 : FC;
15949 : FC;
1594A : FC;
1594B : FC;
1594C : FC;
1594D : FC;
1594E : FC;
1594F : FC;
15950 : FC;
15951 : FC;
15952 : FC;
15953 : FC;
15954 : FC;
15955 : FC;
15956 : FC;
15957 : FC;
15958 : FC;
15959 : FC;
1595A : FC;
1595B : FC;
1595C : FC;
1595D : FC;
1595E : FC;
1595F : FC;
15960 : FC;
15961 : FC;
15962 : FC;
15963 : FC;
15964 : FC;
15965 : FC;
15966 : FC;
15967 : FC;
15968 : FC;
15969 : FC;
1596A : FC;
1596B : FC;
1596C : FC;
1596D : FC;
1596E : FC;
1596F : FC;
15970 : 7E;
15971 : 7E;
15972 : 7E;
15973 : 7E;
15974 : 7E;
15975 : 7E;
15976 : 7E;
15977 : 7E;
15978 : 1F;
15979 : 1F;
1597A : 1F;
1597B : 1F;
1597C : 1F;
1597D : 1F;
1597E : 1F;
1597F : 1F;
15980 : FC;
15981 : FC;
15982 : FC;
15983 : F4;
15984 : F0;
15985 : F0;
15986 : F0;
15987 : F0;
15988 : FC;
15989 : FC;
1598A : FC;
1598B : F4;
1598C : F0;
1598D : F0;
1598E : F0;
1598F : F0;
15990 : FC;
15991 : FC;
15992 : FC;
15993 : F4;
15994 : F0;
15995 : F0;
15996 : F0;
15997 : F0;
15998 : FC;
15999 : FC;
1599A : FC;
1599B : F4;
1599C : F0;
1599D : F0;
1599E : F0;
1599F : F0;
159A0 : FC;
159A1 : FC;
159A2 : FC;
159A3 : F4;
159A4 : F0;
159A5 : F0;
159A6 : F0;
159A7 : F0;
159A8 : FC;
159A9 : FC;
159AA : FC;
159AB : F4;
159AC : F0;
159AD : F0;
159AE : F0;
159AF : F0;
159B0 : 7E;
159B1 : 7E;
159B2 : 7E;
159B3 : D8;
159B4 : F8;
159B5 : F8;
159B6 : F8;
159B7 : F8;
159B8 : 1F;
159B9 : 1F;
159BA : 1F;
159BB : DC;
159BC : FC;
159BD : FC;
159BE : FC;
159BF : FC;
159C0 : F0;
159C1 : F0;
159C2 : F0;
159C3 : F0;
159C4 : F0;
159C5 : F0;
159C6 : F0;
159C7 : F0;
159C8 : F0;
159C9 : F0;
159CA : F0;
159CB : F0;
159CC : F0;
159CD : F0;
159CE : F0;
159CF : F0;
159D0 : F0;
159D1 : F0;
159D2 : F0;
159D3 : F0;
159D4 : F0;
159D5 : F0;
159D6 : F0;
159D7 : F0;
159D8 : F0;
159D9 : F0;
159DA : F0;
159DB : F0;
159DC : F0;
159DD : F0;
159DE : F0;
159DF : F0;
159E0 : F0;
159E1 : F0;
159E2 : F0;
159E3 : F0;
159E4 : F0;
159E5 : F0;
159E6 : F0;
159E7 : F0;
159E8 : F0;
159E9 : F0;
159EA : F0;
159EB : F0;
159EC : F0;
159ED : F0;
159EE : F0;
159EF : F0;
159F0 : F8;
159F1 : F8;
159F2 : F8;
159F3 : F8;
159F4 : F8;
159F5 : F8;
159F6 : F8;
159F7 : F5;
159F8 : FC;
159F9 : FC;
159FA : FC;
159FB : FC;
159FC : FC;
159FD : FC;
159FE : FC;
159FF : F9;
15A00 : 66;
15A01 : 46;
15A02 : 46;
15A03 : 46;
15A04 : 46;
15A05 : 46;
15A06 : 46;
15A07 : 46;
15A08 : 66;
15A09 : 46;
15A0A : 46;
15A0B : 46;
15A0C : 46;
15A0D : 46;
15A0E : 46;
15A0F : 46;
15A10 : 66;
15A11 : 46;
15A12 : 46;
15A13 : 46;
15A14 : 46;
15A15 : 46;
15A16 : 46;
15A17 : 46;
15A18 : 66;
15A19 : 46;
15A1A : 46;
15A1B : 46;
15A1C : 46;
15A1D : 46;
15A1E : 46;
15A1F : 46;
15A20 : 66;
15A21 : 46;
15A22 : 66;
15A23 : 46;
15A24 : 46;
15A25 : 46;
15A26 : 46;
15A27 : 46;
15A28 : 66;
15A29 : 46;
15A2A : 46;
15A2B : 46;
15A2C : 46;
15A2D : 46;
15A2E : 46;
15A2F : 46;
15A30 : AA;
15A31 : A7;
15A32 : A7;
15A33 : A7;
15A34 : A7;
15A35 : A7;
15A36 : A7;
15A37 : A7;
15A38 : CB;
15A39 : E7;
15A3A : E7;
15A3B : E7;
15A3C : E7;
15A3D : E7;
15A3E : E7;
15A3F : E7;
15A40 : 46;
15A41 : 46;
15A42 : 46;
15A43 : 66;
15A44 : 4A;
15A45 : 1F;
15A46 : 1F;
15A47 : 1F;
15A48 : 46;
15A49 : 46;
15A4A : 46;
15A4B : 66;
15A4C : 4A;
15A4D : 1F;
15A4E : 1F;
15A4F : 1F;
15A50 : 46;
15A51 : 46;
15A52 : 46;
15A53 : 66;
15A54 : 4A;
15A55 : 1F;
15A56 : 1F;
15A57 : 1F;
15A58 : 46;
15A59 : 46;
15A5A : 46;
15A5B : 66;
15A5C : 4A;
15A5D : 1F;
15A5E : 1F;
15A5F : 1F;
15A60 : 46;
15A61 : 46;
15A62 : 46;
15A63 : 66;
15A64 : 4A;
15A65 : 1F;
15A66 : 1F;
15A67 : 1F;
15A68 : 46;
15A69 : 46;
15A6A : 46;
15A6B : 66;
15A6C : 4A;
15A6D : 1F;
15A6E : 1F;
15A6F : 1F;
15A70 : A7;
15A71 : A7;
15A72 : A7;
15A73 : A7;
15A74 : AB;
15A75 : 2F;
15A76 : 4F;
15A77 : 4E;
15A78 : E7;
15A79 : E7;
15A7A : E7;
15A7B : E7;
15A7C : C7;
15A7D : 46;
15A7E : 66;
15A7F : 66;
15A80 : 1F;
15A81 : 1F;
15A82 : 1F;
15A83 : 1F;
15A84 : 1F;
15A85 : 1F;
15A86 : 1F;
15A87 : 1F;
15A88 : 1F;
15A89 : 1F;
15A8A : 1F;
15A8B : 1F;
15A8C : 1F;
15A8D : 1F;
15A8E : 1F;
15A8F : 1F;
15A90 : 1F;
15A91 : 1F;
15A92 : 1F;
15A93 : 1F;
15A94 : 1F;
15A95 : 1F;
15A96 : 1F;
15A97 : 1F;
15A98 : 1F;
15A99 : 1F;
15A9A : 1F;
15A9B : 1F;
15A9C : 1F;
15A9D : 1F;
15A9E : 1F;
15A9F : 1F;
15AA0 : 1F;
15AA1 : 1F;
15AA2 : 1F;
15AA3 : 1F;
15AA4 : 1F;
15AA5 : 1F;
15AA6 : 1F;
15AA7 : 1F;
15AA8 : 1F;
15AA9 : 1F;
15AAA : 1F;
15AAB : 1F;
15AAC : 1F;
15AAD : 1F;
15AAE : 1F;
15AAF : 1F;
15AB0 : 4E;
15AB1 : 4E;
15AB2 : 4E;
15AB3 : 4E;
15AB4 : 4E;
15AB5 : 52;
15AB6 : 32;
15AB7 : 52;
15AB8 : 66;
15AB9 : 66;
15ABA : 66;
15ABB : 66;
15ABC : 66;
15ABD : 66;
15ABE : 66;
15ABF : 66;
15AC0 : 1F;
15AC1 : 1E;
15AC2 : 3C;
15AC3 : 3C;
15AC4 : 3C;
15AC5 : 3C;
15AC6 : 3C;
15AC7 : 3C;
15AC8 : 1F;
15AC9 : 1E;
15ACA : 3C;
15ACB : 3C;
15ACC : 3C;
15ACD : 3C;
15ACE : 3C;
15ACF : 3C;
15AD0 : 1F;
15AD1 : 1E;
15AD2 : 3C;
15AD3 : 3C;
15AD4 : 3C;
15AD5 : 3C;
15AD6 : 3C;
15AD7 : 3C;
15AD8 : 1F;
15AD9 : 1E;
15ADA : 3C;
15ADB : 3C;
15ADC : 3C;
15ADD : 3C;
15ADE : 3C;
15ADF : 3C;
15AE0 : 1F;
15AE1 : 1E;
15AE2 : 3C;
15AE3 : 3C;
15AE4 : 3C;
15AE5 : 3C;
15AE6 : 3C;
15AE7 : 3C;
15AE8 : 1F;
15AE9 : 1E;
15AEA : 3C;
15AEB : 3C;
15AEC : 3C;
15AED : 3C;
15AEE : 3C;
15AEF : 3C;
15AF0 : 2E;
15AF1 : 36;
15AF2 : 1E;
15AF3 : 1E;
15AF4 : 1E;
15AF5 : 1E;
15AF6 : 1E;
15AF7 : 1E;
15AF8 : 46;
15AF9 : 53;
15AFA : 1F;
15AFB : 1F;
15AFC : 1F;
15AFD : 1F;
15AFE : 1F;
15AFF : 1F;
15B00 : 3C;
15B01 : 3C;
15B02 : 3C;
15B03 : 3C;
15B04 : 3C;
15B05 : 1C;
15B06 : B4;
15B07 : F0;
15B08 : 3C;
15B09 : 3C;
15B0A : 3C;
15B0B : 3C;
15B0C : 3C;
15B0D : 1C;
15B0E : B4;
15B0F : F0;
15B10 : 3C;
15B11 : 3C;
15B12 : 3C;
15B13 : 3C;
15B14 : 3C;
15B15 : 1C;
15B16 : B4;
15B17 : F0;
15B18 : 3C;
15B19 : 3C;
15B1A : 3C;
15B1B : 3C;
15B1C : 3C;
15B1D : 1C;
15B1E : B4;
15B1F : F0;
15B20 : 3C;
15B21 : 3C;
15B22 : 3C;
15B23 : 3C;
15B24 : 3C;
15B25 : 1C;
15B26 : B4;
15B27 : F0;
15B28 : 3C;
15B29 : 3C;
15B2A : 3C;
15B2B : 3C;
15B2C : 3C;
15B2D : 1C;
15B2E : B4;
15B2F : F0;
15B30 : 1E;
15B31 : 1E;
15B32 : 1E;
15B33 : 1E;
15B34 : 1E;
15B35 : 1F;
15B36 : 79;
15B37 : 98;
15B38 : 1F;
15B39 : 1F;
15B3A : 1F;
15B3B : 1F;
15B3C : 1F;
15B3D : 1F;
15B3E : 1D;
15B3F : 3C;
15B40 : F0;
15B41 : F0;
15B42 : F0;
15B43 : F0;
15B44 : F0;
15B45 : F0;
15B46 : F0;
15B47 : F0;
15B48 : F0;
15B49 : F0;
15B4A : F0;
15B4B : F0;
15B4C : F0;
15B4D : F0;
15B4E : F0;
15B4F : F0;
15B50 : F0;
15B51 : F0;
15B52 : F0;
15B53 : F0;
15B54 : F0;
15B55 : F0;
15B56 : F0;
15B57 : F0;
15B58 : F0;
15B59 : F0;
15B5A : F0;
15B5B : F0;
15B5C : F0;
15B5D : F0;
15B5E : F0;
15B5F : F0;
15B60 : F0;
15B61 : F0;
15B62 : F0;
15B63 : F0;
15B64 : F0;
15B65 : F0;
15B66 : F0;
15B67 : F0;
15B68 : F0;
15B69 : F0;
15B6A : F0;
15B6B : F0;
15B6C : F0;
15B6D : F0;
15B6E : F0;
15B6F : F0;
15B70 : 78;
15B71 : 78;
15B72 : 78;
15B73 : 98;
15B74 : 98;
15B75 : 98;
15B76 : 98;
15B77 : 98;
15B78 : 1C;
15B79 : 1C;
15B7A : 1C;
15B7B : 1C;
15B7C : 3C;
15B7D : 3C;
15B7E : 3C;
15B7F : 1C;
15B80 : F0;
15B81 : F0;
15B82 : D0;
15B83 : 7A;
15B84 : 1B;
15B85 : 1B;
15B86 : 1B;
15B87 : 1B;
15B88 : F0;
15B89 : F0;
15B8A : D0;
15B8B : 7A;
15B8C : 1B;
15B8D : 1B;
15B8E : 1B;
15B8F : 1B;
15B90 : F0;
15B91 : F0;
15B92 : D0;
15B93 : 7A;
15B94 : 1B;
15B95 : 1B;
15B96 : 1B;
15B97 : 1B;
15B98 : F0;
15B99 : F0;
15B9A : D0;
15B9B : 7A;
15B9C : 1B;
15B9D : 1B;
15B9E : 1B;
15B9F : 1B;
15BA0 : F0;
15BA1 : F0;
15BA2 : D0;
15BA3 : 7A;
15BA4 : 1B;
15BA5 : 1B;
15BA6 : 1B;
15BA7 : 1B;
15BA8 : F0;
15BA9 : F0;
15BAA : D0;
15BAB : 7B;
15BAC : 1B;
15BAD : 1B;
15BAE : 1B;
15BAF : 1B;
15BB0 : 78;
15BB1 : 78;
15BB2 : 98;
15BB3 : 95;
15BB4 : B5;
15BB5 : B5;
15BB6 : B5;
15BB7 : B5;
15BB8 : 1C;
15BB9 : 1C;
15BBA : 5C;
15BBB : B4;
15BBC : F0;
15BBD : F0;
15BBE : F0;
15BBF : F0;
15BC0 : 1B;
15BC1 : 1B;
15BC2 : 1B;
15BC3 : 1B;
15BC4 : 1B;
15BC5 : 1B;
15BC6 : 1B;
15BC7 : 1B;
15BC8 : 1B;
15BC9 : 1B;
15BCA : 1B;
15BCB : 1B;
15BCC : 1B;
15BCD : 1B;
15BCE : 1B;
15BCF : 1B;
15BD0 : 1B;
15BD1 : 1B;
15BD2 : 1B;
15BD3 : 1B;
15BD4 : 1B;
15BD5 : 1B;
15BD6 : 1B;
15BD7 : 1B;
15BD8 : 1B;
15BD9 : 1B;
15BDA : 1B;
15BDB : 1B;
15BDC : 1B;
15BDD : 1B;
15BDE : 1B;
15BDF : 1B;
15BE0 : 1B;
15BE1 : 1B;
15BE2 : 1B;
15BE3 : 1B;
15BE4 : 1B;
15BE5 : 1B;
15BE6 : 1B;
15BE7 : 1B;
15BE8 : 1B;
15BE9 : 1B;
15BEA : 1B;
15BEB : 1B;
15BEC : 1B;
15BED : 1B;
15BEE : 1B;
15BEF : 1B;
15BF0 : B5;
15BF1 : B5;
15BF2 : B5;
15BF3 : B5;
15BF4 : B5;
15BF5 : B5;
15BF6 : B5;
15BF7 : B6;
15BF8 : F0;
15BF9 : F0;
15BFA : F0;
15BFB : F0;
15BFC : F0;
15BFD : F0;
15BFE : F0;
15BFF : F0;
15C00 : 2E;
15C01 : 2E;
15C02 : 2E;
15C03 : 2E;
15C04 : 2E;
15C05 : 2E;
15C06 : 2E;
15C07 : 2E;
15C08 : 2E;
15C09 : 2E;
15C0A : 2E;
15C0B : 2E;
15C0C : 2E;
15C0D : 2E;
15C0E : 2E;
15C0F : 2E;
15C10 : 2E;
15C11 : 2E;
15C12 : 2E;
15C13 : 2E;
15C14 : 2E;
15C15 : 2E;
15C16 : 2E;
15C17 : 2E;
15C18 : 2E;
15C19 : 2E;
15C1A : 2E;
15C1B : 2E;
15C1C : 2E;
15C1D : 2E;
15C1E : 2E;
15C1F : 2E;
15C20 : 2E;
15C21 : 2E;
15C22 : 2E;
15C23 : 2E;
15C24 : 2E;
15C25 : 2E;
15C26 : 2E;
15C27 : 2E;
15C28 : 2E;
15C29 : 2E;
15C2A : 2E;
15C2B : 2E;
15C2C : 2E;
15C2D : 2E;
15C2E : 2E;
15C2F : 2E;
15C30 : 4B;
15C31 : 4B;
15C32 : 4B;
15C33 : 4B;
15C34 : 4B;
15C35 : 4B;
15C36 : 4B;
15C37 : 4B;
15C38 : 67;
15C39 : 47;
15C3A : 47;
15C3B : 47;
15C3C : 47;
15C3D : 47;
15C3E : 47;
15C3F : 47;
15C40 : 2E;
15C41 : 2E;
15C42 : 2E;
15C43 : 2E;
15C44 : 32;
15C45 : 5C;
15C46 : 5C;
15C47 : 5C;
15C48 : 2E;
15C49 : 2E;
15C4A : 2E;
15C4B : 2E;
15C4C : 32;
15C4D : 5C;
15C4E : 5C;
15C4F : 5C;
15C50 : 2E;
15C51 : 2E;
15C52 : 2E;
15C53 : 2E;
15C54 : 32;
15C55 : 5C;
15C56 : 5C;
15C57 : 5C;
15C58 : 2E;
15C59 : 2E;
15C5A : 2E;
15C5B : 2E;
15C5C : 32;
15C5D : 5C;
15C5E : 5C;
15C5F : 5C;
15C60 : 2E;
15C61 : 2E;
15C62 : 2E;
15C63 : 2E;
15C64 : 32;
15C65 : 5C;
15C66 : 5C;
15C67 : 5C;
15C68 : 2E;
15C69 : 2E;
15C6A : 2E;
15C6B : 2E;
15C6C : 32;
15C6D : 5C;
15C6E : 5C;
15C6F : 5C;
15C70 : 4B;
15C71 : 4B;
15C72 : 4B;
15C73 : 4B;
15C74 : 4B;
15C75 : 35;
15C76 : 31;
15C77 : 32;
15C78 : 47;
15C79 : 47;
15C7A : 47;
15C7B : 47;
15C7C : 47;
15C7D : 2E;
15C7E : 2A;
15C7F : 2A;
15C80 : 5C;
15C81 : 5C;
15C82 : 5C;
15C83 : 5C;
15C84 : 5C;
15C85 : 5C;
15C86 : 5C;
15C87 : 5C;
15C88 : 5C;
15C89 : 5C;
15C8A : 5C;
15C8B : 5C;
15C8C : 5C;
15C8D : 5C;
15C8E : 5C;
15C8F : 5C;
15C90 : 5C;
15C91 : 5C;
15C92 : 5C;
15C93 : 5C;
15C94 : 5C;
15C95 : 5C;
15C96 : 5C;
15C97 : 5C;
15C98 : 5C;
15C99 : 5C;
15C9A : 5C;
15C9B : 5C;
15C9C : 5C;
15C9D : 5C;
15C9E : 5C;
15C9F : 5C;
15CA0 : 5C;
15CA1 : 5C;
15CA2 : 5C;
15CA3 : 5C;
15CA4 : 5C;
15CA5 : 5C;
15CA6 : 5C;
15CA7 : 5C;
15CA8 : 5C;
15CA9 : 5C;
15CAA : 5C;
15CAB : 5C;
15CAC : 5C;
15CAD : 5C;
15CAE : 5C;
15CAF : 5C;
15CB0 : 31;
15CB1 : 31;
15CB2 : 31;
15CB3 : 31;
15CB4 : 31;
15CB5 : 31;
15CB6 : 31;
15CB7 : 31;
15CB8 : 2A;
15CB9 : 2E;
15CBA : 2E;
15CBB : 2A;
15CBC : 2A;
15CBD : 2A;
15CBE : 2E;
15CBF : 2E;
15CC0 : 3C;
15CC1 : BC;
15CC2 : F8;
15CC3 : F8;
15CC4 : F8;
15CC5 : F8;
15CC6 : F8;
15CC7 : F8;
15CC8 : 3C;
15CC9 : BC;
15CCA : F8;
15CCB : F8;
15CCC : F8;
15CCD : F8;
15CCE : F8;
15CCF : F8;
15CD0 : 3C;
15CD1 : BC;
15CD2 : F8;
15CD3 : F8;
15CD4 : F8;
15CD5 : F8;
15CD6 : F8;
15CD7 : F8;
15CD8 : 3C;
15CD9 : BC;
15CDA : F8;
15CDB : F8;
15CDC : F8;
15CDD : F8;
15CDE : F8;
15CDF : F8;
15CE0 : 3C;
15CE1 : BC;
15CE2 : F8;
15CE3 : F8;
15CE4 : F8;
15CE5 : F8;
15CE6 : F8;
15CE7 : F8;
15CE8 : 3C;
15CE9 : BC;
15CEA : F8;
15CEB : F8;
15CEC : F8;
15CED : F8;
15CEE : F8;
15CEF : F8;
15CF0 : 32;
15CF1 : 59;
15CF2 : 9C;
15CF3 : 9C;
15CF4 : 9C;
15CF5 : 9C;
15CF6 : 9C;
15CF7 : 9C;
15CF8 : 2B;
15CF9 : 35;
15CFA : 5C;
15CFB : 3C;
15CFC : 3C;
15CFD : 3C;
15CFE : 3C;
15CFF : 3C;
15D00 : F8;
15D01 : F8;
15D02 : F8;
15D03 : F8;
15D04 : F8;
15D05 : FC;
15D06 : EC;
15D07 : E0;
15D08 : F8;
15D09 : F8;
15D0A : F8;
15D0B : F8;
15D0C : F8;
15D0D : FC;
15D0E : EC;
15D0F : E0;
15D10 : F8;
15D11 : F8;
15D12 : F8;
15D13 : F8;
15D14 : F8;
15D15 : FC;
15D16 : EC;
15D17 : E0;
15D18 : F8;
15D19 : F8;
15D1A : F8;
15D1B : F8;
15D1C : F8;
15D1D : FC;
15D1E : EC;
15D1F : E0;
15D20 : F8;
15D21 : F8;
15D22 : F8;
15D23 : F8;
15D24 : F8;
15D25 : FC;
15D26 : EC;
15D27 : E0;
15D28 : F8;
15D29 : F8;
15D2A : F8;
15D2B : F8;
15D2C : F8;
15D2D : F8;
15D2E : EC;
15D2F : E0;
15D30 : 9C;
15D31 : 9C;
15D32 : 9C;
15D33 : 9C;
15D34 : 9C;
15D35 : 9C;
15D36 : B8;
15D37 : F0;
15D38 : 3C;
15D39 : 3C;
15D3A : 3C;
15D3B : 5C;
15D3C : 5C;
15D3D : 5C;
15D3E : BC;
15D3F : F8;
15D40 : E4;
15D41 : E4;
15D42 : E4;
15D43 : E4;
15D44 : E4;
15D45 : E4;
15D46 : E4;
15D47 : E4;
15D48 : E4;
15D49 : E4;
15D4A : E4;
15D4B : E4;
15D4C : E4;
15D4D : E4;
15D4E : E4;
15D4F : E4;
15D50 : E4;
15D51 : E4;
15D52 : E4;
15D53 : E4;
15D54 : E4;
15D55 : E4;
15D56 : E4;
15D57 : E4;
15D58 : E4;
15D59 : E4;
15D5A : E4;
15D5B : E4;
15D5C : E4;
15D5D : E4;
15D5E : E4;
15D5F : E4;
15D60 : E4;
15D61 : E4;
15D62 : E4;
15D63 : E4;
15D64 : E4;
15D65 : E4;
15D66 : E4;
15D67 : E4;
15D68 : E4;
15D69 : E4;
15D6A : E4;
15D6B : E4;
15D6C : E4;
15D6D : E4;
15D6E : E4;
15D6F : E4;
15D70 : F4;
15D71 : F4;
15D72 : F4;
15D73 : F4;
15D74 : F4;
15D75 : F4;
15D76 : F4;
15D77 : F4;
15D78 : FC;
15D79 : FC;
15D7A : FC;
15D7B : FC;
15D7C : FC;
15D7D : FC;
15D7E : FC;
15D7F : FC;
15D80 : E4;
15D81 : E4;
15D82 : E4;
15D83 : 83;
15D84 : 63;
15D85 : 63;
15D86 : 63;
15D87 : 63;
15D88 : E4;
15D89 : E4;
15D8A : E4;
15D8B : 83;
15D8C : 63;
15D8D : 63;
15D8E : 63;
15D8F : 63;
15D90 : E4;
15D91 : E4;
15D92 : E4;
15D93 : 83;
15D94 : 63;
15D95 : 63;
15D96 : 63;
15D97 : 63;
15D98 : E4;
15D99 : E4;
15D9A : E4;
15D9B : 83;
15D9C : 63;
15D9D : 63;
15D9E : 63;
15D9F : 63;
15DA0 : E4;
15DA1 : E4;
15DA2 : E4;
15DA3 : 83;
15DA4 : 63;
15DA5 : 63;
15DA6 : 63;
15DA7 : 63;
15DA8 : E4;
15DA9 : E4;
15DAA : E4;
15DAB : 83;
15DAC : 63;
15DAD : 63;
15DAE : 63;
15DAF : 63;
15DB0 : F4;
15DB1 : F4;
15DB2 : F4;
15DB3 : C9;
15DB4 : A5;
15DB5 : A5;
15DB6 : A5;
15DB7 : A5;
15DB8 : FC;
15DB9 : FC;
15DBA : FC;
15DBB : E8;
15DBC : E4;
15DBD : E4;
15DBE : E4;
15DBF : E4;
15DC0 : 63;
15DC1 : 63;
15DC2 : 63;
15DC3 : 63;
15DC4 : 63;
15DC5 : 63;
15DC6 : 63;
15DC7 : 67;
15DC8 : 63;
15DC9 : 63;
15DCA : 63;
15DCB : 63;
15DCC : 63;
15DCD : 63;
15DCE : 63;
15DCF : 67;
15DD0 : 63;
15DD1 : 63;
15DD2 : 63;
15DD3 : 63;
15DD4 : 63;
15DD5 : 63;
15DD6 : 63;
15DD7 : 67;
15DD8 : 63;
15DD9 : 63;
15DDA : 63;
15DDB : 63;
15DDC : 63;
15DDD : 63;
15DDE : 63;
15DDF : 67;
15DE0 : 63;
15DE1 : 63;
15DE2 : 63;
15DE3 : 63;
15DE4 : 63;
15DE5 : 63;
15DE6 : 63;
15DE7 : 67;
15DE8 : 63;
15DE9 : 63;
15DEA : 63;
15DEB : 63;
15DEC : 63;
15DED : 63;
15DEE : 63;
15DEF : 67;
15DF0 : A5;
15DF1 : A5;
15DF2 : C5;
15DF3 : C5;
15DF4 : C5;
15DF5 : C5;
15DF6 : C5;
15DF7 : A9;
15DF8 : E4;
15DF9 : E4;
15DFA : E4;
15DFB : E4;
15DFC : E4;
15DFD : E4;
15DFE : E4;
15DFF : E8;
15E00 : 54;
15E01 : 54;
15E02 : 54;
15E03 : 54;
15E04 : 54;
15E05 : 54;
15E06 : 54;
15E07 : 54;
15E08 : 54;
15E09 : 54;
15E0A : 54;
15E0B : 54;
15E0C : 54;
15E0D : 54;
15E0E : 54;
15E0F : 54;
15E10 : 54;
15E11 : 54;
15E12 : 54;
15E13 : 54;
15E14 : 54;
15E15 : 54;
15E16 : 54;
15E17 : 54;
15E18 : 54;
15E19 : 54;
15E1A : 54;
15E1B : 54;
15E1C : 54;
15E1D : 54;
15E1E : 54;
15E1F : 54;
15E20 : 54;
15E21 : 54;
15E22 : 54;
15E23 : 54;
15E24 : 54;
15E25 : 54;
15E26 : 54;
15E27 : 54;
15E28 : 54;
15E29 : 54;
15E2A : 54;
15E2B : 54;
15E2C : 54;
15E2D : 54;
15E2E : 54;
15E2F : 54;
15E30 : 39;
15E31 : 39;
15E32 : 59;
15E33 : 59;
15E34 : 59;
15E35 : 39;
15E36 : 39;
15E37 : 39;
15E38 : 3A;
15E39 : 3E;
15E3A : 3E;
15E3B : 3E;
15E3C : 3E;
15E3D : 3E;
15E3E : 3E;
15E3F : 3E;
15E40 : 54;
15E41 : 54;
15E42 : 54;
15E43 : 34;
15E44 : 94;
15E45 : F4;
15E46 : F4;
15E47 : F4;
15E48 : 54;
15E49 : 54;
15E4A : 54;
15E4B : 34;
15E4C : 94;
15E4D : F4;
15E4E : F4;
15E4F : F4;
15E50 : 54;
15E51 : 54;
15E52 : 54;
15E53 : 34;
15E54 : 94;
15E55 : F4;
15E56 : F4;
15E57 : F4;
15E58 : 54;
15E59 : 54;
15E5A : 54;
15E5B : 34;
15E5C : 94;
15E5D : F4;
15E5E : F4;
15E5F : F4;
15E60 : 54;
15E61 : 54;
15E62 : 54;
15E63 : 34;
15E64 : 94;
15E65 : F4;
15E66 : F4;
15E67 : F4;
15E68 : 54;
15E69 : 54;
15E6A : 54;
15E6B : 34;
15E6C : 94;
15E6D : F4;
15E6E : F4;
15E6F : F4;
15E70 : 39;
15E71 : 59;
15E72 : 39;
15E73 : 39;
15E74 : 79;
15E75 : 94;
15E76 : 94;
15E77 : 94;
15E78 : 3E;
15E79 : 3E;
15E7A : 3E;
15E7B : 3E;
15E7C : 39;
15E7D : 54;
15E7E : 54;
15E7F : 54;
15E80 : F4;
15E81 : F4;
15E82 : F4;
15E83 : F4;
15E84 : F4;
15E85 : F4;
15E86 : F4;
15E87 : F4;
15E88 : F4;
15E89 : F4;
15E8A : F4;
15E8B : F4;
15E8C : F4;
15E8D : F4;
15E8E : F4;
15E8F : F4;
15E90 : F4;
15E91 : F4;
15E92 : F4;
15E93 : F4;
15E94 : F4;
15E95 : F4;
15E96 : F4;
15E97 : F4;
15E98 : F4;
15E99 : F4;
15E9A : F4;
15E9B : F4;
15E9C : F4;
15E9D : F4;
15E9E : F4;
15E9F : F4;
15EA0 : F4;
15EA1 : F4;
15EA2 : F4;
15EA3 : F4;
15EA4 : F4;
15EA5 : F4;
15EA6 : F4;
15EA7 : F4;
15EA8 : F4;
15EA9 : F4;
15EAA : F4;
15EAB : F4;
15EAC : F4;
15EAD : F4;
15EAE : F4;
15EAF : F4;
15EB0 : 94;
15EB1 : 94;
15EB2 : 94;
15EB3 : 94;
15EB4 : 94;
15EB5 : 94;
15EB6 : 94;
15EB7 : 94;
15EB8 : 54;
15EB9 : 54;
15EBA : 54;
15EBB : 54;
15EBC : 54;
15EBD : 54;
15EBE : 54;
15EBF : 54;
15EC0 : F4;
15EC1 : F0;
15EC2 : E4;
15EC3 : E8;
15EC4 : E8;
15EC5 : E8;
15EC6 : E8;
15EC7 : E8;
15EC8 : F4;
15EC9 : F0;
15ECA : E4;
15ECB : E8;
15ECC : E8;
15ECD : E8;
15ECE : E8;
15ECF : E8;
15ED0 : F4;
15ED1 : F0;
15ED2 : E4;
15ED3 : E8;
15ED4 : E8;
15ED5 : E8;
15ED6 : E8;
15ED7 : E8;
15ED8 : F4;
15ED9 : F0;
15EDA : E4;
15EDB : E8;
15EDC : E8;
15EDD : E8;
15EDE : E8;
15EDF : E8;
15EE0 : F4;
15EE1 : F0;
15EE2 : E4;
15EE3 : E8;
15EE4 : E8;
15EE5 : E8;
15EE6 : E8;
15EE7 : E8;
15EE8 : F4;
15EE9 : F0;
15EEA : E4;
15EEB : E8;
15EEC : E8;
15EED : E8;
15EEE : E8;
15EEF : E8;
15EF0 : 94;
15EF1 : B4;
15EF2 : F0;
15EF3 : F0;
15EF4 : F0;
15EF5 : F0;
15EF6 : F0;
15EF7 : F0;
15EF8 : 54;
15EF9 : 94;
15EFA : F4;
15EFB : F4;
15EFC : F4;
15EFD : F4;
15EFE : F4;
15EFF : F4;
15F00 : E8;
15F01 : E8;
15F02 : E8;
15F03 : E8;
15F04 : E8;
15F05 : E8;
15F06 : C2;
15F07 : 83;
15F08 : E8;
15F09 : E8;
15F0A : E8;
15F0B : E8;
15F0C : E8;
15F0D : E8;
15F0E : C2;
15F0F : 83;
15F10 : E8;
15F11 : E8;
15F12 : E8;
15F13 : E8;
15F14 : E8;
15F15 : E8;
15F16 : C2;
15F17 : 83;
15F18 : E8;
15F19 : E8;
15F1A : E8;
15F1B : E8;
15F1C : E8;
15F1D : E8;
15F1E : C2;
15F1F : 83;
15F20 : E8;
15F21 : E8;
15F22 : E8;
15F23 : E8;
15F24 : E8;
15F25 : E8;
15F26 : C2;
15F27 : 83;
15F28 : E8;
15F29 : E8;
15F2A : E8;
15F2B : E8;
15F2C : E8;
15F2D : E8;
15F2E : A3;
15F2F : 83;
15F30 : F0;
15F31 : F0;
15F32 : F0;
15F33 : F0;
15F34 : F0;
15F35 : F0;
15F36 : C9;
15F37 : C5;
15F38 : F4;
15F39 : F4;
15F3A : F4;
15F3B : F4;
15F3C : F4;
15F3D : F4;
15F3E : EC;
15F3F : E8;
15F40 : 83;
15F41 : 83;
15F42 : 83;
15F43 : 83;
15F44 : 83;
15F45 : 83;
15F46 : 83;
15F47 : 83;
15F48 : 83;
15F49 : 83;
15F4A : 83;
15F4B : 83;
15F4C : 83;
15F4D : 83;
15F4E : 83;
15F4F : 83;
15F50 : 83;
15F51 : 83;
15F52 : 83;
15F53 : 83;
15F54 : 83;
15F55 : 83;
15F56 : 83;
15F57 : 83;
15F58 : 83;
15F59 : 83;
15F5A : 83;
15F5B : 83;
15F5C : 83;
15F5D : 83;
15F5E : 83;
15F5F : 83;
15F60 : 83;
15F61 : 83;
15F62 : 83;
15F63 : 83;
15F64 : 83;
15F65 : 83;
15F66 : 83;
15F67 : 83;
15F68 : 83;
15F69 : 83;
15F6A : 83;
15F6B : 83;
15F6C : 83;
15F6D : 83;
15F6E : 83;
15F6F : 83;
15F70 : C5;
15F71 : C5;
15F72 : C5;
15F73 : C5;
15F74 : C5;
15F75 : C5;
15F76 : C5;
15F77 : C5;
15F78 : E8;
15F79 : E8;
15F7A : E8;
15F7B : E8;
15F7C : E8;
15F7D : E8;
15F7E : E8;
15F7F : E8;
15F80 : 83;
15F81 : 83;
15F82 : 83;
15F83 : E1;
15F84 : E1;
15F85 : E1;
15F86 : E1;
15F87 : E1;
15F88 : 83;
15F89 : 83;
15F8A : 83;
15F8B : E1;
15F8C : E1;
15F8D : E1;
15F8E : E1;
15F8F : E1;
15F90 : 83;
15F91 : 83;
15F92 : 83;
15F93 : E1;
15F94 : E1;
15F95 : E1;
15F96 : E1;
15F97 : E1;
15F98 : 83;
15F99 : 83;
15F9A : 83;
15F9B : E1;
15F9C : E1;
15F9D : E1;
15F9E : E1;
15F9F : E1;
15FA0 : 83;
15FA1 : 83;
15FA2 : 83;
15FA3 : E1;
15FA4 : E1;
15FA5 : E1;
15FA6 : E1;
15FA7 : E1;
15FA8 : 83;
15FA9 : 83;
15FAA : A3;
15FAB : E1;
15FAC : E1;
15FAD : E1;
15FAE : E1;
15FAF : E1;
15FB0 : C5;
15FB1 : C5;
15FB2 : C5;
15FB3 : C2;
15FB4 : C2;
15FB5 : C2;
15FB6 : C2;
15FB7 : C2;
15FB8 : E8;
15FB9 : E8;
15FBA : E8;
15FBB : A2;
15FBC : 83;
15FBD : 83;
15FBE : 83;
15FBF : 83;
15FC0 : E1;
15FC1 : E1;
15FC2 : E1;
15FC3 : E1;
15FC4 : E1;
15FC5 : E1;
15FC6 : E1;
15FC7 : E1;
15FC8 : E1;
15FC9 : E1;
15FCA : E1;
15FCB : E1;
15FCC : E1;
15FCD : E1;
15FCE : E1;
15FCF : E1;
15FD0 : E1;
15FD1 : E1;
15FD2 : E1;
15FD3 : E1;
15FD4 : E1;
15FD5 : E1;
15FD6 : E1;
15FD7 : E1;
15FD8 : E1;
15FD9 : E1;
15FDA : E1;
15FDB : E1;
15FDC : E1;
15FDD : E1;
15FDE : E1;
15FDF : E1;
15FE0 : E1;
15FE1 : E1;
15FE2 : E1;
15FE3 : E1;
15FE4 : E1;
15FE5 : E1;
15FE6 : E1;
15FE7 : E1;
15FE8 : E1;
15FE9 : E1;
15FEA : E1;
15FEB : E1;
15FEC : E1;
15FED : E1;
15FEE : E1;
15FEF : E1;
15FF0 : C2;
15FF1 : C2;
15FF2 : C2;
15FF3 : C2;
15FF4 : C2;
15FF5 : C2;
15FF6 : C3;
15FF7 : C2;
15FF8 : 83;
15FF9 : 83;
15FFA : 83;
15FFB : 83;
15FFC : 83;
15FFD : 83;
15FFE : 83;
15FFF : A3;
16000 : A4;
16001 : A4;
16002 : A4;
16003 : A4;
16004 : A4;
16005 : A4;
16006 : A4;
16007 : A4;
16008 : A4;
16009 : A4;
1600A : A4;
1600B : A4;
1600C : A4;
1600D : A4;
1600E : A4;
1600F : A4;
16010 : A4;
16011 : A4;
16012 : A4;
16013 : A4;
16014 : A4;
16015 : A4;
16016 : A4;
16017 : A4;
16018 : A4;
16019 : A4;
1601A : A4;
1601B : A4;
1601C : A4;
1601D : A4;
1601E : A4;
1601F : A4;
16020 : A4;
16021 : A4;
16022 : A4;
16023 : A4;
16024 : A4;
16025 : A4;
16026 : A4;
16027 : A4;
16028 : A4;
16029 : A4;
1602A : A4;
1602B : A4;
1602C : A4;
1602D : A4;
1602E : A4;
1602F : A4;
16030 : C9;
16031 : C8;
16032 : C8;
16033 : C8;
16034 : C8;
16035 : C8;
16036 : C8;
16037 : C8;
16038 : ED;
16039 : EC;
1603A : EC;
1603B : EC;
1603C : EC;
1603D : EC;
1603E : EC;
1603F : EC;
16040 : A4;
16041 : A4;
16042 : A4;
16043 : A4;
16044 : 85;
16045 : 43;
16046 : 43;
16047 : 43;
16048 : A4;
16049 : A4;
1604A : A4;
1604B : A4;
1604C : 85;
1604D : 43;
1604E : 43;
1604F : 43;
16050 : A4;
16051 : A4;
16052 : A4;
16053 : A4;
16054 : 85;
16055 : 43;
16056 : 43;
16057 : 43;
16058 : A4;
16059 : A4;
1605A : A4;
1605B : A4;
1605C : 85;
1605D : 43;
1605E : 43;
1605F : 43;
16060 : A4;
16061 : A4;
16062 : A4;
16063 : A4;
16064 : 85;
16065 : 43;
16066 : 43;
16067 : 43;
16068 : A4;
16069 : A4;
1606A : A4;
1606B : A4;
1606C : 85;
1606D : 43;
1606E : 43;
1606F : 43;
16070 : C8;
16071 : C8;
16072 : C8;
16073 : C8;
16074 : C8;
16075 : 86;
16076 : 86;
16077 : 86;
16078 : EC;
16079 : EC;
1607A : EC;
1607B : ED;
1607C : CC;
1607D : A4;
1607E : A4;
1607F : A4;
16080 : 43;
16081 : 43;
16082 : 43;
16083 : 43;
16084 : 43;
16085 : 43;
16086 : 43;
16087 : 43;
16088 : 43;
16089 : 43;
1608A : 43;
1608B : 43;
1608C : 43;
1608D : 43;
1608E : 43;
1608F : 43;
16090 : 43;
16091 : 43;
16092 : 43;
16093 : 43;
16094 : 43;
16095 : 43;
16096 : 43;
16097 : 43;
16098 : 43;
16099 : 43;
1609A : 43;
1609B : 43;
1609C : 43;
1609D : 43;
1609E : 43;
1609F : 43;
160A0 : 43;
160A1 : 43;
160A2 : 43;
160A3 : 43;
160A4 : 43;
160A5 : 43;
160A6 : 43;
160A7 : 43;
160A8 : 43;
160A9 : 43;
160AA : 43;
160AB : 43;
160AC : 43;
160AD : 43;
160AE : 43;
160AF : 43;
160B0 : 86;
160B1 : 86;
160B2 : 86;
160B3 : 86;
160B4 : 86;
160B5 : 82;
160B6 : 86;
160B7 : 82;
160B8 : A4;
160B9 : A4;
160BA : A4;
160BB : A4;
160BC : A4;
160BD : A4;
160BE : A4;
160BF : A4;
160C0 : 43;
160C1 : 6F;
160C2 : B7;
160C3 : B6;
160C4 : B6;
160C5 : B6;
160C6 : B6;
160C7 : B7;
160C8 : 43;
160C9 : 6F;
160CA : B7;
160CB : B6;
160CC : B6;
160CD : B6;
160CE : B6;
160CF : B7;
160D0 : 43;
160D1 : 6F;
160D2 : B7;
160D3 : B6;
160D4 : B6;
160D5 : B6;
160D6 : B7;
160D7 : B7;
160D8 : 43;
160D9 : 6F;
160DA : B7;
160DB : B6;
160DC : B6;
160DD : B6;
160DE : B7;
160DF : B7;
160E0 : 43;
160E1 : 6F;
160E2 : B7;
160E3 : B6;
160E4 : B7;
160E5 : B7;
160E6 : B7;
160E7 : B7;
160E8 : 43;
160E9 : 6F;
160EA : B7;
160EB : B6;
160EC : B6;
160ED : B6;
160EE : B6;
160EF : B6;
160F0 : 85;
160F1 : 86;
160F2 : 6B;
160F3 : 6B;
160F4 : 6B;
160F5 : 6B;
160F6 : 6B;
160F7 : 6B;
160F8 : A4;
160F9 : 82;
160FA : 43;
160FB : 43;
160FC : 43;
160FD : 43;
160FE : 43;
160FF : 43;
16100 : B7;
16101 : B7;
16102 : B7;
16103 : B6;
16104 : B7;
16105 : B7;
16106 : 79;
16107 : 5C;
16108 : B7;
16109 : B7;
1610A : B7;
1610B : B7;
1610C : B7;
1610D : B7;
1610E : 79;
1610F : 5C;
16110 : B7;
16111 : B7;
16112 : B7;
16113 : B7;
16114 : B7;
16115 : B7;
16116 : 79;
16117 : 5C;
16118 : B7;
16119 : B7;
1611A : B7;
1611B : B7;
1611C : B7;
1611D : B7;
1611E : 79;
1611F : 5C;
16120 : B7;
16121 : B7;
16122 : B7;
16123 : B7;
16124 : B7;
16125 : B7;
16126 : 79;
16127 : 5C;
16128 : B6;
16129 : B6;
1612A : B6;
1612B : B6;
1612C : B6;
1612D : B7;
1612E : 79;
1612F : 5C;
16130 : 6B;
16131 : 6B;
16132 : 6B;
16133 : 6B;
16134 : 6B;
16135 : 6B;
16136 : 92;
16137 : 9A;
16138 : 43;
16139 : 43;
1613A : 43;
1613B : 43;
1613C : 43;
1613D : 43;
1613E : 8F;
1613F : B6;
16140 : 5C;
16141 : 5C;
16142 : 5C;
16143 : 5C;
16144 : 5C;
16145 : 5C;
16146 : 5C;
16147 : 5C;
16148 : 5C;
16149 : 5C;
1614A : 5C;
1614B : 5C;
1614C : 5C;
1614D : 5C;
1614E : 5C;
1614F : 5C;
16150 : 5C;
16151 : 5C;
16152 : 5C;
16153 : 5C;
16154 : 5C;
16155 : 5C;
16156 : 5C;
16157 : 5C;
16158 : 5C;
16159 : 5C;
1615A : 5C;
1615B : 5C;
1615C : 5C;
1615D : 5C;
1615E : 5C;
1615F : 5C;
16160 : 5C;
16161 : 5C;
16162 : 5C;
16163 : 5C;
16164 : 5C;
16165 : 5C;
16166 : 5C;
16167 : 5C;
16168 : 5C;
16169 : 5C;
1616A : 5C;
1616B : 5C;
1616C : 5C;
1616D : 5C;
1616E : 5C;
1616F : 5C;
16170 : 9A;
16171 : 9A;
16172 : 9A;
16173 : 9A;
16174 : 9A;
16175 : 9A;
16176 : 9A;
16177 : 9A;
16178 : B7;
16179 : B7;
1617A : B7;
1617B : B7;
1617C : B7;
1617D : B7;
1617E : B7;
1617F : B7;
16180 : 5C;
16181 : 5C;
16182 : 7C;
16183 : CC;
16184 : E8;
16185 : E8;
16186 : E8;
16187 : E8;
16188 : 5C;
16189 : 5C;
1618A : 7C;
1618B : CC;
1618C : E8;
1618D : E8;
1618E : E8;
1618F : E8;
16190 : 5C;
16191 : 5C;
16192 : 7C;
16193 : CC;
16194 : E8;
16195 : E8;
16196 : E8;
16197 : E8;
16198 : 5C;
16199 : 5C;
1619A : 7C;
1619B : CC;
1619C : E8;
1619D : E8;
1619E : E8;
1619F : E8;
161A0 : 5C;
161A1 : 5C;
161A2 : 7C;
161A3 : CC;
161A4 : E8;
161A5 : E8;
161A6 : E8;
161A7 : E8;
161A8 : 5C;
161A9 : 5C;
161AA : 7C;
161AB : CC;
161AC : E4;
161AD : E4;
161AE : E4;
161AF : E4;
161B0 : 9A;
161B1 : 9A;
161B2 : 9A;
161B3 : 95;
161B4 : 94;
161B5 : 94;
161B6 : 94;
161B7 : 94;
161B8 : B7;
161B9 : B7;
161BA : B6;
161BB : 7D;
161BC : 5C;
161BD : 5C;
161BE : 5C;
161BF : 5C;
161C0 : E8;
161C1 : E8;
161C2 : E8;
161C3 : E8;
161C4 : E8;
161C5 : E8;
161C6 : E8;
161C7 : E8;
161C8 : E8;
161C9 : E8;
161CA : E8;
161CB : E8;
161CC : E8;
161CD : E8;
161CE : E8;
161CF : E8;
161D0 : E8;
161D1 : E8;
161D2 : E8;
161D3 : E8;
161D4 : E8;
161D5 : E8;
161D6 : E8;
161D7 : E8;
161D8 : E8;
161D9 : E8;
161DA : E8;
161DB : E8;
161DC : E8;
161DD : E8;
161DE : E8;
161DF : E8;
161E0 : E8;
161E1 : E8;
161E2 : E8;
161E3 : E8;
161E4 : E8;
161E5 : E8;
161E6 : E8;
161E7 : E8;
161E8 : E4;
161E9 : E4;
161EA : E4;
161EB : E4;
161EC : E8;
161ED : E8;
161EE : E8;
161EF : E8;
161F0 : 94;
161F1 : 94;
161F2 : 94;
161F3 : 94;
161F4 : 94;
161F5 : 94;
161F6 : 94;
161F7 : 94;
161F8 : 5C;
161F9 : 5C;
161FA : 5C;
161FB : 5C;
161FC : 5C;
161FD : 5C;
161FE : 5C;
161FF : 5C;
16200 : E4;
16201 : E4;
16202 : E4;
16203 : E4;
16204 : E4;
16205 : E4;
16206 : E4;
16207 : E4;
16208 : E4;
16209 : E4;
1620A : E4;
1620B : E4;
1620C : E4;
1620D : E4;
1620E : E4;
1620F : E4;
16210 : E4;
16211 : E4;
16212 : E4;
16213 : E4;
16214 : E4;
16215 : E4;
16216 : E4;
16217 : E4;
16218 : E4;
16219 : E4;
1621A : E4;
1621B : E4;
1621C : E4;
1621D : E4;
1621E : E4;
1621F : E4;
16220 : E4;
16221 : E4;
16222 : E4;
16223 : E4;
16224 : E4;
16225 : E4;
16226 : E4;
16227 : E4;
16228 : E4;
16229 : E4;
1622A : E4;
1622B : E4;
1622C : E4;
1622D : E4;
1622E : E4;
1622F : E4;
16230 : E4;
16231 : E4;
16232 : E4;
16233 : E4;
16234 : E4;
16235 : E4;
16236 : E4;
16237 : E4;
16238 : E4;
16239 : E4;
1623A : E4;
1623B : E4;
1623C : E4;
1623D : E4;
1623E : E4;
1623F : E4;
16240 : E4;
16241 : E4;
16242 : E4;
16243 : E4;
16244 : C5;
16245 : A6;
16246 : A6;
16247 : A6;
16248 : E4;
16249 : E4;
1624A : E4;
1624B : E4;
1624C : C5;
1624D : A6;
1624E : A6;
1624F : A6;
16250 : E4;
16251 : E4;
16252 : E4;
16253 : E4;
16254 : C5;
16255 : A6;
16256 : A6;
16257 : A6;
16258 : E4;
16259 : E4;
1625A : E4;
1625B : E4;
1625C : C5;
1625D : A6;
1625E : A6;
1625F : A6;
16260 : E4;
16261 : E4;
16262 : E4;
16263 : E4;
16264 : C5;
16265 : A6;
16266 : A6;
16267 : A6;
16268 : E4;
16269 : E4;
1626A : E4;
1626B : E4;
1626C : C5;
1626D : A6;
1626E : A6;
1626F : A6;
16270 : E4;
16271 : E4;
16272 : E4;
16273 : E4;
16274 : C5;
16275 : A6;
16276 : A6;
16277 : A6;
16278 : E4;
16279 : E4;
1627A : E4;
1627B : E4;
1627C : C5;
1627D : A6;
1627E : A6;
1627F : A6;
16280 : A6;
16281 : A6;
16282 : A6;
16283 : A6;
16284 : A6;
16285 : A6;
16286 : A6;
16287 : A6;
16288 : A6;
16289 : A6;
1628A : A6;
1628B : A6;
1628C : A6;
1628D : A6;
1628E : A6;
1628F : A6;
16290 : A6;
16291 : A6;
16292 : A6;
16293 : A6;
16294 : A6;
16295 : A6;
16296 : A6;
16297 : A6;
16298 : A6;
16299 : A6;
1629A : A6;
1629B : A6;
1629C : A6;
1629D : A6;
1629E : A6;
1629F : A6;
162A0 : A6;
162A1 : A6;
162A2 : A6;
162A3 : A6;
162A4 : A6;
162A5 : A6;
162A6 : A6;
162A7 : A6;
162A8 : A6;
162A9 : A6;
162AA : A6;
162AB : A6;
162AC : A6;
162AD : A6;
162AE : A6;
162AF : A6;
162B0 : A6;
162B1 : A6;
162B2 : A6;
162B3 : A6;
162B4 : A6;
162B5 : A6;
162B6 : A6;
162B7 : A6;
162B8 : A6;
162B9 : A6;
162BA : A6;
162BB : A6;
162BC : A6;
162BD : A6;
162BE : A6;
162BF : A6;
162C0 : A5;
162C1 : 8A;
162C2 : 73;
162C3 : 73;
162C4 : 73;
162C5 : 73;
162C6 : 73;
162C7 : 73;
162C8 : A6;
162C9 : AA;
162CA : 73;
162CB : 73;
162CC : 73;
162CD : 73;
162CE : 73;
162CF : 73;
162D0 : A6;
162D1 : 8B;
162D2 : 73;
162D3 : 73;
162D4 : 73;
162D5 : 73;
162D6 : 73;
162D7 : 73;
162D8 : A6;
162D9 : 8B;
162DA : 73;
162DB : 73;
162DC : 73;
162DD : 73;
162DE : 73;
162DF : 73;
162E0 : A6;
162E1 : 8B;
162E2 : 73;
162E3 : 73;
162E4 : 73;
162E5 : 73;
162E6 : 73;
162E7 : 73;
162E8 : A6;
162E9 : 8B;
162EA : 73;
162EB : 73;
162EC : 73;
162ED : 73;
162EE : 73;
162EF : 73;
162F0 : A6;
162F1 : 8B;
162F2 : 73;
162F3 : 73;
162F4 : 73;
162F5 : 73;
162F6 : 73;
162F7 : 73;
162F8 : A6;
162F9 : 8B;
162FA : 73;
162FB : 73;
162FC : 73;
162FD : 73;
162FE : 73;
162FF : 73;
16300 : 73;
16301 : 73;
16302 : 73;
16303 : 73;
16304 : 73;
16305 : 73;
16306 : 5B;
16307 : 1F;
16308 : 73;
16309 : 73;
1630A : 73;
1630B : 73;
1630C : 73;
1630D : 73;
1630E : 5B;
1630F : 1F;
16310 : 73;
16311 : 73;
16312 : 73;
16313 : 73;
16314 : 73;
16315 : 73;
16316 : 5B;
16317 : 1F;
16318 : 73;
16319 : 73;
1631A : 73;
1631B : 73;
1631C : 73;
1631D : 73;
1631E : 5B;
1631F : 1F;
16320 : 73;
16321 : 73;
16322 : 73;
16323 : 73;
16324 : 73;
16325 : 73;
16326 : 5B;
16327 : 1F;
16328 : 73;
16329 : 73;
1632A : 73;
1632B : 73;
1632C : 73;
1632D : 73;
1632E : 5B;
1632F : 1F;
16330 : 73;
16331 : 73;
16332 : 73;
16333 : 73;
16334 : 73;
16335 : 73;
16336 : 5B;
16337 : 1F;
16338 : 73;
16339 : 73;
1633A : 73;
1633B : 73;
1633C : 93;
1633D : 73;
1633E : 5B;
1633F : 1F;
16340 : 1F;
16341 : 1F;
16342 : 1F;
16343 : 1F;
16344 : 1F;
16345 : 1F;
16346 : 1F;
16347 : 1F;
16348 : 1F;
16349 : 1F;
1634A : 1F;
1634B : 1F;
1634C : 1F;
1634D : 1F;
1634E : 1F;
1634F : 1F;
16350 : 1F;
16351 : 1F;
16352 : 1F;
16353 : 1F;
16354 : 1F;
16355 : 1F;
16356 : 1F;
16357 : 1F;
16358 : 1F;
16359 : 1F;
1635A : 1F;
1635B : 1F;
1635C : 1F;
1635D : 1F;
1635E : 1F;
1635F : 1F;
16360 : 1F;
16361 : 1F;
16362 : 1F;
16363 : 1F;
16364 : 1F;
16365 : 1F;
16366 : 1F;
16367 : 1F;
16368 : 1F;
16369 : 1F;
1636A : 1F;
1636B : 1F;
1636C : 1F;
1636D : 1F;
1636E : 1F;
1636F : 1F;
16370 : 1F;
16371 : 1F;
16372 : 1F;
16373 : 1F;
16374 : 1F;
16375 : 1F;
16376 : 1F;
16377 : 1F;
16378 : 1F;
16379 : 1F;
1637A : 1F;
1637B : 1F;
1637C : 1F;
1637D : 1F;
1637E : 1F;
1637F : 1F;
16380 : 1F;
16381 : 1F;
16382 : 1F;
16383 : DC;
16384 : FC;
16385 : FC;
16386 : FC;
16387 : FC;
16388 : 1F;
16389 : 1F;
1638A : 1F;
1638B : DC;
1638C : FC;
1638D : FC;
1638E : FC;
1638F : FC;
16390 : 1F;
16391 : 1F;
16392 : 1F;
16393 : DC;
16394 : FC;
16395 : FC;
16396 : FC;
16397 : FC;
16398 : 1F;
16399 : 1F;
1639A : 1F;
1639B : DC;
1639C : FC;
1639D : FC;
1639E : FC;
1639F : FC;
163A0 : 1F;
163A1 : 1F;
163A2 : 1F;
163A3 : DC;
163A4 : FC;
163A5 : FC;
163A6 : FC;
163A7 : FC;
163A8 : 1F;
163A9 : 1F;
163AA : 1F;
163AB : DC;
163AC : FC;
163AD : FC;
163AE : FC;
163AF : FC;
163B0 : 1F;
163B1 : 1F;
163B2 : 1F;
163B3 : DC;
163B4 : FC;
163B5 : FC;
163B6 : FC;
163B7 : FC;
163B8 : 1F;
163B9 : 1F;
163BA : 1F;
163BB : DC;
163BC : FC;
163BD : FC;
163BE : FC;
163BF : FC;
163C0 : FC;
163C1 : FC;
163C2 : FC;
163C3 : FC;
163C4 : FC;
163C5 : FC;
163C6 : FC;
163C7 : F9;
163C8 : FC;
163C9 : FC;
163CA : FC;
163CB : FC;
163CC : FC;
163CD : FC;
163CE : FC;
163CF : F9;
163D0 : FC;
163D1 : FC;
163D2 : FC;
163D3 : FC;
163D4 : FC;
163D5 : FC;
163D6 : FC;
163D7 : F9;
163D8 : FC;
163D9 : FC;
163DA : FC;
163DB : FC;
163DC : FC;
163DD : FC;
163DE : FC;
163DF : F9;
163E0 : FC;
163E1 : FC;
163E2 : FC;
163E3 : FC;
163E4 : FC;
163E5 : FC;
163E6 : FC;
163E7 : F9;
163E8 : FC;
163E9 : FC;
163EA : FC;
163EB : FC;
163EC : FC;
163ED : FC;
163EE : FC;
163EF : F9;
163F0 : FC;
163F1 : FC;
163F2 : FC;
163F3 : FC;
163F4 : FC;
163F5 : FC;
163F6 : FC;
163F7 : F9;
163F8 : FC;
163F9 : FC;
163FA : FC;
163FB : FC;
163FC : FC;
163FD : FC;
163FE : FC;
163FF : F9;
16400 : CA;
16401 : E7;
16402 : C7;
16403 : E7;
16404 : E7;
16405 : E7;
16406 : E7;
16407 : E7;
16408 : CA;
16409 : E7;
1640A : C7;
1640B : C7;
1640C : C7;
1640D : E7;
1640E : E7;
1640F : E7;
16410 : CB;
16411 : E7;
16412 : C7;
16413 : C7;
16414 : C7;
16415 : E7;
16416 : E7;
16417 : E7;
16418 : CB;
16419 : E7;
1641A : C7;
1641B : C7;
1641C : C7;
1641D : E7;
1641E : E7;
1641F : E7;
16420 : CB;
16421 : E7;
16422 : C7;
16423 : C7;
16424 : C7;
16425 : E7;
16426 : E7;
16427 : E7;
16428 : CB;
16429 : E7;
1642A : C7;
1642B : C7;
1642C : C7;
1642D : E7;
1642E : E7;
1642F : E7;
16430 : CB;
16431 : E7;
16432 : C7;
16433 : C7;
16434 : C7;
16435 : C7;
16436 : E7;
16437 : E7;
16438 : CB;
16439 : E7;
1643A : C7;
1643B : C7;
1643C : C7;
1643D : C7;
1643E : C7;
1643F : C7;
16440 : E7;
16441 : E7;
16442 : E7;
16443 : E7;
16444 : C7;
16445 : 46;
16446 : 46;
16447 : 46;
16448 : E7;
16449 : E7;
1644A : E7;
1644B : E7;
1644C : C7;
1644D : 46;
1644E : 46;
1644F : 46;
16450 : E7;
16451 : E7;
16452 : E7;
16453 : E7;
16454 : C7;
16455 : 46;
16456 : 46;
16457 : 46;
16458 : E7;
16459 : E7;
1645A : E7;
1645B : E7;
1645C : C7;
1645D : 46;
1645E : 46;
1645F : 46;
16460 : E7;
16461 : E7;
16462 : E7;
16463 : E7;
16464 : C7;
16465 : 46;
16466 : 46;
16467 : 46;
16468 : E7;
16469 : E7;
1646A : E7;
1646B : E7;
1646C : C7;
1646D : 46;
1646E : 46;
1646F : 46;
16470 : E7;
16471 : E7;
16472 : E7;
16473 : E7;
16474 : C7;
16475 : 46;
16476 : 46;
16477 : 46;
16478 : C7;
16479 : E7;
1647A : C7;
1647B : E7;
1647C : C7;
1647D : 46;
1647E : 46;
1647F : 46;
16480 : 46;
16481 : 46;
16482 : 46;
16483 : 46;
16484 : 46;
16485 : 46;
16486 : 46;
16487 : 46;
16488 : 46;
16489 : 46;
1648A : 46;
1648B : 46;
1648C : 46;
1648D : 46;
1648E : 46;
1648F : 46;
16490 : 46;
16491 : 46;
16492 : 46;
16493 : 46;
16494 : 46;
16495 : 46;
16496 : 46;
16497 : 66;
16498 : 46;
16499 : 46;
1649A : 46;
1649B : 46;
1649C : 46;
1649D : 46;
1649E : 46;
1649F : 66;
164A0 : 46;
164A1 : 46;
164A2 : 46;
164A3 : 46;
164A4 : 46;
164A5 : 46;
164A6 : 46;
164A7 : 66;
164A8 : 46;
164A9 : 46;
164AA : 46;
164AB : 46;
164AC : 46;
164AD : 46;
164AE : 46;
164AF : 66;
164B0 : 46;
164B1 : 46;
164B2 : 46;
164B3 : 46;
164B4 : 46;
164B5 : 46;
164B6 : 46;
164B7 : 66;
164B8 : 46;
164B9 : 46;
164BA : 46;
164BB : 46;
164BC : 46;
164BD : 46;
164BE : 46;
164BF : 66;
164C0 : 46;
164C1 : 33;
164C2 : 1F;
164C3 : 1F;
164C4 : 1F;
164C5 : 1F;
164C6 : 1F;
164C7 : 1F;
164C8 : 46;
164C9 : 33;
164CA : 1F;
164CB : 1F;
164CC : 1F;
164CD : 1F;
164CE : 1F;
164CF : 1F;
164D0 : 46;
164D1 : 33;
164D2 : 1F;
164D3 : 1F;
164D4 : 1F;
164D5 : 1F;
164D6 : 1F;
164D7 : 1F;
164D8 : 46;
164D9 : 53;
164DA : 1F;
164DB : 1F;
164DC : 1F;
164DD : 1F;
164DE : 1F;
164DF : 1F;
164E0 : 46;
164E1 : 53;
164E2 : 1F;
164E3 : 1F;
164E4 : 1F;
164E5 : 1F;
164E6 : 1F;
164E7 : 1F;
164E8 : 46;
164E9 : 53;
164EA : 1F;
164EB : 1F;
164EC : 1F;
164ED : 1F;
164EE : 1F;
164EF : 1F;
164F0 : 46;
164F1 : 53;
164F2 : 1F;
164F3 : 1F;
164F4 : 1F;
164F5 : 1F;
164F6 : 1F;
164F7 : 1F;
164F8 : 46;
164F9 : 53;
164FA : 1F;
164FB : 1F;
164FC : 1F;
164FD : 1F;
164FE : 1F;
164FF : 1F;
16500 : 1F;
16501 : 1F;
16502 : 1F;
16503 : 1F;
16504 : 1F;
16505 : 1F;
16506 : 3D;
16507 : 3C;
16508 : 1F;
16509 : 1F;
1650A : 1F;
1650B : 1F;
1650C : 1F;
1650D : 1F;
1650E : 3D;
1650F : 3C;
16510 : 1F;
16511 : 1F;
16512 : 1F;
16513 : 1F;
16514 : 1F;
16515 : 1F;
16516 : 3D;
16517 : 3C;
16518 : 1F;
16519 : 1F;
1651A : 1F;
1651B : 1F;
1651C : 1F;
1651D : 1F;
1651E : 3D;
1651F : 3C;
16520 : 1F;
16521 : 1F;
16522 : 1F;
16523 : 1F;
16524 : 1F;
16525 : 1F;
16526 : 3D;
16527 : 3C;
16528 : 1F;
16529 : 1F;
1652A : 1F;
1652B : 1F;
1652C : 1F;
1652D : 1F;
1652E : 3D;
1652F : 3C;
16530 : 1F;
16531 : 1F;
16532 : 1F;
16533 : 1F;
16534 : 1F;
16535 : 1F;
16536 : 3D;
16537 : 3C;
16538 : 1F;
16539 : 1F;
1653A : 1F;
1653B : 1F;
1653C : 1F;
1653D : 1F;
1653E : 3D;
1653F : 3C;
16540 : 3C;
16541 : 3C;
16542 : 3C;
16543 : 3C;
16544 : 3C;
16545 : 3C;
16546 : 3C;
16547 : 3C;
16548 : 3C;
16549 : 3C;
1654A : 3C;
1654B : 3C;
1654C : 3C;
1654D : 3C;
1654E : 3C;
1654F : 3C;
16550 : 3C;
16551 : 3C;
16552 : 3C;
16553 : 3C;
16554 : 3C;
16555 : 3C;
16556 : 3C;
16557 : 3C;
16558 : 3C;
16559 : 3C;
1655A : 3C;
1655B : 3C;
1655C : 3C;
1655D : 3C;
1655E : 3C;
1655F : 3C;
16560 : 3C;
16561 : 3C;
16562 : 3C;
16563 : 3C;
16564 : 3C;
16565 : 3C;
16566 : 3C;
16567 : 3C;
16568 : 3C;
16569 : 3C;
1656A : 3C;
1656B : 3C;
1656C : 3C;
1656D : 3C;
1656E : 3C;
1656F : 3C;
16570 : 3C;
16571 : 3C;
16572 : 3C;
16573 : 3C;
16574 : 3C;
16575 : 3C;
16576 : 3C;
16577 : 3C;
16578 : 3C;
16579 : 3C;
1657A : 3C;
1657B : 3C;
1657C : 3C;
1657D : 3C;
1657E : 3C;
1657F : 3C;
16580 : 3C;
16581 : 3C;
16582 : 5C;
16583 : B4;
16584 : F0;
16585 : F0;
16586 : F0;
16587 : F0;
16588 : 3C;
16589 : 3C;
1658A : 5C;
1658B : B4;
1658C : F0;
1658D : F0;
1658E : F0;
1658F : F0;
16590 : 3C;
16591 : 3C;
16592 : 5C;
16593 : B4;
16594 : F0;
16595 : F0;
16596 : F0;
16597 : F0;
16598 : 3C;
16599 : 3C;
1659A : 5C;
1659B : B4;
1659C : F0;
1659D : F0;
1659E : F0;
1659F : F0;
165A0 : 3C;
165A1 : 3C;
165A2 : 5C;
165A3 : B4;
165A4 : F0;
165A5 : F0;
165A6 : F0;
165A7 : F0;
165A8 : 3C;
165A9 : 3C;
165AA : 5C;
165AB : B4;
165AC : F0;
165AD : F0;
165AE : F0;
165AF : F0;
165B0 : 3C;
165B1 : 3C;
165B2 : 5C;
165B3 : B4;
165B4 : F0;
165B5 : F0;
165B6 : F0;
165B7 : F0;
165B8 : 3C;
165B9 : 3C;
165BA : 5C;
165BB : B4;
165BC : F0;
165BD : F0;
165BE : F0;
165BF : F0;
165C0 : F0;
165C1 : F0;
165C2 : F0;
165C3 : F0;
165C4 : F0;
165C5 : F0;
165C6 : F0;
165C7 : F0;
165C8 : F0;
165C9 : F0;
165CA : F0;
165CB : F0;
165CC : F0;
165CD : F0;
165CE : F0;
165CF : D0;
165D0 : F0;
165D1 : F0;
165D2 : F0;
165D3 : F0;
165D4 : F0;
165D5 : F0;
165D6 : F0;
165D7 : D0;
165D8 : F0;
165D9 : F0;
165DA : F0;
165DB : F0;
165DC : F0;
165DD : F0;
165DE : F0;
165DF : D0;
165E0 : F0;
165E1 : F0;
165E2 : F0;
165E3 : F0;
165E4 : F0;
165E5 : F0;
165E6 : F0;
165E7 : D0;
165E8 : F0;
165E9 : F0;
165EA : F0;
165EB : F0;
165EC : F0;
165ED : F0;
165EE : F0;
165EF : D0;
165F0 : F0;
165F1 : F0;
165F2 : F0;
165F3 : F0;
165F4 : F0;
165F5 : F0;
165F6 : F0;
165F7 : D0;
165F8 : F0;
165F9 : F0;
165FA : F0;
165FB : F0;
165FC : F0;
165FD : F0;
165FE : F0;
165FF : D0;
16600 : 47;
16601 : 47;
16602 : 47;
16603 : 47;
16604 : 47;
16605 : 47;
16606 : 47;
16607 : 47;
16608 : 47;
16609 : 47;
1660A : 47;
1660B : 47;
1660C : 47;
1660D : 47;
1660E : 47;
1660F : 47;
16610 : 47;
16611 : 47;
16612 : 47;
16613 : 47;
16614 : 47;
16615 : 47;
16616 : 47;
16617 : 47;
16618 : 47;
16619 : 47;
1661A : 47;
1661B : 47;
1661C : 47;
1661D : 47;
1661E : 47;
1661F : 47;
16620 : 47;
16621 : 47;
16622 : 47;
16623 : 47;
16624 : 47;
16625 : 47;
16626 : 47;
16627 : 47;
16628 : 47;
16629 : 47;
1662A : 47;
1662B : 47;
1662C : 47;
1662D : 47;
1662E : 47;
1662F : 47;
16630 : 47;
16631 : 47;
16632 : 47;
16633 : 47;
16634 : 47;
16635 : 47;
16636 : 47;
16637 : 47;
16638 : 47;
16639 : 47;
1663A : 47;
1663B : 47;
1663C : 47;
1663D : 47;
1663E : 47;
1663F : 47;
16640 : 47;
16641 : 47;
16642 : 47;
16643 : 47;
16644 : 4B;
16645 : 2E;
16646 : 2E;
16647 : 2E;
16648 : 47;
16649 : 47;
1664A : 47;
1664B : 47;
1664C : 4B;
1664D : 2E;
1664E : 2E;
1664F : 2E;
16650 : 47;
16651 : 47;
16652 : 47;
16653 : 47;
16654 : 47;
16655 : 2E;
16656 : 2E;
16657 : 2E;
16658 : 47;
16659 : 47;
1665A : 47;
1665B : 47;
1665C : 47;
1665D : 2E;
1665E : 2E;
1665F : 2E;
16660 : 47;
16661 : 47;
16662 : 47;
16663 : 47;
16664 : 47;
16665 : 2E;
16666 : 2E;
16667 : 2E;
16668 : 47;
16669 : 47;
1666A : 47;
1666B : 47;
1666C : 47;
1666D : 2E;
1666E : 2E;
1666F : 2E;
16670 : 47;
16671 : 47;
16672 : 47;
16673 : 47;
16674 : 47;
16675 : 2E;
16676 : 2E;
16677 : 2E;
16678 : 47;
16679 : 47;
1667A : 47;
1667B : 47;
1667C : 4B;
1667D : 2E;
1667E : 2E;
1667F : 2E;
16680 : 2E;
16681 : 2E;
16682 : 2E;
16683 : 2E;
16684 : 2E;
16685 : 2E;
16686 : 2E;
16687 : 2E;
16688 : 2E;
16689 : 2E;
1668A : 2E;
1668B : 2E;
1668C : 2E;
1668D : 2E;
1668E : 2E;
1668F : 2E;
16690 : 2E;
16691 : 2E;
16692 : 2E;
16693 : 2E;
16694 : 2E;
16695 : 2E;
16696 : 2E;
16697 : 2E;
16698 : 2E;
16699 : 2E;
1669A : 2E;
1669B : 2E;
1669C : 2E;
1669D : 2E;
1669E : 2E;
1669F : 2E;
166A0 : 2E;
166A1 : 2E;
166A2 : 2E;
166A3 : 2E;
166A4 : 2E;
166A5 : 2E;
166A6 : 2E;
166A7 : 2E;
166A8 : 2E;
166A9 : 2E;
166AA : 2E;
166AB : 2E;
166AC : 2E;
166AD : 2E;
166AE : 2E;
166AF : 2E;
166B0 : 2E;
166B1 : 2E;
166B2 : 2E;
166B3 : 2E;
166B4 : 2E;
166B5 : 2E;
166B6 : 2E;
166B7 : 2E;
166B8 : 2E;
166B9 : 2E;
166BA : 2E;
166BB : 2E;
166BC : 2E;
166BD : 2E;
166BE : 2E;
166BF : 2E;
166C0 : 2B;
166C1 : 35;
166C2 : 5C;
166C3 : 5C;
166C4 : 5C;
166C5 : 5C;
166C6 : 5C;
166C7 : 5C;
166C8 : 2B;
166C9 : 35;
166CA : 5C;
166CB : 5C;
166CC : 5C;
166CD : 5C;
166CE : 5C;
166CF : 5C;
166D0 : 2B;
166D1 : 35;
166D2 : 5C;
166D3 : 5C;
166D4 : 5C;
166D5 : 5C;
166D6 : 5C;
166D7 : 5C;
166D8 : 2B;
166D9 : 35;
166DA : 5C;
166DB : 5C;
166DC : 5C;
166DD : 5C;
166DE : 5C;
166DF : 5C;
166E0 : 2B;
166E1 : 35;
166E2 : 5C;
166E3 : 5C;
166E4 : 5C;
166E5 : 5C;
166E6 : 5C;
166E7 : 5C;
166E8 : 2B;
166E9 : 35;
166EA : 5C;
166EB : 5C;
166EC : 5C;
166ED : 5C;
166EE : 5C;
166EF : 5C;
166F0 : 2B;
166F1 : 35;
166F2 : 5C;
166F3 : 5C;
166F4 : 5C;
166F5 : 5C;
166F6 : 5C;
166F7 : 5C;
166F8 : 2B;
166F9 : 35;
166FA : 5C;
166FB : 5C;
166FC : 5C;
166FD : 5C;
166FE : 5C;
166FF : 5C;
16700 : 5C;
16701 : 5C;
16702 : 5C;
16703 : 5C;
16704 : 5C;
16705 : 5C;
16706 : BC;
16707 : F8;
16708 : 5C;
16709 : 5C;
1670A : 5C;
1670B : 5C;
1670C : 5C;
1670D : 5C;
1670E : BC;
1670F : F8;
16710 : 5C;
16711 : 5C;
16712 : 5C;
16713 : 5C;
16714 : 5C;
16715 : 5C;
16716 : BC;
16717 : F8;
16718 : 5C;
16719 : 5C;
1671A : 5C;
1671B : 5C;
1671C : 5C;
1671D : 5C;
1671E : BC;
1671F : F8;
16720 : 5C;
16721 : 5C;
16722 : 5C;
16723 : 5C;
16724 : 5C;
16725 : 5C;
16726 : BC;
16727 : F8;
16728 : 5C;
16729 : 5C;
1672A : 5C;
1672B : 5C;
1672C : 5C;
1672D : 5C;
1672E : BC;
1672F : F8;
16730 : 5C;
16731 : 5C;
16732 : 5C;
16733 : 5C;
16734 : 5C;
16735 : 5C;
16736 : BC;
16737 : F8;
16738 : 5C;
16739 : 5C;
1673A : 5C;
1673B : 5C;
1673C : 5C;
1673D : 5C;
1673E : BC;
1673F : F8;
16740 : F8;
16741 : F8;
16742 : F8;
16743 : F8;
16744 : F8;
16745 : F8;
16746 : F8;
16747 : F8;
16748 : F8;
16749 : F8;
1674A : F8;
1674B : F8;
1674C : F8;
1674D : F8;
1674E : F8;
1674F : F8;
16750 : F8;
16751 : F8;
16752 : F8;
16753 : F8;
16754 : F8;
16755 : F8;
16756 : F8;
16757 : F8;
16758 : F8;
16759 : F8;
1675A : F8;
1675B : F8;
1675C : F8;
1675D : F8;
1675E : F8;
1675F : F8;
16760 : F8;
16761 : F8;
16762 : F8;
16763 : F8;
16764 : F8;
16765 : F8;
16766 : F8;
16767 : F8;
16768 : F8;
16769 : F8;
1676A : F8;
1676B : F8;
1676C : F8;
1676D : F8;
1676E : F8;
1676F : F8;
16770 : F8;
16771 : F8;
16772 : F8;
16773 : F8;
16774 : F8;
16775 : F8;
16776 : F8;
16777 : F8;
16778 : F8;
16779 : F8;
1677A : F8;
1677B : F8;
1677C : F8;
1677D : F8;
1677E : F8;
1677F : F8;
16780 : F8;
16781 : F8;
16782 : F8;
16783 : E8;
16784 : E4;
16785 : E4;
16786 : E4;
16787 : E4;
16788 : F8;
16789 : F8;
1678A : F8;
1678B : E8;
1678C : E4;
1678D : E4;
1678E : E4;
1678F : E4;
16790 : F8;
16791 : F8;
16792 : F8;
16793 : E8;
16794 : E4;
16795 : E4;
16796 : E4;
16797 : E4;
16798 : F8;
16799 : F8;
1679A : F8;
1679B : E8;
1679C : E4;
1679D : E4;
1679E : E4;
1679F : E4;
167A0 : F8;
167A1 : F8;
167A2 : F8;
167A3 : E8;
167A4 : E4;
167A5 : E4;
167A6 : E4;
167A7 : E4;
167A8 : F8;
167A9 : F8;
167AA : F8;
167AB : E8;
167AC : E4;
167AD : E4;
167AE : E4;
167AF : E4;
167B0 : F8;
167B1 : F8;
167B2 : F8;
167B3 : E8;
167B4 : E4;
167B5 : E4;
167B6 : E4;
167B7 : E4;
167B8 : F8;
167B9 : F8;
167BA : F8;
167BB : E8;
167BC : E4;
167BD : E4;
167BE : E4;
167BF : E4;
167C0 : E4;
167C1 : E4;
167C2 : E4;
167C3 : E4;
167C4 : E4;
167C5 : E4;
167C6 : E4;
167C7 : C8;
167C8 : E4;
167C9 : E4;
167CA : E4;
167CB : E4;
167CC : E4;
167CD : E4;
167CE : E4;
167CF : E8;
167D0 : E4;
167D1 : E4;
167D2 : E4;
167D3 : E4;
167D4 : E4;
167D5 : E4;
167D6 : E4;
167D7 : E8;
167D8 : E4;
167D9 : E4;
167DA : E4;
167DB : E4;
167DC : E4;
167DD : E4;
167DE : E4;
167DF : E8;
167E0 : E4;
167E1 : E4;
167E2 : E4;
167E3 : E4;
167E4 : E4;
167E5 : E4;
167E6 : E4;
167E7 : E8;
167E8 : E4;
167E9 : E4;
167EA : E4;
167EB : E4;
167EC : E4;
167ED : E4;
167EE : E4;
167EF : E8;
167F0 : E4;
167F1 : E4;
167F2 : E4;
167F3 : E4;
167F4 : E4;
167F5 : E4;
167F6 : E4;
167F7 : E8;
167F8 : E4;
167F9 : E4;
167FA : E4;
167FB : E4;
167FC : E4;
167FD : E4;
167FE : E4;
167FF : E8;
16800 : 3A;
16801 : 3E;
16802 : 3E;
16803 : 3E;
16804 : 3E;
16805 : 3E;
16806 : 3E;
16807 : 3E;
16808 : 3A;
16809 : 3E;
1680A : 3E;
1680B : 3E;
1680C : 3E;
1680D : 3E;
1680E : 3E;
1680F : 3E;
16810 : 3A;
16811 : 3E;
16812 : 3E;
16813 : 3E;
16814 : 3E;
16815 : 3E;
16816 : 3E;
16817 : 3E;
16818 : 3A;
16819 : 3E;
1681A : 3E;
1681B : 3E;
1681C : 3E;
1681D : 3E;
1681E : 3E;
1681F : 3E;
16820 : 3A;
16821 : 3E;
16822 : 3E;
16823 : 3E;
16824 : 3E;
16825 : 3E;
16826 : 3E;
16827 : 3E;
16828 : 3A;
16829 : 3E;
1682A : 3E;
1682B : 3E;
1682C : 3E;
1682D : 3E;
1682E : 3E;
1682F : 3E;
16830 : 3A;
16831 : 3E;
16832 : 3E;
16833 : 3E;
16834 : 3E;
16835 : 3E;
16836 : 3E;
16837 : 3E;
16838 : 3A;
16839 : 3E;
1683A : 3E;
1683B : 3E;
1683C : 3E;
1683D : 3E;
1683E : 3E;
1683F : 3E;
16840 : 3E;
16841 : 3E;
16842 : 3E;
16843 : 3E;
16844 : 59;
16845 : 54;
16846 : 54;
16847 : 54;
16848 : 3E;
16849 : 3E;
1684A : 3E;
1684B : 3E;
1684C : 39;
1684D : 54;
1684E : 54;
1684F : 54;
16850 : 3E;
16851 : 3E;
16852 : 3E;
16853 : 3E;
16854 : 39;
16855 : 54;
16856 : 54;
16857 : 54;
16858 : 3E;
16859 : 3E;
1685A : 3E;
1685B : 3E;
1685C : 39;
1685D : 54;
1685E : 54;
1685F : 54;
16860 : 3E;
16861 : 3E;
16862 : 3E;
16863 : 3E;
16864 : 39;
16865 : 54;
16866 : 54;
16867 : 54;
16868 : 3E;
16869 : 3E;
1686A : 3E;
1686B : 3E;
1686C : 39;
1686D : 54;
1686E : 54;
1686F : 54;
16870 : 3E;
16871 : 3E;
16872 : 3E;
16873 : 3E;
16874 : 59;
16875 : 54;
16876 : 54;
16877 : 54;
16878 : 3E;
16879 : 3E;
1687A : 3E;
1687B : 3E;
1687C : 59;
1687D : 54;
1687E : 54;
1687F : 54;
16880 : 54;
16881 : 54;
16882 : 54;
16883 : 54;
16884 : 54;
16885 : 54;
16886 : 54;
16887 : 54;
16888 : 54;
16889 : 54;
1688A : 54;
1688B : 54;
1688C : 54;
1688D : 54;
1688E : 54;
1688F : 54;
16890 : 54;
16891 : 54;
16892 : 54;
16893 : 54;
16894 : 54;
16895 : 54;
16896 : 54;
16897 : 54;
16898 : 54;
16899 : 54;
1689A : 54;
1689B : 54;
1689C : 54;
1689D : 54;
1689E : 54;
1689F : 54;
168A0 : 54;
168A1 : 54;
168A2 : 54;
168A3 : 54;
168A4 : 54;
168A5 : 54;
168A6 : 54;
168A7 : 54;
168A8 : 54;
168A9 : 54;
168AA : 54;
168AB : 54;
168AC : 54;
168AD : 54;
168AE : 54;
168AF : 54;
168B0 : 54;
168B1 : 54;
168B2 : 54;
168B3 : 54;
168B4 : 54;
168B5 : 54;
168B6 : 54;
168B7 : 54;
168B8 : 54;
168B9 : 54;
168BA : 54;
168BB : 54;
168BC : 54;
168BD : 54;
168BE : 54;
168BF : 54;
168C0 : 54;
168C1 : 94;
168C2 : F4;
168C3 : F4;
168C4 : F4;
168C5 : F4;
168C6 : F4;
168C7 : F4;
168C8 : 54;
168C9 : 94;
168CA : F4;
168CB : F4;
168CC : F4;
168CD : F4;
168CE : F4;
168CF : F4;
168D0 : 54;
168D1 : 94;
168D2 : F4;
168D3 : F4;
168D4 : F4;
168D5 : F4;
168D6 : F4;
168D7 : F4;
168D8 : 54;
168D9 : 94;
168DA : F4;
168DB : F4;
168DC : F4;
168DD : F4;
168DE : F4;
168DF : F4;
168E0 : 54;
168E1 : 94;
168E2 : F4;
168E3 : F4;
168E4 : F4;
168E5 : F4;
168E6 : F4;
168E7 : F4;
168E8 : 54;
168E9 : 94;
168EA : F4;
168EB : F4;
168EC : F4;
168ED : F4;
168EE : F4;
168EF : F4;
168F0 : 54;
168F1 : 94;
168F2 : F4;
168F3 : F4;
168F4 : F4;
168F5 : F4;
168F6 : F4;
168F7 : F4;
168F8 : 54;
168F9 : 94;
168FA : F4;
168FB : F4;
168FC : F4;
168FD : F4;
168FE : F4;
168FF : F4;
16900 : F4;
16901 : F4;
16902 : F4;
16903 : F4;
16904 : F4;
16905 : F4;
16906 : EC;
16907 : E4;
16908 : F4;
16909 : F4;
1690A : F4;
1690B : F4;
1690C : F4;
1690D : F4;
1690E : EC;
1690F : E8;
16910 : F4;
16911 : F4;
16912 : F4;
16913 : F4;
16914 : F4;
16915 : F4;
16916 : EC;
16917 : E8;
16918 : F4;
16919 : F4;
1691A : F4;
1691B : F4;
1691C : F4;
1691D : F4;
1691E : EC;
1691F : E8;
16920 : F4;
16921 : F4;
16922 : F4;
16923 : F4;
16924 : F4;
16925 : F4;
16926 : EC;
16927 : E8;
16928 : F4;
16929 : F4;
1692A : F4;
1692B : F4;
1692C : F4;
1692D : F4;
1692E : EC;
1692F : E8;
16930 : F4;
16931 : F4;
16932 : F4;
16933 : F4;
16934 : F4;
16935 : F4;
16936 : EC;
16937 : E8;
16938 : F4;
16939 : F4;
1693A : F4;
1693B : F4;
1693C : F4;
1693D : F4;
1693E : EC;
1693F : E8;
16940 : E8;
16941 : E8;
16942 : E8;
16943 : E8;
16944 : E8;
16945 : E8;
16946 : E8;
16947 : E8;
16948 : E8;
16949 : E8;
1694A : E8;
1694B : E8;
1694C : E8;
1694D : E8;
1694E : E8;
1694F : E8;
16950 : E8;
16951 : E8;
16952 : E8;
16953 : E8;
16954 : E8;
16955 : E8;
16956 : E8;
16957 : E8;
16958 : E8;
16959 : E8;
1695A : E8;
1695B : E8;
1695C : E8;
1695D : E8;
1695E : E8;
1695F : E8;
16960 : E8;
16961 : E8;
16962 : E8;
16963 : E8;
16964 : E8;
16965 : E8;
16966 : E8;
16967 : E8;
16968 : E8;
16969 : E8;
1696A : E8;
1696B : E8;
1696C : E8;
1696D : E8;
1696E : E8;
1696F : E8;
16970 : E8;
16971 : E8;
16972 : E8;
16973 : E8;
16974 : E8;
16975 : E8;
16976 : E8;
16977 : E8;
16978 : E8;
16979 : E8;
1697A : E8;
1697B : E8;
1697C : E8;
1697D : E8;
1697E : E8;
1697F : E8;
16980 : E8;
16981 : E8;
16982 : E8;
16983 : A2;
16984 : 83;
16985 : A3;
16986 : 83;
16987 : 83;
16988 : E8;
16989 : E8;
1698A : E8;
1698B : A2;
1698C : 83;
1698D : 83;
1698E : 83;
1698F : 83;
16990 : E8;
16991 : E8;
16992 : E8;
16993 : A2;
16994 : 83;
16995 : 83;
16996 : 83;
16997 : 83;
16998 : E8;
16999 : E8;
1699A : E8;
1699B : A2;
1699C : 83;
1699D : 83;
1699E : 83;
1699F : 83;
169A0 : E8;
169A1 : E8;
169A2 : E8;
169A3 : A2;
169A4 : 83;
169A5 : 83;
169A6 : 83;
169A7 : 83;
169A8 : E8;
169A9 : E8;
169AA : E8;
169AB : A2;
169AC : 83;
169AD : 83;
169AE : 83;
169AF : 83;
169B0 : E8;
169B1 : E8;
169B2 : E8;
169B3 : A2;
169B4 : 83;
169B5 : 83;
169B6 : 83;
169B7 : 83;
169B8 : E8;
169B9 : E8;
169BA : E8;
169BB : A2;
169BC : 83;
169BD : 83;
169BE : 83;
169BF : 83;
169C0 : 83;
169C1 : 83;
169C2 : 83;
169C3 : 83;
169C4 : 83;
169C5 : 83;
169C6 : 83;
169C7 : A2;
169C8 : 83;
169C9 : 83;
169CA : 83;
169CB : 83;
169CC : 83;
169CD : 83;
169CE : 83;
169CF : A3;
169D0 : 83;
169D1 : 83;
169D2 : 83;
169D3 : 83;
169D4 : 83;
169D5 : 83;
169D6 : 83;
169D7 : A3;
169D8 : 83;
169D9 : 83;
169DA : 83;
169DB : 83;
169DC : 83;
169DD : 83;
169DE : 83;
169DF : A3;
169E0 : 83;
169E1 : 83;
169E2 : 83;
169E3 : 83;
169E4 : 83;
169E5 : 83;
169E6 : 83;
169E7 : A3;
169E8 : 83;
169E9 : 83;
169EA : 83;
169EB : 83;
169EC : 83;
169ED : 83;
169EE : 83;
169EF : A3;
169F0 : 83;
169F1 : 83;
169F2 : 83;
169F3 : 83;
169F4 : 83;
169F5 : 83;
169F6 : 83;
169F7 : A3;
169F8 : 83;
169F9 : 83;
169FA : 83;
169FB : 83;
169FC : 83;
169FD : 83;
169FE : 83;
169FF : A3;
16A00 : ED;
16A01 : EC;
16A02 : EC;
16A03 : EC;
16A04 : EC;
16A05 : EC;
16A06 : EC;
16A07 : EC;
16A08 : CD;
16A09 : EC;
16A0A : EC;
16A0B : EC;
16A0C : EC;
16A0D : EC;
16A0E : EC;
16A0F : EC;
16A10 : CD;
16A11 : EC;
16A12 : EC;
16A13 : EC;
16A14 : EC;
16A15 : EC;
16A16 : EC;
16A17 : EC;
16A18 : CD;
16A19 : CC;
16A1A : EC;
16A1B : EC;
16A1C : EC;
16A1D : EC;
16A1E : EC;
16A1F : EC;
16A20 : CD;
16A21 : EC;
16A22 : EC;
16A23 : EC;
16A24 : EC;
16A25 : EC;
16A26 : EC;
16A27 : EC;
16A28 : CD;
16A29 : EC;
16A2A : EC;
16A2B : EC;
16A2C : EC;
16A2D : EC;
16A2E : EC;
16A2F : EC;
16A30 : ED;
16A31 : EC;
16A32 : EC;
16A33 : EC;
16A34 : EC;
16A35 : EC;
16A36 : EC;
16A37 : EC;
16A38 : ED;
16A39 : EC;
16A3A : EC;
16A3B : EC;
16A3C : EC;
16A3D : EC;
16A3E : EC;
16A3F : EC;
16A40 : EC;
16A41 : EC;
16A42 : EC;
16A43 : EC;
16A44 : CC;
16A45 : A4;
16A46 : A4;
16A47 : A4;
16A48 : EC;
16A49 : EC;
16A4A : EC;
16A4B : EC;
16A4C : CC;
16A4D : A4;
16A4E : A4;
16A4F : A4;
16A50 : EC;
16A51 : EC;
16A52 : EC;
16A53 : EC;
16A54 : CC;
16A55 : A4;
16A56 : A4;
16A57 : A4;
16A58 : EC;
16A59 : EC;
16A5A : EC;
16A5B : EC;
16A5C : CC;
16A5D : A4;
16A5E : A4;
16A5F : A4;
16A60 : EC;
16A61 : EC;
16A62 : EC;
16A63 : EC;
16A64 : CC;
16A65 : A4;
16A66 : A4;
16A67 : A4;
16A68 : EC;
16A69 : EC;
16A6A : EC;
16A6B : EC;
16A6C : CC;
16A6D : A4;
16A6E : A4;
16A6F : A4;
16A70 : EC;
16A71 : EC;
16A72 : EC;
16A73 : EC;
16A74 : CC;
16A75 : A4;
16A76 : A4;
16A77 : A4;
16A78 : EC;
16A79 : EC;
16A7A : EC;
16A7B : EC;
16A7C : CC;
16A7D : A4;
16A7E : A4;
16A7F : A4;
16A80 : A4;
16A81 : A4;
16A82 : A4;
16A83 : A4;
16A84 : A4;
16A85 : A4;
16A86 : A4;
16A87 : A4;
16A88 : A4;
16A89 : A4;
16A8A : A4;
16A8B : A4;
16A8C : A4;
16A8D : A4;
16A8E : A4;
16A8F : A4;
16A90 : A4;
16A91 : A4;
16A92 : A4;
16A93 : A4;
16A94 : A4;
16A95 : A4;
16A96 : A4;
16A97 : A4;
16A98 : A4;
16A99 : A4;
16A9A : A4;
16A9B : A4;
16A9C : A4;
16A9D : A4;
16A9E : A4;
16A9F : A4;
16AA0 : A4;
16AA1 : A4;
16AA2 : A4;
16AA3 : A4;
16AA4 : A4;
16AA5 : A4;
16AA6 : A4;
16AA7 : A4;
16AA8 : A4;
16AA9 : A4;
16AAA : A4;
16AAB : A4;
16AAC : A4;
16AAD : A4;
16AAE : A4;
16AAF : A4;
16AB0 : A4;
16AB1 : A4;
16AB2 : A4;
16AB3 : A4;
16AB4 : A4;
16AB5 : A4;
16AB6 : A4;
16AB7 : A4;
16AB8 : A4;
16AB9 : A4;
16ABA : A4;
16ABB : A4;
16ABC : A4;
16ABD : A4;
16ABE : A4;
16ABF : A4;
16AC0 : A4;
16AC1 : 82;
16AC2 : 63;
16AC3 : 43;
16AC4 : 43;
16AC5 : 43;
16AC6 : 43;
16AC7 : 43;
16AC8 : A4;
16AC9 : 82;
16ACA : 63;
16ACB : 43;
16ACC : 43;
16ACD : 43;
16ACE : 43;
16ACF : 43;
16AD0 : A4;
16AD1 : 82;
16AD2 : 43;
16AD3 : 43;
16AD4 : 43;
16AD5 : 43;
16AD6 : 43;
16AD7 : 43;
16AD8 : A4;
16AD9 : 86;
16ADA : 43;
16ADB : 43;
16ADC : 43;
16ADD : 43;
16ADE : 43;
16ADF : 43;
16AE0 : A4;
16AE1 : 86;
16AE2 : 43;
16AE3 : 43;
16AE4 : 43;
16AE5 : 43;
16AE6 : 43;
16AE7 : 43;
16AE8 : A4;
16AE9 : 82;
16AEA : 43;
16AEB : 43;
16AEC : 43;
16AED : 43;
16AEE : 43;
16AEF : 43;
16AF0 : A4;
16AF1 : 82;
16AF2 : 43;
16AF3 : 43;
16AF4 : 43;
16AF5 : 43;
16AF6 : 43;
16AF7 : 43;
16AF8 : A4;
16AF9 : 86;
16AFA : 63;
16AFB : 43;
16AFC : 43;
16AFD : 43;
16AFE : 43;
16AFF : 43;
16B00 : 43;
16B01 : 43;
16B02 : 43;
16B03 : 43;
16B04 : 43;
16B05 : 43;
16B06 : 8F;
16B07 : B6;
16B08 : 43;
16B09 : 43;
16B0A : 43;
16B0B : 43;
16B0C : 43;
16B0D : 43;
16B0E : 8F;
16B0F : B6;
16B10 : 43;
16B11 : 43;
16B12 : 43;
16B13 : 43;
16B14 : 43;
16B15 : 43;
16B16 : 8F;
16B17 : B6;
16B18 : 43;
16B19 : 43;
16B1A : 43;
16B1B : 43;
16B1C : 43;
16B1D : 43;
16B1E : 8F;
16B1F : B6;
16B20 : 43;
16B21 : 43;
16B22 : 43;
16B23 : 43;
16B24 : 43;
16B25 : 43;
16B26 : 8F;
16B27 : B6;
16B28 : 43;
16B29 : 43;
16B2A : 43;
16B2B : 43;
16B2C : 43;
16B2D : 43;
16B2E : 8F;
16B2F : B6;
16B30 : 43;
16B31 : 43;
16B32 : 43;
16B33 : 43;
16B34 : 43;
16B35 : 43;
16B36 : 8F;
16B37 : B6;
16B38 : 43;
16B39 : 43;
16B3A : 43;
16B3B : 43;
16B3C : 43;
16B3D : 43;
16B3E : 8F;
16B3F : B6;
16B40 : B7;
16B41 : B6;
16B42 : B7;
16B43 : B7;
16B44 : B7;
16B45 : B7;
16B46 : B7;
16B47 : B7;
16B48 : B7;
16B49 : B6;
16B4A : B7;
16B4B : B7;
16B4C : B7;
16B4D : B7;
16B4E : B7;
16B4F : B7;
16B50 : B7;
16B51 : B6;
16B52 : B7;
16B53 : B7;
16B54 : B7;
16B55 : B7;
16B56 : B7;
16B57 : B7;
16B58 : B7;
16B59 : B6;
16B5A : B7;
16B5B : B7;
16B5C : B7;
16B5D : B7;
16B5E : B7;
16B5F : B7;
16B60 : B7;
16B61 : B6;
16B62 : B7;
16B63 : B7;
16B64 : B7;
16B65 : B7;
16B66 : B7;
16B67 : B7;
16B68 : B7;
16B69 : B6;
16B6A : B7;
16B6B : B7;
16B6C : B7;
16B6D : B7;
16B6E : B7;
16B6F : B7;
16B70 : B7;
16B71 : B6;
16B72 : B7;
16B73 : B7;
16B74 : B7;
16B75 : B7;
16B76 : B7;
16B77 : B7;
16B78 : B7;
16B79 : B6;
16B7A : B7;
16B7B : B7;
16B7C : B7;
16B7D : B7;
16B7E : B7;
16B7F : B7;
16B80 : B7;
16B81 : B7;
16B82 : B6;
16B83 : 79;
16B84 : 5C;
16B85 : 5C;
16B86 : 5C;
16B87 : 5C;
16B88 : B7;
16B89 : B7;
16B8A : 96;
16B8B : 79;
16B8C : 5C;
16B8D : 5C;
16B8E : 5C;
16B8F : 5C;
16B90 : B7;
16B91 : B7;
16B92 : 96;
16B93 : 79;
16B94 : 5C;
16B95 : 5C;
16B96 : 5C;
16B97 : 5C;
16B98 : B7;
16B99 : B7;
16B9A : 96;
16B9B : 79;
16B9C : 5C;
16B9D : 5C;
16B9E : 5C;
16B9F : 5C;
16BA0 : B7;
16BA1 : B7;
16BA2 : 96;
16BA3 : 79;
16BA4 : 5C;
16BA5 : 5C;
16BA6 : 5C;
16BA7 : 5C;
16BA8 : B7;
16BA9 : B7;
16BAA : 96;
16BAB : 79;
16BAC : 5C;
16BAD : 5C;
16BAE : 5C;
16BAF : 5C;
16BB0 : B7;
16BB1 : B7;
16BB2 : 96;
16BB3 : 79;
16BB4 : 5C;
16BB5 : 5C;
16BB6 : 5C;
16BB7 : 5C;
16BB8 : B7;
16BB9 : B7;
16BBA : B6;
16BBB : 79;
16BBC : 5C;
16BBD : 5C;
16BBE : 5C;
16BBF : 5C;
16BC0 : 5C;
16BC1 : 5C;
16BC2 : 5C;
16BC3 : 5C;
16BC4 : 5C;
16BC5 : 5C;
16BC6 : 5C;
16BC7 : 5C;
16BC8 : 5C;
16BC9 : 5C;
16BCA : 5C;
16BCB : 5C;
16BCC : 5C;
16BCD : 5C;
16BCE : 5C;
16BCF : 5C;
16BD0 : 5C;
16BD1 : 5C;
16BD2 : 5C;
16BD3 : 5C;
16BD4 : 5C;
16BD5 : 5C;
16BD6 : 5C;
16BD7 : 5C;
16BD8 : 5C;
16BD9 : 5C;
16BDA : 5C;
16BDB : 5C;
16BDC : 5C;
16BDD : 5C;
16BDE : 5C;
16BDF : 5C;
16BE0 : 5C;
16BE1 : 5C;
16BE2 : 5C;
16BE3 : 5C;
16BE4 : 5C;
16BE5 : 5C;
16BE6 : 5C;
16BE7 : 5C;
16BE8 : 5C;
16BE9 : 5C;
16BEA : 5C;
16BEB : 5C;
16BEC : 5C;
16BED : 5C;
16BEE : 5C;
16BEF : 5C;
16BF0 : 5C;
16BF1 : 5C;
16BF2 : 5C;
16BF3 : 5C;
16BF4 : 5C;
16BF5 : 5C;
16BF6 : 5C;
16BF7 : 5C;
16BF8 : 5C;
16BF9 : 5C;
16BFA : 5C;
16BFB : 5C;
16BFC : 5C;
16BFD : 5C;
16BFE : 5C;
16BFF : 5C;

END;
