Fitter report for coprocessador
Mon Aug 31 17:38:36 2026
Quartus Prime Version 25.1std.0 Build 1129 10/21/2025 SC Lite Edition


---------------------
; Table of Contents ;
---------------------
  1. Legal Notice
  2. Fitter Summary
  3. Fitter Settings
  4. Parallel Compilation
  5. Fitter Netlist Optimizations
  6. Ignored Assignments
  7. Incremental Compilation Preservation Summary
  8. Incremental Compilation Partition Settings
  9. Incremental Compilation Placement Preservation
 10. Pin-Out File
 11. Fitter Resource Usage Summary
 12. Fitter Partition Statistics
 13. Input Pins
 14. Output Pins
 15. Bidir Pins
 16. I/O Bank Usage
 17. All Package Pins
 18. I/O Assignment Warnings
 19. PLL Usage Summary
 20. Fitter Resource Utilization by Entity
 21. Delay Chain Summary
 22. Pad To Core Delay Chain Fanout
 23. Control Signals
 24. Global & Other Fast Signals
 25. Non-Global High Fan-Out Signals
 26. Fitter RAM Summary
 27. Fitter DSP Block Usage Summary
 28. DSP Block Details
 29. Routing Usage Summary
 30. I/O Rules Summary
 31. I/O Rules Details
 32. I/O Rules Matrix
 33. Fitter Device Options
 34. Operating Settings and Conditions
 35. Estimated Delay Added for Hold Timing Summary
 36. Estimated Delay Added for Hold Timing Details
 37. Fitter Messages
 38. Fitter Suppressed Messages



----------------
; Legal Notice ;
----------------
Copyright (C) 2025  Altera Corporation. All rights reserved.
Your use of Altera Corporation's design tools, logic functions 
and other software and tools, and any partner logic 
functions, and any output files from any of the foregoing 
(including device programming or simulation files), and any 
associated documentation or information are expressly subject 
to the terms and conditions of the Altera Program License 
Subscription Agreement, the Altera Quartus Prime License Agreement,
the Altera IP License Agreement, or other applicable license
agreement, including, without limitation, that your use is for
the sole purpose of programming logic devices manufactured by
Altera and sold by Altera or its authorized distributors.  Please
refer to the Altera Software License Subscription Agreements 
on the Quartus Prime software download page.



+-----------------------------------------------------------------------------------+
; Fitter Summary                                                                    ;
+---------------------------------+-------------------------------------------------+
; Fitter Status                   ; Successful - Mon Aug 31 17:38:36 2026           ;
; Quartus Prime Version           ; 25.1std.0 Build 1129 10/21/2025 SC Lite Edition ;
; Revision Name                   ; coprocessador                                   ;
; Top-level Entity Name           ; DE1_SOC_golden_top                              ;
; Family                          ; Cyclone V                                       ;
; Device                          ; 5CSEMA5F31C6                                    ;
; Timing Models                   ; Final                                           ;
; Logic utilization (in ALMs)     ; 2,587 / 32,070 ( 8 % )                          ;
; Total registers                 ; 1615                                            ;
; Total pins                      ; 241 / 457 ( 53 % )                              ;
; Total virtual pins              ; 0                                               ;
; Total block memory bits         ; 229,376 / 4,065,280 ( 6 % )                     ;
; Total RAM Blocks                ; 28 / 397 ( 7 % )                                ;
; Total DSP Blocks                ; 24 / 87 ( 28 % )                                ;
; Total HSSI RX PCSs              ; 0                                               ;
; Total HSSI PMA RX Deserializers ; 0                                               ;
; Total HSSI TX PCSs              ; 0                                               ;
; Total HSSI PMA TX Serializers   ; 0                                               ;
; Total PLLs                      ; 2 / 6 ( 33 % )                                  ;
; Total DLLs                      ; 0 / 4 ( 0 % )                                   ;
+---------------------------------+-------------------------------------------------+


+----------------------------------------------------------------------------------------------------------------------------------------------------+
; Fitter Settings                                                                                                                                    ;
+--------------------------------------------------------------------+---------------------------------------+---------------------------------------+
; Option                                                             ; Setting                               ; Default Value                         ;
+--------------------------------------------------------------------+---------------------------------------+---------------------------------------+
; Device                                                             ; 5CSEMA5F31C6                          ;                                       ;
; Minimum Core Junction Temperature                                  ; 0                                     ;                                       ;
; Maximum Core Junction Temperature                                  ; 85                                    ;                                       ;
; Device I/O Standard                                                ; 2.5 V                                 ;                                       ;
; Use smart compilation                                              ; Off                                   ; Off                                   ;
; Enable parallel Assembler and Timing Analyzer during compilation   ; On                                    ; On                                    ;
; Enable compact report table                                        ; Off                                   ; Off                                   ;
; Router Timing Optimization Level                                   ; Normal                                ; Normal                                ;
; Perform Clocking Topology Analysis During Routing                  ; Off                                   ; Off                                   ;
; Placement Effort Multiplier                                        ; 1.0                                   ; 1.0                                   ;
; Device initialization clock source                                 ; INIT_INTOSC                           ; INIT_INTOSC                           ;
; Optimize Hold Timing                                               ; All Paths                             ; All Paths                             ;
; Optimize Multi-Corner Timing                                       ; On                                    ; On                                    ;
; Auto RAM to MLAB Conversion                                        ; On                                    ; On                                    ;
; Equivalent RAM and MLAB Power Up                                   ; Auto                                  ; Auto                                  ;
; Equivalent RAM and MLAB Paused Read Capabilities                   ; Care                                  ; Care                                  ;
; Power Optimization During Fitting                                  ; Normal compilation                    ; Normal compilation                    ;
; SSN Optimization                                                   ; Off                                   ; Off                                   ;
; Optimize Timing                                                    ; Normal compilation                    ; Normal compilation                    ;
; Optimize Timing for ECOs                                           ; Off                                   ; Off                                   ;
; Regenerate Full Fit Report During ECO Compiles                     ; Off                                   ; Off                                   ;
; Optimize IOC Register Placement for Timing                         ; Normal                                ; Normal                                ;
; Final Placement Optimizations                                      ; Automatically                         ; Automatically                         ;
; Fitter Aggressive Routability Optimizations                        ; Automatically                         ; Automatically                         ;
; Fitter Initial Placement Seed                                      ; 1                                     ; 1                                     ;
; Periphery to Core Placement and Routing Optimization               ; Off                                   ; Off                                   ;
; Weak Pull-Up Resistor                                              ; Off                                   ; Off                                   ;
; Enable Bus-Hold Circuitry                                          ; Off                                   ; Off                                   ;
; Auto Packed Registers                                              ; Auto                                  ; Auto                                  ;
; Auto Delay Chains                                                  ; On                                    ; On                                    ;
; Auto Delay Chains for High Fanout Input Pins                       ; Off                                   ; Off                                   ;
; Treat Bidirectional Pin as Output Pin                              ; Off                                   ; Off                                   ;
; Perform Physical Synthesis for Combinational Logic for Fitting     ; Off                                   ; Off                                   ;
; Perform Physical Synthesis for Combinational Logic for Performance ; Off                                   ; Off                                   ;
; Perform Register Duplication for Performance                       ; Off                                   ; Off                                   ;
; Perform Register Retiming for Performance                          ; Off                                   ; Off                                   ;
; Perform Asynchronous Signal Pipelining                             ; Off                                   ; Off                                   ;
; Fitter Effort                                                      ; Auto Fit                              ; Auto Fit                              ;
; Physical Synthesis Effort Level                                    ; Normal                                ; Normal                                ;
; Logic Cell Insertion - Logic Duplication                           ; Auto                                  ; Auto                                  ;
; Auto Register Duplication                                          ; Auto                                  ; Auto                                  ;
; Auto Global Clock                                                  ; On                                    ; On                                    ;
; Auto Global Register Control Signals                               ; On                                    ; On                                    ;
; Reserve all unused pins                                            ; As input tri-stated with weak pull-up ; As input tri-stated with weak pull-up ;
; Synchronizer Identification                                        ; Auto                                  ; Auto                                  ;
; Enable Beneficial Skew Optimization                                ; On                                    ; On                                    ;
; Optimize Design for Metastability                                  ; On                                    ; On                                    ;
; Active Serial clock source                                         ; FREQ_100MHz                           ; FREQ_100MHz                           ;
; Force Fitter to Avoid Periphery Placement Warnings                 ; Off                                   ; Off                                   ;
; Clamping Diode                                                     ; Off                                   ; Off                                   ;
; Enable input tri-state on active configuration pins in user mode   ; Off                                   ; Off                                   ;
; Advanced Physical Optimization                                     ; On                                    ; On                                    ;
+--------------------------------------------------------------------+---------------------------------------+---------------------------------------+


+------------------------------------------+
; Parallel Compilation                     ;
+----------------------------+-------------+
; Processors                 ; Number      ;
+----------------------------+-------------+
; Number detected on machine ; 4           ;
; Maximum allowed            ; 2           ;
;                            ;             ;
; Average used               ; 1.05        ;
; Maximum used               ; 2           ;
;                            ;             ;
; Usage by Processor         ; % Time Used ;
;     Processor 1            ; 100.0%      ;
;     Processor 2            ;   5.5%      ;
+----------------------------+-------------+


+------------------------------------------------------------------------------------------------------------------------------------------------------------------------------------------------------------------------------------------------------------------------------------------------------------------------------------+
; Fitter Netlist Optimizations                                                                                                                                                                                                                                                                                                       ;
+-------------------------------------------------------------------------------------------------------------------+------------+---------------------------------------------------+----------------------------+-----------+----------------+------------------------------------------+------------------+-----------------------+
; Node                                                                                                              ; Action     ; Operation                                         ; Reason                     ; Node Port ; Node Port Name ; Destination Node                         ; Destination Port ; Destination Port Name ;
+-------------------------------------------------------------------------------------------------------------------+------------+---------------------------------------------------+----------------------------+-----------+----------------+------------------------------------------+------------------+-----------------------+
; coprocessador:C0|meu_pll:u_pll|meu_pll_0002:meu_pll_inst|altera_pll:altera_pll_i|outclk_wire[0]~CLKENA0           ; Created    ; Placement                                         ; Fitter Periphery Placement ;           ;                ;                                          ;                  ;                       ;
; coprocessador:C0|pllpara100:pllmhz|pllpara100_0002:pllpara100_inst|altera_pll:altera_pll_i|outclk_wire[0]~CLKENA0 ; Created    ; Placement                                         ; Fitter Periphery Placement ;           ;                ;                                          ;                  ;                       ;
; CLOCK_50~inputCLKENA0                                                                                             ; Created    ; Placement                                         ; Fitter Periphery Placement ;           ;                ;                                          ;                  ;                       ;
; coprocessador:C0|vc[7]                                                                                            ; Duplicated ; Router Logic Cell Insertion and Logic Duplication ; Routability optimization   ;           ;                ; coprocessador:C0|vc[7]~DUPLICATE         ;                  ;                       ;
; coprocessador:C0|vc[9]                                                                                            ; Duplicated ; Router Logic Cell Insertion and Logic Duplication ; Routability optimization   ;           ;                ; coprocessador:C0|vc[9]~DUPLICATE         ;                  ;                       ;
; coprocessador:C0|vsync_pix_ff2                                                                                    ; Duplicated ; Router Logic Cell Insertion and Logic Duplication ; Routability optimization   ;           ;                ; coprocessador:C0|vsync_pix_ff2~DUPLICATE ;                  ;                       ;
+-------------------------------------------------------------------------------------------------------------------+------------+---------------------------------------------------+----------------------------+-----------+----------------+------------------------------------------+------------------+-----------------------+


+---------------------------------------------------------------------------------------------------------------------------+
; Ignored Assignments                                                                                                       ;
+--------------+--------------------+--------------+---------------------+---------------------------------+----------------+
; Name         ; Ignored Entity     ; Ignored From ; Ignored To          ; Ignored Value                   ; Ignored Source ;
+--------------+--------------------+--------------+---------------------+---------------------------------+----------------+
; I/O Standard ; DE1_SOC_golden_top ;              ; HPS_CONV_USB_N      ; 3.3-V LVTTL                     ; QSF Assignment ;
; I/O Standard ; DE1_SOC_golden_top ;              ; HPS_DDR3_ADDR[0]    ; SSTL-15 CLASS I                 ; QSF Assignment ;
; I/O Standard ; DE1_SOC_golden_top ;              ; HPS_DDR3_ADDR[10]   ; SSTL-15 CLASS I                 ; QSF Assignment ;
; I/O Standard ; DE1_SOC_golden_top ;              ; HPS_DDR3_ADDR[11]   ; SSTL-15 CLASS I                 ; QSF Assignment ;
; I/O Standard ; DE1_SOC_golden_top ;              ; HPS_DDR3_ADDR[12]   ; SSTL-15 CLASS I                 ; QSF Assignment ;
; I/O Standard ; DE1_SOC_golden_top ;              ; HPS_DDR3_ADDR[13]   ; SSTL-15 CLASS I                 ; QSF Assignment ;
; I/O Standard ; DE1_SOC_golden_top ;              ; HPS_DDR3_ADDR[14]   ; SSTL-15 CLASS I                 ; QSF Assignment ;
; I/O Standard ; DE1_SOC_golden_top ;              ; HPS_DDR3_ADDR[1]    ; SSTL-15 CLASS I                 ; QSF Assignment ;
; I/O Standard ; DE1_SOC_golden_top ;              ; HPS_DDR3_ADDR[2]    ; SSTL-15 CLASS I                 ; QSF Assignment ;
; I/O Standard ; DE1_SOC_golden_top ;              ; HPS_DDR3_ADDR[3]    ; SSTL-15 CLASS I                 ; QSF Assignment ;
; I/O Standard ; DE1_SOC_golden_top ;              ; HPS_DDR3_ADDR[4]    ; SSTL-15 CLASS I                 ; QSF Assignment ;
; I/O Standard ; DE1_SOC_golden_top ;              ; HPS_DDR3_ADDR[5]    ; SSTL-15 CLASS I                 ; QSF Assignment ;
; I/O Standard ; DE1_SOC_golden_top ;              ; HPS_DDR3_ADDR[6]    ; SSTL-15 CLASS I                 ; QSF Assignment ;
; I/O Standard ; DE1_SOC_golden_top ;              ; HPS_DDR3_ADDR[7]    ; SSTL-15 CLASS I                 ; QSF Assignment ;
; I/O Standard ; DE1_SOC_golden_top ;              ; HPS_DDR3_ADDR[8]    ; SSTL-15 CLASS I                 ; QSF Assignment ;
; I/O Standard ; DE1_SOC_golden_top ;              ; HPS_DDR3_ADDR[9]    ; SSTL-15 CLASS I                 ; QSF Assignment ;
; I/O Standard ; DE1_SOC_golden_top ;              ; HPS_DDR3_BA[0]      ; SSTL-15 CLASS I                 ; QSF Assignment ;
; I/O Standard ; DE1_SOC_golden_top ;              ; HPS_DDR3_BA[1]      ; SSTL-15 CLASS I                 ; QSF Assignment ;
; I/O Standard ; DE1_SOC_golden_top ;              ; HPS_DDR3_BA[2]      ; SSTL-15 CLASS I                 ; QSF Assignment ;
; I/O Standard ; DE1_SOC_golden_top ;              ; HPS_DDR3_CAS_N      ; SSTL-15 CLASS I                 ; QSF Assignment ;
; I/O Standard ; DE1_SOC_golden_top ;              ; HPS_DDR3_CKE        ; SSTL-15 CLASS I                 ; QSF Assignment ;
; I/O Standard ; DE1_SOC_golden_top ;              ; HPS_DDR3_CK_N       ; DIFFERENTIAL 1.5-V SSTL CLASS I ; QSF Assignment ;
; I/O Standard ; DE1_SOC_golden_top ;              ; HPS_DDR3_CK_P       ; DIFFERENTIAL 1.5-V SSTL CLASS I ; QSF Assignment ;
; I/O Standard ; DE1_SOC_golden_top ;              ; HPS_DDR3_CS_N       ; SSTL-15 CLASS I                 ; QSF Assignment ;
; I/O Standard ; DE1_SOC_golden_top ;              ; HPS_DDR3_DM[0]      ; SSTL-15 CLASS I                 ; QSF Assignment ;
; I/O Standard ; DE1_SOC_golden_top ;              ; HPS_DDR3_DM[1]      ; SSTL-15 CLASS I                 ; QSF Assignment ;
; I/O Standard ; DE1_SOC_golden_top ;              ; HPS_DDR3_DM[2]      ; SSTL-15 CLASS I                 ; QSF Assignment ;
; I/O Standard ; DE1_SOC_golden_top ;              ; HPS_DDR3_DM[3]      ; SSTL-15 CLASS I                 ; QSF Assignment ;
; I/O Standard ; DE1_SOC_golden_top ;              ; HPS_DDR3_DQS_N[0]   ; DIFFERENTIAL 1.5-V SSTL CLASS I ; QSF Assignment ;
; I/O Standard ; DE1_SOC_golden_top ;              ; HPS_DDR3_DQS_N[1]   ; DIFFERENTIAL 1.5-V SSTL CLASS I ; QSF Assignment ;
; I/O Standard ; DE1_SOC_golden_top ;              ; HPS_DDR3_DQS_N[2]   ; DIFFERENTIAL 1.5-V SSTL CLASS I ; QSF Assignment ;
; I/O Standard ; DE1_SOC_golden_top ;              ; HPS_DDR3_DQS_N[3]   ; DIFFERENTIAL 1.5-V SSTL CLASS I ; QSF Assignment ;
; I/O Standard ; DE1_SOC_golden_top ;              ; HPS_DDR3_DQS_P[0]   ; DIFFERENTIAL 1.5-V SSTL CLASS I ; QSF Assignment ;
; I/O Standard ; DE1_SOC_golden_top ;              ; HPS_DDR3_DQS_P[1]   ; DIFFERENTIAL 1.5-V SSTL CLASS I ; QSF Assignment ;
; I/O Standard ; DE1_SOC_golden_top ;              ; HPS_DDR3_DQS_P[2]   ; DIFFERENTIAL 1.5-V SSTL CLASS I ; QSF Assignment ;
; I/O Standard ; DE1_SOC_golden_top ;              ; HPS_DDR3_DQS_P[3]   ; DIFFERENTIAL 1.5-V SSTL CLASS I ; QSF Assignment ;
; I/O Standard ; DE1_SOC_golden_top ;              ; HPS_DDR3_DQ[0]      ; SSTL-15 CLASS I                 ; QSF Assignment ;
; I/O Standard ; DE1_SOC_golden_top ;              ; HPS_DDR3_DQ[10]     ; SSTL-15 CLASS I                 ; QSF Assignment ;
; I/O Standard ; DE1_SOC_golden_top ;              ; HPS_DDR3_DQ[11]     ; SSTL-15 CLASS I                 ; QSF Assignment ;
; I/O Standard ; DE1_SOC_golden_top ;              ; HPS_DDR3_DQ[12]     ; SSTL-15 CLASS I                 ; QSF Assignment ;
; I/O Standard ; DE1_SOC_golden_top ;              ; HPS_DDR3_DQ[13]     ; SSTL-15 CLASS I                 ; QSF Assignment ;
; I/O Standard ; DE1_SOC_golden_top ;              ; HPS_DDR3_DQ[14]     ; SSTL-15 CLASS I                 ; QSF Assignment ;
; I/O Standard ; DE1_SOC_golden_top ;              ; HPS_DDR3_DQ[15]     ; SSTL-15 CLASS I                 ; QSF Assignment ;
; I/O Standard ; DE1_SOC_golden_top ;              ; HPS_DDR3_DQ[16]     ; SSTL-15 CLASS I                 ; QSF Assignment ;
; I/O Standard ; DE1_SOC_golden_top ;              ; HPS_DDR3_DQ[17]     ; SSTL-15 CLASS I                 ; QSF Assignment ;
; I/O Standard ; DE1_SOC_golden_top ;              ; HPS_DDR3_DQ[18]     ; SSTL-15 CLASS I                 ; QSF Assignment ;
; I/O Standard ; DE1_SOC_golden_top ;              ; HPS_DDR3_DQ[19]     ; SSTL-15 CLASS I                 ; QSF Assignment ;
; I/O Standard ; DE1_SOC_golden_top ;              ; HPS_DDR3_DQ[1]      ; SSTL-15 CLASS I                 ; QSF Assignment ;
; I/O Standard ; DE1_SOC_golden_top ;              ; HPS_DDR3_DQ[20]     ; SSTL-15 CLASS I                 ; QSF Assignment ;
; I/O Standard ; DE1_SOC_golden_top ;              ; HPS_DDR3_DQ[21]     ; SSTL-15 CLASS I                 ; QSF Assignment ;
; I/O Standard ; DE1_SOC_golden_top ;              ; HPS_DDR3_DQ[22]     ; SSTL-15 CLASS I                 ; QSF Assignment ;
; I/O Standard ; DE1_SOC_golden_top ;              ; HPS_DDR3_DQ[23]     ; SSTL-15 CLASS I                 ; QSF Assignment ;
; I/O Standard ; DE1_SOC_golden_top ;              ; HPS_DDR3_DQ[24]     ; SSTL-15 CLASS I                 ; QSF Assignment ;
; I/O Standard ; DE1_SOC_golden_top ;              ; HPS_DDR3_DQ[25]     ; SSTL-15 CLASS I                 ; QSF Assignment ;
; I/O Standard ; DE1_SOC_golden_top ;              ; HPS_DDR3_DQ[26]     ; SSTL-15 CLASS I                 ; QSF Assignment ;
; I/O Standard ; DE1_SOC_golden_top ;              ; HPS_DDR3_DQ[27]     ; SSTL-15 CLASS I                 ; QSF Assignment ;
; I/O Standard ; DE1_SOC_golden_top ;              ; HPS_DDR3_DQ[28]     ; SSTL-15 CLASS I                 ; QSF Assignment ;
; I/O Standard ; DE1_SOC_golden_top ;              ; HPS_DDR3_DQ[29]     ; SSTL-15 CLASS I                 ; QSF Assignment ;
; I/O Standard ; DE1_SOC_golden_top ;              ; HPS_DDR3_DQ[2]      ; SSTL-15 CLASS I                 ; QSF Assignment ;
; I/O Standard ; DE1_SOC_golden_top ;              ; HPS_DDR3_DQ[30]     ; SSTL-15 CLASS I                 ; QSF Assignment ;
; I/O Standard ; DE1_SOC_golden_top ;              ; HPS_DDR3_DQ[31]     ; SSTL-15 CLASS I                 ; QSF Assignment ;
; I/O Standard ; DE1_SOC_golden_top ;              ; HPS_DDR3_DQ[3]      ; SSTL-15 CLASS I                 ; QSF Assignment ;
; I/O Standard ; DE1_SOC_golden_top ;              ; HPS_DDR3_DQ[4]      ; SSTL-15 CLASS I                 ; QSF Assignment ;
; I/O Standard ; DE1_SOC_golden_top ;              ; HPS_DDR3_DQ[5]      ; SSTL-15 CLASS I                 ; QSF Assignment ;
; I/O Standard ; DE1_SOC_golden_top ;              ; HPS_DDR3_DQ[6]      ; SSTL-15 CLASS I                 ; QSF Assignment ;
; I/O Standard ; DE1_SOC_golden_top ;              ; HPS_DDR3_DQ[7]      ; SSTL-15 CLASS I                 ; QSF Assignment ;
; I/O Standard ; DE1_SOC_golden_top ;              ; HPS_DDR3_DQ[8]      ; SSTL-15 CLASS I                 ; QSF Assignment ;
; I/O Standard ; DE1_SOC_golden_top ;              ; HPS_DDR3_DQ[9]      ; SSTL-15 CLASS I                 ; QSF Assignment ;
; I/O Standard ; DE1_SOC_golden_top ;              ; HPS_DDR3_ODT        ; SSTL-15 CLASS I                 ; QSF Assignment ;
; I/O Standard ; DE1_SOC_golden_top ;              ; HPS_DDR3_RAS_N      ; SSTL-15 CLASS I                 ; QSF Assignment ;
; I/O Standard ; DE1_SOC_golden_top ;              ; HPS_DDR3_RESET_N    ; SSTL-15 CLASS I                 ; QSF Assignment ;
; I/O Standard ; DE1_SOC_golden_top ;              ; HPS_DDR3_RZQ        ; SSTL-15 CLASS I                 ; QSF Assignment ;
; I/O Standard ; DE1_SOC_golden_top ;              ; HPS_DDR3_WE_N       ; SSTL-15 CLASS I                 ; QSF Assignment ;
; I/O Standard ; DE1_SOC_golden_top ;              ; HPS_ENET_GTX_CLK    ; 3.3-V LVTTL                     ; QSF Assignment ;
; I/O Standard ; DE1_SOC_golden_top ;              ; HPS_ENET_INT_N      ; 3.3-V LVTTL                     ; QSF Assignment ;
; I/O Standard ; DE1_SOC_golden_top ;              ; HPS_ENET_MDC        ; 3.3-V LVTTL                     ; QSF Assignment ;
; I/O Standard ; DE1_SOC_golden_top ;              ; HPS_ENET_MDIO       ; 3.3-V LVTTL                     ; QSF Assignment ;
; I/O Standard ; DE1_SOC_golden_top ;              ; HPS_ENET_RX_CLK     ; 3.3-V LVTTL                     ; QSF Assignment ;
; I/O Standard ; DE1_SOC_golden_top ;              ; HPS_ENET_RX_DATA[0] ; 3.3-V LVTTL                     ; QSF Assignment ;
; I/O Standard ; DE1_SOC_golden_top ;              ; HPS_ENET_RX_DATA[1] ; 3.3-V LVTTL                     ; QSF Assignment ;
; I/O Standard ; DE1_SOC_golden_top ;              ; HPS_ENET_RX_DATA[2] ; 3.3-V LVTTL                     ; QSF Assignment ;
; I/O Standard ; DE1_SOC_golden_top ;              ; HPS_ENET_RX_DATA[3] ; 3.3-V LVTTL                     ; QSF Assignment ;
; I/O Standard ; DE1_SOC_golden_top ;              ; HPS_ENET_RX_DV      ; 3.3-V LVTTL                     ; QSF Assignment ;
; I/O Standard ; DE1_SOC_golden_top ;              ; HPS_ENET_TX_DATA[0] ; 3.3-V LVTTL                     ; QSF Assignment ;
; I/O Standard ; DE1_SOC_golden_top ;              ; HPS_ENET_TX_DATA[1] ; 3.3-V LVTTL                     ; QSF Assignment ;
; I/O Standard ; DE1_SOC_golden_top ;              ; HPS_ENET_TX_DATA[2] ; 3.3-V LVTTL                     ; QSF Assignment ;
; I/O Standard ; DE1_SOC_golden_top ;              ; HPS_ENET_TX_DATA[3] ; 3.3-V LVTTL                     ; QSF Assignment ;
; I/O Standard ; DE1_SOC_golden_top ;              ; HPS_ENET_TX_EN      ; 3.3-V LVTTL                     ; QSF Assignment ;
; I/O Standard ; DE1_SOC_golden_top ;              ; HPS_FLASH_DATA[0]   ; 3.3-V LVTTL                     ; QSF Assignment ;
; I/O Standard ; DE1_SOC_golden_top ;              ; HPS_FLASH_DATA[1]   ; 3.3-V LVTTL                     ; QSF Assignment ;
; I/O Standard ; DE1_SOC_golden_top ;              ; HPS_FLASH_DATA[2]   ; 3.3-V LVTTL                     ; QSF Assignment ;
; I/O Standard ; DE1_SOC_golden_top ;              ; HPS_FLASH_DATA[3]   ; 3.3-V LVTTL                     ; QSF Assignment ;
; I/O Standard ; DE1_SOC_golden_top ;              ; HPS_FLASH_DCLK      ; 3.3-V LVTTL                     ; QSF Assignment ;
; I/O Standard ; DE1_SOC_golden_top ;              ; HPS_FLASH_NCSO      ; 3.3-V LVTTL                     ; QSF Assignment ;
; I/O Standard ; DE1_SOC_golden_top ;              ; HPS_GSENSOR_INT     ; 3.3-V LVTTL                     ; QSF Assignment ;
; I/O Standard ; DE1_SOC_golden_top ;              ; HPS_I2C1_SCLK       ; 3.3-V LVTTL                     ; QSF Assignment ;
; I/O Standard ; DE1_SOC_golden_top ;              ; HPS_I2C1_SDAT       ; 3.3-V LVTTL                     ; QSF Assignment ;
; I/O Standard ; DE1_SOC_golden_top ;              ; HPS_I2C2_SCLK       ; 3.3-V LVTTL                     ; QSF Assignment ;
; I/O Standard ; DE1_SOC_golden_top ;              ; HPS_I2C2_SDAT       ; 3.3-V LVTTL                     ; QSF Assignment ;
; I/O Standard ; DE1_SOC_golden_top ;              ; HPS_I2C_CONTROL     ; 3.3-V LVTTL                     ; QSF Assignment ;
; I/O Standard ; DE1_SOC_golden_top ;              ; HPS_KEY             ; 3.3-V LVTTL                     ; QSF Assignment ;
; I/O Standard ; DE1_SOC_golden_top ;              ; HPS_LED             ; 3.3-V LVTTL                     ; QSF Assignment ;
; I/O Standard ; DE1_SOC_golden_top ;              ; HPS_LTC_GPIO        ; 3.3-V LVTTL                     ; QSF Assignment ;
; I/O Standard ; DE1_SOC_golden_top ;              ; HPS_SD_CLK          ; 3.3-V LVTTL                     ; QSF Assignment ;
; I/O Standard ; DE1_SOC_golden_top ;              ; HPS_SD_CMD          ; 3.3-V LVTTL                     ; QSF Assignment ;
; I/O Standard ; DE1_SOC_golden_top ;              ; HPS_SD_DATA[0]      ; 3.3-V LVTTL                     ; QSF Assignment ;
; I/O Standard ; DE1_SOC_golden_top ;              ; HPS_SD_DATA[1]      ; 3.3-V LVTTL                     ; QSF Assignment ;
; I/O Standard ; DE1_SOC_golden_top ;              ; HPS_SD_DATA[2]      ; 3.3-V LVTTL                     ; QSF Assignment ;
; I/O Standard ; DE1_SOC_golden_top ;              ; HPS_SD_DATA[3]      ; 3.3-V LVTTL                     ; QSF Assignment ;
; I/O Standard ; DE1_SOC_golden_top ;              ; HPS_SPIM_CLK        ; 3.3-V LVTTL                     ; QSF Assignment ;
; I/O Standard ; DE1_SOC_golden_top ;              ; HPS_SPIM_MISO       ; 3.3-V LVTTL                     ; QSF Assignment ;
; I/O Standard ; DE1_SOC_golden_top ;              ; HPS_SPIM_MOSI       ; 3.3-V LVTTL                     ; QSF Assignment ;
; I/O Standard ; DE1_SOC_golden_top ;              ; HPS_SPIM_SS         ; 3.3-V LVTTL                     ; QSF Assignment ;
; I/O Standard ; DE1_SOC_golden_top ;              ; HPS_UART_RX         ; 3.3-V LVTTL                     ; QSF Assignment ;
; I/O Standard ; DE1_SOC_golden_top ;              ; HPS_UART_TX         ; 3.3-V LVTTL                     ; QSF Assignment ;
; I/O Standard ; DE1_SOC_golden_top ;              ; HPS_USB_CLKOUT      ; 3.3-V LVTTL                     ; QSF Assignment ;
; I/O Standard ; DE1_SOC_golden_top ;              ; HPS_USB_DATA[0]     ; 3.3-V LVTTL                     ; QSF Assignment ;
; I/O Standard ; DE1_SOC_golden_top ;              ; HPS_USB_DATA[1]     ; 3.3-V LVTTL                     ; QSF Assignment ;
; I/O Standard ; DE1_SOC_golden_top ;              ; HPS_USB_DATA[2]     ; 3.3-V LVTTL                     ; QSF Assignment ;
; I/O Standard ; DE1_SOC_golden_top ;              ; HPS_USB_DATA[3]     ; 3.3-V LVTTL                     ; QSF Assignment ;
; I/O Standard ; DE1_SOC_golden_top ;              ; HPS_USB_DATA[4]     ; 3.3-V LVTTL                     ; QSF Assignment ;
; I/O Standard ; DE1_SOC_golden_top ;              ; HPS_USB_DATA[5]     ; 3.3-V LVTTL                     ; QSF Assignment ;
; I/O Standard ; DE1_SOC_golden_top ;              ; HPS_USB_DATA[6]     ; 3.3-V LVTTL                     ; QSF Assignment ;
; I/O Standard ; DE1_SOC_golden_top ;              ; HPS_USB_DATA[7]     ; 3.3-V LVTTL                     ; QSF Assignment ;
; I/O Standard ; DE1_SOC_golden_top ;              ; HPS_USB_DIR         ; 3.3-V LVTTL                     ; QSF Assignment ;
; I/O Standard ; DE1_SOC_golden_top ;              ; HPS_USB_NXT         ; 3.3-V LVTTL                     ; QSF Assignment ;
; I/O Standard ; DE1_SOC_golden_top ;              ; HPS_USB_STP         ; 3.3-V LVTTL                     ; QSF Assignment ;
+--------------+--------------------+--------------+---------------------+---------------------------------+----------------+


+---------------------------------------------------------------------------------------------------+
; Incremental Compilation Preservation Summary                                                      ;
+---------------------+---------------------+----------------------------+--------------------------+
; Type                ; Total [A + B]       ; From Design Partitions [A] ; From Rapid Recompile [B] ;
+---------------------+---------------------+----------------------------+--------------------------+
; Placement (by node) ;                     ;                            ;                          ;
;     -- Requested    ; 0.00 % ( 0 / 6134 ) ; 0.00 % ( 0 / 6134 )        ; 0.00 % ( 0 / 6134 )      ;
;     -- Achieved     ; 0.00 % ( 0 / 6134 ) ; 0.00 % ( 0 / 6134 )        ; 0.00 % ( 0 / 6134 )      ;
;                     ;                     ;                            ;                          ;
; Routing (by net)    ;                     ;                            ;                          ;
;     -- Requested    ; 0.00 % ( 0 / 0 )    ; 0.00 % ( 0 / 0 )           ; 0.00 % ( 0 / 0 )         ;
;     -- Achieved     ; 0.00 % ( 0 / 0 )    ; 0.00 % ( 0 / 0 )           ; 0.00 % ( 0 / 0 )         ;
+---------------------+---------------------+----------------------------+--------------------------+


+----------------------------------------------------------------------------------------------------------------------------------------------------------------------------------------+
; Incremental Compilation Partition Settings                                                                                                                                             ;
+--------------------------------+----------------+-------------------+-------------------------+------------------------+------------------------------+--------------------------------+
; Partition Name                 ; Partition Type ; Netlist Type Used ; Preservation Level Used ; Netlist Type Requested ; Preservation Level Requested ; Contents                       ;
+--------------------------------+----------------+-------------------+-------------------------+------------------------+------------------------------+--------------------------------+
; Top                            ; User-created   ; Source File       ; N/A                     ; Source File            ; N/A                          ;                                ;
; hard_block:auto_generated_inst ; Auto-generated ; Source File       ; N/A                     ; Source File            ; N/A                          ; hard_block:auto_generated_inst ;
+--------------------------------+----------------+-------------------+-------------------------+------------------------+------------------------------+--------------------------------+


+------------------------------------------------------------------------------------------------------------------------------------+
; Incremental Compilation Placement Preservation                                                                                     ;
+--------------------------------+-----------------------+-------------------------+-------------------+---------------------+-------+
; Partition Name                 ; Preservation Achieved ; Preservation Level Used ; Netlist Type Used ; Preservation Method ; Notes ;
+--------------------------------+-----------------------+-------------------------+-------------------+---------------------+-------+
; Top                            ; 0.00 % ( 0 / 6117 )   ; N/A                     ; Source File       ; N/A                 ;       ;
; hard_block:auto_generated_inst ; 0.00 % ( 0 / 17 )     ; N/A                     ; Source File       ; N/A                 ;       ;
+--------------------------------+-----------------------+-------------------------+-------------------+---------------------+-------+


+--------------+
; Pin-Out File ;
+--------------+
The pin-out file can be found in C:/Users/junio/Downloads/PBLSD1/coprocessador_grafico_versao_final_com_esp_V_e_H/coprocessador_grafico/output_files/coprocessador.pin.


+---------------------------------------------------------------------------------------------+
; Fitter Resource Usage Summary                                                               ;
+-------------------------------------------------------------+-----------------------+-------+
; Resource                                                    ; Usage                 ; %     ;
+-------------------------------------------------------------+-----------------------+-------+
; Logic utilization (ALMs needed / total ALMs on device)      ; 2,587 / 32,070        ; 8 %   ;
; ALMs needed [=A-B+C]                                        ; 2,587                 ;       ;
;     [A] ALMs used in final placement [=a+b+c+d]             ; 3,028 / 32,070        ; 9 %   ;
;         [a] ALMs used for LUT logic and registers           ; 308                   ;       ;
;         [b] ALMs used for LUT logic                         ; 2,222                 ;       ;
;         [c] ALMs used for registers                         ; 498                   ;       ;
;         [d] ALMs used for memory (up to half of total ALMs) ; 0                     ;       ;
;     [B] Estimate of ALMs recoverable by dense packing       ; 473 / 32,070          ; 1 %   ;
;     [C] Estimate of ALMs unavailable [=a+b+c+d]             ; 32 / 32,070           ; < 1 % ;
;         [a] Due to location constrained logic               ; 0                     ;       ;
;         [b] Due to LAB-wide signal conflicts                ; 7                     ;       ;
;         [c] Due to LAB input limits                         ; 25                    ;       ;
;         [d] Due to virtual I/Os                             ; 0                     ;       ;
;                                                             ;                       ;       ;
; Difficulty packing design                                   ; Low                   ;       ;
;                                                             ;                       ;       ;
; Total LABs:  partially or completely used                   ; 401 / 3,207           ; 13 %  ;
;     -- Logic LABs                                           ; 401                   ;       ;
;     -- Memory LABs (up to half of total LABs)               ; 0                     ;       ;
;                                                             ;                       ;       ;
; Combinational ALUT usage for logic                          ; 3,869                 ;       ;
;     -- 7 input functions                                    ; 28                    ;       ;
;     -- 6 input functions                                    ; 1,489                 ;       ;
;     -- 5 input functions                                    ; 1,166                 ;       ;
;     -- 4 input functions                                    ; 258                   ;       ;
;     -- <=3 input functions                                  ; 928                   ;       ;
; Combinational ALUT usage for route-throughs                 ; 220                   ;       ;
;                                                             ;                       ;       ;
; Dedicated logic registers                                   ; 1,615                 ;       ;
;     -- By type:                                             ;                       ;       ;
;         -- Primary logic registers                          ; 1,611 / 64,140        ; 3 %   ;
;         -- Secondary logic registers                        ; 4 / 64,140            ; < 1 % ;
;     -- By function:                                         ;                       ;       ;
;         -- Design implementation registers                  ; 1,612                 ;       ;
;         -- Routing optimization registers                   ; 3                     ;       ;
;                                                             ;                       ;       ;
; Virtual pins                                                ; 0                     ;       ;
; I/O pins                                                    ; 241 / 457             ; 53 %  ;
;     -- Clock pins                                           ; 8 / 8                 ; 100 % ;
;     -- Dedicated input pins                                 ; 0 / 21                ; 0 %   ;
;                                                             ;                       ;       ;
; Hard processor system peripheral utilization                ;                       ;       ;
;     -- Boot from FPGA                                       ; 0 / 1 ( 0 % )         ;       ;
;     -- Clock resets                                         ; 0 / 1 ( 0 % )         ;       ;
;     -- Cross trigger                                        ; 0 / 1 ( 0 % )         ;       ;
;     -- S2F AXI                                              ; 0 / 1 ( 0 % )         ;       ;
;     -- F2S AXI                                              ; 0 / 1 ( 0 % )         ;       ;
;     -- AXI Lightweight                                      ; 0 / 1 ( 0 % )         ;       ;
;     -- SDRAM                                                ; 0 / 1 ( 0 % )         ;       ;
;     -- Interrupts                                           ; 0 / 1 ( 0 % )         ;       ;
;     -- JTAG                                                 ; 0 / 1 ( 0 % )         ;       ;
;     -- Loan I/O                                             ; 0 / 1 ( 0 % )         ;       ;
;     -- MPU event standby                                    ; 0 / 1 ( 0 % )         ;       ;
;     -- MPU general purpose                                  ; 0 / 1 ( 0 % )         ;       ;
;     -- STM event                                            ; 0 / 1 ( 0 % )         ;       ;
;     -- TPIU trace                                           ; 0 / 1 ( 0 % )         ;       ;
;     -- DMA                                                  ; 0 / 1 ( 0 % )         ;       ;
;     -- CAN                                                  ; 0 / 2 ( 0 % )         ;       ;
;     -- EMAC                                                 ; 0 / 2 ( 0 % )         ;       ;
;     -- I2C                                                  ; 0 / 4 ( 0 % )         ;       ;
;     -- NAND Flash                                           ; 0 / 1 ( 0 % )         ;       ;
;     -- QSPI                                                 ; 0 / 1 ( 0 % )         ;       ;
;     -- SDMMC                                                ; 0 / 1 ( 0 % )         ;       ;
;     -- SPI Master                                           ; 0 / 2 ( 0 % )         ;       ;
;     -- SPI Slave                                            ; 0 / 2 ( 0 % )         ;       ;
;     -- UART                                                 ; 0 / 2 ( 0 % )         ;       ;
;     -- USB                                                  ; 0 / 2 ( 0 % )         ;       ;
;                                                             ;                       ;       ;
; M10K blocks                                                 ; 28 / 397              ; 7 %   ;
; Total MLAB memory bits                                      ; 0                     ;       ;
; Total block memory bits                                     ; 229,376 / 4,065,280   ; 6 %   ;
; Total block memory implementation bits                      ; 286,720 / 4,065,280   ; 7 %   ;
;                                                             ;                       ;       ;
; Total DSP Blocks                                            ; 24 / 87               ; 28 %  ;
;                                                             ;                       ;       ;
; Fractional PLLs                                             ; 2 / 6                 ; 33 %  ;
; Global signals                                              ; 3                     ;       ;
;     -- Global clocks                                        ; 3 / 16                ; 19 %  ;
;     -- Quadrant clocks                                      ; 0 / 66                ; 0 %   ;
;     -- Horizontal periphery clocks                          ; 0 / 18                ; 0 %   ;
; SERDES Transmitters                                         ; 0 / 100               ; 0 %   ;
; SERDES Receivers                                            ; 0 / 100               ; 0 %   ;
; JTAGs                                                       ; 0 / 1                 ; 0 %   ;
; ASMI blocks                                                 ; 0 / 1                 ; 0 %   ;
; CRC blocks                                                  ; 0 / 1                 ; 0 %   ;
; Remote update blocks                                        ; 0 / 1                 ; 0 %   ;
; Oscillator blocks                                           ; 0 / 1                 ; 0 %   ;
; Impedance control blocks                                    ; 0 / 4                 ; 0 %   ;
; Hard Memory Controllers                                     ; 0 / 2                 ; 0 %   ;
; Average interconnect usage (total/H/V)                      ; 4.0% / 4.0% / 4.0%    ;       ;
; Peak interconnect usage (total/H/V)                         ; 40.0% / 39.2% / 42.8% ;       ;
; Maximum fan-out                                             ; 1289                  ;       ;
; Highest non-global fan-out                                  ; 1289                  ;       ;
; Total fan-out                                               ; 25524                 ;       ;
; Average fan-out                                             ; 4.02                  ;       ;
+-------------------------------------------------------------+-----------------------+-------+


+---------------------------------------------------------------------------------------------------------------------+
; Fitter Partition Statistics                                                                                         ;
+-------------------------------------------------------------+----------------------+--------------------------------+
; Statistic                                                   ; Top                  ; hard_block:auto_generated_inst ;
+-------------------------------------------------------------+----------------------+--------------------------------+
; Logic utilization (ALMs needed / total ALMs on device)      ; 2587 / 32070 ( 8 % ) ; 0 / 32070 ( 0 % )              ;
; ALMs needed [=A-B+C]                                        ; 2587                 ; 0                              ;
;     [A] ALMs used in final placement [=a+b+c+d]             ; 3028 / 32070 ( 9 % ) ; 0 / 32070 ( 0 % )              ;
;         [a] ALMs used for LUT logic and registers           ; 308                  ; 0                              ;
;         [b] ALMs used for LUT logic                         ; 2222                 ; 0                              ;
;         [c] ALMs used for registers                         ; 498                  ; 0                              ;
;         [d] ALMs used for memory (up to half of total ALMs) ; 0                    ; 0                              ;
;     [B] Estimate of ALMs recoverable by dense packing       ; 473 / 32070 ( 1 % )  ; 0 / 32070 ( 0 % )              ;
;     [C] Estimate of ALMs unavailable [=a+b+c+d]             ; 32 / 32070 ( < 1 % ) ; 0 / 32070 ( 0 % )              ;
;         [a] Due to location constrained logic               ; 0                    ; 0                              ;
;         [b] Due to LAB-wide signal conflicts                ; 7                    ; 0                              ;
;         [c] Due to LAB input limits                         ; 25                   ; 0                              ;
;         [d] Due to virtual I/Os                             ; 0                    ; 0                              ;
;                                                             ;                      ;                                ;
; Difficulty packing design                                   ; Low                  ; Low                            ;
;                                                             ;                      ;                                ;
; Total LABs:  partially or completely used                   ; 401 / 3207 ( 13 % )  ; 0 / 3207 ( 0 % )               ;
;     -- Logic LABs                                           ; 401                  ; 0                              ;
;     -- Memory LABs (up to half of total LABs)               ; 0                    ; 0                              ;
;                                                             ;                      ;                                ;
; Combinational ALUT usage for logic                          ; 3869                 ; 0                              ;
;     -- 7 input functions                                    ; 28                   ; 0                              ;
;     -- 6 input functions                                    ; 1489                 ; 0                              ;
;     -- 5 input functions                                    ; 1166                 ; 0                              ;
;     -- 4 input functions                                    ; 258                  ; 0                              ;
;     -- <=3 input functions                                  ; 928                  ; 0                              ;
; Combinational ALUT usage for route-throughs                 ; 220                  ; 0                              ;
; Memory ALUT usage                                           ; 0                    ; 0                              ;
;     -- 64-address deep                                      ; 0                    ; 0                              ;
;     -- 32-address deep                                      ; 0                    ; 0                              ;
;                                                             ;                      ;                                ;
; Dedicated logic registers                                   ; 0                    ; 0                              ;
;     -- By type:                                             ;                      ;                                ;
;         -- Primary logic registers                          ; 1611 / 64140 ( 3 % ) ; 0 / 64140 ( 0 % )              ;
;         -- Secondary logic registers                        ; 4 / 64140 ( < 1 % )  ; 0 / 64140 ( 0 % )              ;
;     -- By function:                                         ;                      ;                                ;
;         -- Design implementation registers                  ; 1612                 ; 0                              ;
;         -- Routing optimization registers                   ; 3                    ; 0                              ;
;                                                             ;                      ;                                ;
;                                                             ;                      ;                                ;
; Virtual pins                                                ; 0                    ; 0                              ;
; I/O pins                                                    ; 238                  ; 3                              ;
; I/O registers                                               ; 0                    ; 0                              ;
; Total block memory bits                                     ; 229376               ; 0                              ;
; Total block memory implementation bits                      ; 286720               ; 0                              ;
; M10K block                                                  ; 28 / 397 ( 7 % )     ; 0 / 397 ( 0 % )                ;
; DSP block                                                   ; 24 / 87 ( 27 % )     ; 0 / 87 ( 0 % )                 ;
; Clock enable block                                          ; 0 / 116 ( 0 % )      ; 3 / 116 ( 2 % )                ;
; Fractional PLL                                              ; 0 / 6 ( 0 % )        ; 2 / 6 ( 33 % )                 ;
; PLL Output Counter                                          ; 0 / 54 ( 0 % )       ; 2 / 54 ( 3 % )                 ;
; PLL Reconfiguration Block                                   ; 0 / 6 ( 0 % )        ; 2 / 6 ( 33 % )                 ;
; PLL Reference Clock Select Block                            ; 0 / 6 ( 0 % )        ; 2 / 6 ( 33 % )                 ;
;                                                             ;                      ;                                ;
; Connections                                                 ;                      ;                                ;
;     -- Input Connections                                    ; 1968                 ; 0                              ;
;     -- Registered Input Connections                         ; 1671                 ; 0                              ;
;     -- Output Connections                                   ; 96                   ; 1872                           ;
;     -- Registered Output Connections                        ; 0                    ; 0                              ;
;                                                             ;                      ;                                ;
; Internal Connections                                        ;                      ;                                ;
;     -- Total Connections                                    ; 28300                ; 1940                           ;
;     -- Registered Connections                               ; 9312                 ; 0                              ;
;                                                             ;                      ;                                ;
; External Connections                                        ;                      ;                                ;
;     -- Top                                                  ; 192                  ; 1872                           ;
;     -- hard_block:auto_generated_inst                       ; 1872                 ; 0                              ;
;                                                             ;                      ;                                ;
; Partition Interface                                         ;                      ;                                ;
;     -- Input Ports                                          ; 32                   ; 2                              ;
;     -- Output Ports                                         ; 113                  ; 7                              ;
;     -- Bidir Ports                                          ; 96                   ; 0                              ;
;                                                             ;                      ;                                ;
; Registered Ports                                            ;                      ;                                ;
;     -- Registered Input Ports                               ; 0                    ; 0                              ;
;     -- Registered Output Ports                              ; 0                    ; 0                              ;
;                                                             ;                      ;                                ;
; Port Connectivity                                           ;                      ;                                ;
;     -- Input Ports driven by GND                            ; 0                    ; 0                              ;
;     -- Output Ports driven by GND                           ; 0                    ; 0                              ;
;     -- Input Ports driven by VCC                            ; 0                    ; 0                              ;
;     -- Output Ports driven by VCC                           ; 0                    ; 0                              ;
;     -- Input Ports with no Source                           ; 0                    ; 0                              ;
;     -- Output Ports with no Source                          ; 0                    ; 0                              ;
;     -- Input Ports with no Fanout                           ; 0                    ; 0                              ;
;     -- Output Ports with no Fanout                          ; 0                    ; 0                              ;
+-------------------------------------------------------------+----------------------+--------------------------------+


+-------------------------------------------------------------------------------------------------------------------------------------------------------------------------------------------------------------------------------------------------------------------------------------------+
; Input Pins                                                                                                                                                                                                                                                                                ;
+------------+-------+----------+--------------+--------------+--------------+-----------------------+--------------------+--------+----------------+-----------------+----------+--------------+--------------+-------------+---------------------------+----------------------+-----------+
; Name       ; Pin # ; I/O Bank ; X coordinate ; Y coordinate ; Z coordinate ; Combinational Fan-Out ; Registered Fan-Out ; Global ; Input Register ; PCI I/O Enabled ; Bus Hold ; Weak Pull Up ; I/O Standard ; Termination ; Termination Control Block ; Location assigned by ; Slew Rate ;
+------------+-------+----------+--------------+--------------+--------------+-----------------------+--------------------+--------+----------------+-----------------+----------+--------------+--------------+-------------+---------------------------+----------------------+-----------+
; ADC_DOUT   ; AK3   ; 3B       ; 20           ; 0            ; 51           ; 0                     ; 0                  ; no     ; no             ; no              ; no       ; Off          ; 3.3-V LVTTL  ; Off         ; --                        ; User                 ; no        ;
; AUD_ADCDAT ; K7    ; 8A       ; 8            ; 81           ; 0            ; 0                     ; 0                  ; no     ; no             ; no              ; no       ; Off          ; 3.3-V LVTTL  ; Off         ; --                        ; User                 ; no        ;
; CLOCK2_50  ; AA16  ; 4A       ; 56           ; 0            ; 0            ; 0                     ; 0                  ; no     ; no             ; no              ; no       ; Off          ; 3.3-V LVTTL  ; Off         ; --                        ; User                 ; no        ;
; CLOCK3_50  ; Y26   ; 5B       ; 89           ; 25           ; 3            ; 0                     ; 0                  ; no     ; no             ; no              ; no       ; Off          ; 3.3-V LVTTL  ; Off         ; --                        ; User                 ; no        ;
; CLOCK4_50  ; K14   ; 8A       ; 32           ; 81           ; 0            ; 0                     ; 0                  ; no     ; no             ; no              ; no       ; Off          ; 3.3-V LVTTL  ; Off         ; --                        ; User                 ; no        ;
; CLOCK_50   ; AF14  ; 3B       ; 32           ; 0            ; 0            ; 230                   ; 0                  ; yes    ; no             ; no              ; no       ; Off          ; 3.3-V LVTTL  ; Off         ; --                        ; User                 ; no        ;
; IRDA_RXD   ; AA30  ; 5B       ; 89           ; 21           ; 20           ; 0                     ; 0                  ; no     ; no             ; no              ; no       ; Off          ; 3.3-V LVTTL  ; Off         ; --                        ; User                 ; no        ;
; KEY[0]     ; AA14  ; 3B       ; 36           ; 0            ; 0            ; 2                     ; 0                  ; no     ; no             ; no              ; no       ; Off          ; 3.3-V LVTTL  ; Off         ; --                        ; User                 ; no        ;
; KEY[1]     ; AA15  ; 3B       ; 36           ; 0            ; 17           ; 2                     ; 0                  ; no     ; no             ; no              ; no       ; Off          ; 3.3-V LVTTL  ; Off         ; --                        ; User                 ; no        ;
; KEY[2]     ; W15   ; 3B       ; 40           ; 0            ; 0            ; 2                     ; 0                  ; no     ; no             ; no              ; no       ; Off          ; 3.3-V LVTTL  ; Off         ; --                        ; User                 ; no        ;
; KEY[3]     ; Y16   ; 3B       ; 40           ; 0            ; 17           ; 68                    ; 0                  ; no     ; no             ; no              ; no       ; Off          ; 3.3-V LVTTL  ; Off         ; --                        ; User                 ; no        ;
; SW[0]      ; AB12  ; 3A       ; 12           ; 0            ; 17           ; 46                    ; 0                  ; no     ; no             ; no              ; no       ; Off          ; 3.3-V LVTTL  ; Off         ; --                        ; User                 ; no        ;
; SW[1]      ; AC12  ; 3A       ; 16           ; 0            ; 0            ; 46                    ; 0                  ; no     ; no             ; no              ; no       ; Off          ; 3.3-V LVTTL  ; Off         ; --                        ; User                 ; no        ;
; SW[2]      ; AF9   ; 3A       ; 8            ; 0            ; 34           ; 45                    ; 0                  ; no     ; no             ; no              ; no       ; Off          ; 3.3-V LVTTL  ; Off         ; --                        ; User                 ; no        ;
; SW[3]      ; AF10  ; 3A       ; 4            ; 0            ; 51           ; 1                     ; 0                  ; no     ; no             ; no              ; no       ; Off          ; 3.3-V LVTTL  ; Off         ; --                        ; User                 ; no        ;
; SW[4]      ; AD11  ; 3A       ; 2            ; 0            ; 40           ; 1                     ; 0                  ; no     ; no             ; no              ; no       ; Off          ; 3.3-V LVTTL  ; Off         ; --                        ; User                 ; no        ;
; SW[5]      ; AD12  ; 3A       ; 16           ; 0            ; 17           ; 7                     ; 0                  ; no     ; no             ; no              ; no       ; Off          ; 3.3-V LVTTL  ; Off         ; --                        ; User                 ; no        ;
; SW[6]      ; AE11  ; 3A       ; 4            ; 0            ; 34           ; 22                    ; 0                  ; no     ; no             ; no              ; no       ; Off          ; 3.3-V LVTTL  ; Off         ; --                        ; User                 ; no        ;
; SW[7]      ; AC9   ; 3A       ; 4            ; 0            ; 0            ; 22                    ; 0                  ; no     ; no             ; no              ; no       ; Off          ; 3.3-V LVTTL  ; Off         ; --                        ; User                 ; no        ;
; SW[8]      ; AD10  ; 3A       ; 4            ; 0            ; 17           ; 22                    ; 0                  ; no     ; no             ; no              ; no       ; Off          ; 3.3-V LVTTL  ; Off         ; --                        ; User                 ; no        ;
; SW[9]      ; AE12  ; 3A       ; 2            ; 0            ; 57           ; 22                    ; 0                  ; no     ; no             ; no              ; no       ; Off          ; 3.3-V LVTTL  ; Off         ; --                        ; User                 ; no        ;
; TD_CLK27   ; H15   ; 8A       ; 40           ; 81           ; 0            ; 0                     ; 0                  ; no     ; no             ; no              ; no       ; Off          ; 3.3-V LVTTL  ; Off         ; --                        ; User                 ; no        ;
; TD_DATA[0] ; D2    ; 8A       ; 12           ; 81           ; 34           ; 0                     ; 0                  ; no     ; no             ; no              ; no       ; Off          ; 3.3-V LVTTL  ; Off         ; --                        ; User                 ; no        ;
; TD_DATA[1] ; B1    ; 8A       ; 16           ; 81           ; 51           ; 0                     ; 0                  ; no     ; no             ; no              ; no       ; Off          ; 3.3-V LVTTL  ; Off         ; --                        ; User                 ; no        ;
; TD_DATA[2] ; E2    ; 8A       ; 8            ; 81           ; 51           ; 0                     ; 0                  ; no     ; no             ; no              ; no       ; Off          ; 3.3-V LVTTL  ; Off         ; --                        ; User                 ; no        ;
; TD_DATA[3] ; B2    ; 8A       ; 16           ; 81           ; 34           ; 0                     ; 0                  ; no     ; no             ; no              ; no       ; Off          ; 3.3-V LVTTL  ; Off         ; --                        ; User                 ; no        ;
; TD_DATA[4] ; D1    ; 8A       ; 6            ; 81           ; 51           ; 0                     ; 0                  ; no     ; no             ; no              ; no       ; Off          ; 3.3-V LVTTL  ; Off         ; --                        ; User                 ; no        ;
; TD_DATA[5] ; E1    ; 8A       ; 6            ; 81           ; 34           ; 0                     ; 0                  ; no     ; no             ; no              ; no       ; Off          ; 3.3-V LVTTL  ; Off         ; --                        ; User                 ; no        ;
; TD_DATA[6] ; C2    ; 8A       ; 12           ; 81           ; 51           ; 0                     ; 0                  ; no     ; no             ; no              ; no       ; Off          ; 3.3-V LVTTL  ; Off         ; --                        ; User                 ; no        ;
; TD_DATA[7] ; B3    ; 8A       ; 14           ; 81           ; 51           ; 0                     ; 0                  ; no     ; no             ; no              ; no       ; Off          ; 3.3-V LVTTL  ; Off         ; --                        ; User                 ; no        ;
; TD_HS      ; A5    ; 8A       ; 26           ; 81           ; 91           ; 0                     ; 0                  ; no     ; no             ; no              ; no       ; Off          ; 3.3-V LVTTL  ; Off         ; --                        ; User                 ; no        ;
; TD_VS      ; A3    ; 8A       ; 24           ; 81           ; 51           ; 0                     ; 0                  ; no     ; no             ; no              ; no       ; Off          ; 3.3-V LVTTL  ; Off         ; --                        ; User                 ; no        ;
+------------+-------+----------+--------------+--------------+--------------+-----------------------+--------------------+--------+----------------+-----------------+----------+--------------+--------------+-------------+---------------------------+----------------------+-----------+


+------------------------------------------------------------------------------------------------------------------------------------------------------------------------------------------------------------------------------------------------------------------------------------------------------------------------------------------------------------------------------------------------------------------------------------------------------------------------------+
; Output Pins                                                                                                                                                                                                                                                                                                                                                                                                                                                                  ;
+---------------+-------+----------+--------------+--------------+--------------+-----------------+------------------------+-----------+-----------------+------------+---------------+----------+--------------+--------------+------------------+-------------+---------------------------+----------------------------+-----------------------------+---------------------+-----------------------------+----------------------+----------------------+---------------------+
; Name          ; Pin # ; I/O Bank ; X coordinate ; Y coordinate ; Z coordinate ; Output Register ; Output Enable Register ; Slew Rate ; PCI I/O Enabled ; Open Drain ; TRI Primitive ; Bus Hold ; Weak Pull Up ; I/O Standard ; Current Strength ; Termination ; Termination Control Block ; Output Buffer Pre-emphasis ; Voltage Output Differential ; Output Buffer Delay ; Output Buffer Delay Control ; Location assigned by ; Output Enable Source ; Output Enable Group ;
+---------------+-------+----------+--------------+--------------+--------------+-----------------+------------------------+-----------+-----------------+------------+---------------+----------+--------------+--------------+------------------+-------------+---------------------------+----------------------------+-----------------------------+---------------------+-----------------------------+----------------------+----------------------+---------------------+
; ADC_CONVST    ; AJ4   ; 3B       ; 22           ; 0            ; 34           ; no              ; no                     ; 1         ; no              ; no         ; no            ; no       ; Off          ; 3.3-V LVTTL  ; 16mA             ; Off         ; --                        ; no                         ; no                          ; 0                   ; Off                         ; User                 ; -                    ; -                   ;
; ADC_DIN       ; AK4   ; 3B       ; 22           ; 0            ; 51           ; no              ; no                     ; 1         ; no              ; no         ; no            ; no       ; Off          ; 3.3-V LVTTL  ; 16mA             ; Off         ; --                        ; no                         ; no                          ; 0                   ; Off                         ; User                 ; -                    ; -                   ;
; ADC_SCLK      ; AK2   ; 3B       ; 20           ; 0            ; 34           ; no              ; no                     ; 1         ; no              ; no         ; no            ; no       ; Off          ; 3.3-V LVTTL  ; 16mA             ; Off         ; --                        ; no                         ; no                          ; 0                   ; Off                         ; User                 ; -                    ; -                   ;
; AUD_DACDAT    ; J7    ; 8A       ; 16           ; 81           ; 0            ; no              ; no                     ; 1         ; no              ; no         ; no            ; no       ; Off          ; 3.3-V LVTTL  ; 16mA             ; Off         ; --                        ; no                         ; no                          ; 0                   ; Off                         ; User                 ; -                    ; -                   ;
; AUD_XCK       ; G7    ; 8A       ; 2            ; 81           ; 74           ; no              ; no                     ; 1         ; no              ; no         ; no            ; no       ; Off          ; 3.3-V LVTTL  ; 16mA             ; Off         ; --                        ; no                         ; no                          ; 0                   ; Off                         ; User                 ; -                    ; -                   ;
; DRAM_ADDR[0]  ; AK14  ; 3B       ; 40           ; 0            ; 51           ; no              ; no                     ; 1         ; no              ; no         ; no            ; no       ; Off          ; 3.3-V LVTTL  ; 16mA             ; Off         ; --                        ; no                         ; no                          ; 0                   ; Off                         ; User                 ; -                    ; -                   ;
; DRAM_ADDR[10] ; AG12  ; 3B       ; 26           ; 0            ; 40           ; no              ; no                     ; 1         ; no              ; no         ; no            ; no       ; Off          ; 3.3-V LVTTL  ; 16mA             ; Off         ; --                        ; no                         ; no                          ; 0                   ; Off                         ; User                 ; -                    ; -                   ;
; DRAM_ADDR[11] ; AH13  ; 3B       ; 30           ; 0            ; 0            ; no              ; no                     ; 1         ; no              ; no         ; no            ; no       ; Off          ; 3.3-V LVTTL  ; 16mA             ; Off         ; --                        ; no                         ; no                          ; 0                   ; Off                         ; User                 ; -                    ; -                   ;
; DRAM_ADDR[12] ; AJ14  ; 3B       ; 40           ; 0            ; 34           ; no              ; no                     ; 1         ; no              ; no         ; no            ; no       ; Off          ; 3.3-V LVTTL  ; 16mA             ; Off         ; --                        ; no                         ; no                          ; 0                   ; Off                         ; User                 ; -                    ; -                   ;
; DRAM_ADDR[1]  ; AH14  ; 3B       ; 30           ; 0            ; 17           ; no              ; no                     ; 1         ; no              ; no         ; no            ; no       ; Off          ; 3.3-V LVTTL  ; 16mA             ; Off         ; --                        ; no                         ; no                          ; 0                   ; Off                         ; User                 ; -                    ; -                   ;
; DRAM_ADDR[2]  ; AG15  ; 3B       ; 38           ; 0            ; 0            ; no              ; no                     ; 1         ; no              ; no         ; no            ; no       ; Off          ; 3.3-V LVTTL  ; 16mA             ; Off         ; --                        ; no                         ; no                          ; 0                   ; Off                         ; User                 ; -                    ; -                   ;
; DRAM_ADDR[3]  ; AE14  ; 3B       ; 24           ; 0            ; 17           ; no              ; no                     ; 1         ; no              ; no         ; no            ; no       ; Off          ; 3.3-V LVTTL  ; 16mA             ; Off         ; --                        ; no                         ; no                          ; 0                   ; Off                         ; User                 ; -                    ; -                   ;
; DRAM_ADDR[4]  ; AB15  ; 3B       ; 28           ; 0            ; 0            ; no              ; no                     ; 1         ; no              ; no         ; no            ; no       ; Off          ; 3.3-V LVTTL  ; 16mA             ; Off         ; --                        ; no                         ; no                          ; 0                   ; Off                         ; User                 ; -                    ; -                   ;
; DRAM_ADDR[5]  ; AC14  ; 3B       ; 28           ; 0            ; 17           ; no              ; no                     ; 1         ; no              ; no         ; no            ; no       ; Off          ; 3.3-V LVTTL  ; 16mA             ; Off         ; --                        ; no                         ; no                          ; 0                   ; Off                         ; User                 ; -                    ; -                   ;
; DRAM_ADDR[6]  ; AD14  ; 3B       ; 24           ; 0            ; 0            ; no              ; no                     ; 1         ; no              ; no         ; no            ; no       ; Off          ; 3.3-V LVTTL  ; 16mA             ; Off         ; --                        ; no                         ; no                          ; 0                   ; Off                         ; User                 ; -                    ; -                   ;
; DRAM_ADDR[7]  ; AF15  ; 3B       ; 32           ; 0            ; 17           ; no              ; no                     ; 1         ; no              ; no         ; no            ; no       ; Off          ; 3.3-V LVTTL  ; 16mA             ; Off         ; --                        ; no                         ; no                          ; 0                   ; Off                         ; User                 ; -                    ; -                   ;
; DRAM_ADDR[8]  ; AH15  ; 3B       ; 38           ; 0            ; 17           ; no              ; no                     ; 1         ; no              ; no         ; no            ; no       ; Off          ; 3.3-V LVTTL  ; 16mA             ; Off         ; --                        ; no                         ; no                          ; 0                   ; Off                         ; User                 ; -                    ; -                   ;
; DRAM_ADDR[9]  ; AG13  ; 3B       ; 26           ; 0            ; 57           ; no              ; no                     ; 1         ; no              ; no         ; no            ; no       ; Off          ; 3.3-V LVTTL  ; 16mA             ; Off         ; --                        ; no                         ; no                          ; 0                   ; Off                         ; User                 ; -                    ; -                   ;
; DRAM_BA[0]    ; AF13  ; 3B       ; 22           ; 0            ; 17           ; no              ; no                     ; 1         ; no              ; no         ; no            ; no       ; Off          ; 3.3-V LVTTL  ; 16mA             ; Off         ; --                        ; no                         ; no                          ; 0                   ; Off                         ; User                 ; -                    ; -                   ;
; DRAM_BA[1]    ; AJ12  ; 3B       ; 38           ; 0            ; 51           ; no              ; no                     ; 1         ; no              ; no         ; no            ; no       ; Off          ; 3.3-V LVTTL  ; 16mA             ; Off         ; --                        ; no                         ; no                          ; 0                   ; Off                         ; User                 ; -                    ; -                   ;
; DRAM_CAS_N    ; AF11  ; 3B       ; 18           ; 0            ; 40           ; no              ; no                     ; 1         ; no              ; no         ; no            ; no       ; Off          ; 3.3-V LVTTL  ; 16mA             ; Off         ; --                        ; no                         ; no                          ; 0                   ; Off                         ; User                 ; -                    ; -                   ;
; DRAM_CKE      ; AK13  ; 3B       ; 36           ; 0            ; 51           ; no              ; no                     ; 1         ; no              ; no         ; no            ; no       ; Off          ; 3.3-V LVTTL  ; 16mA             ; Off         ; --                        ; no                         ; no                          ; 0                   ; Off                         ; User                 ; -                    ; -                   ;
; DRAM_CLK      ; AH12  ; 3B       ; 38           ; 0            ; 34           ; no              ; no                     ; 1         ; no              ; no         ; no            ; no       ; Off          ; 3.3-V LVTTL  ; 16mA             ; Off         ; --                        ; no                         ; no                          ; 0                   ; Off                         ; User                 ; -                    ; -                   ;
; DRAM_CS_N     ; AG11  ; 3B       ; 18           ; 0            ; 57           ; no              ; no                     ; 1         ; no              ; no         ; no            ; no       ; Off          ; 3.3-V LVTTL  ; 16mA             ; Off         ; --                        ; no                         ; no                          ; 0                   ; Off                         ; User                 ; -                    ; -                   ;
; DRAM_LDQM     ; AB13  ; 3B       ; 20           ; 0            ; 17           ; no              ; no                     ; 1         ; no              ; no         ; no            ; no       ; Off          ; 3.3-V LVTTL  ; 16mA             ; Off         ; --                        ; no                         ; no                          ; 0                   ; Off                         ; User                 ; -                    ; -                   ;
; DRAM_RAS_N    ; AE13  ; 3B       ; 22           ; 0            ; 0            ; no              ; no                     ; 1         ; no              ; no         ; no            ; no       ; Off          ; 3.3-V LVTTL  ; 16mA             ; Off         ; --                        ; no                         ; no                          ; 0                   ; Off                         ; User                 ; -                    ; -                   ;
; DRAM_UDQM     ; AK12  ; 3B       ; 36           ; 0            ; 34           ; no              ; no                     ; 1         ; no              ; no         ; no            ; no       ; Off          ; 3.3-V LVTTL  ; 16mA             ; Off         ; --                        ; no                         ; no                          ; 0                   ; Off                         ; User                 ; -                    ; -                   ;
; DRAM_WE_N     ; AA13  ; 3B       ; 20           ; 0            ; 0            ; no              ; no                     ; 1         ; no              ; no         ; no            ; no       ; Off          ; 3.3-V LVTTL  ; 16mA             ; Off         ; --                        ; no                         ; no                          ; 0                   ; Off                         ; User                 ; -                    ; -                   ;
; FAN_CTRL      ; AA12  ; 3A       ; 12           ; 0            ; 0            ; no              ; no                     ; 1         ; no              ; no         ; no            ; no       ; Off          ; 3.3-V LVTTL  ; 16mA             ; Off         ; --                        ; no                         ; no                          ; 0                   ; Off                         ; User                 ; -                    ; -                   ;
; FPGA_I2C_SCLK ; J12   ; 8A       ; 12           ; 81           ; 17           ; no              ; no                     ; 1         ; no              ; no         ; no            ; no       ; Off          ; 3.3-V LVTTL  ; 16mA             ; Off         ; --                        ; no                         ; no                          ; 0                   ; Off                         ; User                 ; -                    ; -                   ;
; HEX0[0]       ; AE26  ; 5A       ; 89           ; 8            ; 37           ; no              ; no                     ; 1         ; no              ; no         ; no            ; no       ; Off          ; 3.3-V LVTTL  ; 16mA             ; Off         ; --                        ; no                         ; no                          ; 0                   ; Off                         ; User                 ; -                    ; -                   ;
; HEX0[1]       ; AE27  ; 5A       ; 89           ; 11           ; 77           ; no              ; no                     ; 1         ; no              ; no         ; no            ; no       ; Off          ; 3.3-V LVTTL  ; 16mA             ; Off         ; --                        ; no                         ; no                          ; 0                   ; Off                         ; User                 ; -                    ; -                   ;
; HEX0[2]       ; AE28  ; 5A       ; 89           ; 11           ; 94           ; no              ; no                     ; 1         ; no              ; no         ; no            ; no       ; Off          ; 3.3-V LVTTL  ; 16mA             ; Off         ; --                        ; no                         ; no                          ; 0                   ; Off                         ; User                 ; -                    ; -                   ;
; HEX0[3]       ; AG27  ; 5A       ; 89           ; 4            ; 77           ; no              ; no                     ; 1         ; no              ; no         ; no            ; no       ; Off          ; 3.3-V LVTTL  ; 16mA             ; Off         ; --                        ; no                         ; no                          ; 0                   ; Off                         ; User                 ; -                    ; -                   ;
; HEX0[4]       ; AF28  ; 5A       ; 89           ; 13           ; 54           ; no              ; no                     ; 1         ; no              ; no         ; no            ; no       ; Off          ; 3.3-V LVTTL  ; 16mA             ; Off         ; --                        ; no                         ; no                          ; 0                   ; Off                         ; User                 ; -                    ; -                   ;
; HEX0[5]       ; AG28  ; 5A       ; 89           ; 13           ; 37           ; no              ; no                     ; 1         ; no              ; no         ; no            ; no       ; Off          ; 3.3-V LVTTL  ; 16mA             ; Off         ; --                        ; no                         ; no                          ; 0                   ; Off                         ; User                 ; -                    ; -                   ;
; HEX0[6]       ; AH28  ; 5A       ; 89           ; 4            ; 94           ; no              ; no                     ; 1         ; no              ; no         ; no            ; no       ; Off          ; 3.3-V LVTTL  ; 16mA             ; Off         ; --                        ; no                         ; no                          ; 0                   ; Off                         ; User                 ; -                    ; -                   ;
; HEX1[0]       ; AJ29  ; 5A       ; 89           ; 6            ; 37           ; no              ; no                     ; 1         ; no              ; no         ; no            ; no       ; Off          ; 3.3-V LVTTL  ; 16mA             ; Off         ; --                        ; no                         ; no                          ; 0                   ; Off                         ; User                 ; -                    ; -                   ;
; HEX1[1]       ; AH29  ; 5A       ; 89           ; 6            ; 54           ; no              ; no                     ; 1         ; no              ; no         ; no            ; no       ; Off          ; 3.3-V LVTTL  ; 16mA             ; Off         ; --                        ; no                         ; no                          ; 0                   ; Off                         ; User                 ; -                    ; -                   ;
; HEX1[2]       ; AH30  ; 5A       ; 89           ; 16           ; 37           ; no              ; no                     ; 1         ; no              ; no         ; no            ; no       ; Off          ; 3.3-V LVTTL  ; 16mA             ; Off         ; --                        ; no                         ; no                          ; 0                   ; Off                         ; User                 ; -                    ; -                   ;
; HEX1[3]       ; AG30  ; 5A       ; 89           ; 16           ; 54           ; no              ; no                     ; 1         ; no              ; no         ; no            ; no       ; Off          ; 3.3-V LVTTL  ; 16mA             ; Off         ; --                        ; no                         ; no                          ; 0                   ; Off                         ; User                 ; -                    ; -                   ;
; HEX1[4]       ; AF29  ; 5A       ; 89           ; 15           ; 37           ; no              ; no                     ; 1         ; no              ; no         ; no            ; no       ; Off          ; 3.3-V LVTTL  ; 16mA             ; Off         ; --                        ; no                         ; no                          ; 0                   ; Off                         ; User                 ; -                    ; -                   ;
; HEX1[5]       ; AF30  ; 5A       ; 89           ; 15           ; 54           ; no              ; no                     ; 1         ; no              ; no         ; no            ; no       ; Off          ; 3.3-V LVTTL  ; 16mA             ; Off         ; --                        ; no                         ; no                          ; 0                   ; Off                         ; User                 ; -                    ; -                   ;
; HEX1[6]       ; AD27  ; 5A       ; 89           ; 8            ; 54           ; no              ; no                     ; 1         ; no              ; no         ; no            ; no       ; Off          ; 3.3-V LVTTL  ; 16mA             ; Off         ; --                        ; no                         ; no                          ; 0                   ; Off                         ; User                 ; -                    ; -                   ;
; HEX2[0]       ; AB23  ; 5A       ; 89           ; 9            ; 20           ; no              ; no                     ; 1         ; no              ; no         ; no            ; no       ; Off          ; 3.3-V LVTTL  ; 16mA             ; Off         ; --                        ; no                         ; no                          ; 0                   ; Off                         ; User                 ; -                    ; -                   ;
; HEX2[1]       ; AE29  ; 5B       ; 89           ; 23           ; 37           ; no              ; no                     ; 1         ; no              ; no         ; no            ; no       ; Off          ; 3.3-V LVTTL  ; 16mA             ; Off         ; --                        ; no                         ; no                          ; 0                   ; Off                         ; User                 ; -                    ; -                   ;
; HEX2[2]       ; AD29  ; 5B       ; 89           ; 23           ; 54           ; no              ; no                     ; 1         ; no              ; no         ; no            ; no       ; Off          ; 3.3-V LVTTL  ; 16mA             ; Off         ; --                        ; no                         ; no                          ; 0                   ; Off                         ; User                 ; -                    ; -                   ;
; HEX2[3]       ; AC28  ; 5B       ; 89           ; 20           ; 77           ; no              ; no                     ; 1         ; no              ; no         ; no            ; no       ; Off          ; 3.3-V LVTTL  ; 16mA             ; Off         ; --                        ; no                         ; no                          ; 0                   ; Off                         ; User                 ; -                    ; -                   ;
; HEX2[4]       ; AD30  ; 5B       ; 89           ; 25           ; 37           ; no              ; no                     ; 1         ; no              ; no         ; no            ; no       ; Off          ; 3.3-V LVTTL  ; 16mA             ; Off         ; --                        ; no                         ; no                          ; 0                   ; Off                         ; User                 ; -                    ; -                   ;
; HEX2[5]       ; AC29  ; 5B       ; 89           ; 20           ; 94           ; no              ; no                     ; 1         ; no              ; no         ; no            ; no       ; Off          ; 3.3-V LVTTL  ; 16mA             ; Off         ; --                        ; no                         ; no                          ; 0                   ; Off                         ; User                 ; -                    ; -                   ;
; HEX2[6]       ; AC30  ; 5B       ; 89           ; 25           ; 54           ; no              ; no                     ; 1         ; no              ; no         ; no            ; no       ; Off          ; 3.3-V LVTTL  ; 16mA             ; Off         ; --                        ; no                         ; no                          ; 0                   ; Off                         ; User                 ; -                    ; -                   ;
; HEX3[0]       ; AD26  ; 5A       ; 89           ; 16           ; 3            ; no              ; no                     ; 1         ; no              ; no         ; no            ; no       ; Off          ; 3.3-V LVTTL  ; 16mA             ; Off         ; --                        ; no                         ; no                          ; 0                   ; Off                         ; User                 ; -                    ; -                   ;
; HEX3[1]       ; AC27  ; 5A       ; 89           ; 16           ; 20           ; no              ; no                     ; 1         ; no              ; no         ; no            ; no       ; Off          ; 3.3-V LVTTL  ; 16mA             ; Off         ; --                        ; no                         ; no                          ; 0                   ; Off                         ; User                 ; -                    ; -                   ;
; HEX3[2]       ; AD25  ; 5A       ; 89           ; 4            ; 43           ; no              ; no                     ; 1         ; no              ; no         ; no            ; no       ; Off          ; 3.3-V LVTTL  ; 16mA             ; Off         ; --                        ; no                         ; no                          ; 0                   ; Off                         ; User                 ; -                    ; -                   ;
; HEX3[3]       ; AC25  ; 5A       ; 89           ; 4            ; 60           ; no              ; no                     ; 1         ; no              ; no         ; no            ; no       ; Off          ; 3.3-V LVTTL  ; 16mA             ; Off         ; --                        ; no                         ; no                          ; 0                   ; Off                         ; User                 ; -                    ; -                   ;
; HEX3[4]       ; AB28  ; 5B       ; 89           ; 21           ; 37           ; no              ; no                     ; 1         ; no              ; no         ; no            ; no       ; Off          ; 3.3-V LVTTL  ; 16mA             ; Off         ; --                        ; no                         ; no                          ; 0                   ; Off                         ; User                 ; -                    ; -                   ;
; HEX3[5]       ; AB25  ; 5A       ; 89           ; 11           ; 60           ; no              ; no                     ; 1         ; no              ; no         ; no            ; no       ; Off          ; 3.3-V LVTTL  ; 16mA             ; Off         ; --                        ; no                         ; no                          ; 0                   ; Off                         ; User                 ; -                    ; -                   ;
; HEX3[6]       ; AB22  ; 5A       ; 89           ; 9            ; 3            ; no              ; no                     ; 1         ; no              ; no         ; no            ; no       ; Off          ; 3.3-V LVTTL  ; 16mA             ; Off         ; --                        ; no                         ; no                          ; 0                   ; Off                         ; User                 ; -                    ; -                   ;
; HEX4[0]       ; AA24  ; 5A       ; 89           ; 11           ; 43           ; no              ; no                     ; 1         ; no              ; no         ; no            ; no       ; Off          ; 3.3-V LVTTL  ; 16mA             ; Off         ; --                        ; no                         ; no                          ; 0                   ; Off                         ; User                 ; -                    ; -                   ;
; HEX4[1]       ; Y23   ; 5A       ; 89           ; 13           ; 3            ; no              ; no                     ; 1         ; no              ; no         ; no            ; no       ; Off          ; 3.3-V LVTTL  ; 16mA             ; Off         ; --                        ; no                         ; no                          ; 0                   ; Off                         ; User                 ; -                    ; -                   ;
; HEX4[2]       ; Y24   ; 5A       ; 89           ; 13           ; 20           ; no              ; no                     ; 1         ; no              ; no         ; no            ; no       ; Off          ; 3.3-V LVTTL  ; 16mA             ; Off         ; --                        ; no                         ; no                          ; 0                   ; Off                         ; User                 ; -                    ; -                   ;
; HEX4[3]       ; W22   ; 5A       ; 89           ; 8            ; 20           ; no              ; no                     ; 1         ; no              ; no         ; no            ; no       ; Off          ; 3.3-V LVTTL  ; 16mA             ; Off         ; --                        ; no                         ; no                          ; 0                   ; Off                         ; User                 ; -                    ; -                   ;
; HEX4[4]       ; W24   ; 5A       ; 89           ; 15           ; 20           ; no              ; no                     ; 1         ; no              ; no         ; no            ; no       ; Off          ; 3.3-V LVTTL  ; 16mA             ; Off         ; --                        ; no                         ; no                          ; 0                   ; Off                         ; User                 ; -                    ; -                   ;
; HEX4[5]       ; V23   ; 5A       ; 89           ; 15           ; 3            ; no              ; no                     ; 1         ; no              ; no         ; no            ; no       ; Off          ; 3.3-V LVTTL  ; 16mA             ; Off         ; --                        ; no                         ; no                          ; 0                   ; Off                         ; User                 ; -                    ; -                   ;
; HEX4[6]       ; W25   ; 5B       ; 89           ; 20           ; 43           ; no              ; no                     ; 1         ; no              ; no         ; no            ; no       ; Off          ; 3.3-V LVTTL  ; 16mA             ; Off         ; --                        ; no                         ; no                          ; 0                   ; Off                         ; User                 ; -                    ; -                   ;
; HEX5[0]       ; V25   ; 5B       ; 89           ; 20           ; 60           ; no              ; no                     ; 1         ; no              ; no         ; no            ; no       ; Off          ; 3.3-V LVTTL  ; 16mA             ; Off         ; --                        ; no                         ; no                          ; 0                   ; Off                         ; User                 ; -                    ; -                   ;
; HEX5[1]       ; AA28  ; 5B       ; 89           ; 21           ; 54           ; no              ; no                     ; 1         ; no              ; no         ; no            ; no       ; Off          ; 3.3-V LVTTL  ; 16mA             ; Off         ; --                        ; no                         ; no                          ; 0                   ; Off                         ; User                 ; -                    ; -                   ;
; HEX5[2]       ; Y27   ; 5B       ; 89           ; 25           ; 20           ; no              ; no                     ; 1         ; no              ; no         ; no            ; no       ; Off          ; 3.3-V LVTTL  ; 16mA             ; Off         ; --                        ; no                         ; no                          ; 0                   ; Off                         ; User                 ; -                    ; -                   ;
; HEX5[3]       ; AB27  ; 5B       ; 89           ; 23           ; 20           ; no              ; no                     ; 1         ; no              ; no         ; no            ; no       ; Off          ; 3.3-V LVTTL  ; 16mA             ; Off         ; --                        ; no                         ; no                          ; 0                   ; Off                         ; User                 ; -                    ; -                   ;
; HEX5[4]       ; AB26  ; 5A       ; 89           ; 9            ; 54           ; no              ; no                     ; 1         ; no              ; no         ; no            ; no       ; Off          ; 3.3-V LVTTL  ; 16mA             ; Off         ; --                        ; no                         ; no                          ; 0                   ; Off                         ; User                 ; -                    ; -                   ;
; HEX5[5]       ; AA26  ; 5B       ; 89           ; 23           ; 3            ; no              ; no                     ; 1         ; no              ; no         ; no            ; no       ; Off          ; 3.3-V LVTTL  ; 16mA             ; Off         ; --                        ; no                         ; no                          ; 0                   ; Off                         ; User                 ; -                    ; -                   ;
; HEX5[6]       ; AA25  ; 5A       ; 89           ; 9            ; 37           ; no              ; no                     ; 1         ; no              ; no         ; no            ; no       ; Off          ; 3.3-V LVTTL  ; 16mA             ; Off         ; --                        ; no                         ; no                          ; 0                   ; Off                         ; User                 ; -                    ; -                   ;
; IRDA_TXD      ; AB30  ; 5B       ; 89           ; 21           ; 3            ; no              ; no                     ; 1         ; no              ; no         ; no            ; no       ; Off          ; 3.3-V LVTTL  ; 16mA             ; Off         ; --                        ; no                         ; no                          ; 0                   ; Off                         ; User                 ; -                    ; -                   ;
; LEDR[0]       ; V16   ; 4A       ; 52           ; 0            ; 0            ; no              ; no                     ; 1         ; no              ; no         ; no            ; no       ; Off          ; 3.3-V LVTTL  ; 16mA             ; Off         ; --                        ; no                         ; no                          ; 0                   ; Off                         ; User                 ; -                    ; -                   ;
; LEDR[1]       ; W16   ; 4A       ; 52           ; 0            ; 17           ; no              ; no                     ; 1         ; no              ; no         ; no            ; no       ; Off          ; 3.3-V LVTTL  ; 16mA             ; Off         ; --                        ; no                         ; no                          ; 0                   ; Off                         ; User                 ; -                    ; -                   ;
; LEDR[2]       ; V17   ; 4A       ; 60           ; 0            ; 0            ; no              ; no                     ; 1         ; no              ; no         ; no            ; no       ; Off          ; 3.3-V LVTTL  ; 16mA             ; Off         ; --                        ; no                         ; no                          ; 0                   ; Off                         ; User                 ; -                    ; -                   ;
; LEDR[3]       ; V18   ; 4A       ; 80           ; 0            ; 0            ; no              ; no                     ; 1         ; no              ; no         ; no            ; no       ; Off          ; 3.3-V LVTTL  ; 16mA             ; Off         ; --                        ; no                         ; no                          ; 0                   ; Off                         ; User                 ; -                    ; -                   ;
; LEDR[4]       ; W17   ; 4A       ; 60           ; 0            ; 17           ; no              ; no                     ; 1         ; no              ; no         ; no            ; no       ; Off          ; 3.3-V LVTTL  ; 16mA             ; Off         ; --                        ; no                         ; no                          ; 0                   ; Off                         ; User                 ; -                    ; -                   ;
; LEDR[5]       ; W19   ; 4A       ; 80           ; 0            ; 17           ; no              ; no                     ; 1         ; no              ; no         ; no            ; no       ; Off          ; 3.3-V LVTTL  ; 16mA             ; Off         ; --                        ; no                         ; no                          ; 0                   ; Off                         ; User                 ; -                    ; -                   ;
; LEDR[6]       ; Y19   ; 4A       ; 84           ; 0            ; 0            ; no              ; no                     ; 1         ; no              ; no         ; no            ; no       ; Off          ; 3.3-V LVTTL  ; 16mA             ; Off         ; --                        ; no                         ; no                          ; 0                   ; Off                         ; User                 ; -                    ; -                   ;
; LEDR[7]       ; W20   ; 5A       ; 89           ; 6            ; 3            ; no              ; no                     ; 1         ; no              ; no         ; no            ; no       ; Off          ; 3.3-V LVTTL  ; 16mA             ; Off         ; --                        ; no                         ; no                          ; 0                   ; Off                         ; User                 ; -                    ; -                   ;
; LEDR[8]       ; W21   ; 5A       ; 89           ; 8            ; 3            ; no              ; no                     ; 1         ; no              ; no         ; no            ; no       ; Off          ; 3.3-V LVTTL  ; 16mA             ; Off         ; --                        ; no                         ; no                          ; 0                   ; Off                         ; User                 ; -                    ; -                   ;
; LEDR[9]       ; Y21   ; 5A       ; 89           ; 6            ; 20           ; no              ; no                     ; 1         ; no              ; no         ; no            ; no       ; Off          ; 3.3-V LVTTL  ; 16mA             ; Off         ; --                        ; no                         ; no                          ; 0                   ; Off                         ; User                 ; -                    ; -                   ;
; TD_RESET_N    ; F6    ; 8A       ; 2            ; 81           ; 91           ; no              ; no                     ; 1         ; no              ; no         ; no            ; no       ; Off          ; 3.3-V LVTTL  ; 16mA             ; Off         ; --                        ; no                         ; no                          ; 0                   ; Off                         ; User                 ; -                    ; -                   ;
; VGA_BLANK_N   ; F10   ; 8A       ; 6            ; 81           ; 17           ; no              ; no                     ; 1         ; no              ; no         ; no            ; no       ; Off          ; 3.3-V LVTTL  ; 16mA             ; Off         ; --                        ; no                         ; no                          ; 0                   ; Off                         ; User                 ; -                    ; -                   ;
; VGA_B[0]      ; B13   ; 8A       ; 40           ; 81           ; 34           ; no              ; no                     ; 1         ; no              ; no         ; no            ; no       ; Off          ; 3.3-V LVTTL  ; 16mA             ; Off         ; --                        ; no                         ; no                          ; 0                   ; Off                         ; User                 ; -                    ; -                   ;
; VGA_B[1]      ; G13   ; 8A       ; 28           ; 81           ; 17           ; no              ; no                     ; 1         ; no              ; no         ; no            ; no       ; Off          ; 3.3-V LVTTL  ; 16mA             ; Off         ; --                        ; no                         ; no                          ; 0                   ; Off                         ; User                 ; -                    ; -                   ;
; VGA_B[2]      ; H13   ; 8A       ; 20           ; 81           ; 0            ; no              ; no                     ; 1         ; no              ; no         ; no            ; no       ; Off          ; 3.3-V LVTTL  ; 16mA             ; Off         ; --                        ; no                         ; no                          ; 0                   ; Off                         ; User                 ; -                    ; -                   ;
; VGA_B[3]      ; F14   ; 8A       ; 36           ; 81           ; 17           ; no              ; no                     ; 1         ; no              ; no         ; no            ; no       ; Off          ; 3.3-V LVTTL  ; 16mA             ; Off         ; --                        ; no                         ; no                          ; 0                   ; Off                         ; User                 ; -                    ; -                   ;
; VGA_B[4]      ; H14   ; 8A       ; 28           ; 81           ; 0            ; no              ; no                     ; 1         ; no              ; no         ; no            ; no       ; Off          ; 3.3-V LVTTL  ; 16mA             ; Off         ; --                        ; no                         ; no                          ; 0                   ; Off                         ; User                 ; -                    ; -                   ;
; VGA_B[5]      ; F15   ; 8A       ; 36           ; 81           ; 0            ; no              ; no                     ; 1         ; no              ; no         ; no            ; no       ; Off          ; 3.3-V LVTTL  ; 16mA             ; Off         ; --                        ; no                         ; no                          ; 0                   ; Off                         ; User                 ; -                    ; -                   ;
; VGA_B[6]      ; G15   ; 8A       ; 40           ; 81           ; 17           ; no              ; no                     ; 1         ; no              ; no         ; no            ; no       ; Off          ; 3.3-V LVTTL  ; 16mA             ; Off         ; --                        ; no                         ; no                          ; 0                   ; Off                         ; User                 ; -                    ; -                   ;
; VGA_B[7]      ; J14   ; 8A       ; 32           ; 81           ; 17           ; no              ; no                     ; 1         ; no              ; no         ; no            ; no       ; Off          ; 3.3-V LVTTL  ; 16mA             ; Off         ; --                        ; no                         ; no                          ; 0                   ; Off                         ; User                 ; -                    ; -                   ;
; VGA_CLK       ; A11   ; 8A       ; 38           ; 81           ; 34           ; no              ; no                     ; 1         ; no              ; no         ; no            ; no       ; Off          ; 3.3-V LVTTL  ; 16mA             ; Off         ; --                        ; no                         ; no                          ; 0                   ; Off                         ; User                 ; -                    ; -                   ;
; VGA_G[0]      ; J9    ; 8A       ; 4            ; 81           ; 17           ; no              ; no                     ; 1         ; no              ; no         ; no            ; no       ; Off          ; 3.3-V LVTTL  ; 16mA             ; Off         ; --                        ; no                         ; no                          ; 0                   ; Off                         ; User                 ; -                    ; -                   ;
; VGA_G[1]      ; J10   ; 8A       ; 4            ; 81           ; 0            ; no              ; no                     ; 1         ; no              ; no         ; no            ; no       ; Off          ; 3.3-V LVTTL  ; 16mA             ; Off         ; --                        ; no                         ; no                          ; 0                   ; Off                         ; User                 ; -                    ; -                   ;
; VGA_G[2]      ; H12   ; 8A       ; 20           ; 81           ; 17           ; no              ; no                     ; 1         ; no              ; no         ; no            ; no       ; Off          ; 3.3-V LVTTL  ; 16mA             ; Off         ; --                        ; no                         ; no                          ; 0                   ; Off                         ; User                 ; -                    ; -                   ;
; VGA_G[3]      ; G10   ; 8A       ; 6            ; 81           ; 0            ; no              ; no                     ; 1         ; no              ; no         ; no            ; no       ; Off          ; 3.3-V LVTTL  ; 16mA             ; Off         ; --                        ; no                         ; no                          ; 0                   ; Off                         ; User                 ; -                    ; -                   ;
; VGA_G[4]      ; G11   ; 8A       ; 10           ; 81           ; 57           ; no              ; no                     ; 1         ; no              ; no         ; no            ; no       ; Off          ; 3.3-V LVTTL  ; 16mA             ; Off         ; --                        ; no                         ; no                          ; 0                   ; Off                         ; User                 ; -                    ; -                   ;
; VGA_G[5]      ; G12   ; 8A       ; 10           ; 81           ; 40           ; no              ; no                     ; 1         ; no              ; no         ; no            ; no       ; Off          ; 3.3-V LVTTL  ; 16mA             ; Off         ; --                        ; no                         ; no                          ; 0                   ; Off                         ; User                 ; -                    ; -                   ;
; VGA_G[6]      ; F11   ; 8A       ; 18           ; 81           ; 40           ; no              ; no                     ; 1         ; no              ; no         ; no            ; no       ; Off          ; 3.3-V LVTTL  ; 16mA             ; Off         ; --                        ; no                         ; no                          ; 0                   ; Off                         ; User                 ; -                    ; -                   ;
; VGA_G[7]      ; E11   ; 8A       ; 18           ; 81           ; 57           ; no              ; no                     ; 1         ; no              ; no         ; no            ; no       ; Off          ; 3.3-V LVTTL  ; 16mA             ; Off         ; --                        ; no                         ; no                          ; 0                   ; Off                         ; User                 ; -                    ; -                   ;
; VGA_HS        ; B11   ; 8A       ; 36           ; 81           ; 51           ; no              ; no                     ; 1         ; no              ; no         ; no            ; no       ; Off          ; 3.3-V LVTTL  ; 16mA             ; Off         ; --                        ; no                         ; no                          ; 0                   ; Off                         ; User                 ; -                    ; -                   ;
; VGA_R[0]      ; A13   ; 8A       ; 40           ; 81           ; 51           ; no              ; no                     ; 1         ; no              ; no         ; no            ; no       ; Off          ; 3.3-V LVTTL  ; 16mA             ; Off         ; --                        ; no                         ; no                          ; 0                   ; Off                         ; User                 ; -                    ; -                   ;
; VGA_R[1]      ; C13   ; 8A       ; 38           ; 81           ; 0            ; no              ; no                     ; 1         ; no              ; no         ; no            ; no       ; Off          ; 3.3-V LVTTL  ; 16mA             ; Off         ; --                        ; no                         ; no                          ; 0                   ; Off                         ; User                 ; -                    ; -                   ;
; VGA_R[2]      ; E13   ; 8A       ; 26           ; 81           ; 57           ; no              ; no                     ; 1         ; no              ; no         ; no            ; no       ; Off          ; 3.3-V LVTTL  ; 16mA             ; Off         ; --                        ; no                         ; no                          ; 0                   ; Off                         ; User                 ; -                    ; -                   ;
; VGA_R[3]      ; B12   ; 8A       ; 38           ; 81           ; 17           ; no              ; no                     ; 1         ; no              ; no         ; no            ; no       ; Off          ; 3.3-V LVTTL  ; 16mA             ; Off         ; --                        ; no                         ; no                          ; 0                   ; Off                         ; User                 ; -                    ; -                   ;
; VGA_R[4]      ; C12   ; 8A       ; 36           ; 81           ; 34           ; no              ; no                     ; 1         ; no              ; no         ; no            ; no       ; Off          ; 3.3-V LVTTL  ; 16mA             ; Off         ; --                        ; no                         ; no                          ; 0                   ; Off                         ; User                 ; -                    ; -                   ;
; VGA_R[5]      ; D12   ; 8A       ; 22           ; 81           ; 17           ; no              ; no                     ; 1         ; no              ; no         ; no            ; no       ; Off          ; 3.3-V LVTTL  ; 16mA             ; Off         ; --                        ; no                         ; no                          ; 0                   ; Off                         ; User                 ; -                    ; -                   ;
; VGA_R[6]      ; E12   ; 8A       ; 22           ; 81           ; 0            ; no              ; no                     ; 1         ; no              ; no         ; no            ; no       ; Off          ; 3.3-V LVTTL  ; 16mA             ; Off         ; --                        ; no                         ; no                          ; 0                   ; Off                         ; User                 ; -                    ; -                   ;
; VGA_R[7]      ; F13   ; 8A       ; 26           ; 81           ; 40           ; no              ; no                     ; 1         ; no              ; no         ; no            ; no       ; Off          ; 3.3-V LVTTL  ; 16mA             ; Off         ; --                        ; no                         ; no                          ; 0                   ; Off                         ; User                 ; -                    ; -                   ;
; VGA_SYNC_N    ; C10   ; 8A       ; 28           ; 81           ; 34           ; no              ; no                     ; 1         ; no              ; no         ; no            ; no       ; Off          ; 3.3-V LVTTL  ; 16mA             ; Off         ; --                        ; no                         ; no                          ; 0                   ; Off                         ; User                 ; -                    ; -                   ;
; VGA_VS        ; D11   ; 8A       ; 34           ; 81           ; 40           ; no              ; no                     ; 1         ; no              ; no         ; no            ; no       ; Off          ; 3.3-V LVTTL  ; 16mA             ; Off         ; --                        ; no                         ; no                          ; 0                   ; Off                         ; User                 ; -                    ; -                   ;
+---------------+-------+----------+--------------+--------------+--------------+-----------------+------------------------+-----------+-----------------+------------+---------------+----------+--------------+--------------+------------------+-------------+---------------------------+----------------------------+-----------------------------+---------------------+-----------------------------+----------------------+----------------------+---------------------+


+----------------------------------------------------------------------------------------------------------------------------------------------------------------------------------------------------------------------------------------------------------------------------------------------------------------------------------------------------------------------------------------------------------------------------------------------------------------------------------------------------------------------------------+
; Bidir Pins                                                                                                                                                                                                                                                                                                                                                                                                                                                                                                                       ;
+---------------+-------+----------+--------------+--------------+--------------+-----------------------+--------------------+--------+----------------+-----------------+------------------------+-----------+-----------------+------------+----------+--------------+--------------+------------------+-------------------+--------------------+---------------------------+----------------------------+---------------------+-----------------------------+----------------------+----------------------+---------------------+
; Name          ; Pin # ; I/O Bank ; X coordinate ; Y coordinate ; Z coordinate ; Combinational Fan-Out ; Registered Fan-Out ; Global ; Input Register ; Output Register ; Output Enable Register ; Slew Rate ; PCI I/O Enabled ; Open Drain ; Bus Hold ; Weak Pull Up ; I/O Standard ; Current Strength ; Input Termination ; Output Termination ; Termination Control Block ; Output Buffer Pre-emphasis ; Output Buffer Delay ; Output Buffer Delay Control ; Location assigned by ; Output Enable Source ; Output Enable Group ;
+---------------+-------+----------+--------------+--------------+--------------+-----------------------+--------------------+--------+----------------+-----------------+------------------------+-----------+-----------------+------------+----------+--------------+--------------+------------------+-------------------+--------------------+---------------------------+----------------------------+---------------------+-----------------------------+----------------------+----------------------+---------------------+
; AUD_ADCLRCK   ; K8    ; 8A       ; 8            ; 81           ; 17           ; 0                     ; 0                  ; no     ; no             ; no              ; no                     ; 1         ; no              ; yes        ; no       ; Off          ; 3.3-V LVTTL  ; 16mA             ; Off               ; Off                ; --                        ; no                         ; 0                   ; Off                         ; User                 ; 0 pF                 ; -                   ;
; AUD_BCLK      ; H7    ; 8A       ; 16           ; 81           ; 17           ; 0                     ; 0                  ; no     ; no             ; no              ; no                     ; 1         ; no              ; yes        ; no       ; Off          ; 3.3-V LVTTL  ; 16mA             ; Off               ; Off                ; --                        ; no                         ; 0                   ; Off                         ; User                 ; 0 pF                 ; -                   ;
; AUD_DACLRCK   ; H8    ; 8A       ; 24           ; 81           ; 0            ; 0                     ; 0                  ; no     ; no             ; no              ; no                     ; 1         ; no              ; yes        ; no       ; Off          ; 3.3-V LVTTL  ; 16mA             ; Off               ; Off                ; --                        ; no                         ; 0                   ; Off                         ; User                 ; 0 pF                 ; -                   ;
; DRAM_DQ[0]    ; AK6   ; 3B       ; 24           ; 0            ; 51           ; 0                     ; 0                  ; no     ; no             ; no              ; no                     ; 1         ; no              ; yes        ; no       ; Off          ; 3.3-V LVTTL  ; 16mA             ; Off               ; Off                ; --                        ; no                         ; 0                   ; Off                         ; User                 ; 0 pF                 ; -                   ;
; DRAM_DQ[10]   ; AJ9   ; 3B       ; 30           ; 0            ; 34           ; 0                     ; 0                  ; no     ; no             ; no              ; no                     ; 1         ; no              ; yes        ; no       ; Off          ; 3.3-V LVTTL  ; 16mA             ; Off               ; Off                ; --                        ; no                         ; 0                   ; Off                         ; User                 ; 0 pF                 ; -                   ;
; DRAM_DQ[11]   ; AH9   ; 3B       ; 18           ; 0            ; 91           ; 0                     ; 0                  ; no     ; no             ; no              ; no                     ; 1         ; no              ; yes        ; no       ; Off          ; 3.3-V LVTTL  ; 16mA             ; Off               ; Off                ; --                        ; no                         ; 0                   ; Off                         ; User                 ; 0 pF                 ; -                   ;
; DRAM_DQ[12]   ; AH8   ; 3B       ; 32           ; 0            ; 51           ; 0                     ; 0                  ; no     ; no             ; no              ; no                     ; 1         ; no              ; yes        ; no       ; Off          ; 3.3-V LVTTL  ; 16mA             ; Off               ; Off                ; --                        ; no                         ; 0                   ; Off                         ; User                 ; 0 pF                 ; -                   ;
; DRAM_DQ[13]   ; AH7   ; 3B       ; 32           ; 0            ; 34           ; 0                     ; 0                  ; no     ; no             ; no              ; no                     ; 1         ; no              ; yes        ; no       ; Off          ; 3.3-V LVTTL  ; 16mA             ; Off               ; Off                ; --                        ; no                         ; 0                   ; Off                         ; User                 ; 0 pF                 ; -                   ;
; DRAM_DQ[14]   ; AJ6   ; 3B       ; 26           ; 0            ; 74           ; 0                     ; 0                  ; no     ; no             ; no              ; no                     ; 1         ; no              ; yes        ; no       ; Off          ; 3.3-V LVTTL  ; 16mA             ; Off               ; Off                ; --                        ; no                         ; 0                   ; Off                         ; User                 ; 0 pF                 ; -                   ;
; DRAM_DQ[15]   ; AJ5   ; 3B       ; 24           ; 0            ; 34           ; 0                     ; 0                  ; no     ; no             ; no              ; no                     ; 1         ; no              ; yes        ; no       ; Off          ; 3.3-V LVTTL  ; 16mA             ; Off               ; Off                ; --                        ; no                         ; 0                   ; Off                         ; User                 ; 0 pF                 ; -                   ;
; DRAM_DQ[1]    ; AJ7   ; 3B       ; 26           ; 0            ; 91           ; 0                     ; 0                  ; no     ; no             ; no              ; no                     ; 1         ; no              ; yes        ; no       ; Off          ; 3.3-V LVTTL  ; 16mA             ; Off               ; Off                ; --                        ; no                         ; 0                   ; Off                         ; User                 ; 0 pF                 ; -                   ;
; DRAM_DQ[2]    ; AK7   ; 3B       ; 28           ; 0            ; 34           ; 0                     ; 0                  ; no     ; no             ; no              ; no                     ; 1         ; no              ; yes        ; no       ; Off          ; 3.3-V LVTTL  ; 16mA             ; Off               ; Off                ; --                        ; no                         ; 0                   ; Off                         ; User                 ; 0 pF                 ; -                   ;
; DRAM_DQ[3]    ; AK8   ; 3B       ; 28           ; 0            ; 51           ; 0                     ; 0                  ; no     ; no             ; no              ; no                     ; 1         ; no              ; yes        ; no       ; Off          ; 3.3-V LVTTL  ; 16mA             ; Off               ; Off                ; --                        ; no                         ; 0                   ; Off                         ; User                 ; 0 pF                 ; -                   ;
; DRAM_DQ[4]    ; AK9   ; 3B       ; 30           ; 0            ; 51           ; 0                     ; 0                  ; no     ; no             ; no              ; no                     ; 1         ; no              ; yes        ; no       ; Off          ; 3.3-V LVTTL  ; 16mA             ; Off               ; Off                ; --                        ; no                         ; 0                   ; Off                         ; User                 ; 0 pF                 ; -                   ;
; DRAM_DQ[5]    ; AG10  ; 3B       ; 18           ; 0            ; 74           ; 0                     ; 0                  ; no     ; no             ; no              ; no                     ; 1         ; no              ; yes        ; no       ; Off          ; 3.3-V LVTTL  ; 16mA             ; Off               ; Off                ; --                        ; no                         ; 0                   ; Off                         ; User                 ; 0 pF                 ; -                   ;
; DRAM_DQ[6]    ; AK11  ; 3B       ; 34           ; 0            ; 57           ; 0                     ; 0                  ; no     ; no             ; no              ; no                     ; 1         ; no              ; yes        ; no       ; Off          ; 3.3-V LVTTL  ; 16mA             ; Off               ; Off                ; --                        ; no                         ; 0                   ; Off                         ; User                 ; 0 pF                 ; -                   ;
; DRAM_DQ[7]    ; AJ11  ; 3B       ; 34           ; 0            ; 40           ; 0                     ; 0                  ; no     ; no             ; no              ; no                     ; 1         ; no              ; yes        ; no       ; Off          ; 3.3-V LVTTL  ; 16mA             ; Off               ; Off                ; --                        ; no                         ; 0                   ; Off                         ; User                 ; 0 pF                 ; -                   ;
; DRAM_DQ[8]    ; AH10  ; 3B       ; 34           ; 0            ; 74           ; 0                     ; 0                  ; no     ; no             ; no              ; no                     ; 1         ; no              ; yes        ; no       ; Off          ; 3.3-V LVTTL  ; 16mA             ; Off               ; Off                ; --                        ; no                         ; 0                   ; Off                         ; User                 ; 0 pF                 ; -                   ;
; DRAM_DQ[9]    ; AJ10  ; 3B       ; 34           ; 0            ; 91           ; 0                     ; 0                  ; no     ; no             ; no              ; no                     ; 1         ; no              ; yes        ; no       ; Off          ; 3.3-V LVTTL  ; 16mA             ; Off               ; Off                ; --                        ; no                         ; 0                   ; Off                         ; User                 ; 0 pF                 ; -                   ;
; FPGA_I2C_SDAT ; K12   ; 8A       ; 12           ; 81           ; 0            ; 0                     ; 0                  ; no     ; no             ; no              ; no                     ; 1         ; no              ; yes        ; no       ; Off          ; 3.3-V LVTTL  ; 16mA             ; Off               ; Off                ; --                        ; no                         ; 0                   ; Off                         ; User                 ; 0 pF                 ; -                   ;
; GPIO_0[0]     ; AC18  ; 4A       ; 64           ; 0            ; 0            ; 0                     ; 0                  ; no     ; no             ; no              ; no                     ; 1         ; no              ; yes        ; no       ; Off          ; 3.3-V LVTTL  ; 16mA             ; Off               ; Off                ; --                        ; no                         ; 0                   ; Off                         ; User                 ; 0 pF                 ; -                   ;
; GPIO_0[10]    ; AH18  ; 4A       ; 56           ; 0            ; 51           ; 0                     ; 0                  ; no     ; no             ; no              ; no                     ; 1         ; no              ; yes        ; no       ; Off          ; 3.3-V LVTTL  ; 16mA             ; Off               ; Off                ; --                        ; no                         ; 0                   ; Off                         ; User                 ; 0 pF                 ; -                   ;
; GPIO_0[11]    ; AH17  ; 4A       ; 56           ; 0            ; 34           ; 0                     ; 0                  ; no     ; no             ; no              ; no                     ; 1         ; no              ; yes        ; no       ; Off          ; 3.3-V LVTTL  ; 16mA             ; Off               ; Off                ; --                        ; no                         ; 0                   ; Off                         ; User                 ; 0 pF                 ; -                   ;
; GPIO_0[12]    ; AG16  ; 4A       ; 50           ; 0            ; 74           ; 0                     ; 0                  ; no     ; no             ; no              ; no                     ; 1         ; no              ; yes        ; no       ; Off          ; 3.3-V LVTTL  ; 16mA             ; Off               ; Off                ; --                        ; no                         ; 0                   ; Off                         ; User                 ; 0 pF                 ; -                   ;
; GPIO_0[13]    ; AE16  ; 4A       ; 52           ; 0            ; 34           ; 0                     ; 0                  ; no     ; no             ; no              ; no                     ; 1         ; no              ; yes        ; no       ; Off          ; 3.3-V LVTTL  ; 16mA             ; Off               ; Off                ; --                        ; no                         ; 0                   ; Off                         ; User                 ; 0 pF                 ; -                   ;
; GPIO_0[14]    ; AF16  ; 4A       ; 52           ; 0            ; 51           ; 0                     ; 0                  ; no     ; no             ; no              ; no                     ; 1         ; no              ; yes        ; no       ; Off          ; 3.3-V LVTTL  ; 16mA             ; Off               ; Off                ; --                        ; no                         ; 0                   ; Off                         ; User                 ; 0 pF                 ; -                   ;
; GPIO_0[15]    ; AG17  ; 4A       ; 50           ; 0            ; 91           ; 0                     ; 0                  ; no     ; no             ; no              ; no                     ; 1         ; no              ; yes        ; no       ; Off          ; 3.3-V LVTTL  ; 16mA             ; Off               ; Off                ; --                        ; no                         ; 0                   ; Off                         ; User                 ; 0 pF                 ; -                   ;
; GPIO_0[16]    ; AA18  ; 4A       ; 68           ; 0            ; 17           ; 0                     ; 0                  ; no     ; no             ; no              ; no                     ; 1         ; no              ; yes        ; no       ; Off          ; 3.3-V LVTTL  ; 16mA             ; Off               ; Off                ; --                        ; no                         ; 0                   ; Off                         ; User                 ; 0 pF                 ; -                   ;
; GPIO_0[17]    ; AA19  ; 4A       ; 72           ; 0            ; 17           ; 0                     ; 0                  ; no     ; no             ; no              ; no                     ; 1         ; no              ; yes        ; no       ; Off          ; 3.3-V LVTTL  ; 16mA             ; Off               ; Off                ; --                        ; no                         ; 0                   ; Off                         ; User                 ; 0 pF                 ; -                   ;
; GPIO_0[18]    ; AE17  ; 4A       ; 50           ; 0            ; 40           ; 0                     ; 0                  ; no     ; no             ; no              ; no                     ; 1         ; no              ; yes        ; no       ; Off          ; 3.3-V LVTTL  ; 16mA             ; Off               ; Off                ; --                        ; no                         ; 0                   ; Off                         ; User                 ; 0 pF                 ; -                   ;
; GPIO_0[19]    ; AC20  ; 4A       ; 76           ; 0            ; 0            ; 0                     ; 0                  ; no     ; no             ; no              ; no                     ; 1         ; no              ; yes        ; no       ; Off          ; 3.3-V LVTTL  ; 16mA             ; Off               ; Off                ; --                        ; no                         ; 0                   ; Off                         ; User                 ; 0 pF                 ; -                   ;
; GPIO_0[1]     ; Y17   ; 4A       ; 68           ; 0            ; 0            ; 0                     ; 0                  ; no     ; no             ; no              ; no                     ; 1         ; no              ; yes        ; no       ; Off          ; 3.3-V LVTTL  ; 16mA             ; Off               ; Off                ; --                        ; no                         ; 0                   ; Off                         ; User                 ; 0 pF                 ; -                   ;
; GPIO_0[20]    ; AH19  ; 4A       ; 58           ; 0            ; 91           ; 0                     ; 0                  ; no     ; no             ; no              ; no                     ; 1         ; no              ; yes        ; no       ; Off          ; 3.3-V LVTTL  ; 16mA             ; Off               ; Off                ; --                        ; no                         ; 0                   ; Off                         ; User                 ; 0 pF                 ; -                   ;
; GPIO_0[21]    ; AJ20  ; 4A       ; 62           ; 0            ; 34           ; 0                     ; 0                  ; no     ; no             ; no              ; no                     ; 1         ; no              ; yes        ; no       ; Off          ; 3.3-V LVTTL  ; 16mA             ; Off               ; Off                ; --                        ; no                         ; 0                   ; Off                         ; User                 ; 0 pF                 ; -                   ;
; GPIO_0[22]    ; AH20  ; 4A       ; 54           ; 0            ; 17           ; 0                     ; 0                  ; no     ; no             ; no              ; no                     ; 1         ; no              ; yes        ; no       ; Off          ; 3.3-V LVTTL  ; 16mA             ; Off               ; Off                ; --                        ; no                         ; 0                   ; Off                         ; User                 ; 0 pF                 ; -                   ;
; GPIO_0[23]    ; AK21  ; 4A       ; 68           ; 0            ; 34           ; 0                     ; 0                  ; no     ; no             ; no              ; no                     ; 1         ; no              ; yes        ; no       ; Off          ; 3.3-V LVTTL  ; 16mA             ; Off               ; Off                ; --                        ; no                         ; 0                   ; Off                         ; User                 ; 0 pF                 ; -                   ;
; GPIO_0[24]    ; AD19  ; 4A       ; 76           ; 0            ; 17           ; 0                     ; 0                  ; no     ; no             ; no              ; no                     ; 1         ; no              ; yes        ; no       ; Off          ; 3.3-V LVTTL  ; 16mA             ; Off               ; Off                ; --                        ; no                         ; 0                   ; Off                         ; User                 ; 0 pF                 ; -                   ;
; GPIO_0[25]    ; AD20  ; 4A       ; 82           ; 0            ; 40           ; 0                     ; 0                  ; no     ; no             ; no              ; no                     ; 1         ; no              ; yes        ; no       ; Off          ; 3.3-V LVTTL  ; 16mA             ; Off               ; Off                ; --                        ; no                         ; 0                   ; Off                         ; User                 ; 0 pF                 ; -                   ;
; GPIO_0[26]    ; AE18  ; 4A       ; 66           ; 0            ; 40           ; 0                     ; 0                  ; no     ; no             ; no              ; no                     ; 1         ; no              ; yes        ; no       ; Off          ; 3.3-V LVTTL  ; 16mA             ; Off               ; Off                ; --                        ; no                         ; 0                   ; Off                         ; User                 ; 0 pF                 ; -                   ;
; GPIO_0[27]    ; AE19  ; 4A       ; 66           ; 0            ; 57           ; 0                     ; 0                  ; no     ; no             ; no              ; no                     ; 1         ; no              ; yes        ; no       ; Off          ; 3.3-V LVTTL  ; 16mA             ; Off               ; Off                ; --                        ; no                         ; 0                   ; Off                         ; User                 ; 0 pF                 ; -                   ;
; GPIO_0[28]    ; AF20  ; 4A       ; 70           ; 0            ; 0            ; 0                     ; 0                  ; no     ; no             ; no              ; no                     ; 1         ; no              ; yes        ; no       ; Off          ; 3.3-V LVTTL  ; 16mA             ; Off               ; Off                ; --                        ; no                         ; 0                   ; Off                         ; User                 ; 0 pF                 ; -                   ;
; GPIO_0[29]    ; AF21  ; 4A       ; 70           ; 0            ; 17           ; 0                     ; 0                  ; no     ; no             ; no              ; no                     ; 1         ; no              ; yes        ; no       ; Off          ; 3.3-V LVTTL  ; 16mA             ; Off               ; Off                ; --                        ; no                         ; 0                   ; Off                         ; User                 ; 0 pF                 ; -                   ;
; GPIO_0[2]     ; AD17  ; 4A       ; 64           ; 0            ; 17           ; 0                     ; 0                  ; no     ; no             ; no              ; no                     ; 1         ; no              ; yes        ; no       ; Off          ; 3.3-V LVTTL  ; 16mA             ; Off               ; Off                ; --                        ; no                         ; 0                   ; Off                         ; User                 ; 0 pF                 ; -                   ;
; GPIO_0[30]    ; AF19  ; 4A       ; 62           ; 0            ; 0            ; 0                     ; 0                  ; no     ; no             ; no              ; no                     ; 1         ; no              ; yes        ; no       ; Off          ; 3.3-V LVTTL  ; 16mA             ; Off               ; Off                ; --                        ; no                         ; 0                   ; Off                         ; User                 ; 0 pF                 ; -                   ;
; GPIO_0[31]    ; AG21  ; 4A       ; 54           ; 0            ; 0            ; 0                     ; 0                  ; no     ; no             ; no              ; no                     ; 1         ; no              ; yes        ; no       ; Off          ; 3.3-V LVTTL  ; 16mA             ; Off               ; Off                ; --                        ; no                         ; 0                   ; Off                         ; User                 ; 0 pF                 ; -                   ;
; GPIO_0[32]    ; AF18  ; 4A       ; 50           ; 0            ; 57           ; 0                     ; 0                  ; no     ; no             ; no              ; no                     ; 1         ; no              ; yes        ; no       ; Off          ; 3.3-V LVTTL  ; 16mA             ; Off               ; Off                ; --                        ; no                         ; 0                   ; Off                         ; User                 ; 0 pF                 ; -                   ;
; GPIO_0[33]    ; AG20  ; 4A       ; 62           ; 0            ; 17           ; 0                     ; 0                  ; no     ; no             ; no              ; no                     ; 1         ; no              ; yes        ; no       ; Off          ; 3.3-V LVTTL  ; 16mA             ; Off               ; Off                ; --                        ; no                         ; 0                   ; Off                         ; User                 ; 0 pF                 ; -                   ;
; GPIO_0[34]    ; AG18  ; 4A       ; 58           ; 0            ; 74           ; 0                     ; 0                  ; no     ; no             ; no              ; no                     ; 1         ; no              ; yes        ; no       ; Off          ; 3.3-V LVTTL  ; 16mA             ; Off               ; Off                ; --                        ; no                         ; 0                   ; Off                         ; User                 ; 0 pF                 ; -                   ;
; GPIO_0[35]    ; AJ21  ; 4A       ; 62           ; 0            ; 51           ; 0                     ; 0                  ; no     ; no             ; no              ; no                     ; 1         ; no              ; yes        ; no       ; Off          ; 3.3-V LVTTL  ; 16mA             ; Off               ; Off                ; --                        ; no                         ; 0                   ; Off                         ; User                 ; 0 pF                 ; -                   ;
; GPIO_0[3]     ; Y18   ; 4A       ; 72           ; 0            ; 0            ; 0                     ; 0                  ; no     ; no             ; no              ; no                     ; 1         ; no              ; yes        ; no       ; Off          ; 3.3-V LVTTL  ; 16mA             ; Off               ; Off                ; --                        ; no                         ; 0                   ; Off                         ; User                 ; 0 pF                 ; -                   ;
; GPIO_0[4]     ; AK16  ; 4A       ; 54           ; 0            ; 51           ; 0                     ; 0                  ; no     ; no             ; no              ; no                     ; 1         ; no              ; yes        ; no       ; Off          ; 3.3-V LVTTL  ; 16mA             ; Off               ; Off                ; --                        ; no                         ; 0                   ; Off                         ; User                 ; 0 pF                 ; -                   ;
; GPIO_0[5]     ; AK18  ; 4A       ; 58           ; 0            ; 57           ; 0                     ; 0                  ; no     ; no             ; no              ; no                     ; 1         ; no              ; yes        ; no       ; Off          ; 3.3-V LVTTL  ; 16mA             ; Off               ; Off                ; --                        ; no                         ; 0                   ; Off                         ; User                 ; 0 pF                 ; -                   ;
; GPIO_0[6]     ; AK19  ; 4A       ; 60           ; 0            ; 51           ; 0                     ; 0                  ; no     ; no             ; no              ; no                     ; 1         ; no              ; yes        ; no       ; Off          ; 3.3-V LVTTL  ; 16mA             ; Off               ; Off                ; --                        ; no                         ; 0                   ; Off                         ; User                 ; 0 pF                 ; -                   ;
; GPIO_0[7]     ; AJ19  ; 4A       ; 60           ; 0            ; 34           ; 0                     ; 0                  ; no     ; no             ; no              ; no                     ; 1         ; no              ; yes        ; no       ; Off          ; 3.3-V LVTTL  ; 16mA             ; Off               ; Off                ; --                        ; no                         ; 0                   ; Off                         ; User                 ; 0 pF                 ; -                   ;
; GPIO_0[8]     ; AJ17  ; 4A       ; 58           ; 0            ; 40           ; 0                     ; 0                  ; no     ; no             ; no              ; no                     ; 1         ; no              ; yes        ; no       ; Off          ; 3.3-V LVTTL  ; 16mA             ; Off               ; Off                ; --                        ; no                         ; 0                   ; Off                         ; User                 ; 0 pF                 ; -                   ;
; GPIO_0[9]     ; AJ16  ; 4A       ; 54           ; 0            ; 34           ; 0                     ; 0                  ; no     ; no             ; no              ; no                     ; 1         ; no              ; yes        ; no       ; Off          ; 3.3-V LVTTL  ; 16mA             ; Off               ; Off                ; --                        ; no                         ; 0                   ; Off                         ; User                 ; 0 pF                 ; -                   ;
; GPIO_1[0]     ; AB17  ; 4A       ; 56           ; 0            ; 17           ; 0                     ; 0                  ; no     ; no             ; no              ; no                     ; 1         ; no              ; yes        ; no       ; Off          ; 3.3-V LVTTL  ; 16mA             ; Off               ; Off                ; --                        ; no                         ; 0                   ; Off                         ; User                 ; 0 pF                 ; -                   ;
; GPIO_1[10]    ; AG26  ; 4A       ; 84           ; 0            ; 34           ; 0                     ; 0                  ; no     ; no             ; no              ; no                     ; 1         ; no              ; yes        ; no       ; Off          ; 3.3-V LVTTL  ; 16mA             ; Off               ; Off                ; --                        ; no                         ; 0                   ; Off                         ; User                 ; 0 pF                 ; -                   ;
; GPIO_1[11]    ; AH24  ; 4A       ; 64           ; 0            ; 51           ; 0                     ; 0                  ; no     ; no             ; no              ; no                     ; 1         ; no              ; yes        ; no       ; Off          ; 3.3-V LVTTL  ; 16mA             ; Off               ; Off                ; --                        ; no                         ; 0                   ; Off                         ; User                 ; 0 pF                 ; -                   ;
; GPIO_1[12]    ; AH27  ; 4A       ; 84           ; 0            ; 51           ; 0                     ; 0                  ; no     ; no             ; no              ; no                     ; 1         ; no              ; yes        ; no       ; Off          ; 3.3-V LVTTL  ; 16mA             ; Off               ; Off                ; --                        ; no                         ; 0                   ; Off                         ; User                 ; 0 pF                 ; -                   ;
; GPIO_1[13]    ; AJ27  ; 4A       ; 80           ; 0            ; 34           ; 0                     ; 0                  ; no     ; no             ; no              ; no                     ; 1         ; no              ; yes        ; no       ; Off          ; 3.3-V LVTTL  ; 16mA             ; Off               ; Off                ; --                        ; no                         ; 0                   ; Off                         ; User                 ; 0 pF                 ; -                   ;
; GPIO_1[14]    ; AK29  ; 4A       ; 82           ; 0            ; 91           ; 0                     ; 0                  ; no     ; no             ; no              ; no                     ; 1         ; no              ; yes        ; no       ; Off          ; 3.3-V LVTTL  ; 16mA             ; Off               ; Off                ; --                        ; no                         ; 0                   ; Off                         ; User                 ; 0 pF                 ; -                   ;
; GPIO_1[15]    ; AK28  ; 4A       ; 82           ; 0            ; 74           ; 0                     ; 0                  ; no     ; no             ; no              ; no                     ; 1         ; no              ; yes        ; no       ; Off          ; 3.3-V LVTTL  ; 16mA             ; Off               ; Off                ; --                        ; no                         ; 0                   ; Off                         ; User                 ; 0 pF                 ; -                   ;
; GPIO_1[16]    ; AK27  ; 4A       ; 80           ; 0            ; 51           ; 0                     ; 0                  ; no     ; no             ; no              ; no                     ; 1         ; no              ; yes        ; no       ; Off          ; 3.3-V LVTTL  ; 16mA             ; Off               ; Off                ; --                        ; no                         ; 0                   ; Off                         ; User                 ; 0 pF                 ; -                   ;
; GPIO_1[17]    ; AJ26  ; 4A       ; 76           ; 0            ; 34           ; 0                     ; 0                  ; no     ; no             ; no              ; no                     ; 1         ; no              ; yes        ; no       ; Off          ; 3.3-V LVTTL  ; 16mA             ; Off               ; Off                ; --                        ; no                         ; 0                   ; Off                         ; User                 ; 0 pF                 ; -                   ;
; GPIO_1[18]    ; AK26  ; 4A       ; 76           ; 0            ; 51           ; 0                     ; 0                  ; no     ; no             ; no              ; no                     ; 1         ; no              ; yes        ; no       ; Off          ; 3.3-V LVTTL  ; 16mA             ; Off               ; Off                ; --                        ; no                         ; 0                   ; Off                         ; User                 ; 0 pF                 ; -                   ;
; GPIO_1[19]    ; AH25  ; 4A       ; 78           ; 0            ; 51           ; 0                     ; 0                  ; no     ; no             ; no              ; no                     ; 1         ; no              ; yes        ; no       ; Off          ; 3.3-V LVTTL  ; 16mA             ; Off               ; Off                ; --                        ; no                         ; 0                   ; Off                         ; User                 ; 0 pF                 ; -                   ;
; GPIO_1[1]     ; AA21  ; 4A       ; 88           ; 0            ; 1            ; 0                     ; 0                  ; no     ; no             ; no              ; no                     ; 1         ; no              ; yes        ; no       ; Off          ; 3.3-V LVTTL  ; 16mA             ; Off               ; Off                ; --                        ; no                         ; 0                   ; Off                         ; User                 ; 0 pF                 ; -                   ;
; GPIO_1[20]    ; AJ25  ; 4A       ; 74           ; 0            ; 91           ; 0                     ; 0                  ; no     ; no             ; no              ; no                     ; 1         ; no              ; yes        ; no       ; Off          ; 3.3-V LVTTL  ; 16mA             ; Off               ; Off                ; --                        ; no                         ; 0                   ; Off                         ; User                 ; 0 pF                 ; -                   ;
; GPIO_1[21]    ; AJ24  ; 4A       ; 74           ; 0            ; 74           ; 0                     ; 0                  ; no     ; no             ; no              ; no                     ; 1         ; no              ; yes        ; no       ; Off          ; 3.3-V LVTTL  ; 16mA             ; Off               ; Off                ; --                        ; no                         ; 0                   ; Off                         ; User                 ; 0 pF                 ; -                   ;
; GPIO_1[22]    ; AK24  ; 4A       ; 72           ; 0            ; 51           ; 0                     ; 0                  ; no     ; no             ; no              ; no                     ; 1         ; no              ; yes        ; no       ; Off          ; 3.3-V LVTTL  ; 16mA             ; Off               ; Off                ; --                        ; no                         ; 0                   ; Off                         ; User                 ; 0 pF                 ; -                   ;
; GPIO_1[23]    ; AG23  ; 4A       ; 64           ; 0            ; 34           ; 0                     ; 0                  ; no     ; no             ; no              ; no                     ; 1         ; no              ; yes        ; no       ; Off          ; 3.3-V LVTTL  ; 16mA             ; Off               ; Off                ; --                        ; no                         ; 0                   ; Off                         ; User                 ; 0 pF                 ; -                   ;
; GPIO_1[24]    ; AK23  ; 4A       ; 72           ; 0            ; 34           ; 0                     ; 0                  ; no     ; no             ; no              ; no                     ; 1         ; no              ; yes        ; no       ; Off          ; 3.3-V LVTTL  ; 16mA             ; Off               ; Off                ; --                        ; no                         ; 0                   ; Off                         ; User                 ; 0 pF                 ; -                   ;
; GPIO_1[25]    ; AH23  ; 4A       ; 70           ; 0            ; 34           ; 0                     ; 0                  ; no     ; no             ; no              ; no                     ; 1         ; no              ; yes        ; no       ; Off          ; 3.3-V LVTTL  ; 16mA             ; Off               ; Off                ; --                        ; no                         ; 0                   ; Off                         ; User                 ; 0 pF                 ; -                   ;
; GPIO_1[26]    ; AK22  ; 4A       ; 68           ; 0            ; 51           ; 0                     ; 0                  ; no     ; no             ; no              ; no                     ; 1         ; no              ; yes        ; no       ; Off          ; 3.3-V LVTTL  ; 16mA             ; Off               ; Off                ; --                        ; no                         ; 0                   ; Off                         ; User                 ; 0 pF                 ; -                   ;
; GPIO_1[27]    ; AJ22  ; 4A       ; 70           ; 0            ; 51           ; 0                     ; 0                  ; no     ; no             ; no              ; no                     ; 1         ; no              ; yes        ; no       ; Off          ; 3.3-V LVTTL  ; 16mA             ; Off               ; Off                ; --                        ; no                         ; 0                   ; Off                         ; User                 ; 0 pF                 ; -                   ;
; GPIO_1[28]    ; AH22  ; 4A       ; 66           ; 0            ; 91           ; 0                     ; 0                  ; no     ; no             ; no              ; no                     ; 1         ; no              ; yes        ; no       ; Off          ; 3.3-V LVTTL  ; 16mA             ; Off               ; Off                ; --                        ; no                         ; 0                   ; Off                         ; User                 ; 0 pF                 ; -                   ;
; GPIO_1[29]    ; AG22  ; 4A       ; 66           ; 0            ; 74           ; 0                     ; 0                  ; no     ; no             ; no              ; no                     ; 1         ; no              ; yes        ; no       ; Off          ; 3.3-V LVTTL  ; 16mA             ; Off               ; Off                ; --                        ; no                         ; 0                   ; Off                         ; User                 ; 0 pF                 ; -                   ;
; GPIO_1[2]     ; AB21  ; 4A       ; 88           ; 0            ; 18           ; 0                     ; 0                  ; no     ; no             ; no              ; no                     ; 1         ; no              ; yes        ; no       ; Off          ; 3.3-V LVTTL  ; 16mA             ; Off               ; Off                ; --                        ; no                         ; 0                   ; Off                         ; User                 ; 0 pF                 ; -                   ;
; GPIO_1[30]    ; AF24  ; 4A       ; 74           ; 0            ; 57           ; 0                     ; 0                  ; no     ; no             ; no              ; no                     ; 1         ; no              ; yes        ; no       ; Off          ; 3.3-V LVTTL  ; 16mA             ; Off               ; Off                ; --                        ; no                         ; 0                   ; Off                         ; User                 ; 0 pF                 ; -                   ;
; GPIO_1[31]    ; AF23  ; 4A       ; 74           ; 0            ; 40           ; 0                     ; 0                  ; no     ; no             ; no              ; no                     ; 1         ; no              ; yes        ; no       ; Off          ; 3.3-V LVTTL  ; 16mA             ; Off               ; Off                ; --                        ; no                         ; 0                   ; Off                         ; User                 ; 0 pF                 ; -                   ;
; GPIO_1[32]    ; AE22  ; 4A       ; 78           ; 0            ; 0            ; 0                     ; 0                  ; no     ; no             ; no              ; no                     ; 1         ; no              ; yes        ; no       ; Off          ; 3.3-V LVTTL  ; 16mA             ; Off               ; Off                ; --                        ; no                         ; 0                   ; Off                         ; User                 ; 0 pF                 ; -                   ;
; GPIO_1[33]    ; AD21  ; 4A       ; 82           ; 0            ; 57           ; 0                     ; 0                  ; no     ; no             ; no              ; no                     ; 1         ; no              ; yes        ; no       ; Off          ; 3.3-V LVTTL  ; 16mA             ; Off               ; Off                ; --                        ; no                         ; 0                   ; Off                         ; User                 ; 0 pF                 ; -                   ;
; GPIO_1[34]    ; AA20  ; 4A       ; 84           ; 0            ; 17           ; 0                     ; 0                  ; no     ; no             ; no              ; no                     ; 1         ; no              ; yes        ; no       ; Off          ; 3.3-V LVTTL  ; 16mA             ; Off               ; Off                ; --                        ; no                         ; 0                   ; Off                         ; User                 ; 0 pF                 ; -                   ;
; GPIO_1[35]    ; AC22  ; 4A       ; 86           ; 0            ; 0            ; 0                     ; 0                  ; no     ; no             ; no              ; no                     ; 1         ; no              ; yes        ; no       ; Off          ; 3.3-V LVTTL  ; 16mA             ; Off               ; Off                ; --                        ; no                         ; 0                   ; Off                         ; User                 ; 0 pF                 ; -                   ;
; GPIO_1[3]     ; AC23  ; 4A       ; 86           ; 0            ; 17           ; 0                     ; 0                  ; no     ; no             ; no              ; no                     ; 1         ; no              ; yes        ; no       ; Off          ; 3.3-V LVTTL  ; 16mA             ; Off               ; Off                ; --                        ; no                         ; 0                   ; Off                         ; User                 ; 0 pF                 ; -                   ;
; GPIO_1[4]     ; AD24  ; 4A       ; 88           ; 0            ; 35           ; 0                     ; 0                  ; no     ; no             ; no              ; no                     ; 1         ; no              ; yes        ; no       ; Off          ; 3.3-V LVTTL  ; 16mA             ; Off               ; Off                ; --                        ; no                         ; 0                   ; Off                         ; User                 ; 0 pF                 ; -                   ;
; GPIO_1[5]     ; AE23  ; 4A       ; 78           ; 0            ; 17           ; 0                     ; 0                  ; no     ; no             ; no              ; no                     ; 1         ; no              ; yes        ; no       ; Off          ; 3.3-V LVTTL  ; 16mA             ; Off               ; Off                ; --                        ; no                         ; 0                   ; Off                         ; User                 ; 0 pF                 ; -                   ;
; GPIO_1[6]     ; AE24  ; 4A       ; 88           ; 0            ; 52           ; 0                     ; 0                  ; no     ; no             ; no              ; no                     ; 1         ; no              ; yes        ; no       ; Off          ; 3.3-V LVTTL  ; 16mA             ; Off               ; Off                ; --                        ; no                         ; 0                   ; Off                         ; User                 ; 0 pF                 ; -                   ;
; GPIO_1[7]     ; AF25  ; 4A       ; 86           ; 0            ; 34           ; 0                     ; 0                  ; no     ; no             ; no              ; no                     ; 1         ; no              ; yes        ; no       ; Off          ; 3.3-V LVTTL  ; 16mA             ; Off               ; Off                ; --                        ; no                         ; 0                   ; Off                         ; User                 ; 0 pF                 ; -                   ;
; GPIO_1[8]     ; AF26  ; 4A       ; 86           ; 0            ; 51           ; 0                     ; 0                  ; no     ; no             ; no              ; no                     ; 1         ; no              ; yes        ; no       ; Off          ; 3.3-V LVTTL  ; 16mA             ; Off               ; Off                ; --                        ; no                         ; 0                   ; Off                         ; User                 ; 0 pF                 ; -                   ;
; GPIO_1[9]     ; AG25  ; 4A       ; 78           ; 0            ; 34           ; 0                     ; 0                  ; no     ; no             ; no              ; no                     ; 1         ; no              ; yes        ; no       ; Off          ; 3.3-V LVTTL  ; 16mA             ; Off               ; Off                ; --                        ; no                         ; 0                   ; Off                         ; User                 ; 0 pF                 ; -                   ;
; PS2_CLK       ; AD7   ; 3A       ; 6            ; 0            ; 0            ; 0                     ; 0                  ; no     ; no             ; no              ; no                     ; 1         ; no              ; yes        ; no       ; Off          ; 3.3-V LVTTL  ; 16mA             ; Off               ; Off                ; --                        ; no                         ; 0                   ; Off                         ; User                 ; 0 pF                 ; -                   ;
; PS2_CLK2      ; AD9   ; 3A       ; 2            ; 0            ; 74           ; 0                     ; 0                  ; no     ; no             ; no              ; no                     ; 1         ; no              ; yes        ; no       ; Off          ; 3.3-V LVTTL  ; 16mA             ; Off               ; Off                ; --                        ; no                         ; 0                   ; Off                         ; User                 ; 0 pF                 ; -                   ;
; PS2_DAT       ; AE7   ; 3A       ; 6            ; 0            ; 17           ; 0                     ; 0                  ; no     ; no             ; no              ; no                     ; 1         ; no              ; yes        ; no       ; Off          ; 3.3-V LVTTL  ; 16mA             ; Off               ; Off                ; --                        ; no                         ; 0                   ; Off                         ; User                 ; 0 pF                 ; -                   ;
; PS2_DAT2      ; AE9   ; 3A       ; 2            ; 0            ; 91           ; 0                     ; 0                  ; no     ; no             ; no              ; no                     ; 1         ; no              ; yes        ; no       ; Off          ; 3.3-V LVTTL  ; 16mA             ; Off               ; Off                ; --                        ; no                         ; 0                   ; Off                         ; User                 ; 0 pF                 ; -                   ;
+---------------+-------+----------+--------------+--------------+--------------+-----------------------+--------------------+--------+----------------+-----------------+------------------------+-----------+-----------------+------------+----------+--------------+--------------+------------------+-------------------+--------------------+---------------------------+----------------------------+---------------------+-----------------------------+----------------------+----------------------+---------------------+


+-----------------------------------------------------------------------------+
; I/O Bank Usage                                                              ;
+----------+-------------------+---------------+--------------+---------------+
; I/O Bank ; Usage             ; VCCIO Voltage ; VREF Voltage ; VCCPD Voltage ;
+----------+-------------------+---------------+--------------+---------------+
; B2L      ; 0 / 0 ( -- )      ; --            ; --           ; --            ;
; B1L      ; 0 / 0 ( -- )      ; --            ; --           ; --            ;
; 3A       ; 15 / 32 ( 47 % )  ; 3.3V          ; --           ; 3.3V          ;
; 3B       ; 48 / 48 ( 100 % ) ; 3.3V          ; --           ; 3.3V          ;
; 4A       ; 80 / 80 ( 100 % ) ; 3.3V          ; --           ; 3.3V          ;
; 5A       ; 32 / 32 ( 100 % ) ; 3.3V          ; --           ; 3.3V          ;
; 5B       ; 16 / 16 ( 100 % ) ; 3.3V          ; --           ; 3.3V          ;
; 6B       ; 0 / 44 ( 0 % )    ; 2.5V          ; --           ; 2.5V          ;
; 6A       ; 0 / 56 ( 0 % )    ; 2.5V          ; --           ; 2.5V          ;
; 7A       ; 0 / 19 ( 0 % )    ; 2.5V          ; --           ; 2.5V          ;
; 7B       ; 0 / 22 ( 0 % )    ; 2.5V          ; --           ; 2.5V          ;
; 7C       ; 0 / 12 ( 0 % )    ; 2.5V          ; --           ; 2.5V          ;
; 7D       ; 0 / 14 ( 0 % )    ; 2.5V          ; --           ; 2.5V          ;
; 8A       ; 50 / 80 ( 63 % )  ; 3.3V          ; --           ; 3.3V          ;
+----------+-------------------+---------------+--------------+---------------+


+-----------------------------------------------------------------------------------------------------------------------------------------------------------------------------------+
; All Package Pins                                                                                                                                                                  ;
+----------+------------+----------------+---------------------------------+--------+--------------+---------------------+--------------+-----------------+----------+--------------+
; Location ; Pad Number ; I/O Bank       ; Pin Name/Usage                  ; Dir.   ; I/O Standard ; Voltage             ; I/O Type     ; User Assignment ; Bus Hold ; Weak Pull Up ;
+----------+------------+----------------+---------------------------------+--------+--------------+---------------------+--------------+-----------------+----------+--------------+
; A2       ;            ;                ; GND                             ; gnd    ;              ;                     ; --           ;                 ; --       ; --           ;
; A3       ; 493        ; 8A             ; TD_VS                           ; input  ; 3.3-V LVTTL  ;                     ; Column I/O   ; Y               ; no       ; Off          ;
; A4       ; 491        ; 8A             ; RESERVED_INPUT_WITH_WEAK_PULLUP ;        ;              ;                     ; Column I/O   ;                 ; no       ; On           ;
; A5       ; 489        ; 8A             ; TD_HS                           ; input  ; 3.3-V LVTTL  ;                     ; Column I/O   ; Y               ; no       ; Off          ;
; A6       ; 487        ; 8A             ; RESERVED_INPUT_WITH_WEAK_PULLUP ;        ;              ;                     ; Column I/O   ;                 ; no       ; On           ;
; A7       ;            ; 8A             ; VCCIO8A                         ; power  ;              ; 3.3V                ; --           ;                 ; --       ; --           ;
; A8       ; 473        ; 8A             ; RESERVED_INPUT_WITH_WEAK_PULLUP ;        ;              ;                     ; Column I/O   ;                 ; no       ; On           ;
; A9       ; 471        ; 8A             ; RESERVED_INPUT_WITH_WEAK_PULLUP ;        ;              ;                     ; Column I/O   ;                 ; no       ; On           ;
; A10      ; 465        ; 8A             ; RESERVED_INPUT_WITH_WEAK_PULLUP ;        ;              ;                     ; Column I/O   ;                 ; no       ; On           ;
; A11      ; 463        ; 8A             ; VGA_CLK                         ; output ; 3.3-V LVTTL  ;                     ; Column I/O   ; Y               ; no       ; Off          ;
; A12      ;            ;                ; GND                             ; gnd    ;              ;                     ; --           ;                 ; --       ; --           ;
; A13      ; 461        ; 8A             ; VGA_R[0]                        ; output ; 3.3-V LVTTL  ;                     ; Column I/O   ; Y               ; no       ; Off          ;
; A14      ; 455        ; 7D             ; RESERVED_INPUT_WITH_WEAK_PULLUP ;        ;              ;                     ; Column I/O   ;                 ; no       ; On           ;
; A15      ; 447        ; 7D             ; RESERVED_INPUT_WITH_WEAK_PULLUP ;        ;              ;                     ; Column I/O   ;                 ; no       ; On           ;
; A16      ; 439        ; 7C             ; RESERVED_INPUT_WITH_WEAK_PULLUP ;        ;              ;                     ; Column I/O   ;                 ; no       ; On           ;
; A17      ;            ;                ; GND                             ; gnd    ;              ;                     ; --           ;                 ; --       ; --           ;
; A18      ; 425        ; 7B             ; RESERVED_INPUT_WITH_WEAK_PULLUP ;        ;              ;                     ; Column I/O   ;                 ; no       ; On           ;
; A19      ; 423        ; 7B             ; RESERVED_INPUT_WITH_WEAK_PULLUP ;        ;              ;                     ; Column I/O   ;                 ; no       ; On           ;
; A20      ; 415        ; 7B             ; RESERVED_INPUT_WITH_WEAK_PULLUP ;        ;              ;                     ; Column I/O   ;                 ; no       ; On           ;
; A21      ; 411        ; 7B             ; RESERVED_INPUT_WITH_WEAK_PULLUP ;        ;              ;                     ; Column I/O   ;                 ; no       ; On           ;
; A22      ;            ;                ; GND                             ; gnd    ;              ;                     ; --           ;                 ; --       ; --           ;
; A23      ; 395        ; 7A             ; RESERVED_INPUT_WITH_WEAK_PULLUP ;        ;              ;                     ; Column I/O   ;                 ; no       ; On           ;
; A24      ; 391        ; 7A             ; RESERVED_INPUT_WITH_WEAK_PULLUP ;        ;              ;                     ; Column I/O   ;                 ; no       ; On           ;
; A25      ; 389        ; 7A             ; RESERVED_INPUT_WITH_WEAK_PULLUP ;        ;              ;                     ; Column I/O   ;                 ; no       ; On           ;
; A26      ; 382        ; 7A             ; ^GND                            ;        ;              ;                     ; --           ;                 ; --       ; --           ;
; A27      ;            ;                ; GND                             ; gnd    ;              ;                     ; --           ;                 ; --       ; --           ;
; A28      ; 380        ; 7A             ; ^HPS_TRST                       ;        ;              ;                     ; --           ;                 ; --       ; --           ;
; A29      ; 378        ; 7A             ; ^HPS_TMS                        ;        ;              ;                     ; --           ;                 ; --       ; --           ;
; AA1      ;            ;                ; GND                             ; gnd    ;              ;                     ; --           ;                 ; --       ; --           ;
; AA2      ;            ;                ; GND                             ; gnd    ;              ;                     ; --           ;                 ; --       ; --           ;
; AA3      ;            ;                ; GND                             ; gnd    ;              ;                     ; --           ;                 ; --       ; --           ;
; AA4      ;            ;                ; GND                             ; gnd    ;              ;                     ; --           ;                 ; --       ; --           ;
; AA5      ;            ; --             ; VCC                             ; power  ;              ; 1.1V                ; --           ;                 ; --       ; --           ;
; AA6      ;            ;                ; GND                             ; gnd    ;              ;                     ; --           ;                 ; --       ; --           ;
; AA7      ;            ;                ; DNU                             ;        ;              ;                     ; --           ;                 ; --       ; --           ;
; AA8      ;            ; --             ; VCCA_FPLL                       ; power  ;              ; 2.5V                ; --           ;                 ; --       ; --           ;
; AA9      ;            ;                ; GND                             ; gnd    ;              ;                     ; --           ;                 ; --       ; --           ;
; AA10     ;            ; 3A             ; VCCPD3A                         ; power  ;              ; 3.3V                ; --           ;                 ; --       ; --           ;
; AA11     ;            ;                ; GND                             ; gnd    ;              ;                     ; --           ;                 ; --       ; --           ;
; AA12     ; 74         ; 3A             ; FAN_CTRL                        ; output ; 3.3-V LVTTL  ;                     ; Column I/O   ; Y               ; no       ; Off          ;
; AA13     ; 90         ; 3B             ; DRAM_WE_N                       ; output ; 3.3-V LVTTL  ;                     ; Column I/O   ; Y               ; no       ; Off          ;
; AA14     ; 122        ; 3B             ; KEY[0]                          ; input  ; 3.3-V LVTTL  ;                     ; Column I/O   ; Y               ; no       ; Off          ;
; AA15     ; 120        ; 3B             ; KEY[1]                          ; input  ; 3.3-V LVTTL  ;                     ; Column I/O   ; Y               ; no       ; Off          ;
; AA16     ; 146        ; 4A             ; CLOCK2_50                       ; input  ; 3.3-V LVTTL  ;                     ; Column I/O   ; Y               ; no       ; Off          ;
; AA17     ;            ; 4A             ; VCCIO4A                         ; power  ;              ; 3.3V                ; --           ;                 ; --       ; --           ;
; AA18     ; 168        ; 4A             ; GPIO_0[16]                      ; bidir  ; 3.3-V LVTTL  ;                     ; Column I/O   ; Y               ; no       ; Off          ;
; AA19     ; 176        ; 4A             ; GPIO_0[17]                      ; bidir  ; 3.3-V LVTTL  ;                     ; Column I/O   ; Y               ; no       ; Off          ;
; AA20     ; 200        ; 4A             ; GPIO_1[34]                      ; bidir  ; 3.3-V LVTTL  ;                     ; Column I/O   ; Y               ; no       ; Off          ;
; AA21     ; 210        ; 4A             ; GPIO_1[1]                       ; bidir  ; 3.3-V LVTTL  ;                     ; Column I/O   ; Y               ; no       ; Off          ;
; AA22     ;            ;                ; GND                             ; gnd    ;              ;                     ; --           ;                 ; --       ; --           ;
; AA23     ;            ; --             ; VCCPGM                          ; power  ;              ; 1.8V/2.5V/3.0V/3.3V ; --           ;                 ; --       ; --           ;
; AA24     ; 228        ; 5A             ; HEX4[0]                         ; output ; 3.3-V LVTTL  ;                     ; Row I/O      ; Y               ; no       ; Off          ;
; AA25     ; 224        ; 5A             ; HEX5[6]                         ; output ; 3.3-V LVTTL  ;                     ; Row I/O      ; Y               ; no       ; Off          ;
; AA26     ; 252        ; 5B             ; HEX5[5]                         ; output ; 3.3-V LVTTL  ;                     ; Row I/O      ; Y               ; no       ; Off          ;
; AA27     ;            ; 5B             ; VCCIO5B                         ; power  ;              ; 3.3V                ; --           ;                 ; --       ; --           ;
; AA28     ; 251        ; 5B             ; HEX5[1]                         ; output ; 3.3-V LVTTL  ;                     ; Row I/O      ; Y               ; no       ; Off          ;
; AA29     ;            ; 5B             ; VREFB5BN0                       ; power  ;              ;                     ; --           ;                 ; --       ; --           ;
; AA30     ; 250        ; 5B             ; IRDA_RXD                        ; input  ; 3.3-V LVTTL  ;                     ; Row I/O      ; Y               ; no       ; Off          ;
; AB1      ;            ;                ; GND                             ; gnd    ;              ;                     ; --           ;                 ; --       ; --           ;
; AB2      ;            ;                ; GND                             ; gnd    ;              ;                     ; --           ;                 ; --       ; --           ;
; AB3      ;            ;                ; DNU                             ;        ;              ;                     ; --           ;                 ; --       ; --           ;
; AB4      ;            ;                ; DNU                             ;        ;              ;                     ; --           ;                 ; --       ; --           ;
; AB5      ;            ;                ; GND                             ; gnd    ;              ;                     ; --           ;                 ; --       ; --           ;
; AB6      ;            ; --             ; VCCA_FPLL                       ; power  ;              ; 2.5V                ; --           ;                 ; --       ; --           ;
; AB7      ;            ;                ; GND                             ; gnd    ;              ;                     ; --           ;                 ; --       ; --           ;
; AB8      ; 43         ; 3A             ; ^nCSO, DATA4                    ;        ;              ;                     ; Weak Pull Up ;                 ; --       ; On           ;
; AB9      ; 42         ; 3A             ; #TDO                            ; output ;              ;                     ; --           ;                 ; --       ; --           ;
; AB10     ;            ; --             ; VCCPGM                          ; power  ;              ; 1.8V/2.5V/3.0V/3.3V ; --           ;                 ; --       ; --           ;
; AB11     ;            ; --             ; VCC_AUX                         ; power  ;              ; 2.5V                ; --           ;                 ; --       ; --           ;
; AB12     ; 72         ; 3A             ; SW[0]                           ; input  ; 3.3-V LVTTL  ;                     ; Column I/O   ; Y               ; no       ; Off          ;
; AB13     ; 88         ; 3B             ; DRAM_LDQM                       ; output ; 3.3-V LVTTL  ;                     ; Column I/O   ; Y               ; no       ; Off          ;
; AB14     ;            ; 3B             ; VCCIO3B                         ; power  ;              ; 3.3V                ; --           ;                 ; --       ; --           ;
; AB15     ; 106        ; 3B             ; DRAM_ADDR[4]                    ; output ; 3.3-V LVTTL  ;                     ; Column I/O   ; Y               ; no       ; Off          ;
; AB16     ;            ; --             ; VCC_AUX                         ; power  ;              ; 2.5V                ; --           ;                 ; --       ; --           ;
; AB17     ; 144        ; 4A             ; GPIO_1[0]                       ; bidir  ; 3.3-V LVTTL  ;                     ; Column I/O   ; Y               ; no       ; Off          ;
; AB18     ;            ; 3B, 4A         ; VCCPD3B4A                       ; power  ;              ; 3.3V                ; --           ;                 ; --       ; --           ;
; AB19     ;            ;                ; GND                             ; gnd    ;              ;                     ; --           ;                 ; --       ; --           ;
; AB20     ;            ; 3B, 4A         ; VCCPD3B4A                       ; power  ;              ; 3.3V                ; --           ;                 ; --       ; --           ;
; AB21     ; 208        ; 4A             ; GPIO_1[2]                       ; bidir  ; 3.3-V LVTTL  ;                     ; Column I/O   ; Y               ; no       ; Off          ;
; AB22     ; 225        ; 5A             ; HEX3[6]                         ; output ; 3.3-V LVTTL  ;                     ; Row I/O      ; Y               ; no       ; Off          ;
; AB23     ; 227        ; 5A             ; HEX2[0]                         ; output ; 3.3-V LVTTL  ;                     ; Row I/O      ; Y               ; no       ; Off          ;
; AB24     ;            ; 5A             ; VCCIO5A                         ; power  ;              ; 3.3V                ; --           ;                 ; --       ; --           ;
; AB25     ; 230        ; 5A             ; HEX3[5]                         ; output ; 3.3-V LVTTL  ;                     ; Row I/O      ; Y               ; no       ; Off          ;
; AB26     ; 226        ; 5A             ; HEX5[4]                         ; output ; 3.3-V LVTTL  ;                     ; Row I/O      ; Y               ; no       ; Off          ;
; AB27     ; 254        ; 5B             ; HEX5[3]                         ; output ; 3.3-V LVTTL  ;                     ; Row I/O      ; Y               ; no       ; Off          ;
; AB28     ; 249        ; 5B             ; HEX3[4]                         ; output ; 3.3-V LVTTL  ;                     ; Row I/O      ; Y               ; no       ; Off          ;
; AB29     ;            ;                ; GND                             ; gnd    ;              ;                     ; --           ;                 ; --       ; --           ;
; AB30     ; 248        ; 5B             ; IRDA_TXD                        ; output ; 3.3-V LVTTL  ;                     ; Row I/O      ; Y               ; no       ; Off          ;
; AC1      ;            ;                ; GND                             ; gnd    ;              ;                     ; --           ;                 ; --       ; --           ;
; AC2      ;            ;                ; GND                             ; gnd    ;              ;                     ; --           ;                 ; --       ; --           ;
; AC3      ;            ;                ; GND                             ; gnd    ;              ;                     ; --           ;                 ; --       ; --           ;
; AC4      ;            ;                ; GND                             ; gnd    ;              ;                     ; --           ;                 ; --       ; --           ;
; AC5      ; 46         ; 3A             ; #TCK                            ; input  ;              ;                     ; --           ;                 ; --       ; --           ;
; AC6      ;            ;                ; GND                             ; gnd    ;              ;                     ; --           ;                 ; --       ; --           ;
; AC7      ; 45         ; 3A             ; ^AS_DATA3, DATA3                ;        ;              ;                     ; Weak Pull Up ;                 ; --       ; On           ;
; AC8      ;            ;                ; GND                             ; gnd    ;              ;                     ; --           ;                 ; --       ; --           ;
; AC9      ; 58         ; 3A             ; SW[7]                           ; input  ; 3.3-V LVTTL  ;                     ; Column I/O   ; Y               ; no       ; Off          ;
; AC10     ;            ; 3A             ; VCCPD3A                         ; power  ;              ; 3.3V                ; --           ;                 ; --       ; --           ;
; AC11     ;            ; 3A             ; VCCIO3A                         ; power  ;              ; 3.3V                ; --           ;                 ; --       ; --           ;
; AC12     ; 82         ; 3A             ; SW[1]                           ; input  ; 3.3-V LVTTL  ;                     ; Column I/O   ; Y               ; no       ; Off          ;
; AC13     ;            ; 3B, 4A         ; VCCPD3B4A                       ; power  ;              ; 3.3V                ; --           ;                 ; --       ; --           ;
; AC14     ; 104        ; 3B             ; DRAM_ADDR[5]                    ; output ; 3.3-V LVTTL  ;                     ; Column I/O   ; Y               ; no       ; Off          ;
; AC15     ;            ; 3B, 4A         ; VCCPD3B4A                       ; power  ;              ; 3.3V                ; --           ;                 ; --       ; --           ;
; AC16     ;            ;                ; GND                             ; gnd    ;              ;                     ; --           ;                 ; --       ; --           ;
; AC17     ;            ; 3B, 4A         ; VCCPD3B4A                       ; power  ;              ; 3.3V                ; --           ;                 ; --       ; --           ;
; AC18     ; 162        ; 4A             ; GPIO_0[0]                       ; bidir  ; 3.3-V LVTTL  ;                     ; Column I/O   ; Y               ; no       ; Off          ;
; AC19     ;            ; 3B, 4A         ; VCCPD3B4A                       ; power  ;              ; 3.3V                ; --           ;                 ; --       ; --           ;
; AC20     ; 186        ; 4A             ; GPIO_0[19]                      ; bidir  ; 3.3-V LVTTL  ;                     ; Column I/O   ; Y               ; no       ; Off          ;
; AC21     ;            ; 4A             ; VCCIO4A                         ; power  ;              ; 3.3V                ; --           ;                 ; --       ; --           ;
; AC22     ; 207        ; 4A             ; GPIO_1[35]                      ; bidir  ; 3.3-V LVTTL  ;                     ; Column I/O   ; Y               ; no       ; Off          ;
; AC23     ; 205        ; 4A             ; GPIO_1[3]                       ; bidir  ; 3.3-V LVTTL  ;                     ; Column I/O   ; Y               ; no       ; Off          ;
; AC24     ;            ; 5A             ; VREFB5AN0                       ; power  ;              ;                     ; --           ;                 ; --       ; --           ;
; AC25     ; 215        ; 5A             ; HEX3[3]                         ; output ; 3.3-V LVTTL  ;                     ; Row I/O      ; Y               ; no       ; Off          ;
; AC26     ;            ;                ; GND                             ; gnd    ;              ;                     ; --           ;                 ; --       ; --           ;
; AC27     ; 242        ; 5A             ; HEX3[1]                         ; output ; 3.3-V LVTTL  ;                     ; Row I/O      ; Y               ; no       ; Off          ;
; AC28     ; 245        ; 5B             ; HEX2[3]                         ; output ; 3.3-V LVTTL  ;                     ; Row I/O      ; Y               ; no       ; Off          ;
; AC29     ; 247        ; 5B             ; HEX2[5]                         ; output ; 3.3-V LVTTL  ;                     ; Row I/O      ; Y               ; no       ; Off          ;
; AC30     ; 259        ; 5B             ; HEX2[6]                         ; output ; 3.3-V LVTTL  ;                     ; Row I/O      ; Y               ; no       ; Off          ;
; AD1      ;            ;                ; GND                             ; gnd    ;              ;                     ; --           ;                 ; --       ; --           ;
; AD2      ;            ;                ; GND                             ; gnd    ;              ;                     ; --           ;                 ; --       ; --           ;
; AD3      ;            ;                ; DNU                             ;        ;              ;                     ; --           ;                 ; --       ; --           ;
; AD4      ;            ;                ; DNU                             ;        ;              ;                     ; --           ;                 ; --       ; --           ;
; AD5      ;            ;                ; GND                             ; gnd    ;              ;                     ; --           ;                 ; --       ; --           ;
; AD6      ;            ; 3A             ; VREFB3AN0                       ; power  ;              ;                     ; --           ;                 ; --       ; --           ;
; AD7      ; 62         ; 3A             ; PS2_CLK                         ; bidir  ; 3.3-V LVTTL  ;                     ; Column I/O   ; Y               ; no       ; Off          ;
; AD8      ;            ; 3A             ; VCCIO3A                         ; power  ;              ; 3.3V                ; --           ;                 ; --       ; --           ;
; AD9      ; 55         ; 3A             ; PS2_CLK2                        ; bidir  ; 3.3-V LVTTL  ;                     ; Column I/O   ; Y               ; no       ; Off          ;
; AD10     ; 56         ; 3A             ; SW[8]                           ; input  ; 3.3-V LVTTL  ;                     ; Column I/O   ; Y               ; no       ; Off          ;
; AD11     ; 54         ; 3A             ; SW[4]                           ; input  ; 3.3-V LVTTL  ;                     ; Column I/O   ; Y               ; no       ; Off          ;
; AD12     ; 80         ; 3A             ; SW[5]                           ; input  ; 3.3-V LVTTL  ;                     ; Column I/O   ; Y               ; no       ; Off          ;
; AD13     ;            ; 3B             ; VCCIO3B                         ; power  ;              ; 3.3V                ; --           ;                 ; --       ; --           ;
; AD14     ; 98         ; 3B             ; DRAM_ADDR[6]                    ; output ; 3.3-V LVTTL  ;                     ; Column I/O   ; Y               ; no       ; Off          ;
; AD15     ;            ;                ; DNU                             ;        ;              ;                     ; --           ;                 ; --       ; --           ;
; AD16     ;            ; 3B, 4A         ; VCCPD3B4A                       ; power  ;              ; 3.3V                ; --           ;                 ; --       ; --           ;
; AD17     ; 160        ; 4A             ; GPIO_0[2]                       ; bidir  ; 3.3-V LVTTL  ;                     ; Column I/O   ; Y               ; no       ; Off          ;
; AD18     ;            ; 4A             ; VCCIO4A                         ; power  ;              ; 3.3V                ; --           ;                 ; --       ; --           ;
; AD19     ; 184        ; 4A             ; GPIO_0[24]                      ; bidir  ; 3.3-V LVTTL  ;                     ; Column I/O   ; Y               ; no       ; Off          ;
; AD20     ; 199        ; 4A             ; GPIO_0[25]                      ; bidir  ; 3.3-V LVTTL  ;                     ; Column I/O   ; Y               ; no       ; Off          ;
; AD21     ; 197        ; 4A             ; GPIO_1[33]                      ; bidir  ; 3.3-V LVTTL  ;                     ; Column I/O   ; Y               ; no       ; Off          ;
; AD22     ;            ; --             ; VCC_AUX                         ; power  ;              ; 2.5V                ; --           ;                 ; --       ; --           ;
; AD23     ;            ;                ; GND                             ; gnd    ;              ;                     ; --           ;                 ; --       ; --           ;
; AD24     ; 211        ; 4A             ; GPIO_1[4]                       ; bidir  ; 3.3-V LVTTL  ;                     ; Column I/O   ; Y               ; no       ; Off          ;
; AD25     ; 213        ; 5A             ; HEX3[2]                         ; output ; 3.3-V LVTTL  ;                     ; Row I/O      ; Y               ; no       ; Off          ;
; AD26     ; 240        ; 5A             ; HEX3[0]                         ; output ; 3.3-V LVTTL  ;                     ; Row I/O      ; Y               ; no       ; Off          ;
; AD27     ; 222        ; 5A             ; HEX1[6]                         ; output ; 3.3-V LVTTL  ;                     ; Row I/O      ; Y               ; no       ; Off          ;
; AD28     ;            ; 5A             ; VCCIO5A                         ; power  ;              ; 3.3V                ; --           ;                 ; --       ; --           ;
; AD29     ; 255        ; 5B             ; HEX2[2]                         ; output ; 3.3-V LVTTL  ;                     ; Row I/O      ; Y               ; no       ; Off          ;
; AD30     ; 257        ; 5B             ; HEX2[4]                         ; output ; 3.3-V LVTTL  ;                     ; Row I/O      ; Y               ; no       ; Off          ;
; AE1      ;            ;                ; GND                             ; gnd    ;              ;                     ; --           ;                 ; --       ; --           ;
; AE2      ;            ;                ; GND                             ; gnd    ;              ;                     ; --           ;                 ; --       ; --           ;
; AE3      ;            ;                ; GND                             ; gnd    ;              ;                     ; --           ;                 ; --       ; --           ;
; AE4      ;            ;                ; GND                             ; gnd    ;              ;                     ; --           ;                 ; --       ; --           ;
; AE5      ; 49         ; 3A             ; ^AS_DATA1, DATA1                ;        ;              ;                     ; Weak Pull Up ;                 ; --       ; On           ;
; AE6      ; 51         ; 3A             ; ^AS_DATA0, ASDO, DATA0          ;        ;              ;                     ; Weak Pull Up ;                 ; --       ; On           ;
; AE7      ; 60         ; 3A             ; PS2_DAT                         ; bidir  ; 3.3-V LVTTL  ;                     ; Column I/O   ; Y               ; no       ; Off          ;
; AE8      ; 47         ; 3A             ; ^AS_DATA2, DATA2                ;        ;              ;                     ; Weak Pull Up ;                 ; --       ; On           ;
; AE9      ; 53         ; 3A             ; PS2_DAT2                        ; bidir  ; 3.3-V LVTTL  ;                     ; Column I/O   ; Y               ; no       ; Off          ;
; AE10     ;            ;                ; GND                             ; gnd    ;              ;                     ; --           ;                 ; --       ; --           ;
; AE11     ; 59         ; 3A             ; SW[6]                           ; input  ; 3.3-V LVTTL  ;                     ; Column I/O   ; Y               ; no       ; Off          ;
; AE12     ; 52         ; 3A             ; SW[9]                           ; input  ; 3.3-V LVTTL  ;                     ; Column I/O   ; Y               ; no       ; Off          ;
; AE13     ; 95         ; 3B             ; DRAM_RAS_N                      ; output ; 3.3-V LVTTL  ;                     ; Column I/O   ; Y               ; no       ; Off          ;
; AE14     ; 96         ; 3B             ; DRAM_ADDR[3]                    ; output ; 3.3-V LVTTL  ;                     ; Column I/O   ; Y               ; no       ; Off          ;
; AE15     ;            ; 3B             ; VCCIO3B                         ; power  ;              ; 3.3V                ; --           ;                 ; --       ; --           ;
; AE16     ; 139        ; 4A             ; GPIO_0[13]                      ; bidir  ; 3.3-V LVTTL  ;                     ; Column I/O   ; Y               ; no       ; Off          ;
; AE17     ; 135        ; 4A             ; GPIO_0[18]                      ; bidir  ; 3.3-V LVTTL  ;                     ; Column I/O   ; Y               ; no       ; Off          ;
; AE18     ; 167        ; 4A             ; GPIO_0[26]                      ; bidir  ; 3.3-V LVTTL  ;                     ; Column I/O   ; Y               ; no       ; Off          ;
; AE19     ; 165        ; 4A             ; GPIO_0[27]                      ; bidir  ; 3.3-V LVTTL  ;                     ; Column I/O   ; Y               ; no       ; Off          ;
; AE20     ;            ;                ; GND                             ; gnd    ;              ;                     ; --           ;                 ; --       ; --           ;
; AE21     ;            ; 3B, 4A         ; VCCPD3B4A                       ; power  ;              ; 3.3V                ; --           ;                 ; --       ; --           ;
; AE22     ; 191        ; 4A             ; GPIO_1[32]                      ; bidir  ; 3.3-V LVTTL  ;                     ; Column I/O   ; Y               ; no       ; Off          ;
; AE23     ; 189        ; 4A             ; GPIO_1[5]                       ; bidir  ; 3.3-V LVTTL  ;                     ; Column I/O   ; Y               ; no       ; Off          ;
; AE24     ; 209        ; 4A             ; GPIO_1[6]                       ; bidir  ; 3.3-V LVTTL  ;                     ; Column I/O   ; Y               ; no       ; Off          ;
; AE25     ;            ; 4A             ; VCCIO4A                         ; power  ;              ; 3.3V                ; --           ;                 ; --       ; --           ;
; AE26     ; 220        ; 5A             ; HEX0[0]                         ; output ; 3.3-V LVTTL  ;                     ; Row I/O      ; Y               ; no       ; Off          ;
; AE27     ; 229        ; 5A             ; HEX0[1]                         ; output ; 3.3-V LVTTL  ;                     ; Row I/O      ; Y               ; no       ; Off          ;
; AE28     ; 231        ; 5A             ; HEX0[2]                         ; output ; 3.3-V LVTTL  ;                     ; Row I/O      ; Y               ; no       ; Off          ;
; AE29     ; 253        ; 5B             ; HEX2[1]                         ; output ; 3.3-V LVTTL  ;                     ; Row I/O      ; Y               ; no       ; Off          ;
; AE30     ;            ; 5B             ; VCCIO5B                         ; power  ;              ; 3.3V                ; --           ;                 ; --       ; --           ;
; AF1      ;            ;                ; GND                             ; gnd    ;              ;                     ; --           ;                 ; --       ; --           ;
; AF2      ;            ;                ; GND                             ; gnd    ;              ;                     ; --           ;                 ; --       ; --           ;
; AF3      ;            ;                ; GND                             ; gnd    ;              ;                     ; --           ;                 ; --       ; --           ;
; AF4      ; 66         ; 3A             ; RESERVED_INPUT_WITH_WEAK_PULLUP ;        ;              ;                     ; Column I/O   ;                 ; no       ; On           ;
; AF5      ; 64         ; 3A             ; RESERVED_INPUT_WITH_WEAK_PULLUP ;        ;              ;                     ; Column I/O   ;                 ; no       ; On           ;
; AF6      ; 75         ; 3A             ; RESERVED_INPUT_WITH_WEAK_PULLUP ;        ;              ;                     ; Column I/O   ;                 ; no       ; On           ;
; AF7      ;            ; 3A             ; VCCIO3A                         ; power  ;              ; 3.3V                ; --           ;                 ; --       ; --           ;
; AF8      ; 70         ; 3A             ; RESERVED_INPUT_WITH_WEAK_PULLUP ;        ;              ;                     ; Column I/O   ;                 ; no       ; On           ;
; AF9      ; 67         ; 3A             ; SW[2]                           ; input  ; 3.3-V LVTTL  ;                     ; Column I/O   ; Y               ; no       ; Off          ;
; AF10     ; 57         ; 3A             ; SW[3]                           ; input  ; 3.3-V LVTTL  ;                     ; Column I/O   ; Y               ; no       ; Off          ;
; AF11     ; 87         ; 3B             ; DRAM_CAS_N                      ; output ; 3.3-V LVTTL  ;                     ; Column I/O   ; Y               ; no       ; Off          ;
; AF12     ;            ;                ; GND                             ; gnd    ;              ;                     ; --           ;                 ; --       ; --           ;
; AF13     ; 93         ; 3B             ; DRAM_BA[0]                      ; output ; 3.3-V LVTTL  ;                     ; Column I/O   ; Y               ; no       ; Off          ;
; AF14     ; 114        ; 3B             ; CLOCK_50                        ; input  ; 3.3-V LVTTL  ;                     ; Column I/O   ; Y               ; no       ; Off          ;
; AF15     ; 112        ; 3B             ; DRAM_ADDR[7]                    ; output ; 3.3-V LVTTL  ;                     ; Column I/O   ; Y               ; no       ; Off          ;
; AF16     ; 137        ; 4A             ; GPIO_0[14]                      ; bidir  ; 3.3-V LVTTL  ;                     ; Column I/O   ; Y               ; no       ; Off          ;
; AF17     ;            ;                ; GND                             ; gnd    ;              ;                     ; --           ;                 ; --       ; --           ;
; AF18     ; 133        ; 4A             ; GPIO_0[32]                      ; bidir  ; 3.3-V LVTTL  ;                     ; Column I/O   ; Y               ; no       ; Off          ;
; AF19     ; 159        ; 4A             ; GPIO_0[30]                      ; bidir  ; 3.3-V LVTTL  ;                     ; Column I/O   ; Y               ; no       ; Off          ;
; AF20     ; 175        ; 4A             ; GPIO_0[28]                      ; bidir  ; 3.3-V LVTTL  ;                     ; Column I/O   ; Y               ; no       ; Off          ;
; AF21     ; 173        ; 4A             ; GPIO_0[29]                      ; bidir  ; 3.3-V LVTTL  ;                     ; Column I/O   ; Y               ; no       ; Off          ;
; AF22     ;            ; 4A             ; VCCIO4A                         ; power  ;              ; 3.3V                ; --           ;                 ; --       ; --           ;
; AF23     ; 183        ; 4A             ; GPIO_1[31]                      ; bidir  ; 3.3-V LVTTL  ;                     ; Column I/O   ; Y               ; no       ; Off          ;
; AF24     ; 181        ; 4A             ; GPIO_1[30]                      ; bidir  ; 3.3-V LVTTL  ;                     ; Column I/O   ; Y               ; no       ; Off          ;
; AF25     ; 206        ; 4A             ; GPIO_1[7]                       ; bidir  ; 3.3-V LVTTL  ;                     ; Column I/O   ; Y               ; no       ; Off          ;
; AF26     ; 204        ; 4A             ; GPIO_1[8]                       ; bidir  ; 3.3-V LVTTL  ;                     ; Column I/O   ; Y               ; no       ; Off          ;
; AF27     ;            ;                ; GND                             ; gnd    ;              ;                     ; --           ;                 ; --       ; --           ;
; AF28     ; 235        ; 5A             ; HEX0[4]                         ; output ; 3.3-V LVTTL  ;                     ; Row I/O      ; Y               ; no       ; Off          ;
; AF29     ; 237        ; 5A             ; HEX1[4]                         ; output ; 3.3-V LVTTL  ;                     ; Row I/O      ; Y               ; no       ; Off          ;
; AF30     ; 239        ; 5A             ; HEX1[5]                         ; output ; 3.3-V LVTTL  ;                     ; Row I/O      ; Y               ; no       ; Off          ;
; AG1      ; 71         ; 3A             ; RESERVED_INPUT_WITH_WEAK_PULLUP ;        ;              ;                     ; Column I/O   ;                 ; no       ; On           ;
; AG2      ; 83         ; 3A             ; RESERVED_INPUT_WITH_WEAK_PULLUP ;        ;              ;                     ; Column I/O   ;                 ; no       ; On           ;
; AG3      ; 63         ; 3A             ; RESERVED_INPUT_WITH_WEAK_PULLUP ;        ;              ;                     ; Column I/O   ;                 ; no       ; On           ;
; AG4      ;            ; 3A             ; VCCIO3A                         ; power  ;              ; 3.3V                ; --           ;                 ; --       ; --           ;
; AG5      ; 78         ; 3A             ; RESERVED_INPUT_WITH_WEAK_PULLUP ;        ;              ;                     ; Column I/O   ;                 ; no       ; On           ;
; AG6      ; 73         ; 3A             ; RESERVED_INPUT_WITH_WEAK_PULLUP ;        ;              ;                     ; Column I/O   ;                 ; no       ; On           ;
; AG7      ; 68         ; 3A             ; RESERVED_INPUT_WITH_WEAK_PULLUP ;        ;              ;                     ; Column I/O   ;                 ; no       ; On           ;
; AG8      ; 65         ; 3A             ; RESERVED_INPUT_WITH_WEAK_PULLUP ;        ;              ;                     ; Column I/O   ;                 ; no       ; On           ;
; AG9      ;            ;                ; GND                             ; gnd    ;              ;                     ; --           ;                 ; --       ; --           ;
; AG10     ; 86         ; 3B             ; DRAM_DQ[5]                      ; bidir  ; 3.3-V LVTTL  ;                     ; Column I/O   ; Y               ; no       ; Off          ;
; AG11     ; 85         ; 3B             ; DRAM_CS_N                       ; output ; 3.3-V LVTTL  ;                     ; Column I/O   ; Y               ; no       ; Off          ;
; AG12     ; 103        ; 3B             ; DRAM_ADDR[10]                   ; output ; 3.3-V LVTTL  ;                     ; Column I/O   ; Y               ; no       ; Off          ;
; AG13     ; 101        ; 3B             ; DRAM_ADDR[9]                    ; output ; 3.3-V LVTTL  ;                     ; Column I/O   ; Y               ; no       ; Off          ;
; AG14     ;            ;                ; GND                             ; gnd    ;              ;                     ; --           ;                 ; --       ; --           ;
; AG15     ; 127        ; 3B             ; DRAM_ADDR[2]                    ; output ; 3.3-V LVTTL  ;                     ; Column I/O   ; Y               ; no       ; Off          ;
; AG16     ; 134        ; 4A             ; GPIO_0[12]                      ; bidir  ; 3.3-V LVTTL  ;                     ; Column I/O   ; Y               ; no       ; Off          ;
; AG17     ; 132        ; 4A             ; GPIO_0[15]                      ; bidir  ; 3.3-V LVTTL  ;                     ; Column I/O   ; Y               ; no       ; Off          ;
; AG18     ; 150        ; 4A             ; GPIO_0[34]                      ; bidir  ; 3.3-V LVTTL  ;                     ; Column I/O   ; Y               ; no       ; Off          ;
; AG19     ;            ; 4A             ; VCCIO4A                         ; power  ;              ; 3.3V                ; --           ;                 ; --       ; --           ;
; AG20     ; 157        ; 4A             ; GPIO_0[33]                      ; bidir  ; 3.3-V LVTTL  ;                     ; Column I/O   ; Y               ; no       ; Off          ;
; AG21     ; 143        ; 4A             ; GPIO_0[31]                      ; bidir  ; 3.3-V LVTTL  ;                     ; Column I/O   ; Y               ; no       ; Off          ;
; AG22     ; 166        ; 4A             ; GPIO_1[29]                      ; bidir  ; 3.3-V LVTTL  ;                     ; Column I/O   ; Y               ; no       ; Off          ;
; AG23     ; 163        ; 4A             ; GPIO_1[23]                      ; bidir  ; 3.3-V LVTTL  ;                     ; Column I/O   ; Y               ; no       ; Off          ;
; AG24     ;            ;                ; GND                             ; gnd    ;              ;                     ; --           ;                 ; --       ; --           ;
; AG25     ; 190        ; 4A             ; GPIO_1[9]                       ; bidir  ; 3.3-V LVTTL  ;                     ; Column I/O   ; Y               ; no       ; Off          ;
; AG26     ; 203        ; 4A             ; GPIO_1[10]                      ; bidir  ; 3.3-V LVTTL  ;                     ; Column I/O   ; Y               ; no       ; Off          ;
; AG27     ; 212        ; 5A             ; HEX0[3]                         ; output ; 3.3-V LVTTL  ;                     ; Row I/O      ; Y               ; no       ; Off          ;
; AG28     ; 233        ; 5A             ; HEX0[5]                         ; output ; 3.3-V LVTTL  ;                     ; Row I/O      ; Y               ; no       ; Off          ;
; AG29     ;            ; 5A             ; VCCIO5A                         ; power  ;              ; 3.3V                ; --           ;                 ; --       ; --           ;
; AG30     ; 243        ; 5A             ; HEX1[3]                         ; output ; 3.3-V LVTTL  ;                     ; Row I/O      ; Y               ; no       ; Off          ;
; AH1      ;            ;                ; GND                             ; gnd    ;              ;                     ; --           ;                 ; --       ; --           ;
; AH2      ; 69         ; 3A             ; RESERVED_INPUT_WITH_WEAK_PULLUP ;        ;              ;                     ; Column I/O   ;                 ; no       ; On           ;
; AH3      ; 81         ; 3A             ; RESERVED_INPUT_WITH_WEAK_PULLUP ;        ;              ;                     ; Column I/O   ;                 ; no       ; On           ;
; AH4      ; 61         ; 3A             ; RESERVED_INPUT_WITH_WEAK_PULLUP ;        ;              ;                     ; Column I/O   ;                 ; no       ; On           ;
; AH5      ; 76         ; 3A             ; RESERVED_INPUT_WITH_WEAK_PULLUP ;        ;              ;                     ; Column I/O   ;                 ; no       ; On           ;
; AH6      ;            ;                ; GND                             ; gnd    ;              ;                     ; --           ;                 ; --       ; --           ;
; AH7      ; 115        ; 3B             ; DRAM_DQ[13]                     ; bidir  ; 3.3-V LVTTL  ;                     ; Column I/O   ; Y               ; no       ; Off          ;
; AH8      ; 113        ; 3B             ; DRAM_DQ[12]                     ; bidir  ; 3.3-V LVTTL  ;                     ; Column I/O   ; Y               ; no       ; Off          ;
; AH9      ; 84         ; 3B             ; DRAM_DQ[11]                     ; bidir  ; 3.3-V LVTTL  ;                     ; Column I/O   ; Y               ; no       ; Off          ;
; AH10     ; 118        ; 3B             ; DRAM_DQ[8]                      ; bidir  ; 3.3-V LVTTL  ;                     ; Column I/O   ; Y               ; no       ; Off          ;
; AH11     ;            ;                ; GND                             ; gnd    ;              ;                     ; --           ;                 ; --       ; --           ;
; AH12     ; 126        ; 3B             ; DRAM_CLK                        ; output ; 3.3-V LVTTL  ;                     ; Column I/O   ; Y               ; no       ; Off          ;
; AH13     ; 111        ; 3B             ; DRAM_ADDR[11]                   ; output ; 3.3-V LVTTL  ;                     ; Column I/O   ; Y               ; no       ; Off          ;
; AH14     ; 109        ; 3B             ; DRAM_ADDR[1]                    ; output ; 3.3-V LVTTL  ;                     ; Column I/O   ; Y               ; no       ; Off          ;
; AH15     ; 125        ; 3B             ; DRAM_ADDR[8]                    ; output ; 3.3-V LVTTL  ;                     ; Column I/O   ; Y               ; no       ; Off          ;
; AH16     ;            ; 4A             ; VCCIO4A                         ; power  ;              ; 3.3V                ; --           ;                 ; --       ; --           ;
; AH17     ; 147        ; 4A             ; GPIO_0[11]                      ; bidir  ; 3.3-V LVTTL  ;                     ; Column I/O   ; Y               ; no       ; Off          ;
; AH18     ; 145        ; 4A             ; GPIO_0[10]                      ; bidir  ; 3.3-V LVTTL  ;                     ; Column I/O   ; Y               ; no       ; Off          ;
; AH19     ; 148        ; 4A             ; GPIO_0[20]                      ; bidir  ; 3.3-V LVTTL  ;                     ; Column I/O   ; Y               ; no       ; Off          ;
; AH20     ; 141        ; 4A             ; GPIO_0[22]                      ; bidir  ; 3.3-V LVTTL  ;                     ; Column I/O   ; Y               ; no       ; Off          ;
; AH21     ;            ;                ; GND                             ; gnd    ;              ;                     ; --           ;                 ; --       ; --           ;
; AH22     ; 164        ; 4A             ; GPIO_1[28]                      ; bidir  ; 3.3-V LVTTL  ;                     ; Column I/O   ; Y               ; no       ; Off          ;
; AH23     ; 174        ; 4A             ; GPIO_1[25]                      ; bidir  ; 3.3-V LVTTL  ;                     ; Column I/O   ; Y               ; no       ; Off          ;
; AH24     ; 161        ; 4A             ; GPIO_1[11]                      ; bidir  ; 3.3-V LVTTL  ;                     ; Column I/O   ; Y               ; no       ; Off          ;
; AH25     ; 188        ; 4A             ; GPIO_1[19]                      ; bidir  ; 3.3-V LVTTL  ;                     ; Column I/O   ; Y               ; no       ; Off          ;
; AH26     ;            ; 4A             ; VCCIO4A                         ; power  ;              ; 3.3V                ; --           ;                 ; --       ; --           ;
; AH27     ; 201        ; 4A             ; GPIO_1[12]                      ; bidir  ; 3.3-V LVTTL  ;                     ; Column I/O   ; Y               ; no       ; Off          ;
; AH28     ; 214        ; 5A             ; HEX0[6]                         ; output ; 3.3-V LVTTL  ;                     ; Row I/O      ; Y               ; no       ; Off          ;
; AH29     ; 218        ; 5A             ; HEX1[1]                         ; output ; 3.3-V LVTTL  ;                     ; Row I/O      ; Y               ; no       ; Off          ;
; AH30     ; 241        ; 5A             ; HEX1[2]                         ; output ; 3.3-V LVTTL  ;                     ; Row I/O      ; Y               ; no       ; Off          ;
; AJ1      ; 79         ; 3A             ; RESERVED_INPUT_WITH_WEAK_PULLUP ;        ;              ;                     ; Column I/O   ;                 ; no       ; On           ;
; AJ2      ; 77         ; 3A             ; RESERVED_INPUT_WITH_WEAK_PULLUP ;        ;              ;                     ; Column I/O   ;                 ; no       ; On           ;
; AJ3      ;            ;                ; GND                             ; gnd    ;              ;                     ; --           ;                 ; --       ; --           ;
; AJ4      ; 94         ; 3B             ; ADC_CONVST                      ; output ; 3.3-V LVTTL  ;                     ; Column I/O   ; Y               ; no       ; Off          ;
; AJ5      ; 99         ; 3B             ; DRAM_DQ[15]                     ; bidir  ; 3.3-V LVTTL  ;                     ; Column I/O   ; Y               ; no       ; Off          ;
; AJ6      ; 102        ; 3B             ; DRAM_DQ[14]                     ; bidir  ; 3.3-V LVTTL  ;                     ; Column I/O   ; Y               ; no       ; Off          ;
; AJ7      ; 100        ; 3B             ; DRAM_DQ[1]                      ; bidir  ; 3.3-V LVTTL  ;                     ; Column I/O   ; Y               ; no       ; Off          ;
; AJ8      ;            ; 3B             ; VCCIO3B                         ; power  ;              ; 3.3V                ; --           ;                 ; --       ; --           ;
; AJ9      ; 110        ; 3B             ; DRAM_DQ[10]                     ; bidir  ; 3.3-V LVTTL  ;                     ; Column I/O   ; Y               ; no       ; Off          ;
; AJ10     ; 116        ; 3B             ; DRAM_DQ[9]                      ; bidir  ; 3.3-V LVTTL  ;                     ; Column I/O   ; Y               ; no       ; Off          ;
; AJ11     ; 119        ; 3B             ; DRAM_DQ[7]                      ; bidir  ; 3.3-V LVTTL  ;                     ; Column I/O   ; Y               ; no       ; Off          ;
; AJ12     ; 124        ; 3B             ; DRAM_BA[1]                      ; output ; 3.3-V LVTTL  ;                     ; Column I/O   ; Y               ; no       ; Off          ;
; AJ13     ;            ; 3B             ; VCCIO3B                         ; power  ;              ; 3.3V                ; --           ;                 ; --       ; --           ;
; AJ14     ; 131        ; 3B             ; DRAM_ADDR[12]                   ; output ; 3.3-V LVTTL  ;                     ; Column I/O   ; Y               ; no       ; Off          ;
; AJ15     ;            ; 3B             ; VREFB3BN0                       ; power  ;              ;                     ; --           ;                 ; --       ; --           ;
; AJ16     ; 142        ; 4A             ; GPIO_0[9]                       ; bidir  ; 3.3-V LVTTL  ;                     ; Column I/O   ; Y               ; no       ; Off          ;
; AJ17     ; 151        ; 4A             ; GPIO_0[8]                       ; bidir  ; 3.3-V LVTTL  ;                     ; Column I/O   ; Y               ; no       ; Off          ;
; AJ18     ;            ;                ; GND                             ; gnd    ;              ;                     ; --           ;                 ; --       ; --           ;
; AJ19     ; 155        ; 4A             ; GPIO_0[7]                       ; bidir  ; 3.3-V LVTTL  ;                     ; Column I/O   ; Y               ; no       ; Off          ;
; AJ20     ; 158        ; 4A             ; GPIO_0[21]                      ; bidir  ; 3.3-V LVTTL  ;                     ; Column I/O   ; Y               ; no       ; Off          ;
; AJ21     ; 156        ; 4A             ; GPIO_0[35]                      ; bidir  ; 3.3-V LVTTL  ;                     ; Column I/O   ; Y               ; no       ; Off          ;
; AJ22     ; 172        ; 4A             ; GPIO_1[27]                      ; bidir  ; 3.3-V LVTTL  ;                     ; Column I/O   ; Y               ; no       ; Off          ;
; AJ23     ;            ; 4A             ; VCCIO4A                         ; power  ;              ; 3.3V                ; --           ;                 ; --       ; --           ;
; AJ24     ; 182        ; 4A             ; GPIO_1[21]                      ; bidir  ; 3.3-V LVTTL  ;                     ; Column I/O   ; Y               ; no       ; Off          ;
; AJ25     ; 180        ; 4A             ; GPIO_1[20]                      ; bidir  ; 3.3-V LVTTL  ;                     ; Column I/O   ; Y               ; no       ; Off          ;
; AJ26     ; 187        ; 4A             ; GPIO_1[17]                      ; bidir  ; 3.3-V LVTTL  ;                     ; Column I/O   ; Y               ; no       ; Off          ;
; AJ27     ; 195        ; 4A             ; GPIO_1[13]                      ; bidir  ; 3.3-V LVTTL  ;                     ; Column I/O   ; Y               ; no       ; Off          ;
; AJ28     ;            ;                ; GND                             ; gnd    ;              ;                     ; --           ;                 ; --       ; --           ;
; AJ29     ; 216        ; 5A             ; HEX1[0]                         ; output ; 3.3-V LVTTL  ;                     ; Row I/O      ; Y               ; no       ; Off          ;
; AJ30     ;            ;                ; GND                             ; gnd    ;              ;                     ; --           ;                 ; --       ; --           ;
; AK2      ; 91         ; 3B             ; ADC_SCLK                        ; output ; 3.3-V LVTTL  ;                     ; Column I/O   ; Y               ; no       ; Off          ;
; AK3      ; 89         ; 3B             ; ADC_DOUT                        ; input  ; 3.3-V LVTTL  ;                     ; Column I/O   ; Y               ; no       ; Off          ;
; AK4      ; 92         ; 3B             ; ADC_DIN                         ; output ; 3.3-V LVTTL  ;                     ; Column I/O   ; Y               ; no       ; Off          ;
; AK5      ;            ;                ; GND                             ; gnd    ;              ;                     ; --           ;                 ; --       ; --           ;
; AK6      ; 97         ; 3B             ; DRAM_DQ[0]                      ; bidir  ; 3.3-V LVTTL  ;                     ; Column I/O   ; Y               ; no       ; Off          ;
; AK7      ; 107        ; 3B             ; DRAM_DQ[2]                      ; bidir  ; 3.3-V LVTTL  ;                     ; Column I/O   ; Y               ; no       ; Off          ;
; AK8      ; 105        ; 3B             ; DRAM_DQ[3]                      ; bidir  ; 3.3-V LVTTL  ;                     ; Column I/O   ; Y               ; no       ; Off          ;
; AK9      ; 108        ; 3B             ; DRAM_DQ[4]                      ; bidir  ; 3.3-V LVTTL  ;                     ; Column I/O   ; Y               ; no       ; Off          ;
; AK10     ;            ; 3B             ; VCCIO3B                         ; power  ;              ; 3.3V                ; --           ;                 ; --       ; --           ;
; AK11     ; 117        ; 3B             ; DRAM_DQ[6]                      ; bidir  ; 3.3-V LVTTL  ;                     ; Column I/O   ; Y               ; no       ; Off          ;
; AK12     ; 123        ; 3B             ; DRAM_UDQM                       ; output ; 3.3-V LVTTL  ;                     ; Column I/O   ; Y               ; no       ; Off          ;
; AK13     ; 121        ; 3B             ; DRAM_CKE                        ; output ; 3.3-V LVTTL  ;                     ; Column I/O   ; Y               ; no       ; Off          ;
; AK14     ; 129        ; 3B             ; DRAM_ADDR[0]                    ; output ; 3.3-V LVTTL  ;                     ; Column I/O   ; Y               ; no       ; Off          ;
; AK15     ;            ;                ; GND                             ; gnd    ;              ;                     ; --           ;                 ; --       ; --           ;
; AK16     ; 140        ; 4A             ; GPIO_0[4]                       ; bidir  ; 3.3-V LVTTL  ;                     ; Column I/O   ; Y               ; no       ; Off          ;
; AK17     ;            ; 4A             ; VREFB4AN0                       ; power  ;              ;                     ; --           ;                 ; --       ; --           ;
; AK18     ; 149        ; 4A             ; GPIO_0[5]                       ; bidir  ; 3.3-V LVTTL  ;                     ; Column I/O   ; Y               ; no       ; Off          ;
; AK19     ; 153        ; 4A             ; GPIO_0[6]                       ; bidir  ; 3.3-V LVTTL  ;                     ; Column I/O   ; Y               ; no       ; Off          ;
; AK20     ;            ; 4A             ; VCCIO4A                         ; power  ;              ; 3.3V                ; --           ;                 ; --       ; --           ;
; AK21     ; 171        ; 4A             ; GPIO_0[23]                      ; bidir  ; 3.3-V LVTTL  ;                     ; Column I/O   ; Y               ; no       ; Off          ;
; AK22     ; 169        ; 4A             ; GPIO_1[26]                      ; bidir  ; 3.3-V LVTTL  ;                     ; Column I/O   ; Y               ; no       ; Off          ;
; AK23     ; 179        ; 4A             ; GPIO_1[24]                      ; bidir  ; 3.3-V LVTTL  ;                     ; Column I/O   ; Y               ; no       ; Off          ;
; AK24     ; 177        ; 4A             ; GPIO_1[22]                      ; bidir  ; 3.3-V LVTTL  ;                     ; Column I/O   ; Y               ; no       ; Off          ;
; AK25     ;            ;                ; GND                             ; gnd    ;              ;                     ; --           ;                 ; --       ; --           ;
; AK26     ; 185        ; 4A             ; GPIO_1[18]                      ; bidir  ; 3.3-V LVTTL  ;                     ; Column I/O   ; Y               ; no       ; Off          ;
; AK27     ; 193        ; 4A             ; GPIO_1[16]                      ; bidir  ; 3.3-V LVTTL  ;                     ; Column I/O   ; Y               ; no       ; Off          ;
; AK28     ; 198        ; 4A             ; GPIO_1[15]                      ; bidir  ; 3.3-V LVTTL  ;                     ; Column I/O   ; Y               ; no       ; Off          ;
; AK29     ; 196        ; 4A             ; GPIO_1[14]                      ; bidir  ; 3.3-V LVTTL  ;                     ; Column I/O   ; Y               ; no       ; Off          ;
; B1       ; 509        ; 8A             ; TD_DATA[1]                      ; input  ; 3.3-V LVTTL  ;                     ; Column I/O   ; Y               ; no       ; Off          ;
; B2       ; 507        ; 8A             ; TD_DATA[3]                      ; input  ; 3.3-V LVTTL  ;                     ; Column I/O   ; Y               ; no       ; Off          ;
; B3       ; 513        ; 8A             ; TD_DATA[7]                      ; input  ; 3.3-V LVTTL  ;                     ; Column I/O   ; Y               ; no       ; Off          ;
; B4       ;            ; 8A             ; VCCIO8A                         ; power  ;              ; 3.3V                ; --           ;                 ; --       ; --           ;
; B5       ; 512        ; 8A             ; RESERVED_INPUT_WITH_WEAK_PULLUP ;        ;              ;                     ; Column I/O   ;                 ; no       ; On           ;
; B6       ; 510        ; 8A             ; RESERVED_INPUT_WITH_WEAK_PULLUP ;        ;              ;                     ; Column I/O   ;                 ; no       ; On           ;
; B7       ; 477        ; 8A             ; RESERVED_INPUT_WITH_WEAK_PULLUP ;        ;              ;                     ; Column I/O   ;                 ; no       ; On           ;
; B8       ; 481        ; 8A             ; RESERVED_INPUT_WITH_WEAK_PULLUP ;        ;              ;                     ; Column I/O   ;                 ; no       ; On           ;
; B9       ;            ;                ; GND                             ; gnd    ;              ;                     ; --           ;                 ; --       ; --           ;
; B10      ;            ; 8A             ; VREFB8AN0                       ; power  ;              ;                     ; --           ;                 ; --       ; --           ;
; B11      ; 469        ; 8A             ; VGA_HS                          ; output ; 3.3-V LVTTL  ;                     ; Column I/O   ; Y               ; no       ; Off          ;
; B12      ; 464        ; 8A             ; VGA_R[3]                        ; output ; 3.3-V LVTTL  ;                     ; Column I/O   ; Y               ; no       ; Off          ;
; B13      ; 459        ; 8A             ; VGA_B[0]                        ; output ; 3.3-V LVTTL  ;                     ; Column I/O   ; Y               ; no       ; Off          ;
; B14      ;            ;                ; GND                             ; gnd    ;              ;                     ; --           ;                 ; --       ; --           ;
; B15      ; 451        ; 7D             ; RESERVED_INPUT_WITH_WEAK_PULLUP ;        ;              ;                     ; Column I/O   ;                 ; no       ; On           ;
; B16      ; 441        ; 7C             ; RESERVED_INPUT_WITH_WEAK_PULLUP ;        ;              ;                     ; Column I/O   ;                 ; no       ; On           ;
; B17      ; 431        ; 7C             ; RESERVED_INPUT_WITH_WEAK_PULLUP ;        ;              ;                     ; Column I/O   ;                 ; no       ; On           ;
; B18      ; 418        ; 7B             ; RESERVED_INPUT_WITH_WEAK_PULLUP ;        ;              ;                     ; Column I/O   ;                 ; no       ; On           ;
; B19      ;            ;                ; GND                             ; gnd    ;              ;                     ; --           ;                 ; --       ; --           ;
; B20      ; 417        ; 7B             ; RESERVED_INPUT_WITH_WEAK_PULLUP ;        ;              ;                     ; Column I/O   ;                 ; no       ; On           ;
; B21      ; 413        ; 7B             ; RESERVED_INPUT_WITH_WEAK_PULLUP ;        ;              ;                     ; Column I/O   ;                 ; no       ; On           ;
; B22      ; 399        ; 7A             ; RESERVED_INPUT_WITH_WEAK_PULLUP ;        ;              ;                     ; Column I/O   ;                 ; no       ; On           ;
; B23      ; 397        ; 7A             ; RESERVED_INPUT_WITH_WEAK_PULLUP ;        ;              ;                     ; Column I/O   ;                 ; no       ; On           ;
; B24      ;            ;                ; GND                             ; gnd    ;              ;                     ; --           ;                 ; --       ; --           ;
; B25      ; 387        ; 7A             ; RESERVED_INPUT_WITH_WEAK_PULLUP ;        ;              ;                     ; Column I/O   ;                 ; no       ; On           ;
; B26      ; 386        ; 7A             ; RESERVED_INPUT_WITH_WEAK_PULLUP ;        ;              ;                     ; Column I/O   ;                 ; no       ; On           ;
; B27      ; 381        ; 7A             ; ^HPS_TDI                        ;        ;              ;                     ; --           ;                 ; --       ; --           ;
; B28      ; 376        ; 7A             ; ^HPS_TDO                        ;        ;              ;                     ; --           ;                 ; --       ; --           ;
; B29      ;            ;                ; GND                             ; gnd    ;              ;                     ; --           ;                 ; --       ; --           ;
; B30      ; 365        ; 6A             ; RESERVED_INPUT_WITH_WEAK_PULLUP ;        ;              ;                     ; Row I/O      ;                 ; no       ; On           ;
; C1       ;            ;                ; GND                             ; gnd    ;              ;                     ; --           ;                 ; --       ; --           ;
; C2       ; 517        ; 8A             ; TD_DATA[6]                      ; input  ; 3.3-V LVTTL  ;                     ; Column I/O   ; Y               ; no       ; Off          ;
; C3       ; 511        ; 8A             ; RESERVED_INPUT_WITH_WEAK_PULLUP ;        ;              ;                     ; Column I/O   ;                 ; no       ; On           ;
; C4       ; 501        ; 8A             ; RESERVED_INPUT_WITH_WEAK_PULLUP ;        ;              ;                     ; Column I/O   ;                 ; no       ; On           ;
; C5       ; 497        ; 8A             ; RESERVED_INPUT_WITH_WEAK_PULLUP ;        ;              ;                     ; Column I/O   ;                 ; no       ; On           ;
; C6       ;            ;                ; GND                             ; gnd    ;              ;                     ; --           ;                 ; --       ; --           ;
; C7       ; 475        ; 8A             ; RESERVED_INPUT_WITH_WEAK_PULLUP ;        ;              ;                     ; Column I/O   ;                 ; no       ; On           ;
; C8       ; 479        ; 8A             ; RESERVED_INPUT_WITH_WEAK_PULLUP ;        ;              ;                     ; Column I/O   ;                 ; no       ; On           ;
; C9       ; 485        ; 8A             ; RESERVED_INPUT_WITH_WEAK_PULLUP ;        ;              ;                     ; Column I/O   ;                 ; no       ; On           ;
; C10      ; 483        ; 8A             ; VGA_SYNC_N                      ; output ; 3.3-V LVTTL  ;                     ; Column I/O   ; Y               ; no       ; Off          ;
; C11      ;            ; 8A             ; VCCIO8A                         ; power  ;              ; 3.3V                ; --           ;                 ; --       ; --           ;
; C12      ; 467        ; 8A             ; VGA_R[4]                        ; output ; 3.3-V LVTTL  ;                     ; Column I/O   ; Y               ; no       ; Off          ;
; C13      ; 462        ; 8A             ; VGA_R[1]                        ; output ; 3.3-V LVTTL  ;                     ; Column I/O   ; Y               ; no       ; Off          ;
; C14      ; 448        ; 7D             ; RESERVED_INPUT_WITH_WEAK_PULLUP ;        ;              ;                     ; Column I/O   ;                 ; no       ; On           ;
; C15      ; 453        ; 7D             ; RESERVED_INPUT_WITH_WEAK_PULLUP ;        ;              ;                     ; Column I/O   ;                 ; no       ; On           ;
; C16      ;            ;                ; GND                             ; gnd    ;              ;                     ; --           ;                 ; --       ; --           ;
; C17      ; 433        ; 7C             ; RESERVED_INPUT_WITH_WEAK_PULLUP ;        ;              ;                     ; Column I/O   ;                 ; no       ; On           ;
; C18      ; 435        ; 7C             ; RESERVED_INPUT_WITH_WEAK_PULLUP ;        ;              ;                     ; Column I/O   ;                 ; no       ; On           ;
; C19      ; 427        ; 7B             ; RESERVED_INPUT_WITH_WEAK_PULLUP ;        ;              ;                     ; Column I/O   ;                 ; no       ; On           ;
; C20      ; 421        ; 7B             ; RESERVED_INPUT_WITH_WEAK_PULLUP ;        ;              ;                     ; Column I/O   ;                 ; no       ; On           ;
; C21      ;            ;                ; GND                             ; gnd    ;              ;                     ; --           ;                 ; --       ; --           ;
; C22      ; 396        ; 7A             ; RESERVED_INPUT_WITH_WEAK_PULLUP ;        ;              ;                     ; Column I/O   ;                 ; no       ; On           ;
; C23      ; 401        ; 7A             ; RESERVED_INPUT_WITH_WEAK_PULLUP ;        ;              ;                     ; Column I/O   ;                 ; no       ; On           ;
; C24      ; 393        ; 7A             ; RESERVED_INPUT_WITH_WEAK_PULLUP ;        ;              ;                     ; Column I/O   ;                 ; no       ; On           ;
; C25      ; 388        ; 7A             ; RESERVED_INPUT_WITH_WEAK_PULLUP ;        ;              ;                     ; Column I/O   ;                 ; no       ; On           ;
; C26      ;            ;                ; GND                             ; gnd    ;              ;                     ; --           ;                 ; --       ; --           ;
; C27      ; 374        ; 7A             ; ^HPS_nRST                       ;        ;              ;                     ; --           ;                 ; --       ; --           ;
; C28      ; 369        ; 6A             ; RESERVED_INPUT_WITH_WEAK_PULLUP ;        ;              ;                     ; Row I/O      ;                 ; no       ; On           ;
; C29      ; 367        ; 6A             ; RESERVED_INPUT_WITH_WEAK_PULLUP ;        ;              ;                     ; Row I/O      ;                 ; no       ; On           ;
; C30      ; 363        ; 6A             ; RESERVED_INPUT_WITH_WEAK_PULLUP ;        ;              ;                     ; Row I/O      ;                 ; no       ; On           ;
; D1       ; 529        ; 8A             ; TD_DATA[4]                      ; input  ; 3.3-V LVTTL  ;                     ; Column I/O   ; Y               ; no       ; Off          ;
; D2       ; 515        ; 8A             ; TD_DATA[0]                      ; input  ; 3.3-V LVTTL  ;                     ; Column I/O   ; Y               ; no       ; Off          ;
; D3       ;            ;                ; GND                             ; gnd    ;              ;                     ; --           ;                 ; --       ; --           ;
; D4       ; 521        ; 8A             ; RESERVED_INPUT_WITH_WEAK_PULLUP ;        ;              ;                     ; Column I/O   ;                 ; no       ; On           ;
; D5       ; 499        ; 8A             ; RESERVED_INPUT_WITH_WEAK_PULLUP ;        ;              ;                     ; Column I/O   ;                 ; no       ; On           ;
; D6       ; 495        ; 8A             ; RESERVED_INPUT_WITH_WEAK_PULLUP ;        ;              ;                     ; Column I/O   ;                 ; no       ; On           ;
; D7       ; 505        ; 8A             ; RESERVED_INPUT_WITH_WEAK_PULLUP ;        ;              ;                     ; Column I/O   ;                 ; no       ; On           ;
; D8       ;            ; 8A             ; VCCIO8A                         ; power  ;              ; 3.3V                ; --           ;                 ; --       ; --           ;
; D9       ; 480        ; 8A             ; RESERVED_INPUT_WITH_WEAK_PULLUP ;        ;              ;                     ; Column I/O   ;                 ; no       ; On           ;
; D10      ; 472        ; 8A             ; RESERVED_INPUT_WITH_WEAK_PULLUP ;        ;              ;                     ; Column I/O   ;                 ; no       ; On           ;
; D11      ; 470        ; 8A             ; VGA_VS                          ; output ; 3.3-V LVTTL  ;                     ; Column I/O   ; Y               ; no       ; Off          ;
; D12      ; 496        ; 8A             ; VGA_R[5]                        ; output ; 3.3-V LVTTL  ;                     ; Column I/O   ; Y               ; no       ; Off          ;
; D13      ;            ;                ; GND                             ; gnd    ;              ;                     ; --           ;                 ; --       ; --           ;
; D14      ; 446        ; 7D             ; RESERVED_INPUT_WITH_WEAK_PULLUP ;        ;              ;                     ; Column I/O   ;                 ; no       ; On           ;
; D15      ; 449        ; 7D             ; RESERVED_INPUT_WITH_WEAK_PULLUP ;        ;              ;                     ; Column I/O   ;                 ; no       ; On           ;
; D16      ; 445        ; 7D             ; RESERVED_INPUT_WITH_WEAK_PULLUP ;        ;              ;                     ; Column I/O   ;                 ; no       ; On           ;
; D17      ; 440        ; 7C             ; RESERVED_INPUT_WITH_WEAK_PULLUP ;        ;              ;                     ; Column I/O   ;                 ; no       ; On           ;
; D18      ;            ; 7C             ; VCCIO7C_HPS                     ; power  ;              ; 2.5V                ; --           ;                 ; --       ; --           ;
; D19      ; 426        ; 7B             ; RESERVED_INPUT_WITH_WEAK_PULLUP ;        ;              ;                     ; Column I/O   ;                 ; no       ; On           ;
; D20      ; 420        ; 7B             ; RESERVED_INPUT_WITH_WEAK_PULLUP ;        ;              ;                     ; Column I/O   ;                 ; no       ; On           ;
; D21      ; 419        ; 7B             ; RESERVED_INPUT_WITH_WEAK_PULLUP ;        ;              ;                     ; Column I/O   ;                 ; no       ; On           ;
; D22      ; 402        ; 7A             ; RESERVED_INPUT_WITH_WEAK_PULLUP ;        ;              ;                     ; Column I/O   ;                 ; no       ; On           ;
; D23      ;            ;                ; GND                             ; gnd    ;              ;                     ; --           ;                 ; --       ; --           ;
; D24      ; 404        ; 7A             ; RESERVED_INPUT_WITH_WEAK_PULLUP ;        ;              ;                     ; Column I/O   ;                 ; no       ; On           ;
; D25      ; 384        ; 7A             ; ^HPS_CLK1                       ;        ;              ;                     ; --           ;                 ; --       ; --           ;
; D26      ; 373        ; 7A             ; ^GND                            ;        ;              ;                     ; --           ;                 ; --       ; --           ;
; D27      ; 371        ; 6A             ; HPS_RZQ_0                       ;        ;              ;                     ; --           ;                 ; no       ; On           ;
; D28      ;            ; 6A             ; VCCIO6A_HPS                     ; power  ;              ; 2.5V                ; --           ;                 ; --       ; --           ;
; D29      ; 361        ; 6A             ; RESERVED_INPUT_WITH_WEAK_PULLUP ;        ;              ;                     ; Row I/O      ;                 ; no       ; On           ;
; D30      ; 359        ; 6A             ; RESERVED_INPUT_WITH_WEAK_PULLUP ;        ;              ;                     ; Row I/O      ;                 ; no       ; On           ;
; E1       ; 527        ; 8A             ; TD_DATA[5]                      ; input  ; 3.3-V LVTTL  ;                     ; Column I/O   ; Y               ; no       ; Off          ;
; E2       ; 525        ; 8A             ; TD_DATA[2]                      ; input  ; 3.3-V LVTTL  ;                     ; Column I/O   ; Y               ; no       ; Off          ;
; E3       ; 523        ; 8A             ; RESERVED_INPUT_WITH_WEAK_PULLUP ;        ;              ;                     ; Column I/O   ;                 ; no       ; On           ;
; E4       ; 519        ; 8A             ; RESERVED_INPUT_WITH_WEAK_PULLUP ;        ;              ;                     ; Column I/O   ;                 ; no       ; On           ;
; E5       ;            ; 8A             ; VCCIO8A                         ; power  ;              ; 3.3V                ; --           ;                 ; --       ; --           ;
; E6       ; 533        ; 8A             ; RESERVED_INPUT_WITH_WEAK_PULLUP ;        ;              ;                     ; Column I/O   ;                 ; no       ; On           ;
; E7       ; 531        ; 8A             ; RESERVED_INPUT_WITH_WEAK_PULLUP ;        ;              ;                     ; Column I/O   ;                 ; no       ; On           ;
; E8       ; 503        ; 8A             ; RESERVED_INPUT_WITH_WEAK_PULLUP ;        ;              ;                     ; Column I/O   ;                 ; no       ; On           ;
; E9       ; 478        ; 8A             ; RESERVED_INPUT_WITH_WEAK_PULLUP ;        ;              ;                     ; Column I/O   ;                 ; no       ; On           ;
; E10      ;            ;                ; GND                             ; gnd    ;              ;                     ; --           ;                 ; --       ; --           ;
; E11      ; 504        ; 8A             ; VGA_G[7]                        ; output ; 3.3-V LVTTL  ;                     ; Column I/O   ; Y               ; no       ; Off          ;
; E12      ; 494        ; 8A             ; VGA_R[6]                        ; output ; 3.3-V LVTTL  ;                     ; Column I/O   ; Y               ; no       ; Off          ;
; E13      ; 488        ; 8A             ; VGA_R[2]                        ; output ; 3.3-V LVTTL  ;                     ; Column I/O   ; Y               ; no       ; Off          ;
; E14      ; 454        ; 7D             ; RESERVED_INPUT_WITH_WEAK_PULLUP ;        ;              ;                     ; Column I/O   ;                 ; no       ; On           ;
; E15      ;            ; 7D             ; VCCIO7D_HPS                     ; power  ;              ; 2.5V                ; --           ;                 ; --       ; --           ;
; E16      ; 443        ; 7D             ; RESERVED_INPUT_WITH_WEAK_PULLUP ;        ;              ;                     ; Column I/O   ;                 ; no       ; On           ;
; E17      ; 438        ; 7C             ; RESERVED_INPUT_WITH_WEAK_PULLUP ;        ;              ;                     ; Column I/O   ;                 ; no       ; On           ;
; E18      ; 437        ; 7C             ; RESERVED_INPUT_WITH_WEAK_PULLUP ;        ;              ;                     ; Column I/O   ;                 ; no       ; On           ;
; E19      ; 424        ; 7B             ; RESERVED_INPUT_WITH_WEAK_PULLUP ;        ;              ;                     ; Column I/O   ;                 ; no       ; On           ;
; E20      ;            ; 7B             ; VCCIO7B_HPS                     ; power  ;              ; 2.5V                ; --           ;                 ; --       ; --           ;
; E21      ; 412        ; 7B             ; RESERVED_INPUT_WITH_WEAK_PULLUP ;        ;              ;                     ; Column I/O   ;                 ; no       ; On           ;
; E22      ;            ; 7A, 7B, 7C, 7D ; VREFB7A7B7C7DN0_HPS             ; power  ;              ;                     ; --           ;                 ; --       ; --           ;
; E23      ; 394        ; 7A             ; RESERVED_INPUT_WITH_WEAK_PULLUP ;        ;              ;                     ; Column I/O   ;                 ; no       ; On           ;
; E24      ; 403        ; 7A             ; RESERVED_INPUT_WITH_WEAK_PULLUP ;        ;              ;                     ; Column I/O   ;                 ; no       ; On           ;
; E25      ;            ;                ; GND                             ; gnd    ;              ;                     ; --           ;                 ; --       ; --           ;
; E26      ;            ;                ; DNU                             ;        ;              ;                     ; --           ;                 ; --       ; --           ;
; E27      ; 357        ; 6A             ; RESERVED_INPUT_WITH_WEAK_PULLUP ;        ;              ;                     ; Row I/O      ;                 ; no       ; On           ;
; E28      ; 351        ; 6A             ; RESERVED_INPUT_WITH_WEAK_PULLUP ;        ;              ;                     ; Row I/O      ;                 ; no       ; On           ;
; E29      ; 353        ; 6A             ; RESERVED_INPUT_WITH_WEAK_PULLUP ;        ;              ;                     ; Row I/O      ;                 ; no       ; On           ;
; E30      ;            ;                ; GND                             ; gnd    ;              ;                     ; --           ;                 ; --       ; --           ;
; F1       ;            ;                ; DNU                             ;        ;              ;                     ; --           ;                 ; --       ; --           ;
; F2       ;            ;                ; GND                             ; gnd    ;              ;                     ; --           ;                 ; --       ; --           ;
; F3       ; 539        ; 9A             ; ^CONF_DONE                      ;        ;              ;                     ; --           ;                 ; --       ; --           ;
; F4       ; 541        ; 9A             ; ^nSTATUS                        ;        ;              ;                     ; --           ;                 ; --       ; --           ;
; F5       ;            ;                ; GND                             ; gnd    ;              ;                     ; --           ;                 ; --       ; --           ;
; F6       ; 537        ; 8A             ; TD_RESET_N                      ; output ; 3.3-V LVTTL  ;                     ; Column I/O   ; Y               ; no       ; Off          ;
; F7       ;            ;                ; GND                             ; gnd    ;              ;                     ; --           ;                 ; --       ; --           ;
; F8       ; 536        ; 8A             ; RESERVED_INPUT_WITH_WEAK_PULLUP ;        ;              ;                     ; Column I/O   ;                 ; no       ; On           ;
; F9       ; 534        ; 8A             ; RESERVED_INPUT_WITH_WEAK_PULLUP ;        ;              ;                     ; Column I/O   ;                 ; no       ; On           ;
; F10      ; 528        ; 8A             ; VGA_BLANK_N                     ; output ; 3.3-V LVTTL  ;                     ; Column I/O   ; Y               ; no       ; Off          ;
; F11      ; 502        ; 8A             ; VGA_G[6]                        ; output ; 3.3-V LVTTL  ;                     ; Column I/O   ; Y               ; no       ; Off          ;
; F12      ;            ; 8A             ; VCCIO8A                         ; power  ;              ; 3.3V                ; --           ;                 ; --       ; --           ;
; F13      ; 486        ; 8A             ; VGA_R[7]                        ; output ; 3.3-V LVTTL  ;                     ; Column I/O   ; Y               ; no       ; Off          ;
; F14      ; 468        ; 8A             ; VGA_B[3]                        ; output ; 3.3-V LVTTL  ;                     ; Column I/O   ; Y               ; no       ; Off          ;
; F15      ; 466        ; 8A             ; VGA_B[5]                        ; output ; 3.3-V LVTTL  ;                     ; Column I/O   ; Y               ; no       ; Off          ;
; F16      ; 442        ; 7D             ; RESERVED_INPUT_WITH_WEAK_PULLUP ;        ;              ;                     ; Column I/O   ;                 ; no       ; On           ;
; F17      ;            ;                ; GND                             ; gnd    ;              ;                     ; --           ;                 ; --       ; --           ;
; F18      ; 430        ; 7C             ; RESERVED_INPUT_WITH_WEAK_PULLUP ;        ;              ;                     ; Column I/O   ;                 ; no       ; On           ;
; F19      ; 410        ; 7B             ; RESERVED_INPUT_WITH_WEAK_PULLUP ;        ;              ;                     ; Column I/O   ;                 ; no       ; On           ;
; F20      ; 407        ; 7B             ; RESERVED_INPUT_WITH_WEAK_PULLUP ;        ;              ;                     ; Column I/O   ;                 ; no       ; On           ;
; F21      ; 409        ; 7B             ; RESERVED_INPUT_WITH_WEAK_PULLUP ;        ;              ;                     ; Column I/O   ;                 ; no       ; On           ;
; F22      ;            ; 7A             ; VCCIO7A_HPS                     ; power  ;              ; 2.5V                ; --           ;                 ; --       ; --           ;
; F23      ; 375        ; 7A             ; ^HPS_nPOR                       ;        ;              ;                     ; --           ;                 ; --       ; --           ;
; F24      ; 383        ; 7A             ; ^HPS_PORSEL                     ;        ;              ;                     ; --           ;                 ; --       ; --           ;
; F25      ; 385        ; 7A             ; ^HPS_CLK2                       ;        ;              ;                     ; --           ;                 ; --       ; --           ;
; F26      ; 341        ; 6A             ; RESERVED_INPUT_WITH_WEAK_PULLUP ;        ;              ;                     ; Row I/O      ;                 ; no       ; On           ;
; F27      ;            ;                ; GND                             ; gnd    ;              ;                     ; --           ;                 ; --       ; --           ;
; F28      ; 345        ; 6A             ; RESERVED_INPUT_WITH_WEAK_PULLUP ;        ;              ;                     ; Row I/O      ;                 ; no       ; On           ;
; F29      ; 349        ; 6A             ; RESERVED_INPUT_WITH_WEAK_PULLUP ;        ;              ;                     ; Row I/O      ;                 ; no       ; On           ;
; F30      ; 347        ; 6A             ; RESERVED_INPUT_WITH_WEAK_PULLUP ;        ;              ;                     ; Row I/O      ;                 ; no       ; On           ;
; G1       ;            ;                ; RREF                            ;        ;              ;                     ; --           ;                 ; --       ; --           ;
; G2       ;            ;                ; DNU                             ;        ;              ;                     ; --           ;                 ; --       ; --           ;
; G3       ;            ;                ; GND                             ; gnd    ;              ;                     ; --           ;                 ; --       ; --           ;
; G4       ;            ;                ; GND                             ; gnd    ;              ;                     ; --           ;                 ; --       ; --           ;
; G5       ; 542        ; 9A             ; ^nCE                            ;        ;              ;                     ; --           ;                 ; --       ; --           ;
; G6       ; 543        ; 9A             ; ^MSEL2                          ;        ;              ;                     ; --           ;                 ; --       ; --           ;
; G7       ; 535        ; 8A             ; AUD_XCK                         ; output ; 3.3-V LVTTL  ;                     ; Column I/O   ; Y               ; no       ; Off          ;
; G8       ; 492        ; 8A             ; RESERVED_INPUT_WITH_WEAK_PULLUP ;        ;              ;                     ; Column I/O   ;                 ; no       ; On           ;
; G9       ;            ; 8A             ; VCCIO8A                         ; power  ;              ; 3.3V                ; --           ;                 ; --       ; --           ;
; G10      ; 526        ; 8A             ; VGA_G[3]                        ; output ; 3.3-V LVTTL  ;                     ; Column I/O   ; Y               ; no       ; Off          ;
; G11      ; 520        ; 8A             ; VGA_G[4]                        ; output ; 3.3-V LVTTL  ;                     ; Column I/O   ; Y               ; no       ; Off          ;
; G12      ; 518        ; 8A             ; VGA_G[5]                        ; output ; 3.3-V LVTTL  ;                     ; Column I/O   ; Y               ; no       ; Off          ;
; G13      ; 484        ; 8A             ; VGA_B[1]                        ; output ; 3.3-V LVTTL  ;                     ; Column I/O   ; Y               ; no       ; Off          ;
; G14      ;            ; 8A             ; VCCIO8A                         ; power  ;              ; 3.3V                ; --           ;                 ; --       ; --           ;
; G15      ; 460        ; 8A             ; VGA_B[6]                        ; output ; 3.3-V LVTTL  ;                     ; Column I/O   ; Y               ; no       ; Off          ;
; G16      ; 444        ; 7D             ; RESERVED_INPUT_WITH_WEAK_PULLUP ;        ;              ;                     ; Column I/O   ;                 ; no       ; On           ;
; G17      ; 436        ; 7C             ; RESERVED_INPUT_WITH_WEAK_PULLUP ;        ;              ;                     ; Column I/O   ;                 ; no       ; On           ;
; G18      ; 432        ; 7C             ; RESERVED_INPUT_WITH_WEAK_PULLUP ;        ;              ;                     ; Column I/O   ;                 ; no       ; On           ;
; G19      ;            ; 7B             ; VCCIO7B_HPS                     ; power  ;              ; 2.5V                ; --           ;                 ; --       ; --           ;
; G20      ; 416        ; 7B             ; RESERVED_INPUT_WITH_WEAK_PULLUP ;        ;              ;                     ; Column I/O   ;                 ; no       ; On           ;
; G21      ; 392        ; 7A             ; RESERVED_INPUT_WITH_WEAK_PULLUP ;        ;              ;                     ; Column I/O   ;                 ; no       ; On           ;
; G22      ; 400        ; 7A             ; RESERVED_INPUT_WITH_WEAK_PULLUP ;        ;              ;                     ; Column I/O   ;                 ; no       ; On           ;
; G23      ; 377        ; 7A             ; ^VCCRSTCLK_HPS                  ;        ;              ;                     ; --           ;                 ; --       ; --           ;
; G24      ;            ;                ; GND                             ; gnd    ;              ;                     ; --           ;                 ; --       ; --           ;
; G25      ; 370        ; 6A             ; RESERVED_INPUT_WITH_WEAK_PULLUP ;        ;              ;                     ; Row I/O      ;                 ; no       ; On           ;
; G26      ; 362        ; 6A             ; RESERVED_INPUT_WITH_WEAK_PULLUP ;        ;              ;                     ; Row I/O      ;                 ; no       ; On           ;
; G27      ; 339        ; 6A             ; RESERVED_INPUT_WITH_WEAK_PULLUP ;        ;              ;                     ; Row I/O      ;                 ; --       ; --           ;
; G28      ; 335        ; 6A             ; RESERVED_INPUT_WITH_WEAK_PULLUP ;        ;              ;                     ; Row I/O      ;                 ; no       ; On           ;
; G29      ;            ; 6A             ; VCCIO6A_HPS                     ; power  ;              ; 2.5V                ; --           ;                 ; --       ; --           ;
; G30      ; 343        ; 6A             ; RESERVED_INPUT_WITH_WEAK_PULLUP ;        ;              ;                     ; Row I/O      ;                 ; no       ; On           ;
; H1       ;            ;                ; GND                             ; gnd    ;              ;                     ; --           ;                 ; --       ; --           ;
; H2       ;            ;                ; GND                             ; gnd    ;              ;                     ; --           ;                 ; --       ; --           ;
; H3       ;            ;                ; DNU                             ;        ;              ;                     ; --           ;                 ; --       ; --           ;
; H4       ;            ;                ; DNU                             ;        ;              ;                     ; --           ;                 ; --       ; --           ;
; H5       ;            ;                ; GND                             ; gnd    ;              ;                     ; --           ;                 ; --       ; --           ;
; H6       ;            ; 8A             ; VCCIO8A                         ; power  ;              ; 3.3V                ; --           ;                 ; --       ; --           ;
; H7       ; 508        ; 8A             ; AUD_BCLK                        ; bidir  ; 3.3-V LVTTL  ;                     ; Column I/O   ; Y               ; no       ; Off          ;
; H8       ; 490        ; 8A             ; AUD_DACLRCK                     ; bidir  ; 3.3-V LVTTL  ;                     ; Column I/O   ; Y               ; no       ; Off          ;
; H9       ;            ; --             ; VCCBAT                          ; power  ;              ; 1.2V                ; --           ;                 ; --       ; --           ;
; H10      ;            ; --             ; VCC_AUX                         ; power  ;              ; 2.5V                ; --           ;                 ; --       ; --           ;
; H11      ;            ;                ; GND                             ; gnd    ;              ;                     ; --           ;                 ; --       ; --           ;
; H12      ; 500        ; 8A             ; VGA_G[2]                        ; output ; 3.3-V LVTTL  ;                     ; Column I/O   ; Y               ; no       ; Off          ;
; H13      ; 498        ; 8A             ; VGA_B[2]                        ; output ; 3.3-V LVTTL  ;                     ; Column I/O   ; Y               ; no       ; Off          ;
; H14      ; 482        ; 8A             ; VGA_B[4]                        ; output ; 3.3-V LVTTL  ;                     ; Column I/O   ; Y               ; no       ; Off          ;
; H15      ; 458        ; 8A             ; TD_CLK27                        ; input  ; 3.3-V LVTTL  ;                     ; Column I/O   ; Y               ; no       ; Off          ;
; H16      ;            ; 7D             ; VCCIO7D_HPS                     ; power  ;              ; 2.5V                ; --           ;                 ; --       ; --           ;
; H17      ; 434        ; 7C             ; RESERVED_INPUT_WITH_WEAK_PULLUP ;        ;              ;                     ; Column I/O   ;                 ; no       ; On           ;
; H18      ; 422        ; 7B             ; RESERVED_INPUT_WITH_WEAK_PULLUP ;        ;              ;                     ; Column I/O   ;                 ; no       ; On           ;
; H19      ; 406        ; 7B             ; RESERVED_INPUT_WITH_WEAK_PULLUP ;        ;              ;                     ; Column I/O   ;                 ; no       ; On           ;
; H20      ; 398        ; 7A             ; RESERVED_INPUT_WITH_WEAK_PULLUP ;        ;              ;                     ; Column I/O   ;                 ; no       ; On           ;
; H21      ;            ; 7A             ; VCCIO7A_HPS                     ; power  ;              ; 2.5V                ; --           ;                 ; --       ; --           ;
; H22      ; 379        ; 7A             ; ^HPS_TCK                        ;        ;              ;                     ; --           ;                 ; --       ; --           ;
; H23      ; 390        ; 7A             ; RESERVED_INPUT_WITH_WEAK_PULLUP ;        ;              ;                     ; Column I/O   ;                 ; no       ; On           ;
; H24      ; 364        ; 6A             ; RESERVED_INPUT_WITH_WEAK_PULLUP ;        ;              ;                     ; Row I/O      ;                 ; no       ; On           ;
; H25      ; 368        ; 6A             ; RESERVED_INPUT_WITH_WEAK_PULLUP ;        ;              ;                     ; Row I/O      ;                 ; no       ; On           ;
; H26      ;            ; 6A             ; VCCIO6A_HPS                     ; power  ;              ; 2.5V                ; --           ;                 ; --       ; --           ;
; H27      ; 360        ; 6A             ; RESERVED_INPUT_WITH_WEAK_PULLUP ;        ;              ;                     ; Row I/O      ;                 ; no       ; On           ;
; H28      ; 333        ; 6A             ; RESERVED_INPUT_WITH_WEAK_PULLUP ;        ;              ;                     ; Row I/O      ;                 ; no       ; On           ;
; H29      ; 331        ; 6A             ; RESERVED_INPUT_WITH_WEAK_PULLUP ;        ;              ;                     ; Row I/O      ;                 ; no       ; On           ;
; H30      ; 337        ; 6A             ; RESERVED_INPUT_WITH_WEAK_PULLUP ;        ;              ;                     ; Row I/O      ;                 ; no       ; On           ;
; J1       ;            ;                ; GND                             ; gnd    ;              ;                     ; --           ;                 ; --       ; --           ;
; J2       ;            ;                ; GND                             ; gnd    ;              ;                     ; --           ;                 ; --       ; --           ;
; J3       ;            ;                ; GND                             ; gnd    ;              ;                     ; --           ;                 ; --       ; --           ;
; J4       ;            ;                ; GND                             ; gnd    ;              ;                     ; --           ;                 ; --       ; --           ;
; J5       ; 545        ; 9A             ; ^nCONFIG                        ;        ;              ;                     ; --           ;                 ; --       ; --           ;
; J6       ; 547        ; 9A             ; ^GND                            ;        ;              ;                     ; --           ;                 ; --       ; --           ;
; J7       ; 506        ; 8A             ; AUD_DACDAT                      ; output ; 3.3-V LVTTL  ;                     ; Column I/O   ; Y               ; no       ; Off          ;
; J8       ;            ;                ; GND                             ; gnd    ;              ;                     ; --           ;                 ; --       ; --           ;
; J9       ; 532        ; 8A             ; VGA_G[0]                        ; output ; 3.3-V LVTTL  ;                     ; Column I/O   ; Y               ; no       ; Off          ;
; J10      ; 530        ; 8A             ; VGA_G[1]                        ; output ; 3.3-V LVTTL  ;                     ; Column I/O   ; Y               ; no       ; Off          ;
; J11      ;            ; --             ; VCCPGM                          ; power  ;              ; 1.8V/2.5V/3.0V/3.3V ; --           ;                 ; --       ; --           ;
; J12      ; 516        ; 8A             ; FPGA_I2C_SCLK                   ; output ; 3.3-V LVTTL  ;                     ; Column I/O   ; Y               ; no       ; Off          ;
; J13      ;            ; 8A             ; VCCIO8A                         ; power  ;              ; 3.3V                ; --           ;                 ; --       ; --           ;
; J14      ; 476        ; 8A             ; VGA_B[7]                        ; output ; 3.3-V LVTTL  ;                     ; Column I/O   ; Y               ; no       ; Off          ;
; J15      ;            ;                ; DNU                             ;        ;              ;                     ; --           ;                 ; --       ; --           ;
; J16      ;            ; --             ; VCC_AUX                         ; power  ;              ; 2.5V                ; --           ;                 ; --       ; --           ;
; J17      ;            ; 7C             ; VCCPD7C_HPS                     ; power  ;              ; 2.5V                ; --           ;                 ; --       ; --           ;
; J18      ;            ;                ; GND                             ; gnd    ;              ;                     ; --           ;                 ; --       ; --           ;
; J19      ; 408        ; 7B             ; RESERVED_INPUT_WITH_WEAK_PULLUP ;        ;              ;                     ; Column I/O   ;                 ; no       ; On           ;
; J20      ;            ; --             ; VCCRSTCLK_HPS                   ; power  ;              ; 1.8V/2.5V/3.0V/3.3V ; --           ;                 ; --       ; --           ;
; J21      ;            ; --             ; VCC_AUX_SHARED                  ; power  ;              ; 2.5V                ; --           ;                 ; --       ; --           ;
; J22      ; 372        ; 7A             ; ^GND                            ;        ;              ;                     ; --           ;                 ; --       ; --           ;
; J23      ; 354        ; 6A             ; RESERVED_INPUT_WITH_WEAK_PULLUP ;        ;              ;                     ; Row I/O      ;                 ; no       ; On           ;
; J24      ; 352        ; 6A             ; RESERVED_INPUT_WITH_WEAK_PULLUP ;        ;              ;                     ; Row I/O      ;                 ; no       ; On           ;
; J25      ; 344        ; 6A             ; RESERVED_INPUT_WITH_WEAK_PULLUP ;        ;              ;                     ; Row I/O      ;                 ; no       ; On           ;
; J26      ; 323        ; 6A             ; RESERVED_INPUT_WITH_WEAK_PULLUP ;        ;              ;                     ; Row I/O      ;                 ; no       ; On           ;
; J27      ; 346        ; 6A             ; RESERVED_INPUT_WITH_WEAK_PULLUP ;        ;              ;                     ; Row I/O      ;                 ; no       ; On           ;
; J28      ;            ;                ; GND                             ; gnd    ;              ;                     ; --           ;                 ; --       ; --           ;
; J29      ; 327        ; 6A             ; RESERVED_INPUT_WITH_WEAK_PULLUP ;        ;              ;                     ; Row I/O      ;                 ; no       ; On           ;
; J30      ; 329        ; 6A             ; RESERVED_INPUT_WITH_WEAK_PULLUP ;        ;              ;                     ; Row I/O      ;                 ; no       ; On           ;
; K1       ;            ;                ; GND                             ; gnd    ;              ;                     ; --           ;                 ; --       ; --           ;
; K2       ;            ;                ; GND                             ; gnd    ;              ;                     ; --           ;                 ; --       ; --           ;
; K3       ;            ;                ; DNU                             ;        ;              ;                     ; --           ;                 ; --       ; --           ;
; K4       ;            ;                ; DNU                             ;        ;              ;                     ; --           ;                 ; --       ; --           ;
; K5       ;            ;                ; GND                             ; gnd    ;              ;                     ; --           ;                 ; --       ; --           ;
; K6       ; 540        ; 9A             ; ^MSEL1                          ;        ;              ;                     ; --           ;                 ; --       ; --           ;
; K7       ; 522        ; 8A             ; AUD_ADCDAT                      ; input  ; 3.3-V LVTTL  ;                     ; Column I/O   ; Y               ; no       ; Off          ;
; K8       ; 524        ; 8A             ; AUD_ADCLRCK                     ; bidir  ; 3.3-V LVTTL  ;                     ; Column I/O   ; Y               ; no       ; Off          ;
; K9       ;            ; --             ; VCCA_FPLL                       ; power  ;              ; 2.5V                ; --           ;                 ; --       ; --           ;
; K10      ;            ;                ; GND                             ; gnd    ;              ;                     ; --           ;                 ; --       ; --           ;
; K11      ;            ; 8A             ; VCCPD8A                         ; power  ;              ; 3.3V                ; --           ;                 ; --       ; --           ;
; K12      ; 514        ; 8A             ; FPGA_I2C_SDAT                   ; bidir  ; 3.3-V LVTTL  ;                     ; Column I/O   ; Y               ; no       ; Off          ;
; K13      ;            ; 8A             ; VCCPD8A                         ; power  ;              ; 3.3V                ; --           ;                 ; --       ; --           ;
; K14      ; 474        ; 8A             ; CLOCK4_50                       ; input  ; 3.3-V LVTTL  ;                     ; Column I/O   ; Y               ; no       ; Off          ;
; K15      ;            ;                ; GND                             ; gnd    ;              ;                     ; --           ;                 ; --       ; --           ;
; K16      ;            ; 7D             ; VCCPD7D_HPS                     ; power  ;              ; 2.5V                ; --           ;                 ; --       ; --           ;
; K17      ; 414        ; 7B             ; RESERVED_INPUT_WITH_WEAK_PULLUP ;        ;              ;                     ; Column I/O   ;                 ; no       ; On           ;
; K18      ;            ; 7B             ; VCCPD7B_HPS                     ; power  ;              ; 2.5V                ; --           ;                 ; --       ; --           ;
; K19      ;            ; 7A             ; VCCPD7A_HPS                     ; power  ;              ; 2.5V                ; --           ;                 ; --       ; --           ;
; K20      ;            ;                ; GND                             ; gnd    ;              ;                     ; --           ;                 ; --       ; --           ;
; K21      ; 366        ; 6A             ; RESERVED_INPUT_WITH_WEAK_PULLUP ;        ;              ;                     ; Row I/O      ;                 ; no       ; On           ;
; K22      ; 336        ; 6A             ; RESERVED_INPUT_WITH_WEAK_PULLUP ;        ;              ;                     ; Row I/O      ;                 ; no       ; On           ;
; K23      ; 338        ; 6A             ; RESERVED_INPUT_WITH_WEAK_PULLUP ;        ;              ;                     ; Row I/O      ;                 ; no       ; On           ;
; K24      ;            ; 6A             ; VCCIO6A_HPS                     ; power  ;              ; 2.5V                ; --           ;                 ; --       ; --           ;
; K25      ;            ;                ; GND                             ; gnd    ;              ;                     ; --           ;                 ; --       ; --           ;
; K26      ; 322        ; 6A             ; RESERVED_INPUT_WITH_WEAK_PULLUP ;        ;              ;                     ; Row I/O      ;                 ; no       ; On           ;
; K27      ; 319        ; 6A             ; RESERVED_INPUT_WITH_WEAK_PULLUP ;        ;              ;                     ; Row I/O      ;                 ; no       ; On           ;
; K28      ; 325        ; 6A             ; RESERVED_INPUT_WITH_WEAK_PULLUP ;        ;              ;                     ; Row I/O      ;                 ; no       ; On           ;
; K29      ; 321        ; 6A             ; RESERVED_INPUT_WITH_WEAK_PULLUP ;        ;              ;                     ; Row I/O      ;                 ; no       ; On           ;
; K30      ;            ; 6A             ; VCCIO6A_HPS                     ; power  ;              ; 2.5V                ; --           ;                 ; --       ; --           ;
; L1       ;            ;                ; GND                             ; gnd    ;              ;                     ; --           ;                 ; --       ; --           ;
; L2       ;            ;                ; GND                             ; gnd    ;              ;                     ; --           ;                 ; --       ; --           ;
; L3       ;            ;                ; GND                             ; gnd    ;              ;                     ; --           ;                 ; --       ; --           ;
; L4       ;            ;                ; GND                             ; gnd    ;              ;                     ; --           ;                 ; --       ; --           ;
; L5       ;            ; --             ; VCC                             ; power  ;              ; 1.1V                ; --           ;                 ; --       ; --           ;
; L6       ;            ;                ; GND                             ; gnd    ;              ;                     ; --           ;                 ; --       ; --           ;
; L7       ; 544        ; 9A             ; ^MSEL3                          ;        ;              ;                     ; --           ;                 ; --       ; --           ;
; L8       ; 538        ; 9A             ; ^MSEL0                          ;        ;              ;                     ; --           ;                 ; --       ; --           ;
; L9       ; 546        ; 9A             ; ^MSEL4                          ;        ;              ;                     ; --           ;                 ; --       ; --           ;
; L10      ;            ; 8A             ; VCCPD8A                         ; power  ;              ; 3.3V                ; --           ;                 ; --       ; --           ;
; L11      ;            ;                ; GND                             ; gnd    ;              ;                     ; --           ;                 ; --       ; --           ;
; L12      ;            ; 8A             ; VCCPD8A                         ; power  ;              ; 3.3V                ; --           ;                 ; --       ; --           ;
; L13      ;            ;                ; GND                             ; gnd    ;              ;                     ; --           ;                 ; --       ; --           ;
; L14      ;            ; 8A             ; VCCPD8A                         ; power  ;              ; 3.3V                ; --           ;                 ; --       ; --           ;
; L15      ;            ;                ; GND                             ; gnd    ;              ;                     ; --           ;                 ; --       ; --           ;
; L16      ;            ; --             ; VCC_HPS                         ; power  ;              ; 1.1V                ; --           ;                 ; --       ; --           ;
; L17      ;            ;                ; GND                             ; gnd    ;              ;                     ; --           ;                 ; --       ; --           ;
; L18      ;            ; --             ; VCC_HPS                         ; power  ;              ; 1.1V                ; --           ;                 ; --       ; --           ;
; L19      ;            ;                ; GND                             ; gnd    ;              ;                     ; --           ;                 ; --       ; --           ;
; L20      ;            ; --             ; VCC_HPS                         ; power  ;              ; 1.1V                ; --           ;                 ; --       ; --           ;
; L21      ;            ; --             ; VCCPLL_HPS                      ; power  ;              ; 2.5V                ; --           ;                 ; --       ; --           ;
; L22      ;            ;                ; GND                             ; gnd    ;              ;                     ; --           ;                 ; --       ; --           ;
; L23      ; 350        ; 6A             ; RESERVED_INPUT_WITH_WEAK_PULLUP ;        ;              ;                     ; Row I/O      ;                 ; no       ; On           ;
; L24      ; 328        ; 6A             ; RESERVED_INPUT_WITH_WEAK_PULLUP ;        ;              ;                     ; Row I/O      ;                 ; no       ; On           ;
; L25      ; 330        ; 6A             ; RESERVED_INPUT_WITH_WEAK_PULLUP ;        ;              ;                     ; Row I/O      ;                 ; no       ; On           ;
; L26      ; 320        ; 6A             ; RESERVED_INPUT_WITH_WEAK_PULLUP ;        ;              ;                     ; Row I/O      ;                 ; no       ; On           ;
; L27      ;            ; 6A             ; VCCIO6A_HPS                     ; power  ;              ; 2.5V                ; --           ;                 ; --       ; --           ;
; L28      ; 313        ; 6A             ; RESERVED_INPUT_WITH_WEAK_PULLUP ;        ;              ;                     ; Row I/O      ;                 ; no       ; On           ;
; L29      ; 315        ; 6A             ; RESERVED_INPUT_WITH_WEAK_PULLUP ;        ;              ;                     ; Row I/O      ;                 ; no       ; On           ;
; L30      ; 317        ; 6A             ; RESERVED_INPUT_WITH_WEAK_PULLUP ;        ;              ;                     ; Row I/O      ;                 ; no       ; On           ;
; M1       ;            ;                ; GND                             ; gnd    ;              ;                     ; --           ;                 ; --       ; --           ;
; M2       ;            ;                ; GND                             ; gnd    ;              ;                     ; --           ;                 ; --       ; --           ;
; M3       ;            ;                ; DNU                             ;        ;              ;                     ; --           ;                 ; --       ; --           ;
; M4       ;            ;                ; DNU                             ;        ;              ;                     ; --           ;                 ; --       ; --           ;
; M5       ;            ;                ; GND                             ; gnd    ;              ;                     ; --           ;                 ; --       ; --           ;
; M6       ;            ; --             ; VCC                             ; power  ;              ; 1.1V                ; --           ;                 ; --       ; --           ;
; M7       ;            ;                ; GND                             ; gnd    ;              ;                     ; --           ;                 ; --       ; --           ;
; M8       ;            ;                ; GND                             ; gnd    ;              ;                     ; --           ;                 ; --       ; --           ;
; M9       ;            ; --             ; VCC                             ; power  ;              ; 1.1V                ; --           ;                 ; --       ; --           ;
; M10      ;            ;                ; GND                             ; gnd    ;              ;                     ; --           ;                 ; --       ; --           ;
; M11      ;            ; --             ; VCC                             ; power  ;              ; 1.1V                ; --           ;                 ; --       ; --           ;
; M12      ;            ;                ; GND                             ; gnd    ;              ;                     ; --           ;                 ; --       ; --           ;
; M13      ;            ; --             ; VCC                             ; power  ;              ; 1.1V                ; --           ;                 ; --       ; --           ;
; M14      ;            ;                ; GND                             ; gnd    ;              ;                     ; --           ;                 ; --       ; --           ;
; M15      ;            ; --             ; VCC_HPS                         ; power  ;              ; 1.1V                ; --           ;                 ; --       ; --           ;
; M16      ;            ;                ; GND                             ; gnd    ;              ;                     ; --           ;                 ; --       ; --           ;
; M17      ; 450        ; 7D             ; RESERVED_INPUT_WITH_WEAK_PULLUP ;        ;              ;                     ; Column I/O   ;                 ; no       ; On           ;
; M18      ;            ;                ; GND                             ; gnd    ;              ;                     ; --           ;                 ; --       ; --           ;
; M19      ; 334        ; 6A             ; RESERVED_INPUT_WITH_WEAK_PULLUP ;        ;              ;                     ; Row I/O      ;                 ; no       ; On           ;
; M20      ;            ;                ; GND                             ; gnd    ;              ;                     ; --           ;                 ; --       ; --           ;
; M21      ;            ; 6A, 6B         ; VCCPD6A6B_HPS                   ; power  ;              ; 2.5V                ; --           ;                 ; --       ; --           ;
; M22      ; 308        ; 6A             ; RESERVED_INPUT_WITH_WEAK_PULLUP ;        ;              ;                     ; Row I/O      ;                 ; no       ; On           ;
; M23      ; 348        ; 6A             ; RESERVED_INPUT_WITH_WEAK_PULLUP ;        ;              ;                     ; Row I/O      ;                 ; no       ; On           ;
; M24      ;            ; 6A             ; VCCIO6A_HPS                     ; power  ;              ; 2.5V                ; --           ;                 ; --       ; --           ;
; M25      ; 324        ; 6A             ; RESERVED_INPUT_WITH_WEAK_PULLUP ;        ;              ;                     ; Row I/O      ;                 ; no       ; On           ;
; M26      ; 314        ; 6A             ; RESERVED_INPUT_WITH_WEAK_PULLUP ;        ;              ;                     ; Row I/O      ;                 ; no       ; On           ;
; M27      ; 312        ; 6A             ; RESERVED_INPUT_WITH_WEAK_PULLUP ;        ;              ;                     ; Row I/O      ;                 ; no       ; On           ;
; M28      ; 309        ; 6A             ; RESERVED_INPUT_WITH_WEAK_PULLUP ;        ;              ;                     ; Row I/O      ;                 ; no       ; On           ;
; M29      ;            ;                ; GND                             ; gnd    ;              ;                     ; --           ;                 ; --       ; --           ;
; M30      ; 311        ; 6A             ; RESERVED_INPUT_WITH_WEAK_PULLUP ;        ;              ;                     ; Row I/O      ;                 ; no       ; On           ;
; N1       ;            ;                ; GND                             ; gnd    ;              ;                     ; --           ;                 ; --       ; --           ;
; N2       ;            ;                ; GND                             ; gnd    ;              ;                     ; --           ;                 ; --       ; --           ;
; N3       ;            ;                ; GND                             ; gnd    ;              ;                     ; --           ;                 ; --       ; --           ;
; N4       ;            ;                ; GND                             ; gnd    ;              ;                     ; --           ;                 ; --       ; --           ;
; N5       ;            ; --             ; VCC                             ; power  ;              ; 1.1V                ; --           ;                 ; --       ; --           ;
; N6       ;            ;                ; GND                             ; gnd    ;              ;                     ; --           ;                 ; --       ; --           ;
; N7       ;            ; --             ; VCCA_FPLL                       ; power  ;              ; 2.5V                ; --           ;                 ; --       ; --           ;
; N8       ;            ;                ; GND                             ; gnd    ;              ;                     ; --           ;                 ; --       ; --           ;
; N9       ;            ;                ; GND                             ; gnd    ;              ;                     ; --           ;                 ; --       ; --           ;
; N10      ;            ; --             ; VCC                             ; power  ;              ; 1.1V                ; --           ;                 ; --       ; --           ;
; N11      ;            ;                ; GND                             ; gnd    ;              ;                     ; --           ;                 ; --       ; --           ;
; N12      ;            ; --             ; VCC                             ; power  ;              ; 1.1V                ; --           ;                 ; --       ; --           ;
; N13      ;            ;                ; GND                             ; gnd    ;              ;                     ; --           ;                 ; --       ; --           ;
; N14      ;            ; --             ; VCC                             ; power  ;              ; 1.1V                ; --           ;                 ; --       ; --           ;
; N15      ;            ;                ; GND                             ; gnd    ;              ;                     ; --           ;                 ; --       ; --           ;
; N16      ; 452        ; 7D             ; RESERVED_INPUT_WITH_WEAK_PULLUP ;        ;              ;                     ; Column I/O   ;                 ; no       ; On           ;
; N17      ;            ;                ; GND                             ; gnd    ;              ;                     ; --           ;                 ; --       ; --           ;
; N18      ; 332        ; 6A             ; RESERVED_INPUT_WITH_WEAK_PULLUP ;        ;              ;                     ; Row I/O      ;                 ; no       ; On           ;
; N19      ;            ;                ; GND                             ; gnd    ;              ;                     ; --           ;                 ; --       ; --           ;
; N20      ;            ; --             ; VCC_HPS                         ; power  ;              ; 1.1V                ; --           ;                 ; --       ; --           ;
; N21      ;            ; 6A             ; VCCIO6A_HPS                     ; power  ;              ; 2.5V                ; --           ;                 ; --       ; --           ;
; N22      ;            ; 6A, 6B         ; VCCPD6A6B_HPS                   ; power  ;              ; 2.5V                ; --           ;                 ; --       ; --           ;
; N23      ; 310        ; 6A             ; RESERVED_INPUT_WITH_WEAK_PULLUP ;        ;              ;                     ; Row I/O      ;                 ; no       ; On           ;
; N24      ; 318        ; 6A             ; RESERVED_INPUT_WITH_WEAK_PULLUP ;        ;              ;                     ; Row I/O      ;                 ; no       ; On           ;
; N25      ; 316        ; 6A             ; RESERVED_INPUT_WITH_WEAK_PULLUP ;        ;              ;                     ; Row I/O      ;                 ; no       ; On           ;
; N26      ;            ;                ; GND                             ; gnd    ;              ;                     ; --           ;                 ; --       ; --           ;
; N27      ; 297        ; 6B             ; RESERVED_INPUT_WITH_WEAK_PULLUP ;        ;              ;                     ; Row I/O      ;                 ; no       ; On           ;
; N28      ; 303        ; 6B             ; RESERVED_INPUT_WITH_WEAK_PULLUP ;        ;              ;                     ; Row I/O      ;                 ; no       ; On           ;
; N29      ; 305        ; 6B             ; RESERVED_INPUT_WITH_WEAK_PULLUP ;        ;              ;                     ; Row I/O      ;                 ; no       ; On           ;
; N30      ; 307        ; 6B             ; RESERVED_INPUT_WITH_WEAK_PULLUP ;        ;              ;                     ; Row I/O      ;                 ; no       ; On           ;
; P1       ;            ;                ; GND                             ; gnd    ;              ;                     ; --           ;                 ; --       ; --           ;
; P2       ;            ;                ; GND                             ; gnd    ;              ;                     ; --           ;                 ; --       ; --           ;
; P3       ;            ;                ; DNU                             ;        ;              ;                     ; --           ;                 ; --       ; --           ;
; P4       ;            ;                ; DNU                             ;        ;              ;                     ; --           ;                 ; --       ; --           ;
; P5       ;            ;                ; GND                             ; gnd    ;              ;                     ; --           ;                 ; --       ; --           ;
; P6       ;            ; --             ; VCCA_FPLL                       ; power  ;              ; 2.5V                ; --           ;                 ; --       ; --           ;
; P7       ;            ;                ; GND                             ; gnd    ;              ;                     ; --           ;                 ; --       ; --           ;
; P8       ;            ;                ; GND                             ; gnd    ;              ;                     ; --           ;                 ; --       ; --           ;
; P9       ;            ;                ; GND                             ; gnd    ;              ;                     ; --           ;                 ; --       ; --           ;
; P10      ;            ;                ; GND                             ; gnd    ;              ;                     ; --           ;                 ; --       ; --           ;
; P11      ;            ; --             ; VCC                             ; power  ;              ; 1.1V                ; --           ;                 ; --       ; --           ;
; P12      ;            ;                ; GND                             ; gnd    ;              ;                     ; --           ;                 ; --       ; --           ;
; P13      ;            ; --             ; VCC                             ; power  ;              ; 1.1V                ; --           ;                 ; --       ; --           ;
; P14      ;            ;                ; GND                             ; gnd    ;              ;                     ; --           ;                 ; --       ; --           ;
; P15      ;            ; --             ; VCC_HPS                         ; power  ;              ; 1.1V                ; --           ;                 ; --       ; --           ;
; P16      ;            ;                ; GND                             ; gnd    ;              ;                     ; --           ;                 ; --       ; --           ;
; P17      ;            ; --             ; VCC_HPS                         ; power  ;              ; 1.1V                ; --           ;                 ; --       ; --           ;
; P18      ;            ;                ; GND                             ; gnd    ;              ;                     ; --           ;                 ; --       ; --           ;
; P19      ;            ; --             ; VCC_HPS                         ; power  ;              ; 1.1V                ; --           ;                 ; --       ; --           ;
; P20      ;            ;                ; GND                             ; gnd    ;              ;                     ; --           ;                 ; --       ; --           ;
; P21      ;            ; 6A, 6B         ; VCCPD6A6B_HPS                   ; power  ;              ; 2.5V                ; --           ;                 ; --       ; --           ;
; P22      ; 294        ; 6B             ; RESERVED_INPUT_WITH_WEAK_PULLUP ;        ;              ;                     ; Row I/O      ;                 ; no       ; On           ;
; P23      ;            ; 6B             ; VCCIO6B_HPS                     ; power  ;              ; 2.5V                ; --           ;                 ; --       ; --           ;
; P24      ; 290        ; 6B             ; RESERVED_INPUT_WITH_WEAK_PULLUP ;        ;              ;                     ; Row I/O      ;                 ; no       ; On           ;
; P25      ; 288        ; 6B             ; RESERVED_INPUT_WITH_WEAK_PULLUP ;        ;              ;                     ; Row I/O      ;                 ; no       ; On           ;
; P26      ; 298        ; 6B             ; RESERVED_INPUT_WITH_WEAK_PULLUP ;        ;              ;                     ; Row I/O      ;                 ; no       ; On           ;
; P27      ; 296        ; 6B             ; RESERVED_INPUT_WITH_WEAK_PULLUP ;        ;              ;                     ; Row I/O      ;                 ; no       ; On           ;
; P28      ;            ; 6B             ; VCCIO6B_HPS                     ; power  ;              ; 2.5V                ; --           ;                 ; --       ; --           ;
; P29      ; 299        ; 6B             ; RESERVED_INPUT_WITH_WEAK_PULLUP ;        ;              ;                     ; Row I/O      ;                 ; no       ; On           ;
; P30      ; 301        ; 6B             ; RESERVED_INPUT_WITH_WEAK_PULLUP ;        ;              ;                     ; Row I/O      ;                 ; no       ; On           ;
; R1       ;            ;                ; GND                             ; gnd    ;              ;                     ; --           ;                 ; --       ; --           ;
; R2       ;            ;                ; GND                             ; gnd    ;              ;                     ; --           ;                 ; --       ; --           ;
; R3       ;            ;                ; GND                             ; gnd    ;              ;                     ; --           ;                 ; --       ; --           ;
; R4       ;            ;                ; GND                             ; gnd    ;              ;                     ; --           ;                 ; --       ; --           ;
; R5       ;            ; --             ; VCC                             ; power  ;              ; 1.1V                ; --           ;                 ; --       ; --           ;
; R6       ;            ;                ; GND                             ; gnd    ;              ;                     ; --           ;                 ; --       ; --           ;
; R7       ;            ; --             ; VCCA_FPLL                       ; power  ;              ; 2.5V                ; --           ;                 ; --       ; --           ;
; R8       ;            ;                ; GND                             ; gnd    ;              ;                     ; --           ;                 ; --       ; --           ;
; R9       ;            ;                ; GND                             ; gnd    ;              ;                     ; --           ;                 ; --       ; --           ;
; R10      ;            ; --             ; VCC                             ; power  ;              ; 1.1V                ; --           ;                 ; --       ; --           ;
; R11      ;            ;                ; GND                             ; gnd    ;              ;                     ; --           ;                 ; --       ; --           ;
; R12      ;            ; --             ; VCC                             ; power  ;              ; 1.1V                ; --           ;                 ; --       ; --           ;
; R13      ;            ;                ; GND                             ; gnd    ;              ;                     ; --           ;                 ; --       ; --           ;
; R14      ;            ; --             ; VCC                             ; power  ;              ; 1.1V                ; --           ;                 ; --       ; --           ;
; R15      ;            ;                ; GND                             ; gnd    ;              ;                     ; --           ;                 ; --       ; --           ;
; R16      ;            ; --             ; VCC_HPS                         ; power  ;              ; 1.1V                ; --           ;                 ; --       ; --           ;
; R17      ;            ;                ; GND                             ; gnd    ;              ;                     ; --           ;                 ; --       ; --           ;
; R18      ; 302        ; 6B             ; RESERVED_INPUT_WITH_WEAK_PULLUP ;        ;              ;                     ; Row I/O      ;                 ; no       ; On           ;
; R19      ; 300        ; 6B             ; RESERVED_INPUT_WITH_WEAK_PULLUP ;        ;              ;                     ; Row I/O      ;                 ; no       ; On           ;
; R20      ;            ; 6A, 6B         ; VCCPD6A6B_HPS                   ; power  ;              ; 2.5V                ; --           ;                 ; --       ; --           ;
; R21      ; 286        ; 6B             ; RESERVED_INPUT_WITH_WEAK_PULLUP ;        ;              ;                     ; Row I/O      ;                 ; no       ; On           ;
; R22      ; 284        ; 6B             ; RESERVED_INPUT_WITH_WEAK_PULLUP ;        ;              ;                     ; Row I/O      ;                 ; no       ; On           ;
; R23      ;            ; 6A, 6B         ; VCCPD6A6B_HPS                   ; power  ;              ; 2.5V                ; --           ;                 ; --       ; --           ;
; R24      ; 272        ; 6B             ; RESERVED_INPUT_WITH_WEAK_PULLUP ;        ;              ;                     ; Row I/O      ;                 ; no       ; On           ;
; R25      ;            ; 6B             ; VCCIO6B_HPS                     ; power  ;              ; 2.5V                ; --           ;                 ; --       ; --           ;
; R26      ; 280        ; 6B             ; RESERVED_INPUT_WITH_WEAK_PULLUP ;        ;              ;                     ; Row I/O      ;                 ; no       ; On           ;
; R27      ; 282        ; 6B             ; RESERVED_INPUT_WITH_WEAK_PULLUP ;        ;              ;                     ; Row I/O      ;                 ; no       ; On           ;
; R28      ; 293        ; 6B             ; RESERVED_INPUT_WITH_WEAK_PULLUP ;        ;              ;                     ; Row I/O      ;                 ; no       ; On           ;
; R29      ; 295        ; 6B             ; RESERVED_INPUT_WITH_WEAK_PULLUP ;        ;              ;                     ; Row I/O      ;                 ; no       ; On           ;
; R30      ;            ;                ; GND                             ; gnd    ;              ;                     ; --           ;                 ; --       ; --           ;
; T1       ;            ;                ; GND                             ; gnd    ;              ;                     ; --           ;                 ; --       ; --           ;
; T2       ;            ;                ; GND                             ; gnd    ;              ;                     ; --           ;                 ; --       ; --           ;
; T3       ;            ;                ; DNU                             ;        ;              ;                     ; --           ;                 ; --       ; --           ;
; T4       ;            ;                ; DNU                             ;        ;              ;                     ; --           ;                 ; --       ; --           ;
; T5       ;            ;                ; GND                             ; gnd    ;              ;                     ; --           ;                 ; --       ; --           ;
; T6       ;            ; --             ; VCC                             ; power  ;              ; 1.1V                ; --           ;                 ; --       ; --           ;
; T7       ;            ;                ; GND                             ; gnd    ;              ;                     ; --           ;                 ; --       ; --           ;
; T8       ;            ;                ; GND                             ; gnd    ;              ;                     ; --           ;                 ; --       ; --           ;
; T9       ;            ;                ; GND                             ; gnd    ;              ;                     ; --           ;                 ; --       ; --           ;
; T10      ;            ;                ; GND                             ; gnd    ;              ;                     ; --           ;                 ; --       ; --           ;
; T11      ;            ; --             ; VCC                             ; power  ;              ; 1.1V                ; --           ;                 ; --       ; --           ;
; T12      ;            ;                ; GND                             ; gnd    ;              ;                     ; --           ;                 ; --       ; --           ;
; T13      ;            ; --             ; VCC                             ; power  ;              ; 1.1V                ; --           ;                 ; --       ; --           ;
; T14      ;            ;                ; GND                             ; gnd    ;              ;                     ; --           ;                 ; --       ; --           ;
; T15      ;            ;                ; GND                             ; gnd    ;              ;                     ; --           ;                 ; --       ; --           ;
; T16      ;            ;                ; GND                             ; gnd    ;              ;                     ; --           ;                 ; --       ; --           ;
; T17      ;            ; --             ; VCC_HPS                         ; power  ;              ; 1.1V                ; --           ;                 ; --       ; --           ;
; T18      ;            ;                ; GND                             ; gnd    ;              ;                     ; --           ;                 ; --       ; --           ;
; T19      ;            ; --             ; VCC_HPS                         ; power  ;              ; 1.1V                ; --           ;                 ; --       ; --           ;
; T20      ;            ;                ; GND                             ; gnd    ;              ;                     ; --           ;                 ; --       ; --           ;
; T21      ; 278        ; 6B             ; RESERVED_INPUT_WITH_WEAK_PULLUP ;        ;              ;                     ; Row I/O      ;                 ; no       ; On           ;
; T22      ;            ; 6B             ; VCCIO6B_HPS                     ; power  ;              ; 2.5V                ; --           ;                 ; --       ; --           ;
; T23      ; 270        ; 6B             ; RESERVED_INPUT_WITH_WEAK_PULLUP ;        ;              ;                     ; Row I/O      ;                 ; no       ; On           ;
; T24      ; 268        ; 6B             ; RESERVED_INPUT_WITH_WEAK_PULLUP ;        ;              ;                     ; Row I/O      ;                 ; no       ; On           ;
; T25      ; 266        ; 6B             ; RESERVED_INPUT_WITH_WEAK_PULLUP ;        ;              ;                     ; Row I/O      ;                 ; no       ; On           ;
; T26      ; 304        ; 6B             ; RESERVED_INPUT_WITH_WEAK_PULLUP ;        ;              ;                     ; Row I/O      ;                 ; no       ; On           ;
; T27      ;            ;                ; GND                             ; gnd    ;              ;                     ; --           ;                 ; --       ; --           ;
; T28      ; 287        ; 6B             ; RESERVED_INPUT_WITH_WEAK_PULLUP ;        ;              ;                     ; Row I/O      ;                 ; no       ; On           ;
; T29      ; 289        ; 6B             ; RESERVED_INPUT_WITH_WEAK_PULLUP ;        ;              ;                     ; Row I/O      ;                 ; no       ; On           ;
; T30      ; 291        ; 6B             ; RESERVED_INPUT_WITH_WEAK_PULLUP ;        ;              ;                     ; Row I/O      ;                 ; no       ; On           ;
; U1       ;            ;                ; GND                             ; gnd    ;              ;                     ; --           ;                 ; --       ; --           ;
; U2       ;            ;                ; GND                             ; gnd    ;              ;                     ; --           ;                 ; --       ; --           ;
; U3       ;            ;                ; GND                             ; gnd    ;              ;                     ; --           ;                 ; --       ; --           ;
; U4       ;            ;                ; GND                             ; gnd    ;              ;                     ; --           ;                 ; --       ; --           ;
; U5       ;            ; --             ; VCC                             ; power  ;              ; 1.1V                ; --           ;                 ; --       ; --           ;
; U6       ;            ;                ; GND                             ; gnd    ;              ;                     ; --           ;                 ; --       ; --           ;
; U7       ; 50         ; 3A             ; ^DCLK                           ;        ;              ;                     ; Weak Pull Up ;                 ; --       ; On           ;
; U8       ; 48         ; 3A             ; #TDI                            ; input  ;              ;                     ; --           ;                 ; --       ; --           ;
; U9       ;            ;                ; GND                             ; gnd    ;              ;                     ; --           ;                 ; --       ; --           ;
; U10      ;            ; --             ; VCC                             ; power  ;              ; 1.1V                ; --           ;                 ; --       ; --           ;
; U11      ;            ;                ; GND                             ; gnd    ;              ;                     ; --           ;                 ; --       ; --           ;
; U12      ;            ; --             ; VCC                             ; power  ;              ; 1.1V                ; --           ;                 ; --       ; --           ;
; U13      ;            ;                ; GND                             ; gnd    ;              ;                     ; --           ;                 ; --       ; --           ;
; U14      ;            ; --             ; VCC                             ; power  ;              ; 1.1V                ; --           ;                 ; --       ; --           ;
; U15      ;            ;                ; GND                             ; gnd    ;              ;                     ; --           ;                 ; --       ; --           ;
; U16      ;            ; --             ; VCC_HPS                         ; power  ;              ; 1.1V                ; --           ;                 ; --       ; --           ;
; U17      ;            ;                ; GND                             ; gnd    ;              ;                     ; --           ;                 ; --       ; --           ;
; U18      ;            ; --             ; VCC_HPS                         ; power  ;              ; 1.1V                ; --           ;                 ; --       ; --           ;
; U19      ;            ; 6B             ; VCCIO6B_HPS                     ; power  ;              ; 2.5V                ; --           ;                 ; --       ; --           ;
; U20      ; 276        ; 6B             ; RESERVED_INPUT_WITH_WEAK_PULLUP ;        ;              ;                     ; Row I/O      ;                 ; no       ; On           ;
; U21      ;            ; --             ; VCC                             ; power  ;              ; 1.1V                ; --           ;                 ; --       ; --           ;
; U22      ;            ;                ; GND                             ; gnd    ;              ;                     ; --           ;                 ; --       ; --           ;
; U23      ;            ; 5B             ; VCCPD5B                         ; power  ;              ; 3.3V                ; --           ;                 ; --       ; --           ;
; U24      ;            ;                ; GND                             ; gnd    ;              ;                     ; --           ;                 ; --       ; --           ;
; U25      ; 264        ; 6B             ; RESERVED_INPUT_WITH_WEAK_PULLUP ;        ;              ;                     ; Row I/O      ;                 ; no       ; On           ;
; U26      ; 306        ; 6B             ; RESERVED_INPUT_WITH_WEAK_PULLUP ;        ;              ;                     ; Row I/O      ;                 ; no       ; On           ;
; U27      ; 273        ; 6B             ; RESERVED_INPUT_WITH_WEAK_PULLUP ;        ;              ;                     ; Row I/O      ;                 ; no       ; On           ;
; U28      ; 285        ; 6B             ; RESERVED_INPUT_WITH_WEAK_PULLUP ;        ;              ;                     ; Row I/O      ;                 ; no       ; On           ;
; U29      ;            ;                ; GND                             ; gnd    ;              ;                     ; --           ;                 ; --       ; --           ;
; U30      ; 283        ; 6B             ; RESERVED_INPUT_WITH_WEAK_PULLUP ;        ;              ;                     ; Row I/O      ;                 ; --       ; --           ;
; V1       ;            ;                ; GND                             ; gnd    ;              ;                     ; --           ;                 ; --       ; --           ;
; V2       ;            ;                ; GND                             ; gnd    ;              ;                     ; --           ;                 ; --       ; --           ;
; V3       ;            ;                ; DNU                             ;        ;              ;                     ; --           ;                 ; --       ; --           ;
; V4       ;            ;                ; DNU                             ;        ;              ;                     ; --           ;                 ; --       ; --           ;
; V5       ;            ;                ; GND                             ; gnd    ;              ;                     ; --           ;                 ; --       ; --           ;
; V6       ;            ; --             ; VCCA_FPLL                       ; power  ;              ; 2.5V                ; --           ;                 ; --       ; --           ;
; V7       ;            ;                ; GND                             ; gnd    ;              ;                     ; --           ;                 ; --       ; --           ;
; V8       ;            ; --             ; VCCA_FPLL                       ; power  ;              ; 2.5V                ; --           ;                 ; --       ; --           ;
; V9       ; 44         ; 3A             ; #TMS                            ; input  ;              ;                     ; --           ;                 ; --       ; --           ;
; V10      ;            ;                ; GND                             ; gnd    ;              ;                     ; --           ;                 ; --       ; --           ;
; V11      ;            ; --             ; VCC                             ; power  ;              ; 1.1V                ; --           ;                 ; --       ; --           ;
; V12      ;            ;                ; GND                             ; gnd    ;              ;                     ; --           ;                 ; --       ; --           ;
; V13      ;            ; --             ; VCC                             ; power  ;              ; 1.1V                ; --           ;                 ; --       ; --           ;
; V14      ;            ;                ; GND                             ; gnd    ;              ;                     ; --           ;                 ; --       ; --           ;
; V15      ;            ; --             ; VCC                             ; power  ;              ; 1.1V                ; --           ;                 ; --       ; --           ;
; V16      ; 138        ; 4A             ; LEDR[0]                         ; output ; 3.3-V LVTTL  ;                     ; Column I/O   ; Y               ; no       ; Off          ;
; V17      ; 154        ; 4A             ; LEDR[2]                         ; output ; 3.3-V LVTTL  ;                     ; Column I/O   ; Y               ; no       ; Off          ;
; V18      ; 194        ; 4A             ; LEDR[3]                         ; output ; 3.3-V LVTTL  ;                     ; Column I/O   ; Y               ; no       ; Off          ;
; V19      ;            ;                ; GND                             ; gnd    ;              ;                     ; --           ;                 ; --       ; --           ;
; V20      ; 292        ; 6B             ; RESERVED_INPUT_WITH_WEAK_PULLUP ;        ;              ;                     ; Row I/O      ;                 ; no       ; On           ;
; V21      ;            ;                ; GND                             ; gnd    ;              ;                     ; --           ;                 ; --       ; --           ;
; V22      ;            ; 5A             ; VCCPD5A                         ; power  ;              ; 3.3V                ; --           ;                 ; --       ; --           ;
; V23      ; 236        ; 5A             ; HEX4[5]                         ; output ; 3.3-V LVTTL  ;                     ; Row I/O      ; Y               ; no       ; Off          ;
; V24      ;            ; 5A             ; VCCPD5A                         ; power  ;              ; 3.3V                ; --           ;                 ; --       ; --           ;
; V25      ; 246        ; 5B             ; HEX5[0]                         ; output ; 3.3-V LVTTL  ;                     ; Row I/O      ; Y               ; no       ; Off          ;
; V26      ;            ; 6B             ; VCCIO6B_HPS                     ; power  ;              ; 2.5V                ; --           ;                 ; --       ; --           ;
; V27      ; 265        ; 6B             ; RESERVED_INPUT_WITH_WEAK_PULLUP ;        ;              ;                     ; Row I/O      ;                 ; no       ; On           ;
; V28      ; 271        ; 6B             ; RESERVED_INPUT_WITH_WEAK_PULLUP ;        ;              ;                     ; Row I/O      ;                 ; no       ; On           ;
; V29      ; 275        ; 6B             ; RESERVED_INPUT_WITH_WEAK_PULLUP ;        ;              ;                     ; Row I/O      ;                 ; no       ; On           ;
; V30      ; 281        ; 6B             ; RESERVED_INPUT_WITH_WEAK_PULLUP ;        ;              ;                     ; Row I/O      ;                 ; no       ; On           ;
; W1       ;            ;                ; GND                             ; gnd    ;              ;                     ; --           ;                 ; --       ; --           ;
; W2       ;            ;                ; GND                             ; gnd    ;              ;                     ; --           ;                 ; --       ; --           ;
; W3       ;            ;                ; GND                             ; gnd    ;              ;                     ; --           ;                 ; --       ; --           ;
; W4       ;            ;                ; GND                             ; gnd    ;              ;                     ; --           ;                 ; --       ; --           ;
; W5       ;            ; --             ; VCC                             ; power  ;              ; 1.1V                ; --           ;                 ; --       ; --           ;
; W6       ;            ;                ; GND                             ; gnd    ;              ;                     ; --           ;                 ; --       ; --           ;
; W7       ;            ;                ; GND                             ; gnd    ;              ;                     ; --           ;                 ; --       ; --           ;
; W8       ;            ;                ; GND                             ; gnd    ;              ;                     ; --           ;                 ; --       ; --           ;
; W9       ;            ;                ; GND                             ; gnd    ;              ;                     ; --           ;                 ; --       ; --           ;
; W10      ;            ; --             ; VCC                             ; power  ;              ; 1.1V                ; --           ;                 ; --       ; --           ;
; W11      ;            ;                ; GND                             ; gnd    ;              ;                     ; --           ;                 ; --       ; --           ;
; W12      ;            ; --             ; VCC                             ; power  ;              ; 1.1V                ; --           ;                 ; --       ; --           ;
; W13      ;            ;                ; GND                             ; gnd    ;              ;                     ; --           ;                 ; --       ; --           ;
; W14      ;            ; --             ; VCC                             ; power  ;              ; 1.1V                ; --           ;                 ; --       ; --           ;
; W15      ; 130        ; 3B             ; KEY[2]                          ; input  ; 3.3-V LVTTL  ;                     ; Column I/O   ; Y               ; no       ; Off          ;
; W16      ; 136        ; 4A             ; LEDR[1]                         ; output ; 3.3-V LVTTL  ;                     ; Column I/O   ; Y               ; no       ; Off          ;
; W17      ; 152        ; 4A             ; LEDR[4]                         ; output ; 3.3-V LVTTL  ;                     ; Column I/O   ; Y               ; no       ; Off          ;
; W18      ;            ;                ; GND                             ; gnd    ;              ;                     ; --           ;                 ; --       ; --           ;
; W19      ; 192        ; 4A             ; LEDR[5]                         ; output ; 3.3-V LVTTL  ;                     ; Column I/O   ; Y               ; no       ; Off          ;
; W20      ; 217        ; 5A             ; LEDR[7]                         ; output ; 3.3-V LVTTL  ;                     ; Row I/O      ; Y               ; no       ; Off          ;
; W21      ; 221        ; 5A             ; LEDR[8]                         ; output ; 3.3-V LVTTL  ;                     ; Row I/O      ; Y               ; no       ; Off          ;
; W22      ; 223        ; 5A             ; HEX4[3]                         ; output ; 3.3-V LVTTL  ;                     ; Row I/O      ; Y               ; no       ; Off          ;
; W23      ;            ; 5A             ; VCCIO5A                         ; power  ;              ; 3.3V                ; --           ;                 ; --       ; --           ;
; W24      ; 238        ; 5A             ; HEX4[4]                         ; output ; 3.3-V LVTTL  ;                     ; Row I/O      ; Y               ; no       ; Off          ;
; W25      ; 244        ; 5B             ; HEX4[6]                         ; output ; 3.3-V LVTTL  ;                     ; Row I/O      ; Y               ; no       ; Off          ;
; W26      ; 274        ; 6B             ; RESERVED_INPUT_WITH_WEAK_PULLUP ;        ;              ;                     ; Row I/O      ;                 ; no       ; On           ;
; W27      ; 261        ; 6B             ; RESERVED_INPUT_WITH_WEAK_PULLUP ;        ;              ;                     ; Row I/O      ;                 ; no       ; On           ;
; W28      ;            ;                ; GND                             ; gnd    ;              ;                     ; --           ;                 ; --       ; --           ;
; W29      ; 279        ; 6B             ; RESERVED_INPUT_WITH_WEAK_PULLUP ;        ;              ;                     ; Row I/O      ;                 ; no       ; On           ;
; W30      ; 277        ; 6B             ; RESERVED_INPUT_WITH_WEAK_PULLUP ;        ;              ;                     ; Row I/O      ;                 ; no       ; On           ;
; Y1       ;            ;                ; GND                             ; gnd    ;              ;                     ; --           ;                 ; --       ; --           ;
; Y2       ;            ;                ; GND                             ; gnd    ;              ;                     ; --           ;                 ; --       ; --           ;
; Y3       ;            ;                ; DNU                             ;        ;              ;                     ; --           ;                 ; --       ; --           ;
; Y4       ;            ;                ; DNU                             ;        ;              ;                     ; --           ;                 ; --       ; --           ;
; Y5       ;            ;                ; GND                             ; gnd    ;              ;                     ; --           ;                 ; --       ; --           ;
; Y6       ;            ; --             ; VCC                             ; power  ;              ; 1.1V                ; --           ;                 ; --       ; --           ;
; Y7       ;            ;                ; GND                             ; gnd    ;              ;                     ; --           ;                 ; --       ; --           ;
; Y8       ;            ;                ; GND                             ; gnd    ;              ;                     ; --           ;                 ; --       ; --           ;
; Y9       ;            ; --             ; VCC                             ; power  ;              ; 1.1V                ; --           ;                 ; --       ; --           ;
; Y10      ;            ;                ; GND                             ; gnd    ;              ;                     ; --           ;                 ; --       ; --           ;
; Y11      ;            ; --             ; VCC                             ; power  ;              ; 1.1V                ; --           ;                 ; --       ; --           ;
; Y12      ;            ;                ; GND                             ; gnd    ;              ;                     ; --           ;                 ; --       ; --           ;
; Y13      ;            ; --             ; VCC                             ; power  ;              ; 1.1V                ; --           ;                 ; --       ; --           ;
; Y14      ;            ;                ; GND                             ; gnd    ;              ;                     ; --           ;                 ; --       ; --           ;
; Y15      ;            ;                ; GND                             ; gnd    ;              ;                     ; --           ;                 ; --       ; --           ;
; Y16      ; 128        ; 3B             ; KEY[3]                          ; input  ; 3.3-V LVTTL  ;                     ; Column I/O   ; Y               ; no       ; Off          ;
; Y17      ; 170        ; 4A             ; GPIO_0[1]                       ; bidir  ; 3.3-V LVTTL  ;                     ; Column I/O   ; Y               ; no       ; Off          ;
; Y18      ; 178        ; 4A             ; GPIO_0[3]                       ; bidir  ; 3.3-V LVTTL  ;                     ; Column I/O   ; Y               ; no       ; Off          ;
; Y19      ; 202        ; 4A             ; LEDR[6]                         ; output ; 3.3-V LVTTL  ;                     ; Column I/O   ; Y               ; no       ; Off          ;
; Y20      ;            ;                ; GND                             ; gnd    ;              ;                     ; --           ;                 ; --       ; --           ;
; Y21      ; 219        ; 5A             ; LEDR[9]                         ; output ; 3.3-V LVTTL  ;                     ; Row I/O      ; Y               ; no       ; Off          ;
; Y22      ;            ; --             ; VCCA_FPLL                       ; power  ;              ; 2.5V                ; --           ;                 ; --       ; --           ;
; Y23      ; 232        ; 5A             ; HEX4[1]                         ; output ; 3.3-V LVTTL  ;                     ; Row I/O      ; Y               ; no       ; Off          ;
; Y24      ; 234        ; 5A             ; HEX4[2]                         ; output ; 3.3-V LVTTL  ;                     ; Row I/O      ; Y               ; no       ; Off          ;
; Y25      ;            ;                ; GND                             ; gnd    ;              ;                     ; --           ;                 ; --       ; --           ;
; Y26      ; 256        ; 5B             ; CLOCK3_50                       ; input  ; 3.3-V LVTTL  ;                     ; Row I/O      ; Y               ; no       ; Off          ;
; Y27      ; 258        ; 5B             ; HEX5[2]                         ; output ; 3.3-V LVTTL  ;                     ; Row I/O      ; Y               ; no       ; Off          ;
; Y28      ; 269        ; 6B             ; RESERVED_INPUT_WITH_WEAK_PULLUP ;        ;              ;                     ; Row I/O      ;                 ; no       ; On           ;
; Y29      ; 263        ; 6B             ; RESERVED_INPUT_WITH_WEAK_PULLUP ;        ;              ;                     ; Row I/O      ;                 ; no       ; On           ;
; Y30      ;            ;                ; GND                             ; gnd    ;              ;                     ; --           ;                 ; --       ; --           ;
+----------+------------+----------------+---------------------------------+--------+--------------+---------------------+--------------+-----------------+----------+--------------+
Note: Pin directions (input, output or bidir) are based on device operating in user mode.


+------------------------------------------------------+
; I/O Assignment Warnings                              ;
+---------------+--------------------------------------+
; Pin Name      ; Reason                               ;
+---------------+--------------------------------------+
; ADC_CONVST    ; Missing drive strength and slew rate ;
; ADC_DIN       ; Missing drive strength and slew rate ;
; ADC_SCLK      ; Missing drive strength and slew rate ;
; AUD_DACDAT    ; Missing drive strength and slew rate ;
; AUD_XCK       ; Missing drive strength and slew rate ;
; DRAM_ADDR[0]  ; Missing drive strength and slew rate ;
; DRAM_ADDR[1]  ; Missing drive strength and slew rate ;
; DRAM_ADDR[2]  ; Missing drive strength and slew rate ;
; DRAM_ADDR[3]  ; Missing drive strength and slew rate ;
; DRAM_ADDR[4]  ; Missing drive strength and slew rate ;
; DRAM_ADDR[5]  ; Missing drive strength and slew rate ;
; DRAM_ADDR[6]  ; Missing drive strength and slew rate ;
; DRAM_ADDR[7]  ; Missing drive strength and slew rate ;
; DRAM_ADDR[8]  ; Missing drive strength and slew rate ;
; DRAM_ADDR[9]  ; Missing drive strength and slew rate ;
; DRAM_ADDR[10] ; Missing drive strength and slew rate ;
; DRAM_ADDR[11] ; Missing drive strength and slew rate ;
; DRAM_ADDR[12] ; Missing drive strength and slew rate ;
; DRAM_BA[0]    ; Missing drive strength and slew rate ;
; DRAM_BA[1]    ; Missing drive strength and slew rate ;
; DRAM_CAS_N    ; Missing drive strength and slew rate ;
; DRAM_CKE      ; Missing drive strength and slew rate ;
; DRAM_CLK      ; Missing drive strength and slew rate ;
; DRAM_CS_N     ; Missing drive strength and slew rate ;
; DRAM_LDQM     ; Missing drive strength and slew rate ;
; DRAM_RAS_N    ; Missing drive strength and slew rate ;
; DRAM_UDQM     ; Missing drive strength and slew rate ;
; DRAM_WE_N     ; Missing drive strength and slew rate ;
; FAN_CTRL      ; Missing drive strength and slew rate ;
; FPGA_I2C_SCLK ; Missing drive strength and slew rate ;
; HEX0[0]       ; Missing drive strength and slew rate ;
; HEX0[1]       ; Missing drive strength and slew rate ;
; HEX0[2]       ; Missing drive strength and slew rate ;
; HEX0[3]       ; Missing drive strength and slew rate ;
; HEX0[4]       ; Missing drive strength and slew rate ;
; HEX0[5]       ; Missing drive strength and slew rate ;
; HEX0[6]       ; Missing drive strength and slew rate ;
; HEX1[0]       ; Missing drive strength and slew rate ;
; HEX1[1]       ; Missing drive strength and slew rate ;
; HEX1[2]       ; Missing drive strength and slew rate ;
; HEX1[3]       ; Missing drive strength and slew rate ;
; HEX1[4]       ; Missing drive strength and slew rate ;
; HEX1[5]       ; Missing drive strength and slew rate ;
; HEX1[6]       ; Missing drive strength and slew rate ;
; HEX2[0]       ; Missing drive strength and slew rate ;
; HEX2[1]       ; Missing drive strength and slew rate ;
; HEX2[2]       ; Missing drive strength and slew rate ;
; HEX2[3]       ; Missing drive strength and slew rate ;
; HEX2[4]       ; Missing drive strength and slew rate ;
; HEX2[5]       ; Missing drive strength and slew rate ;
; HEX2[6]       ; Missing drive strength and slew rate ;
; HEX3[0]       ; Missing drive strength and slew rate ;
; HEX3[1]       ; Missing drive strength and slew rate ;
; HEX3[2]       ; Missing drive strength and slew rate ;
; HEX3[3]       ; Missing drive strength and slew rate ;
; HEX3[4]       ; Missing drive strength and slew rate ;
; HEX3[5]       ; Missing drive strength and slew rate ;
; HEX3[6]       ; Missing drive strength and slew rate ;
; HEX4[0]       ; Missing drive strength and slew rate ;
; HEX4[1]       ; Missing drive strength and slew rate ;
; HEX4[2]       ; Missing drive strength and slew rate ;
; HEX4[3]       ; Missing drive strength and slew rate ;
; HEX4[4]       ; Missing drive strength and slew rate ;
; HEX4[5]       ; Missing drive strength and slew rate ;
; HEX4[6]       ; Missing drive strength and slew rate ;
; HEX5[0]       ; Missing drive strength and slew rate ;
; HEX5[1]       ; Missing drive strength and slew rate ;
; HEX5[2]       ; Missing drive strength and slew rate ;
; HEX5[3]       ; Missing drive strength and slew rate ;
; HEX5[4]       ; Missing drive strength and slew rate ;
; HEX5[5]       ; Missing drive strength and slew rate ;
; HEX5[6]       ; Missing drive strength and slew rate ;
; IRDA_TXD      ; Missing drive strength and slew rate ;
; LEDR[0]       ; Missing drive strength and slew rate ;
; LEDR[1]       ; Missing drive strength and slew rate ;
; LEDR[2]       ; Missing drive strength and slew rate ;
; LEDR[3]       ; Missing drive strength and slew rate ;
; LEDR[4]       ; Missing drive strength and slew rate ;
; LEDR[5]       ; Missing drive strength and slew rate ;
; LEDR[6]       ; Missing drive strength and slew rate ;
; LEDR[7]       ; Missing drive strength and slew rate ;
; LEDR[8]       ; Missing drive strength and slew rate ;
; LEDR[9]       ; Missing drive strength and slew rate ;
; TD_RESET_N    ; Missing drive strength and slew rate ;
; VGA_B[0]      ; Missing drive strength and slew rate ;
; VGA_B[1]      ; Missing drive strength and slew rate ;
; VGA_B[2]      ; Missing drive strength and slew rate ;
; VGA_B[3]      ; Missing drive strength and slew rate ;
; VGA_B[4]      ; Missing drive strength and slew rate ;
; VGA_B[5]      ; Missing drive strength and slew rate ;
; VGA_B[6]      ; Missing drive strength and slew rate ;
; VGA_B[7]      ; Missing drive strength and slew rate ;
; VGA_BLANK_N   ; Missing drive strength and slew rate ;
; VGA_CLK       ; Missing drive strength and slew rate ;
; VGA_G[0]      ; Missing drive strength and slew rate ;
; VGA_G[1]      ; Missing drive strength and slew rate ;
; VGA_G[2]      ; Missing drive strength and slew rate ;
; VGA_G[3]      ; Missing drive strength and slew rate ;
; VGA_G[4]      ; Missing drive strength and slew rate ;
; VGA_G[5]      ; Missing drive strength and slew rate ;
; VGA_G[6]      ; Missing drive strength and slew rate ;
; VGA_G[7]      ; Missing drive strength and slew rate ;
; VGA_HS        ; Missing drive strength and slew rate ;
; VGA_R[0]      ; Missing drive strength and slew rate ;
; VGA_R[1]      ; Missing drive strength and slew rate ;
; VGA_R[2]      ; Missing drive strength and slew rate ;
; VGA_R[3]      ; Missing drive strength and slew rate ;
; VGA_R[4]      ; Missing drive strength and slew rate ;
; VGA_R[5]      ; Missing drive strength and slew rate ;
; VGA_R[6]      ; Missing drive strength and slew rate ;
; VGA_R[7]      ; Missing drive strength and slew rate ;
; VGA_SYNC_N    ; Missing drive strength and slew rate ;
; VGA_VS        ; Missing drive strength and slew rate ;
; AUD_ADCLRCK   ; Missing drive strength and slew rate ;
; AUD_BCLK      ; Missing drive strength and slew rate ;
; AUD_DACLRCK   ; Missing drive strength and slew rate ;
; DRAM_DQ[0]    ; Missing drive strength and slew rate ;
; DRAM_DQ[1]    ; Missing drive strength and slew rate ;
; DRAM_DQ[2]    ; Missing drive strength and slew rate ;
; DRAM_DQ[3]    ; Missing drive strength and slew rate ;
; DRAM_DQ[4]    ; Missing drive strength and slew rate ;
; DRAM_DQ[5]    ; Missing drive strength and slew rate ;
; DRAM_DQ[6]    ; Missing drive strength and slew rate ;
; DRAM_DQ[7]    ; Missing drive strength and slew rate ;
; DRAM_DQ[8]    ; Missing drive strength and slew rate ;
; DRAM_DQ[9]    ; Missing drive strength and slew rate ;
; DRAM_DQ[10]   ; Missing drive strength and slew rate ;
; DRAM_DQ[11]   ; Missing drive strength and slew rate ;
; DRAM_DQ[12]   ; Missing drive strength and slew rate ;
; DRAM_DQ[13]   ; Missing drive strength and slew rate ;
; DRAM_DQ[14]   ; Missing drive strength and slew rate ;
; DRAM_DQ[15]   ; Missing drive strength and slew rate ;
; FPGA_I2C_SDAT ; Missing drive strength and slew rate ;
; GPIO_0[0]     ; Missing drive strength and slew rate ;
; GPIO_0[1]     ; Missing drive strength and slew rate ;
; GPIO_0[2]     ; Missing drive strength and slew rate ;
; GPIO_0[3]     ; Missing drive strength and slew rate ;
; GPIO_0[4]     ; Missing drive strength and slew rate ;
; GPIO_0[5]     ; Missing drive strength and slew rate ;
; GPIO_0[6]     ; Missing drive strength and slew rate ;
; GPIO_0[7]     ; Missing drive strength and slew rate ;
; GPIO_0[8]     ; Missing drive strength and slew rate ;
; GPIO_0[9]     ; Missing drive strength and slew rate ;
; GPIO_0[10]    ; Missing drive strength and slew rate ;
; GPIO_0[11]    ; Missing drive strength and slew rate ;
; GPIO_0[12]    ; Missing drive strength and slew rate ;
; GPIO_0[13]    ; Missing drive strength and slew rate ;
; GPIO_0[14]    ; Missing drive strength and slew rate ;
; GPIO_0[15]    ; Missing drive strength and slew rate ;
; GPIO_0[16]    ; Missing drive strength and slew rate ;
; GPIO_0[17]    ; Missing drive strength and slew rate ;
; GPIO_0[18]    ; Missing drive strength and slew rate ;
; GPIO_0[19]    ; Missing drive strength and slew rate ;
; GPIO_0[20]    ; Missing drive strength and slew rate ;
; GPIO_0[21]    ; Missing drive strength and slew rate ;
; GPIO_0[22]    ; Missing drive strength and slew rate ;
; GPIO_0[23]    ; Missing drive strength and slew rate ;
; GPIO_0[24]    ; Missing drive strength and slew rate ;
; GPIO_0[25]    ; Missing drive strength and slew rate ;
; GPIO_0[26]    ; Missing drive strength and slew rate ;
; GPIO_0[27]    ; Missing drive strength and slew rate ;
; GPIO_0[28]    ; Missing drive strength and slew rate ;
; GPIO_0[29]    ; Missing drive strength and slew rate ;
; GPIO_0[30]    ; Missing drive strength and slew rate ;
; GPIO_0[31]    ; Missing drive strength and slew rate ;
; GPIO_0[32]    ; Missing drive strength and slew rate ;
; GPIO_0[33]    ; Missing drive strength and slew rate ;
; GPIO_0[34]    ; Missing drive strength and slew rate ;
; GPIO_0[35]    ; Missing drive strength and slew rate ;
; GPIO_1[0]     ; Missing drive strength and slew rate ;
; GPIO_1[1]     ; Missing drive strength and slew rate ;
; GPIO_1[2]     ; Missing drive strength and slew rate ;
; GPIO_1[3]     ; Missing drive strength and slew rate ;
; GPIO_1[4]     ; Missing drive strength and slew rate ;
; GPIO_1[5]     ; Missing drive strength and slew rate ;
; GPIO_1[6]     ; Missing drive strength and slew rate ;
; GPIO_1[7]     ; Missing drive strength and slew rate ;
; GPIO_1[8]     ; Missing drive strength and slew rate ;
; GPIO_1[9]     ; Missing drive strength and slew rate ;
; GPIO_1[10]    ; Missing drive strength and slew rate ;
; GPIO_1[11]    ; Missing drive strength and slew rate ;
; GPIO_1[12]    ; Missing drive strength and slew rate ;
; GPIO_1[13]    ; Missing drive strength and slew rate ;
; GPIO_1[14]    ; Missing drive strength and slew rate ;
; GPIO_1[15]    ; Missing drive strength and slew rate ;
; GPIO_1[16]    ; Missing drive strength and slew rate ;
; GPIO_1[17]    ; Missing drive strength and slew rate ;
; GPIO_1[18]    ; Missing drive strength and slew rate ;
; GPIO_1[19]    ; Missing drive strength and slew rate ;
; GPIO_1[20]    ; Missing drive strength and slew rate ;
; GPIO_1[21]    ; Missing drive strength and slew rate ;
; GPIO_1[22]    ; Missing drive strength and slew rate ;
; GPIO_1[23]    ; Missing drive strength and slew rate ;
; GPIO_1[24]    ; Missing drive strength and slew rate ;
; GPIO_1[25]    ; Missing drive strength and slew rate ;
; GPIO_1[26]    ; Missing drive strength and slew rate ;
; GPIO_1[27]    ; Missing drive strength and slew rate ;
; GPIO_1[28]    ; Missing drive strength and slew rate ;
; GPIO_1[29]    ; Missing drive strength and slew rate ;
; GPIO_1[30]    ; Missing drive strength and slew rate ;
; GPIO_1[31]    ; Missing drive strength and slew rate ;
; GPIO_1[32]    ; Missing drive strength and slew rate ;
; GPIO_1[33]    ; Missing drive strength and slew rate ;
; GPIO_1[34]    ; Missing drive strength and slew rate ;
; GPIO_1[35]    ; Missing drive strength and slew rate ;
; PS2_CLK       ; Missing drive strength and slew rate ;
; PS2_CLK2      ; Missing drive strength and slew rate ;
; PS2_DAT       ; Missing drive strength and slew rate ;
; PS2_DAT2      ; Missing drive strength and slew rate ;
+---------------+--------------------------------------+


+-----------------------------------------------------------------------------------------------------------------------------------------------------------------------+
; PLL Usage Summary                                                                                                                                                     ;
+------------------------------------------------------------------------------------------------------------------------------------------+----------------------------+
;                                                                                                                                          ;                            ;
+------------------------------------------------------------------------------------------------------------------------------------------+----------------------------+
; coprocessador:C0|meu_pll:u_pll|meu_pll_0002:meu_pll_inst|altera_pll:altera_pll_i|general[0].gpll~FRACTIONAL_PLL                          ;                            ;
;     -- PLL Type                                                                                                                          ; Integer PLL                ;
;     -- PLL Location                                                                                                                      ; FRACTIONALPLL_X0_Y15_N0    ;
;     -- PLL Feedback clock type                                                                                                           ; none                       ;
;     -- PLL Bandwidth                                                                                                                     ; Auto                       ;
;         -- PLL Bandwidth Range                                                                                                           ; 2100000 to 1400000 Hz      ;
;     -- Reference Clock Frequency                                                                                                         ; 50.0 MHz                   ;
;     -- Reference Clock Sourced by                                                                                                        ; Dedicated Pin              ;
;     -- PLL VCO Frequency                                                                                                                 ; 300.0 MHz                  ;
;     -- PLL Operation Mode                                                                                                                ; Direct                     ;
;     -- PLL Freq Min Lock                                                                                                                 ; 50.000000 MHz              ;
;     -- PLL Freq Max Lock                                                                                                                 ; 133.333333 MHz             ;
;     -- PLL Enable                                                                                                                        ; On                         ;
;     -- PLL Fractional Division                                                                                                           ; N/A                        ;
;     -- M Counter                                                                                                                         ; 12                         ;
;     -- N Counter                                                                                                                         ; 2                          ;
;     -- IOPLL Self RST                                                                                                                    ; Off                        ;
;     -- PLL Refclk Select                                                                                                                 ;                            ;
;             -- PLL Refclk Select Location                                                                                                ; PLLREFCLKSELECT_X0_Y21_N0  ;
;             -- PLL Reference Clock Input 0 source                                                                                        ; clk_0                      ;
;             -- PLL Reference Clock Input 1 source                                                                                        ; ref_clk1                   ;
;             -- ADJPLLIN source                                                                                                           ; N/A                        ;
;             -- CORECLKIN source                                                                                                          ; N/A                        ;
;             -- IQTXRXCLKIN source                                                                                                        ; N/A                        ;
;             -- PLLIQCLKIN source                                                                                                         ; N/A                        ;
;             -- RXIQCLKIN source                                                                                                          ; N/A                        ;
;             -- CLKIN(0) source                                                                                                           ; CLOCK_50~input             ;
;             -- CLKIN(1) source                                                                                                           ; N/A                        ;
;             -- CLKIN(2) source                                                                                                           ; N/A                        ;
;             -- CLKIN(3) source                                                                                                           ; N/A                        ;
;     -- PLL Output Counter                                                                                                                ;                            ;
;         -- coprocessador:C0|meu_pll:u_pll|meu_pll_0002:meu_pll_inst|altera_pll:altera_pll_i|general[0].gpll~PLL_OUTPUT_COUNTER           ;                            ;
;             -- Output Clock Frequency                                                                                                    ; 25.0 MHz                   ;
;             -- Output Clock Location                                                                                                     ; PLLOUTPUTCOUNTER_X0_Y21_N1 ;
;             -- C Counter Odd Divider Even Duty Enable                                                                                    ; Off                        ;
;             -- Duty Cycle                                                                                                                ; 50.0000                    ;
;             -- Phase Shift                                                                                                               ; 0.000000 degrees           ;
;             -- C Counter                                                                                                                 ; 12                         ;
;             -- C Counter PH Mux PRST                                                                                                     ; 0                          ;
;             -- C Counter PRST                                                                                                            ; 1                          ;
;                                                                                                                                          ;                            ;
; coprocessador:C0|pllpara100:pllmhz|pllpara100_0002:pllpara100_inst|altera_pll:altera_pll_i|general[0].gpll~FRACTIONAL_PLL                ;                            ;
;     -- PLL Type                                                                                                                          ; Integer PLL                ;
;     -- PLL Location                                                                                                                      ; FRACTIONALPLL_X0_Y1_N0     ;
;     -- PLL Feedback clock type                                                                                                           ; none                       ;
;     -- PLL Bandwidth                                                                                                                     ; Auto                       ;
;         -- PLL Bandwidth Range                                                                                                           ; 2100000 to 1400000 Hz      ;
;     -- Reference Clock Frequency                                                                                                         ; 50.0 MHz                   ;
;     -- Reference Clock Sourced by                                                                                                        ; Dedicated Pin              ;
;     -- PLL VCO Frequency                                                                                                                 ; 300.0 MHz                  ;
;     -- PLL Operation Mode                                                                                                                ; Direct                     ;
;     -- PLL Freq Min Lock                                                                                                                 ; 50.000000 MHz              ;
;     -- PLL Freq Max Lock                                                                                                                 ; 133.333333 MHz             ;
;     -- PLL Enable                                                                                                                        ; On                         ;
;     -- PLL Fractional Division                                                                                                           ; N/A                        ;
;     -- M Counter                                                                                                                         ; 12                         ;
;     -- N Counter                                                                                                                         ; 2                          ;
;     -- IOPLL Self RST                                                                                                                    ; Off                        ;
;     -- PLL Refclk Select                                                                                                                 ;                            ;
;             -- PLL Refclk Select Location                                                                                                ; PLLREFCLKSELECT_X0_Y7_N0   ;
;             -- PLL Reference Clock Input 0 source                                                                                        ; clk_0                      ;
;             -- PLL Reference Clock Input 1 source                                                                                        ; ref_clk1                   ;
;             -- ADJPLLIN source                                                                                                           ; N/A                        ;
;             -- CORECLKIN source                                                                                                          ; N/A                        ;
;             -- IQTXRXCLKIN source                                                                                                        ; N/A                        ;
;             -- PLLIQCLKIN source                                                                                                         ; N/A                        ;
;             -- RXIQCLKIN source                                                                                                          ; N/A                        ;
;             -- CLKIN(0) source                                                                                                           ; CLOCK_50~input             ;
;             -- CLKIN(1) source                                                                                                           ; N/A                        ;
;             -- CLKIN(2) source                                                                                                           ; N/A                        ;
;             -- CLKIN(3) source                                                                                                           ; N/A                        ;
;     -- PLL Output Counter                                                                                                                ;                            ;
;         -- coprocessador:C0|pllpara100:pllmhz|pllpara100_0002:pllpara100_inst|altera_pll:altera_pll_i|general[0].gpll~PLL_OUTPUT_COUNTER ;                            ;
;             -- Output Clock Frequency                                                                                                    ; 100.0 MHz                  ;
;             -- Output Clock Location                                                                                                     ; PLLOUTPUTCOUNTER_X0_Y5_N1  ;
;             -- C Counter Odd Divider Even Duty Enable                                                                                    ; On                         ;
;             -- Duty Cycle                                                                                                                ; 50.0000                    ;
;             -- Phase Shift                                                                                                               ; 0.000000 degrees           ;
;             -- C Counter                                                                                                                 ; 3                          ;
;             -- C Counter PH Mux PRST                                                                                                     ; 0                          ;
;             -- C Counter PRST                                                                                                            ; 1                          ;
;                                                                                                                                          ;                            ;
+------------------------------------------------------------------------------------------------------------------------------------------+----------------------------+


+--------------------------------------------------------------------------------------------------------------------------------------------------------------------------------------------------------------------------------------------------------------------------------------------------------------------------------------------------------------------------------------------------------------------------------------------------------------------------------------------------------------------------------------+
; Fitter Resource Utilization by Entity                                                                                                                                                                                                                                                                                                                                                                                                                                                                                                ;
+----------------------------------------------+----------------------+----------------------------------+---------------------------------------------------+----------------------------------+----------------------+---------------------+---------------------------+---------------+-------------------+-------+------------+------+--------------+-----------------------------------------------------------------------------------------------------------------------------------------+---------------------+--------------+
; Compilation Hierarchy Node                   ; ALMs needed [=A-B+C] ; [A] ALMs used in final placement ; [B] Estimate of ALMs recoverable by dense packing ; [C] Estimate of ALMs unavailable ; ALMs used for memory ; Combinational ALUTs ; Dedicated Logic Registers ; I/O Registers ; Block Memory Bits ; M10Ks ; DSP Blocks ; Pins ; Virtual Pins ; Full Hierarchy Name                                                                                                                     ; Entity Name         ; Library Name ;
+----------------------------------------------+----------------------+----------------------------------+---------------------------------------------------+----------------------------------+----------------------+---------------------+---------------------------+---------------+-------------------+-------+------------+------+--------------+-----------------------------------------------------------------------------------------------------------------------------------------+---------------------+--------------+
; |DE1_SOC_golden_top                          ; 2586.5 (0.5)         ; 3027.0 (0.5)                     ; 472.5 (0.0)                                       ; 32.0 (0.0)                       ; 0.0 (0.0)            ; 3869 (1)            ; 1615 (0)                  ; 0 (0)         ; 229376            ; 28    ; 24         ; 241  ; 0            ; |DE1_SOC_golden_top                                                                                                                     ; DE1_SOC_golden_top  ; work         ;
;    |coprocessador:C0|                        ; 2586.0 (120.1)       ; 3026.5 (143.1)                   ; 472.5 (23.4)                                      ; 32.0 (0.4)                       ; 0.0 (0.0)            ; 3868 (222)          ; 1615 (80)                 ; 0 (0)         ; 229376            ; 28    ; 24         ; 0    ; 0            ; |DE1_SOC_golden_top|coprocessador:C0                                                                                                    ; coprocessador       ; work         ;
;       |banco_registradores:u_regs|           ; 420.3 (420.3)        ; 628.6 (628.6)                    ; 219.1 (219.1)                                     ; 10.8 (10.8)                      ; 0.0 (0.0)            ; 257 (257)           ; 1210 (1210)               ; 0 (0)         ; 0                 ; 0     ; 0          ; 0    ; 0            ; |DE1_SOC_golden_top|coprocessador:C0|banco_registradores:u_regs                                                                         ; banco_registradores ; work         ;
;       |compositor:u_compositor|              ; 4.0 (4.0)            ; 4.4 (4.4)                        ; 0.7 (0.7)                                         ; 0.2 (0.2)                        ; 0.0 (0.0)            ; 6 (6)               ; 0 (0)                     ; 0 (0)         ; 0                 ; 0     ; 0          ; 0    ; 0            ; |DE1_SOC_golden_top|coprocessador:C0|compositor:u_compositor                                                                            ; compositor          ; work         ;
;       |debounce_edge:u_db0|                  ; 14.0 (14.0)          ; 14.7 (14.7)                      ; 0.7 (0.7)                                         ; 0.0 (0.0)                        ; 0.0 (0.0)            ; 24 (24)             ; 19 (19)                   ; 0 (0)         ; 0                 ; 0     ; 0          ; 0    ; 0            ; |DE1_SOC_golden_top|coprocessador:C0|debounce_edge:u_db0                                                                                ; debounce_edge       ; work         ;
;       |debounce_edge:u_db1|                  ; 13.3 (13.3)          ; 14.3 (14.3)                      ; 1.0 (1.0)                                         ; 0.0 (0.0)                        ; 0.0 (0.0)            ; 24 (24)             ; 19 (19)                   ; 0 (0)         ; 0                 ; 0     ; 0          ; 0    ; 0            ; |DE1_SOC_golden_top|coprocessador:C0|debounce_edge:u_db1                                                                                ; debounce_edge       ; work         ;
;       |debounce_edge:u_db2|                  ; 13.0 (13.0)          ; 14.0 (14.0)                      ; 1.0 (1.0)                                         ; 0.0 (0.0)                        ; 0.0 (0.0)            ; 24 (24)             ; 19 (19)                   ; 0 (0)         ; 0                 ; 0     ; 0          ; 0    ; 0            ; |DE1_SOC_golden_top|coprocessador:C0|debounce_edge:u_db2                                                                                ; debounce_edge       ; work         ;
;       |meu_pll:u_pll|                        ; 0.0 (0.0)            ; 0.0 (0.0)                        ; 0.0 (0.0)                                         ; 0.0 (0.0)                        ; 0.0 (0.0)            ; 0 (0)               ; 0 (0)                     ; 0 (0)         ; 0                 ; 0     ; 0          ; 0    ; 0            ; |DE1_SOC_golden_top|coprocessador:C0|meu_pll:u_pll                                                                                      ; meu_pll             ; meu_pll      ;
;          |meu_pll_0002:meu_pll_inst|         ; 0.0 (0.0)            ; 0.0 (0.0)                        ; 0.0 (0.0)                                         ; 0.0 (0.0)                        ; 0.0 (0.0)            ; 0 (0)               ; 0 (0)                     ; 0 (0)         ; 0                 ; 0     ; 0          ; 0    ; 0            ; |DE1_SOC_golden_top|coprocessador:C0|meu_pll:u_pll|meu_pll_0002:meu_pll_inst                                                            ; meu_pll_0002        ; meu_pll      ;
;             |altera_pll:altera_pll_i|        ; 0.0 (0.0)            ; 0.0 (0.0)                        ; 0.0 (0.0)                                         ; 0.0 (0.0)                        ; 0.0 (0.0)            ; 0 (0)               ; 0 (0)                     ; 0 (0)         ; 0                 ; 0     ; 0          ; 0    ; 0            ; |DE1_SOC_golden_top|coprocessador:C0|meu_pll:u_pll|meu_pll_0002:meu_pll_inst|altera_pll:altera_pll_i                                    ; altera_pll          ; work         ;
;       |motor_background:u_motor_bg|          ; 27.2 (27.2)          ; 31.0 (31.0)                      ; 3.8 (3.8)                                         ; 0.0 (0.0)                        ; 0.0 (0.0)            ; 44 (44)             ; 42 (42)                   ; 0 (0)         ; 0                 ; 0     ; 0          ; 0    ; 0            ; |DE1_SOC_golden_top|coprocessador:C0|motor_background:u_motor_bg                                                                        ; motor_background    ; work         ;
;       |motor_sprites:u_motor_sprites|        ; 1191.5 (1191.5)      ; 1370.3 (1370.3)                  ; 185.4 (185.4)                                     ; 6.6 (6.6)                        ; 0.0 (0.0)            ; 1924 (1924)         ; 14 (14)                   ; 0 (0)         ; 0                 ; 0     ; 0          ; 0    ; 0            ; |DE1_SOC_golden_top|coprocessador:C0|motor_sprites:u_motor_sprites                                                                      ; motor_sprites       ; work         ;
;       |pllpara100:pllmhz|                    ; 0.0 (0.0)            ; 0.0 (0.0)                        ; 0.0 (0.0)                                         ; 0.0 (0.0)                        ; 0.0 (0.0)            ; 0 (0)               ; 0 (0)                     ; 0 (0)         ; 0                 ; 0     ; 0          ; 0    ; 0            ; |DE1_SOC_golden_top|coprocessador:C0|pllpara100:pllmhz                                                                                  ; pllpara100          ; pllpara100   ;
;          |pllpara100_0002:pllpara100_inst|   ; 0.0 (0.0)            ; 0.0 (0.0)                        ; 0.0 (0.0)                                         ; 0.0 (0.0)                        ; 0.0 (0.0)            ; 0 (0)               ; 0 (0)                     ; 0 (0)         ; 0                 ; 0     ; 0          ; 0    ; 0            ; |DE1_SOC_golden_top|coprocessador:C0|pllpara100:pllmhz|pllpara100_0002:pllpara100_inst                                                  ; pllpara100_0002     ; pllpara100   ;
;             |altera_pll:altera_pll_i|        ; 0.0 (0.0)            ; 0.0 (0.0)                        ; 0.0 (0.0)                                         ; 0.0 (0.0)                        ; 0.0 (0.0)            ; 0 (0)               ; 0 (0)                     ; 0 (0)         ; 0                 ; 0     ; 0          ; 0    ; 0            ; |DE1_SOC_golden_top|coprocessador:C0|pllpara100:pllmhz|pllpara100_0002:pllpara100_inst|altera_pll:altera_pll_i                          ; altera_pll          ; work         ;
;       |porta_estimulo:u_estimulo|            ; 328.0 (207.0)        ; 338.2 (214.7)                    ; 12.2 (8.7)                                        ; 2.0 (1.0)                        ; 0.0 (0.0)            ; 535 (326)           ; 171 (71)                  ; 0 (0)         ; 0                 ; 0     ; 0          ; 0    ; 0            ; |DE1_SOC_golden_top|coprocessador:C0|porta_estimulo:u_estimulo                                                                          ; porta_estimulo      ; work         ;
;          |mov_continuo:u_move_sprite|        ; 60.4 (60.4)          ; 61.5 (61.5)                      ; 1.2 (1.2)                                         ; 0.1 (0.1)                        ; 0.0 (0.0)            ; 105 (105)           ; 51 (51)                   ; 0 (0)         ; 0                 ; 0     ; 0          ; 0    ; 0            ; |DE1_SOC_golden_top|coprocessador:C0|porta_estimulo:u_estimulo|mov_continuo:u_move_sprite                                               ; mov_continuo        ; work         ;
;          |mov_continuo:u_scroll_bg|          ; 60.6 (60.6)          ; 62.0 (62.0)                      ; 2.3 (2.3)                                         ; 0.9 (0.9)                        ; 0.0 (0.0)            ; 104 (104)           ; 49 (49)                   ; 0 (0)         ; 0                 ; 0     ; 0          ; 0    ; 0            ; |DE1_SOC_golden_top|coprocessador:C0|porta_estimulo:u_estimulo|mov_continuo:u_scroll_bg                                                 ; mov_continuo        ; work         ;
;       |ram_padrao_tiles:ramtp|               ; 2.7 (0.0)            ; 3.0 (0.0)                        ; 0.3 (0.0)                                         ; 0.0 (0.0)                        ; 0.0 (0.0)            ; 8 (0)               ; 2 (0)                     ; 0 (0)         ; 131072            ; 16    ; 0          ; 0    ; 0            ; |DE1_SOC_golden_top|coprocessador:C0|ram_padrao_tiles:ramtp                                                                             ; ram_padrao_tiles    ; work         ;
;          |altsyncram:altsyncram_component|   ; 2.7 (0.0)            ; 3.0 (0.0)                        ; 0.3 (0.0)                                         ; 0.0 (0.0)                        ; 0.0 (0.0)            ; 8 (0)               ; 2 (0)                     ; 0 (0)         ; 131072            ; 16    ; 0          ; 0    ; 0            ; |DE1_SOC_golden_top|coprocessador:C0|ram_padrao_tiles:ramtp|altsyncram:altsyncram_component                                             ; altsyncram          ; work         ;
;             |altsyncram_bm22:auto_generated| ; 2.7 (0.7)            ; 3.0 (1.0)                        ; 0.3 (0.3)                                         ; 0.0 (0.0)                        ; 0.0 (0.0)            ; 8 (0)               ; 2 (2)                     ; 0 (0)         ; 131072            ; 16    ; 0          ; 0    ; 0            ; |DE1_SOC_golden_top|coprocessador:C0|ram_padrao_tiles:ramtp|altsyncram:altsyncram_component|altsyncram_bm22:auto_generated              ; altsyncram_bm22     ; work         ;
;                |mux_lfb:mux3|                ; 2.0 (2.0)            ; 2.0 (2.0)                        ; 0.0 (0.0)                                         ; 0.0 (0.0)                        ; 0.0 (0.0)            ; 8 (8)               ; 0 (0)                     ; 0 (0)         ; 0                 ; 0     ; 0          ; 0    ; 0            ; |DE1_SOC_golden_top|coprocessador:C0|ram_padrao_tiles:ramtp|altsyncram:altsyncram_component|altsyncram_bm22:auto_generated|mux_lfb:mux3 ; mux_lfb             ; work         ;
;       |ram_sprites:rspt|                     ; 0.0 (0.0)            ; 0.0 (0.0)                        ; 0.0 (0.0)                                         ; 0.0 (0.0)                        ; 0.0 (0.0)            ; 0 (0)               ; 0 (0)                     ; 0 (0)         ; 65536             ; 8     ; 0          ; 0    ; 0            ; |DE1_SOC_golden_top|coprocessador:C0|ram_sprites:rspt                                                                                   ; ram_sprites         ; work         ;
;          |altsyncram:altsyncram_component|   ; 0.0 (0.0)            ; 0.0 (0.0)                        ; 0.0 (0.0)                                         ; 0.0 (0.0)                        ; 0.0 (0.0)            ; 0 (0)               ; 0 (0)                     ; 0 (0)         ; 65536             ; 8     ; 0          ; 0    ; 0            ; |DE1_SOC_golden_top|coprocessador:C0|ram_sprites:rspt|altsyncram:altsyncram_component                                                   ; altsyncram          ; work         ;
;             |altsyncram_kt22:auto_generated| ; 0.0 (0.0)            ; 0.0 (0.0)                        ; 0.0 (0.0)                                         ; 0.0 (0.0)                        ; 0.0 (0.0)            ; 0 (0)               ; 0 (0)                     ; 0 (0)         ; 65536             ; 8     ; 0          ; 0    ; 0            ; |DE1_SOC_golden_top|coprocessador:C0|ram_sprites:rspt|altsyncram:altsyncram_component|altsyncram_kt22:auto_generated                    ; altsyncram_kt22     ; work         ;
;       |ram_tilemap:ramA|                     ; 0.0 (0.0)            ; 0.0 (0.0)                        ; 0.0 (0.0)                                         ; 0.0 (0.0)                        ; 0.0 (0.0)            ; 0 (0)               ; 0 (0)                     ; 0 (0)         ; 16384             ; 4     ; 0          ; 0    ; 0            ; |DE1_SOC_golden_top|coprocessador:C0|ram_tilemap:ramA                                                                                   ; ram_tilemap         ; work         ;
;          |altsyncram:altsyncram_component|   ; 0.0 (0.0)            ; 0.0 (0.0)                        ; 0.0 (0.0)                                         ; 0.0 (0.0)                        ; 0.0 (0.0)            ; 0 (0)               ; 0 (0)                     ; 0 (0)         ; 16384             ; 4     ; 0          ; 0    ; 0            ; |DE1_SOC_golden_top|coprocessador:C0|ram_tilemap:ramA|altsyncram:altsyncram_component                                                   ; altsyncram          ; work         ;
;             |altsyncram_j422:auto_generated| ; 0.0 (0.0)            ; 0.0 (0.0)                        ; 0.0 (0.0)                                         ; 0.0 (0.0)                        ; 0.0 (0.0)            ; 0 (0)               ; 0 (0)                     ; 0 (0)         ; 16384             ; 4     ; 0          ; 0    ; 0            ; |DE1_SOC_golden_top|coprocessador:C0|ram_tilemap:ramA|altsyncram:altsyncram_component|altsyncram_j422:auto_generated                    ; altsyncram_j422     ; work         ;
;       |ram_tilemapB:ramB|                    ; 0.0 (0.0)            ; 0.0 (0.0)                        ; 0.0 (0.0)                                         ; 0.0 (0.0)                        ; 0.0 (0.0)            ; 0 (0)               ; 0 (0)                     ; 0 (0)         ; 16384             ; 0     ; 0          ; 0    ; 0            ; |DE1_SOC_golden_top|coprocessador:C0|ram_tilemapB:ramB                                                                                  ; ram_tilemapB        ; work         ;
;          |altsyncram:altsyncram_component|   ; 0.0 (0.0)            ; 0.0 (0.0)                        ; 0.0 (0.0)                                         ; 0.0 (0.0)                        ; 0.0 (0.0)            ; 0 (0)               ; 0 (0)                     ; 0 (0)         ; 16384             ; 0     ; 0          ; 0    ; 0            ; |DE1_SOC_golden_top|coprocessador:C0|ram_tilemapB:ramB|altsyncram:altsyncram_component                                                  ; altsyncram          ; work         ;
;             |altsyncram_k422:auto_generated| ; 0.0 (0.0)            ; 0.0 (0.0)                        ; 0.0 (0.0)                                         ; 0.0 (0.0)                        ; 0.0 (0.0)            ; 0 (0)               ; 0 (0)                     ; 0 (0)         ; 16384             ; 0     ; 0          ; 0    ; 0            ; |DE1_SOC_golden_top|coprocessador:C0|ram_tilemapB:ramB|altsyncram:altsyncram_component|altsyncram_k422:auto_generated                   ; altsyncram_k422     ; work         ;
;       |rasterizador_multi:u_rasterizador|    ; 409.3 (409.3)        ; 418.8 (418.8)                    ; 20.5 (20.5)                                       ; 11.0 (11.0)                      ; 0.0 (0.0)            ; 726 (726)           ; 0 (0)                     ; 0 (0)         ; 0                 ; 0     ; 24         ; 0    ; 0            ; |DE1_SOC_golden_top|coprocessador:C0|rasterizador_multi:u_rasterizador                                                                  ; rasterizador_multi  ; work         ;
;       |vga_driver:u_vga|                     ; 42.8 (42.8)          ; 46.1 (46.1)                      ; 4.4 (4.4)                                         ; 1.1 (1.1)                        ; 0.0 (0.0)            ; 74 (74)             ; 39 (39)                   ; 0 (0)         ; 0                 ; 0     ; 0          ; 0    ; 0            ; |DE1_SOC_golden_top|coprocessador:C0|vga_driver:u_vga                                                                                   ; vga_driver          ; work         ;
+----------------------------------------------+----------------------+----------------------------------+---------------------------------------------------+----------------------------------+----------------------+---------------------+---------------------------+---------------+-------------------+-------+------------+------+--------------+-----------------------------------------------------------------------------------------------------------------------------------------+---------------------+--------------+
Note: For table entries with two numbers listed, the numbers in parentheses indicate the number of resources of the given type used by the specific entity alone. The numbers listed outside of parentheses indicate the total resources of the given type used by the specific entity and all of its sub-entities in the hierarchy.


+------------------------------------------------------------------------------------------------------------------------------+
; Delay Chain Summary                                                                                                          ;
+---------------+----------+----+------+------+----+------+-------+--------+------------------------+--------------------------+
; Name          ; Pin Type ; D1 ; D3_0 ; D3_1 ; D4 ; D5   ; D5 OE ; D5 OCT ; T11 (Postamble Gating) ; T11 (Postamble Ungating) ;
+---------------+----------+----+------+------+----+------+-------+--------+------------------------+--------------------------+
; ADC_CONVST    ; Output   ; -- ; --   ; --   ; -- ; (0)  ; (31)  ; --     ; --                     ; --                       ;
; ADC_DIN       ; Output   ; -- ; --   ; --   ; -- ; (0)  ; (31)  ; --     ; --                     ; --                       ;
; ADC_DOUT      ; Input    ; -- ; --   ; --   ; -- ; --   ; --    ; --     ; --                     ; --                       ;
; ADC_SCLK      ; Output   ; -- ; --   ; --   ; -- ; (0)  ; (31)  ; --     ; --                     ; --                       ;
; AUD_ADCDAT    ; Input    ; -- ; --   ; --   ; -- ; --   ; --    ; --     ; --                     ; --                       ;
; AUD_DACDAT    ; Output   ; -- ; --   ; --   ; -- ; (0)  ; (31)  ; --     ; --                     ; --                       ;
; AUD_XCK       ; Output   ; -- ; --   ; --   ; -- ; (0)  ; (31)  ; --     ; --                     ; --                       ;
; CLOCK2_50     ; Input    ; -- ; --   ; --   ; -- ; --   ; --    ; --     ; --                     ; --                       ;
; CLOCK3_50     ; Input    ; -- ; --   ; --   ; -- ; --   ; --    ; --     ; --                     ; --                       ;
; CLOCK4_50     ; Input    ; -- ; --   ; --   ; -- ; --   ; --    ; --     ; --                     ; --                       ;
; DRAM_ADDR[0]  ; Output   ; -- ; --   ; --   ; -- ; (0)  ; (31)  ; --     ; --                     ; --                       ;
; DRAM_ADDR[1]  ; Output   ; -- ; --   ; --   ; -- ; (0)  ; (31)  ; --     ; --                     ; --                       ;
; DRAM_ADDR[2]  ; Output   ; -- ; --   ; --   ; -- ; (0)  ; (31)  ; --     ; --                     ; --                       ;
; DRAM_ADDR[3]  ; Output   ; -- ; --   ; --   ; -- ; (0)  ; (31)  ; --     ; --                     ; --                       ;
; DRAM_ADDR[4]  ; Output   ; -- ; --   ; --   ; -- ; (0)  ; (31)  ; --     ; --                     ; --                       ;
; DRAM_ADDR[5]  ; Output   ; -- ; --   ; --   ; -- ; (0)  ; (31)  ; --     ; --                     ; --                       ;
; DRAM_ADDR[6]  ; Output   ; -- ; --   ; --   ; -- ; (0)  ; (31)  ; --     ; --                     ; --                       ;
; DRAM_ADDR[7]  ; Output   ; -- ; --   ; --   ; -- ; (0)  ; (31)  ; --     ; --                     ; --                       ;
; DRAM_ADDR[8]  ; Output   ; -- ; --   ; --   ; -- ; (0)  ; (31)  ; --     ; --                     ; --                       ;
; DRAM_ADDR[9]  ; Output   ; -- ; --   ; --   ; -- ; (0)  ; (31)  ; --     ; --                     ; --                       ;
; DRAM_ADDR[10] ; Output   ; -- ; --   ; --   ; -- ; (0)  ; (31)  ; --     ; --                     ; --                       ;
; DRAM_ADDR[11] ; Output   ; -- ; --   ; --   ; -- ; (0)  ; (31)  ; --     ; --                     ; --                       ;
; DRAM_ADDR[12] ; Output   ; -- ; --   ; --   ; -- ; (0)  ; (31)  ; --     ; --                     ; --                       ;
; DRAM_BA[0]    ; Output   ; -- ; --   ; --   ; -- ; (0)  ; (31)  ; --     ; --                     ; --                       ;
; DRAM_BA[1]    ; Output   ; -- ; --   ; --   ; -- ; (0)  ; (31)  ; --     ; --                     ; --                       ;
; DRAM_CAS_N    ; Output   ; -- ; --   ; --   ; -- ; (0)  ; (31)  ; --     ; --                     ; --                       ;
; DRAM_CKE      ; Output   ; -- ; --   ; --   ; -- ; (0)  ; (31)  ; --     ; --                     ; --                       ;
; DRAM_CLK      ; Output   ; -- ; --   ; --   ; -- ; (0)  ; (31)  ; --     ; --                     ; --                       ;
; DRAM_CS_N     ; Output   ; -- ; --   ; --   ; -- ; (0)  ; (31)  ; --     ; --                     ; --                       ;
; DRAM_LDQM     ; Output   ; -- ; --   ; --   ; -- ; (0)  ; (31)  ; --     ; --                     ; --                       ;
; DRAM_RAS_N    ; Output   ; -- ; --   ; --   ; -- ; (0)  ; (31)  ; --     ; --                     ; --                       ;
; DRAM_UDQM     ; Output   ; -- ; --   ; --   ; -- ; (0)  ; (31)  ; --     ; --                     ; --                       ;
; DRAM_WE_N     ; Output   ; -- ; --   ; --   ; -- ; (0)  ; (31)  ; --     ; --                     ; --                       ;
; FAN_CTRL      ; Output   ; -- ; --   ; --   ; -- ; (0)  ; (31)  ; --     ; --                     ; --                       ;
; FPGA_I2C_SCLK ; Output   ; -- ; --   ; --   ; -- ; (0)  ; (31)  ; --     ; --                     ; --                       ;
; HEX0[0]       ; Output   ; -- ; --   ; --   ; -- ; (0)  ; (31)  ; --     ; --                     ; --                       ;
; HEX0[1]       ; Output   ; -- ; --   ; --   ; -- ; (0)  ; (31)  ; --     ; --                     ; --                       ;
; HEX0[2]       ; Output   ; -- ; --   ; --   ; -- ; (0)  ; (31)  ; --     ; --                     ; --                       ;
; HEX0[3]       ; Output   ; -- ; --   ; --   ; -- ; (0)  ; (31)  ; --     ; --                     ; --                       ;
; HEX0[4]       ; Output   ; -- ; --   ; --   ; -- ; (0)  ; (31)  ; --     ; --                     ; --                       ;
; HEX0[5]       ; Output   ; -- ; --   ; --   ; -- ; (0)  ; (31)  ; --     ; --                     ; --                       ;
; HEX0[6]       ; Output   ; -- ; --   ; --   ; -- ; (0)  ; (31)  ; --     ; --                     ; --                       ;
; HEX1[0]       ; Output   ; -- ; --   ; --   ; -- ; (0)  ; (31)  ; --     ; --                     ; --                       ;
; HEX1[1]       ; Output   ; -- ; --   ; --   ; -- ; (0)  ; (31)  ; --     ; --                     ; --                       ;
; HEX1[2]       ; Output   ; -- ; --   ; --   ; -- ; (0)  ; (31)  ; --     ; --                     ; --                       ;
; HEX1[3]       ; Output   ; -- ; --   ; --   ; -- ; (0)  ; (31)  ; --     ; --                     ; --                       ;
; HEX1[4]       ; Output   ; -- ; --   ; --   ; -- ; (0)  ; (31)  ; --     ; --                     ; --                       ;
; HEX1[5]       ; Output   ; -- ; --   ; --   ; -- ; (0)  ; (31)  ; --     ; --                     ; --                       ;
; HEX1[6]       ; Output   ; -- ; --   ; --   ; -- ; (0)  ; (31)  ; --     ; --                     ; --                       ;
; HEX2[0]       ; Output   ; -- ; --   ; --   ; -- ; (0)  ; (31)  ; --     ; --                     ; --                       ;
; HEX2[1]       ; Output   ; -- ; --   ; --   ; -- ; (0)  ; (31)  ; --     ; --                     ; --                       ;
; HEX2[2]       ; Output   ; -- ; --   ; --   ; -- ; (0)  ; (31)  ; --     ; --                     ; --                       ;
; HEX2[3]       ; Output   ; -- ; --   ; --   ; -- ; (0)  ; (31)  ; --     ; --                     ; --                       ;
; HEX2[4]       ; Output   ; -- ; --   ; --   ; -- ; (0)  ; (31)  ; --     ; --                     ; --                       ;
; HEX2[5]       ; Output   ; -- ; --   ; --   ; -- ; (0)  ; (31)  ; --     ; --                     ; --                       ;
; HEX2[6]       ; Output   ; -- ; --   ; --   ; -- ; (0)  ; (31)  ; --     ; --                     ; --                       ;
; HEX3[0]       ; Output   ; -- ; --   ; --   ; -- ; (0)  ; (31)  ; --     ; --                     ; --                       ;
; HEX3[1]       ; Output   ; -- ; --   ; --   ; -- ; (0)  ; (31)  ; --     ; --                     ; --                       ;
; HEX3[2]       ; Output   ; -- ; --   ; --   ; -- ; (0)  ; (31)  ; --     ; --                     ; --                       ;
; HEX3[3]       ; Output   ; -- ; --   ; --   ; -- ; (0)  ; (31)  ; --     ; --                     ; --                       ;
; HEX3[4]       ; Output   ; -- ; --   ; --   ; -- ; (0)  ; (31)  ; --     ; --                     ; --                       ;
; HEX3[5]       ; Output   ; -- ; --   ; --   ; -- ; (0)  ; (31)  ; --     ; --                     ; --                       ;
; HEX3[6]       ; Output   ; -- ; --   ; --   ; -- ; (0)  ; (31)  ; --     ; --                     ; --                       ;
; HEX4[0]       ; Output   ; -- ; --   ; --   ; -- ; (0)  ; (31)  ; --     ; --                     ; --                       ;
; HEX4[1]       ; Output   ; -- ; --   ; --   ; -- ; (0)  ; (31)  ; --     ; --                     ; --                       ;
; HEX4[2]       ; Output   ; -- ; --   ; --   ; -- ; (0)  ; (31)  ; --     ; --                     ; --                       ;
; HEX4[3]       ; Output   ; -- ; --   ; --   ; -- ; (0)  ; (31)  ; --     ; --                     ; --                       ;
; HEX4[4]       ; Output   ; -- ; --   ; --   ; -- ; (0)  ; (31)  ; --     ; --                     ; --                       ;
; HEX4[5]       ; Output   ; -- ; --   ; --   ; -- ; (0)  ; (31)  ; --     ; --                     ; --                       ;
; HEX4[6]       ; Output   ; -- ; --   ; --   ; -- ; (0)  ; (31)  ; --     ; --                     ; --                       ;
; HEX5[0]       ; Output   ; -- ; --   ; --   ; -- ; (0)  ; (31)  ; --     ; --                     ; --                       ;
; HEX5[1]       ; Output   ; -- ; --   ; --   ; -- ; (0)  ; (31)  ; --     ; --                     ; --                       ;
; HEX5[2]       ; Output   ; -- ; --   ; --   ; -- ; (0)  ; (31)  ; --     ; --                     ; --                       ;
; HEX5[3]       ; Output   ; -- ; --   ; --   ; -- ; (0)  ; (31)  ; --     ; --                     ; --                       ;
; HEX5[4]       ; Output   ; -- ; --   ; --   ; -- ; (0)  ; (31)  ; --     ; --                     ; --                       ;
; HEX5[5]       ; Output   ; -- ; --   ; --   ; -- ; (0)  ; (31)  ; --     ; --                     ; --                       ;
; HEX5[6]       ; Output   ; -- ; --   ; --   ; -- ; (0)  ; (31)  ; --     ; --                     ; --                       ;
; IRDA_RXD      ; Input    ; -- ; --   ; --   ; -- ; --   ; --    ; --     ; --                     ; --                       ;
; IRDA_TXD      ; Output   ; -- ; --   ; --   ; -- ; (0)  ; (31)  ; --     ; --                     ; --                       ;
; LEDR[0]       ; Output   ; -- ; --   ; --   ; -- ; (0)  ; (31)  ; --     ; --                     ; --                       ;
; LEDR[1]       ; Output   ; -- ; --   ; --   ; -- ; (0)  ; (31)  ; --     ; --                     ; --                       ;
; LEDR[2]       ; Output   ; -- ; --   ; --   ; -- ; (0)  ; (31)  ; --     ; --                     ; --                       ;
; LEDR[3]       ; Output   ; -- ; --   ; --   ; -- ; (0)  ; (31)  ; --     ; --                     ; --                       ;
; LEDR[4]       ; Output   ; -- ; --   ; --   ; -- ; (0)  ; (31)  ; --     ; --                     ; --                       ;
; LEDR[5]       ; Output   ; -- ; --   ; --   ; -- ; (0)  ; (31)  ; --     ; --                     ; --                       ;
; LEDR[6]       ; Output   ; -- ; --   ; --   ; -- ; (0)  ; (31)  ; --     ; --                     ; --                       ;
; LEDR[7]       ; Output   ; -- ; --   ; --   ; -- ; (0)  ; (31)  ; --     ; --                     ; --                       ;
; LEDR[8]       ; Output   ; -- ; --   ; --   ; -- ; (0)  ; (31)  ; --     ; --                     ; --                       ;
; LEDR[9]       ; Output   ; -- ; --   ; --   ; -- ; (0)  ; (31)  ; --     ; --                     ; --                       ;
; TD_CLK27      ; Input    ; -- ; --   ; --   ; -- ; --   ; --    ; --     ; --                     ; --                       ;
; TD_DATA[0]    ; Input    ; -- ; --   ; --   ; -- ; --   ; --    ; --     ; --                     ; --                       ;
; TD_DATA[1]    ; Input    ; -- ; --   ; --   ; -- ; --   ; --    ; --     ; --                     ; --                       ;
; TD_DATA[2]    ; Input    ; -- ; --   ; --   ; -- ; --   ; --    ; --     ; --                     ; --                       ;
; TD_DATA[3]    ; Input    ; -- ; --   ; --   ; -- ; --   ; --    ; --     ; --                     ; --                       ;
; TD_DATA[4]    ; Input    ; -- ; --   ; --   ; -- ; --   ; --    ; --     ; --                     ; --                       ;
; TD_DATA[5]    ; Input    ; -- ; --   ; --   ; -- ; --   ; --    ; --     ; --                     ; --                       ;
; TD_DATA[6]    ; Input    ; -- ; --   ; --   ; -- ; --   ; --    ; --     ; --                     ; --                       ;
; TD_DATA[7]    ; Input    ; -- ; --   ; --   ; -- ; --   ; --    ; --     ; --                     ; --                       ;
; TD_HS         ; Input    ; -- ; --   ; --   ; -- ; --   ; --    ; --     ; --                     ; --                       ;
; TD_RESET_N    ; Output   ; -- ; --   ; --   ; -- ; (0)  ; (31)  ; --     ; --                     ; --                       ;
; TD_VS         ; Input    ; -- ; --   ; --   ; -- ; --   ; --    ; --     ; --                     ; --                       ;
; VGA_B[0]      ; Output   ; -- ; --   ; --   ; -- ; (0)  ; (31)  ; --     ; --                     ; --                       ;
; VGA_B[1]      ; Output   ; -- ; --   ; --   ; -- ; (0)  ; (31)  ; --     ; --                     ; --                       ;
; VGA_B[2]      ; Output   ; -- ; --   ; --   ; -- ; (0)  ; (31)  ; --     ; --                     ; --                       ;
; VGA_B[3]      ; Output   ; -- ; --   ; --   ; -- ; (0)  ; (31)  ; --     ; --                     ; --                       ;
; VGA_B[4]      ; Output   ; -- ; --   ; --   ; -- ; (0)  ; (31)  ; --     ; --                     ; --                       ;
; VGA_B[5]      ; Output   ; -- ; --   ; --   ; -- ; (0)  ; (31)  ; --     ; --                     ; --                       ;
; VGA_B[6]      ; Output   ; -- ; --   ; --   ; -- ; (0)  ; (31)  ; --     ; --                     ; --                       ;
; VGA_B[7]      ; Output   ; -- ; --   ; --   ; -- ; (0)  ; (31)  ; --     ; --                     ; --                       ;
; VGA_BLANK_N   ; Output   ; -- ; --   ; --   ; -- ; (0)  ; (31)  ; --     ; --                     ; --                       ;
; VGA_CLK       ; Output   ; -- ; --   ; --   ; -- ; (0)  ; (31)  ; --     ; --                     ; --                       ;
; VGA_G[0]      ; Output   ; -- ; --   ; --   ; -- ; (0)  ; (31)  ; --     ; --                     ; --                       ;
; VGA_G[1]      ; Output   ; -- ; --   ; --   ; -- ; (0)  ; (31)  ; --     ; --                     ; --                       ;
; VGA_G[2]      ; Output   ; -- ; --   ; --   ; -- ; (0)  ; (31)  ; --     ; --                     ; --                       ;
; VGA_G[3]      ; Output   ; -- ; --   ; --   ; -- ; (0)  ; (31)  ; --     ; --                     ; --                       ;
; VGA_G[4]      ; Output   ; -- ; --   ; --   ; -- ; (0)  ; (31)  ; --     ; --                     ; --                       ;
; VGA_G[5]      ; Output   ; -- ; --   ; --   ; -- ; (0)  ; (31)  ; --     ; --                     ; --                       ;
; VGA_G[6]      ; Output   ; -- ; --   ; --   ; -- ; (0)  ; (31)  ; --     ; --                     ; --                       ;
; VGA_G[7]      ; Output   ; -- ; --   ; --   ; -- ; (0)  ; (31)  ; --     ; --                     ; --                       ;
; VGA_HS        ; Output   ; -- ; --   ; --   ; -- ; (0)  ; (31)  ; --     ; --                     ; --                       ;
; VGA_R[0]      ; Output   ; -- ; --   ; --   ; -- ; (0)  ; (31)  ; --     ; --                     ; --                       ;
; VGA_R[1]      ; Output   ; -- ; --   ; --   ; -- ; (0)  ; (31)  ; --     ; --                     ; --                       ;
; VGA_R[2]      ; Output   ; -- ; --   ; --   ; -- ; (0)  ; (31)  ; --     ; --                     ; --                       ;
; VGA_R[3]      ; Output   ; -- ; --   ; --   ; -- ; (0)  ; (31)  ; --     ; --                     ; --                       ;
; VGA_R[4]      ; Output   ; -- ; --   ; --   ; -- ; (0)  ; (31)  ; --     ; --                     ; --                       ;
; VGA_R[5]      ; Output   ; -- ; --   ; --   ; -- ; (0)  ; (31)  ; --     ; --                     ; --                       ;
; VGA_R[6]      ; Output   ; -- ; --   ; --   ; -- ; (0)  ; (31)  ; --     ; --                     ; --                       ;
; VGA_R[7]      ; Output   ; -- ; --   ; --   ; -- ; (0)  ; (31)  ; --     ; --                     ; --                       ;
; VGA_SYNC_N    ; Output   ; -- ; --   ; --   ; -- ; (0)  ; (31)  ; --     ; --                     ; --                       ;
; VGA_VS        ; Output   ; -- ; --   ; --   ; -- ; (0)  ; (31)  ; --     ; --                     ; --                       ;
; AUD_ADCLRCK   ; Bidir    ; -- ; --   ; --   ; -- ; (0)  ; (31)  ; --     ; --                     ; --                       ;
; AUD_BCLK      ; Bidir    ; -- ; --   ; --   ; -- ; (0)  ; (31)  ; --     ; --                     ; --                       ;
; AUD_DACLRCK   ; Bidir    ; -- ; --   ; --   ; -- ; (0)  ; (31)  ; --     ; --                     ; --                       ;
; DRAM_DQ[0]    ; Bidir    ; -- ; --   ; --   ; -- ; (0)  ; (31)  ; --     ; --                     ; --                       ;
; DRAM_DQ[1]    ; Bidir    ; -- ; --   ; --   ; -- ; (0)  ; (31)  ; --     ; --                     ; --                       ;
; DRAM_DQ[2]    ; Bidir    ; -- ; --   ; --   ; -- ; (0)  ; (31)  ; --     ; --                     ; --                       ;
; DRAM_DQ[3]    ; Bidir    ; -- ; --   ; --   ; -- ; (0)  ; (31)  ; --     ; --                     ; --                       ;
; DRAM_DQ[4]    ; Bidir    ; -- ; --   ; --   ; -- ; (0)  ; (31)  ; --     ; --                     ; --                       ;
; DRAM_DQ[5]    ; Bidir    ; -- ; --   ; --   ; -- ; (0)  ; (31)  ; --     ; --                     ; --                       ;
; DRAM_DQ[6]    ; Bidir    ; -- ; --   ; --   ; -- ; (0)  ; (31)  ; --     ; --                     ; --                       ;
; DRAM_DQ[7]    ; Bidir    ; -- ; --   ; --   ; -- ; (0)  ; (31)  ; --     ; --                     ; --                       ;
; DRAM_DQ[8]    ; Bidir    ; -- ; --   ; --   ; -- ; (0)  ; (31)  ; --     ; --                     ; --                       ;
; DRAM_DQ[9]    ; Bidir    ; -- ; --   ; --   ; -- ; (0)  ; (31)  ; --     ; --                     ; --                       ;
; DRAM_DQ[10]   ; Bidir    ; -- ; --   ; --   ; -- ; (0)  ; (31)  ; --     ; --                     ; --                       ;
; DRAM_DQ[11]   ; Bidir    ; -- ; --   ; --   ; -- ; (0)  ; (31)  ; --     ; --                     ; --                       ;
; DRAM_DQ[12]   ; Bidir    ; -- ; --   ; --   ; -- ; (0)  ; (31)  ; --     ; --                     ; --                       ;
; DRAM_DQ[13]   ; Bidir    ; -- ; --   ; --   ; -- ; (0)  ; (31)  ; --     ; --                     ; --                       ;
; DRAM_DQ[14]   ; Bidir    ; -- ; --   ; --   ; -- ; (0)  ; (31)  ; --     ; --                     ; --                       ;
; DRAM_DQ[15]   ; Bidir    ; -- ; --   ; --   ; -- ; (0)  ; (31)  ; --     ; --                     ; --                       ;
; FPGA_I2C_SDAT ; Bidir    ; -- ; --   ; --   ; -- ; (0)  ; (31)  ; --     ; --                     ; --                       ;
; GPIO_0[0]     ; Bidir    ; -- ; --   ; --   ; -- ; (0)  ; (31)  ; --     ; --                     ; --                       ;
; GPIO_0[1]     ; Bidir    ; -- ; --   ; --   ; -- ; (0)  ; (31)  ; --     ; --                     ; --                       ;
; GPIO_0[2]     ; Bidir    ; -- ; --   ; --   ; -- ; (0)  ; (31)  ; --     ; --                     ; --                       ;
; GPIO_0[3]     ; Bidir    ; -- ; --   ; --   ; -- ; (0)  ; (31)  ; --     ; --                     ; --                       ;
; GPIO_0[4]     ; Bidir    ; -- ; --   ; --   ; -- ; (0)  ; (31)  ; --     ; --                     ; --                       ;
; GPIO_0[5]     ; Bidir    ; -- ; --   ; --   ; -- ; (0)  ; (31)  ; --     ; --                     ; --                       ;
; GPIO_0[6]     ; Bidir    ; -- ; --   ; --   ; -- ; (0)  ; (31)  ; --     ; --                     ; --                       ;
; GPIO_0[7]     ; Bidir    ; -- ; --   ; --   ; -- ; (0)  ; (31)  ; --     ; --                     ; --                       ;
; GPIO_0[8]     ; Bidir    ; -- ; --   ; --   ; -- ; (0)  ; (31)  ; --     ; --                     ; --                       ;
; GPIO_0[9]     ; Bidir    ; -- ; --   ; --   ; -- ; (0)  ; (31)  ; --     ; --                     ; --                       ;
; GPIO_0[10]    ; Bidir    ; -- ; --   ; --   ; -- ; (0)  ; (31)  ; --     ; --                     ; --                       ;
; GPIO_0[11]    ; Bidir    ; -- ; --   ; --   ; -- ; (0)  ; (31)  ; --     ; --                     ; --                       ;
; GPIO_0[12]    ; Bidir    ; -- ; --   ; --   ; -- ; (0)  ; (31)  ; --     ; --                     ; --                       ;
; GPIO_0[13]    ; Bidir    ; -- ; --   ; --   ; -- ; (0)  ; (31)  ; --     ; --                     ; --                       ;
; GPIO_0[14]    ; Bidir    ; -- ; --   ; --   ; -- ; (0)  ; (31)  ; --     ; --                     ; --                       ;
; GPIO_0[15]    ; Bidir    ; -- ; --   ; --   ; -- ; (0)  ; (31)  ; --     ; --                     ; --                       ;
; GPIO_0[16]    ; Bidir    ; -- ; --   ; --   ; -- ; (0)  ; (31)  ; --     ; --                     ; --                       ;
; GPIO_0[17]    ; Bidir    ; -- ; --   ; --   ; -- ; (0)  ; (31)  ; --     ; --                     ; --                       ;
; GPIO_0[18]    ; Bidir    ; -- ; --   ; --   ; -- ; (0)  ; (31)  ; --     ; --                     ; --                       ;
; GPIO_0[19]    ; Bidir    ; -- ; --   ; --   ; -- ; (0)  ; (31)  ; --     ; --                     ; --                       ;
; GPIO_0[20]    ; Bidir    ; -- ; --   ; --   ; -- ; (0)  ; (31)  ; --     ; --                     ; --                       ;
; GPIO_0[21]    ; Bidir    ; -- ; --   ; --   ; -- ; (0)  ; (31)  ; --     ; --                     ; --                       ;
; GPIO_0[22]    ; Bidir    ; -- ; --   ; --   ; -- ; (0)  ; (31)  ; --     ; --                     ; --                       ;
; GPIO_0[23]    ; Bidir    ; -- ; --   ; --   ; -- ; (0)  ; (31)  ; --     ; --                     ; --                       ;
; GPIO_0[24]    ; Bidir    ; -- ; --   ; --   ; -- ; (0)  ; (31)  ; --     ; --                     ; --                       ;
; GPIO_0[25]    ; Bidir    ; -- ; --   ; --   ; -- ; (0)  ; (31)  ; --     ; --                     ; --                       ;
; GPIO_0[26]    ; Bidir    ; -- ; --   ; --   ; -- ; (0)  ; (31)  ; --     ; --                     ; --                       ;
; GPIO_0[27]    ; Bidir    ; -- ; --   ; --   ; -- ; (0)  ; (31)  ; --     ; --                     ; --                       ;
; GPIO_0[28]    ; Bidir    ; -- ; --   ; --   ; -- ; (0)  ; (31)  ; --     ; --                     ; --                       ;
; GPIO_0[29]    ; Bidir    ; -- ; --   ; --   ; -- ; (0)  ; (31)  ; --     ; --                     ; --                       ;
; GPIO_0[30]    ; Bidir    ; -- ; --   ; --   ; -- ; (0)  ; (31)  ; --     ; --                     ; --                       ;
; GPIO_0[31]    ; Bidir    ; -- ; --   ; --   ; -- ; (0)  ; (31)  ; --     ; --                     ; --                       ;
; GPIO_0[32]    ; Bidir    ; -- ; --   ; --   ; -- ; (0)  ; (31)  ; --     ; --                     ; --                       ;
; GPIO_0[33]    ; Bidir    ; -- ; --   ; --   ; -- ; (0)  ; (31)  ; --     ; --                     ; --                       ;
; GPIO_0[34]    ; Bidir    ; -- ; --   ; --   ; -- ; (0)  ; (31)  ; --     ; --                     ; --                       ;
; GPIO_0[35]    ; Bidir    ; -- ; --   ; --   ; -- ; (0)  ; (31)  ; --     ; --                     ; --                       ;
; GPIO_1[0]     ; Bidir    ; -- ; --   ; --   ; -- ; (0)  ; (31)  ; --     ; --                     ; --                       ;
; GPIO_1[1]     ; Bidir    ; -- ; --   ; --   ; -- ; (0)  ; (31)  ; --     ; --                     ; --                       ;
; GPIO_1[2]     ; Bidir    ; -- ; --   ; --   ; -- ; (0)  ; (31)  ; --     ; --                     ; --                       ;
; GPIO_1[3]     ; Bidir    ; -- ; --   ; --   ; -- ; (0)  ; (31)  ; --     ; --                     ; --                       ;
; GPIO_1[4]     ; Bidir    ; -- ; --   ; --   ; -- ; (0)  ; (31)  ; --     ; --                     ; --                       ;
; GPIO_1[5]     ; Bidir    ; -- ; --   ; --   ; -- ; (0)  ; (31)  ; --     ; --                     ; --                       ;
; GPIO_1[6]     ; Bidir    ; -- ; --   ; --   ; -- ; (0)  ; (31)  ; --     ; --                     ; --                       ;
; GPIO_1[7]     ; Bidir    ; -- ; --   ; --   ; -- ; (0)  ; (31)  ; --     ; --                     ; --                       ;
; GPIO_1[8]     ; Bidir    ; -- ; --   ; --   ; -- ; (0)  ; (31)  ; --     ; --                     ; --                       ;
; GPIO_1[9]     ; Bidir    ; -- ; --   ; --   ; -- ; (0)  ; (31)  ; --     ; --                     ; --                       ;
; GPIO_1[10]    ; Bidir    ; -- ; --   ; --   ; -- ; (0)  ; (31)  ; --     ; --                     ; --                       ;
; GPIO_1[11]    ; Bidir    ; -- ; --   ; --   ; -- ; (0)  ; (31)  ; --     ; --                     ; --                       ;
; GPIO_1[12]    ; Bidir    ; -- ; --   ; --   ; -- ; (0)  ; (31)  ; --     ; --                     ; --                       ;
; GPIO_1[13]    ; Bidir    ; -- ; --   ; --   ; -- ; (0)  ; (31)  ; --     ; --                     ; --                       ;
; GPIO_1[14]    ; Bidir    ; -- ; --   ; --   ; -- ; (0)  ; (31)  ; --     ; --                     ; --                       ;
; GPIO_1[15]    ; Bidir    ; -- ; --   ; --   ; -- ; (0)  ; (31)  ; --     ; --                     ; --                       ;
; GPIO_1[16]    ; Bidir    ; -- ; --   ; --   ; -- ; (0)  ; (31)  ; --     ; --                     ; --                       ;
; GPIO_1[17]    ; Bidir    ; -- ; --   ; --   ; -- ; (0)  ; (31)  ; --     ; --                     ; --                       ;
; GPIO_1[18]    ; Bidir    ; -- ; --   ; --   ; -- ; (0)  ; (31)  ; --     ; --                     ; --                       ;
; GPIO_1[19]    ; Bidir    ; -- ; --   ; --   ; -- ; (0)  ; (31)  ; --     ; --                     ; --                       ;
; GPIO_1[20]    ; Bidir    ; -- ; --   ; --   ; -- ; (0)  ; (31)  ; --     ; --                     ; --                       ;
; GPIO_1[21]    ; Bidir    ; -- ; --   ; --   ; -- ; (0)  ; (31)  ; --     ; --                     ; --                       ;
; GPIO_1[22]    ; Bidir    ; -- ; --   ; --   ; -- ; (0)  ; (31)  ; --     ; --                     ; --                       ;
; GPIO_1[23]    ; Bidir    ; -- ; --   ; --   ; -- ; (0)  ; (31)  ; --     ; --                     ; --                       ;
; GPIO_1[24]    ; Bidir    ; -- ; --   ; --   ; -- ; (0)  ; (31)  ; --     ; --                     ; --                       ;
; GPIO_1[25]    ; Bidir    ; -- ; --   ; --   ; -- ; (0)  ; (31)  ; --     ; --                     ; --                       ;
; GPIO_1[26]    ; Bidir    ; -- ; --   ; --   ; -- ; (0)  ; (31)  ; --     ; --                     ; --                       ;
; GPIO_1[27]    ; Bidir    ; -- ; --   ; --   ; -- ; (0)  ; (31)  ; --     ; --                     ; --                       ;
; GPIO_1[28]    ; Bidir    ; -- ; --   ; --   ; -- ; (0)  ; (31)  ; --     ; --                     ; --                       ;
; GPIO_1[29]    ; Bidir    ; -- ; --   ; --   ; -- ; (0)  ; (31)  ; --     ; --                     ; --                       ;
; GPIO_1[30]    ; Bidir    ; -- ; --   ; --   ; -- ; (0)  ; (31)  ; --     ; --                     ; --                       ;
; GPIO_1[31]    ; Bidir    ; -- ; --   ; --   ; -- ; (0)  ; (31)  ; --     ; --                     ; --                       ;
; GPIO_1[32]    ; Bidir    ; -- ; --   ; --   ; -- ; (0)  ; (31)  ; --     ; --                     ; --                       ;
; GPIO_1[33]    ; Bidir    ; -- ; --   ; --   ; -- ; (0)  ; (31)  ; --     ; --                     ; --                       ;
; GPIO_1[34]    ; Bidir    ; -- ; --   ; --   ; -- ; (0)  ; (31)  ; --     ; --                     ; --                       ;
; GPIO_1[35]    ; Bidir    ; -- ; --   ; --   ; -- ; (0)  ; (31)  ; --     ; --                     ; --                       ;
; PS2_CLK       ; Bidir    ; -- ; --   ; --   ; -- ; (0)  ; (31)  ; --     ; --                     ; --                       ;
; PS2_CLK2      ; Bidir    ; -- ; --   ; --   ; -- ; (0)  ; (31)  ; --     ; --                     ; --                       ;
; PS2_DAT       ; Bidir    ; -- ; --   ; --   ; -- ; (0)  ; (31)  ; --     ; --                     ; --                       ;
; PS2_DAT2      ; Bidir    ; -- ; --   ; --   ; -- ; (0)  ; (31)  ; --     ; --                     ; --                       ;
; SW[0]         ; Input    ; -- ; (0)  ; --   ; -- ; --   ; --    ; --     ; --                     ; --                       ;
; SW[1]         ; Input    ; -- ; (0)  ; --   ; -- ; --   ; --    ; --     ; --                     ; --                       ;
; SW[2]         ; Input    ; -- ; (0)  ; --   ; -- ; --   ; --    ; --     ; --                     ; --                       ;
; KEY[3]        ; Input    ; -- ; (0)  ; --   ; -- ; --   ; --    ; --     ; --                     ; --                       ;
; CLOCK_50      ; Input    ; -- ; (0)  ; --   ; -- ; --   ; --    ; --     ; --                     ; --                       ;
; SW[6]         ; Input    ; -- ; (0)  ; --   ; -- ; --   ; --    ; --     ; --                     ; --                       ;
; SW[7]         ; Input    ; -- ; --   ; (0)  ; -- ; --   ; --    ; --     ; --                     ; --                       ;
; SW[8]         ; Input    ; -- ; --   ; (0)  ; -- ; --   ; --    ; --     ; --                     ; --                       ;
; SW[9]         ; Input    ; -- ; --   ; (0)  ; -- ; --   ; --    ; --     ; --                     ; --                       ;
; SW[5]         ; Input    ; -- ; --   ; (0)  ; -- ; --   ; --    ; --     ; --                     ; --                       ;
; KEY[2]        ; Input    ; -- ; --   ; (0)  ; -- ; --   ; --    ; --     ; --                     ; --                       ;
; KEY[0]        ; Input    ; -- ; (0)  ; --   ; -- ; --   ; --    ; --     ; --                     ; --                       ;
; KEY[1]        ; Input    ; -- ; (0)  ; --   ; -- ; --   ; --    ; --     ; --                     ; --                       ;
; SW[3]         ; Input    ; -- ; (0)  ; --   ; -- ; --   ; --    ; --     ; --                     ; --                       ;
; SW[4]         ; Input    ; -- ; --   ; (0)  ; -- ; --   ; --    ; --     ; --                     ; --                       ;
+---------------+----------+----+------+------+----+------+-------+--------+------------------------+--------------------------+


+----------------------------------------------------------------------------------------------------------------------------------------------------------------+
; Pad To Core Delay Chain Fanout                                                                                                                                 ;
+----------------------------------------------------------------------------------------------------------------------------------+-------------------+---------+
; Source Pin / Fanout                                                                                                              ; Pad To Core Index ; Setting ;
+----------------------------------------------------------------------------------------------------------------------------------+-------------------+---------+
; ADC_DOUT                                                                                                                         ;                   ;         ;
; AUD_ADCDAT                                                                                                                       ;                   ;         ;
; CLOCK2_50                                                                                                                        ;                   ;         ;
; CLOCK3_50                                                                                                                        ;                   ;         ;
; CLOCK4_50                                                                                                                        ;                   ;         ;
; IRDA_RXD                                                                                                                         ;                   ;         ;
; TD_CLK27                                                                                                                         ;                   ;         ;
; TD_DATA[0]                                                                                                                       ;                   ;         ;
; TD_DATA[1]                                                                                                                       ;                   ;         ;
; TD_DATA[2]                                                                                                                       ;                   ;         ;
; TD_DATA[3]                                                                                                                       ;                   ;         ;
; TD_DATA[4]                                                                                                                       ;                   ;         ;
; TD_DATA[5]                                                                                                                       ;                   ;         ;
; TD_DATA[6]                                                                                                                       ;                   ;         ;
; TD_DATA[7]                                                                                                                       ;                   ;         ;
; TD_HS                                                                                                                            ;                   ;         ;
; TD_VS                                                                                                                            ;                   ;         ;
; AUD_ADCLRCK                                                                                                                      ;                   ;         ;
; AUD_BCLK                                                                                                                         ;                   ;         ;
; AUD_DACLRCK                                                                                                                      ;                   ;         ;
; DRAM_DQ[0]                                                                                                                       ;                   ;         ;
; DRAM_DQ[1]                                                                                                                       ;                   ;         ;
; DRAM_DQ[2]                                                                                                                       ;                   ;         ;
; DRAM_DQ[3]                                                                                                                       ;                   ;         ;
; DRAM_DQ[4]                                                                                                                       ;                   ;         ;
; DRAM_DQ[5]                                                                                                                       ;                   ;         ;
; DRAM_DQ[6]                                                                                                                       ;                   ;         ;
; DRAM_DQ[7]                                                                                                                       ;                   ;         ;
; DRAM_DQ[8]                                                                                                                       ;                   ;         ;
; DRAM_DQ[9]                                                                                                                       ;                   ;         ;
; DRAM_DQ[10]                                                                                                                      ;                   ;         ;
; DRAM_DQ[11]                                                                                                                      ;                   ;         ;
; DRAM_DQ[12]                                                                                                                      ;                   ;         ;
; DRAM_DQ[13]                                                                                                                      ;                   ;         ;
; DRAM_DQ[14]                                                                                                                      ;                   ;         ;
; DRAM_DQ[15]                                                                                                                      ;                   ;         ;
; FPGA_I2C_SDAT                                                                                                                    ;                   ;         ;
; GPIO_0[0]                                                                                                                        ;                   ;         ;
; GPIO_0[1]                                                                                                                        ;                   ;         ;
; GPIO_0[2]                                                                                                                        ;                   ;         ;
; GPIO_0[3]                                                                                                                        ;                   ;         ;
; GPIO_0[4]                                                                                                                        ;                   ;         ;
; GPIO_0[5]                                                                                                                        ;                   ;         ;
; GPIO_0[6]                                                                                                                        ;                   ;         ;
; GPIO_0[7]                                                                                                                        ;                   ;         ;
; GPIO_0[8]                                                                                                                        ;                   ;         ;
; GPIO_0[9]                                                                                                                        ;                   ;         ;
; GPIO_0[10]                                                                                                                       ;                   ;         ;
; GPIO_0[11]                                                                                                                       ;                   ;         ;
; GPIO_0[12]                                                                                                                       ;                   ;         ;
; GPIO_0[13]                                                                                                                       ;                   ;         ;
; GPIO_0[14]                                                                                                                       ;                   ;         ;
; GPIO_0[15]                                                                                                                       ;                   ;         ;
; GPIO_0[16]                                                                                                                       ;                   ;         ;
; GPIO_0[17]                                                                                                                       ;                   ;         ;
; GPIO_0[18]                                                                                                                       ;                   ;         ;
; GPIO_0[19]                                                                                                                       ;                   ;         ;
; GPIO_0[20]                                                                                                                       ;                   ;         ;
; GPIO_0[21]                                                                                                                       ;                   ;         ;
; GPIO_0[22]                                                                                                                       ;                   ;         ;
; GPIO_0[23]                                                                                                                       ;                   ;         ;
; GPIO_0[24]                                                                                                                       ;                   ;         ;
; GPIO_0[25]                                                                                                                       ;                   ;         ;
; GPIO_0[26]                                                                                                                       ;                   ;         ;
; GPIO_0[27]                                                                                                                       ;                   ;         ;
; GPIO_0[28]                                                                                                                       ;                   ;         ;
; GPIO_0[29]                                                                                                                       ;                   ;         ;
; GPIO_0[30]                                                                                                                       ;                   ;         ;
; GPIO_0[31]                                                                                                                       ;                   ;         ;
; GPIO_0[32]                                                                                                                       ;                   ;         ;
; GPIO_0[33]                                                                                                                       ;                   ;         ;
; GPIO_0[34]                                                                                                                       ;                   ;         ;
; GPIO_0[35]                                                                                                                       ;                   ;         ;
; GPIO_1[0]                                                                                                                        ;                   ;         ;
; GPIO_1[1]                                                                                                                        ;                   ;         ;
; GPIO_1[2]                                                                                                                        ;                   ;         ;
; GPIO_1[3]                                                                                                                        ;                   ;         ;
; GPIO_1[4]                                                                                                                        ;                   ;         ;
; GPIO_1[5]                                                                                                                        ;                   ;         ;
; GPIO_1[6]                                                                                                                        ;                   ;         ;
; GPIO_1[7]                                                                                                                        ;                   ;         ;
; GPIO_1[8]                                                                                                                        ;                   ;         ;
; GPIO_1[9]                                                                                                                        ;                   ;         ;
; GPIO_1[10]                                                                                                                       ;                   ;         ;
; GPIO_1[11]                                                                                                                       ;                   ;         ;
; GPIO_1[12]                                                                                                                       ;                   ;         ;
; GPIO_1[13]                                                                                                                       ;                   ;         ;
; GPIO_1[14]                                                                                                                       ;                   ;         ;
; GPIO_1[15]                                                                                                                       ;                   ;         ;
; GPIO_1[16]                                                                                                                       ;                   ;         ;
; GPIO_1[17]                                                                                                                       ;                   ;         ;
; GPIO_1[18]                                                                                                                       ;                   ;         ;
; GPIO_1[19]                                                                                                                       ;                   ;         ;
; GPIO_1[20]                                                                                                                       ;                   ;         ;
; GPIO_1[21]                                                                                                                       ;                   ;         ;
; GPIO_1[22]                                                                                                                       ;                   ;         ;
; GPIO_1[23]                                                                                                                       ;                   ;         ;
; GPIO_1[24]                                                                                                                       ;                   ;         ;
; GPIO_1[25]                                                                                                                       ;                   ;         ;
; GPIO_1[26]                                                                                                                       ;                   ;         ;
; GPIO_1[27]                                                                                                                       ;                   ;         ;
; GPIO_1[28]                                                                                                                       ;                   ;         ;
; GPIO_1[29]                                                                                                                       ;                   ;         ;
; GPIO_1[30]                                                                                                                       ;                   ;         ;
; GPIO_1[31]                                                                                                                       ;                   ;         ;
; GPIO_1[32]                                                                                                                       ;                   ;         ;
; GPIO_1[33]                                                                                                                       ;                   ;         ;
; GPIO_1[34]                                                                                                                       ;                   ;         ;
; GPIO_1[35]                                                                                                                       ;                   ;         ;
; PS2_CLK                                                                                                                          ;                   ;         ;
; PS2_CLK2                                                                                                                         ;                   ;         ;
; PS2_DAT                                                                                                                          ;                   ;         ;
; PS2_DAT2                                                                                                                         ;                   ;         ;
; SW[0]                                                                                                                            ;                   ;         ;
;      - coprocessador:C0|porta_estimulo:u_estimulo|spr_show[3]~0                                                                  ; 0                 ; 0       ;
;      - coprocessador:C0|porta_estimulo:u_estimulo|spr_show[0]~1                                                                  ; 0                 ; 0       ;
;      - coprocessador:C0|porta_estimulo:u_estimulo|spr_show[3]~2                                                                  ; 0                 ; 0       ;
;      - coprocessador:C0|porta_estimulo:u_estimulo|spr_show[1]~3                                                                  ; 0                 ; 0       ;
;      - coprocessador:C0|porta_estimulo:u_estimulo|spr_show[2]~4                                                                  ; 0                 ; 0       ;
;      - coprocessador:C0|porta_estimulo:u_estimulo|spr_show[4]~5                                                                  ; 0                 ; 0       ;
;      - coprocessador:C0|porta_estimulo:u_estimulo|Equal14~0                                                                      ; 0                 ; 0       ;
;      - coprocessador:C0|porta_estimulo:u_estimulo|passo_max~0                                                                    ; 0                 ; 0       ;
;      - coprocessador:C0|porta_estimulo:u_estimulo|HEX4[0]~1                                                                      ; 0                 ; 0       ;
;      - coprocessador:C0|porta_estimulo:u_estimulo|HEX4[0]~2                                                                      ; 0                 ; 0       ;
;      - coprocessador:C0|porta_estimulo:u_estimulo|HEX4[1]~5                                                                      ; 0                 ; 0       ;
;      - coprocessador:C0|porta_estimulo:u_estimulo|HEX4[2]~8                                                                      ; 0                 ; 0       ;
;      - coprocessador:C0|porta_estimulo:u_estimulo|HEX4[3]~10                                                                     ; 0                 ; 0       ;
;      - coprocessador:C0|porta_estimulo:u_estimulo|HEX4[5]~14                                                                     ; 0                 ; 0       ;
;      - coprocessador:C0|porta_estimulo:u_estimulo|HEX3[6]~7                                                                      ; 0                 ; 0       ;
;      - coprocessador:C0|porta_estimulo:u_estimulo|HEX4~15                                                                        ; 0                 ; 0       ;
;      - coprocessador:C0|porta_estimulo:u_estimulo|HEX5[6]~1                                                                      ; 0                 ; 0       ;
;      - coprocessador:C0|porta_estimulo:u_estimulo|sprite_cursor~1                                                                ; 0                 ; 0       ;
;      - coprocessador:C0|porta_estimulo:u_estimulo|passo_max~1                                                                    ; 0                 ; 0       ;
;      - coprocessador:C0|porta_estimulo:u_estimulo|estimulo_invalido~0                                                            ; 0                 ; 0       ;
;      - coprocessador:C0|porta_estimulo:u_estimulo|LessThan0~0                                                                    ; 0                 ; 0       ;
;      - coprocessador:C0|porta_estimulo:u_estimulo|sprite_flipv_local~0                                                           ; 0                 ; 0       ;
;      - coprocessador:C0|porta_estimulo:u_estimulo|estado~4                                                                       ; 0                 ; 0       ;
;      - coprocessador:C0|porta_estimulo:u_estimulo|wr_en_seq~0                                                                    ; 0                 ; 0       ;
;      - coprocessador:C0|porta_estimulo:u_estimulo|endereco_seq~3                                                                 ; 0                 ; 0       ;
;      - coprocessador:C0|porta_estimulo:u_estimulo|comb~2                                                                         ; 0                 ; 0       ;
;      - coprocessador:C0|porta_estimulo:u_estimulo|comb~3                                                                         ; 0                 ; 0       ;
;      - coprocessador:C0|porta_estimulo:u_estimulo|comb~4                                                                         ; 0                 ; 0       ;
;      - coprocessador:C0|porta_estimulo:u_estimulo|scroll_ativo~0                                                                 ; 0                 ; 0       ;
;      - coprocessador:C0|porta_estimulo:u_estimulo|tem_sprite_confirmado~0                                                        ; 0                 ; 0       ;
;      - coprocessador:C0|porta_estimulo:u_estimulo|passo[0]~1                                                                     ; 0                 ; 0       ;
;      - coprocessador:C0|porta_estimulo:u_estimulo|passo[0]~2                                                                     ; 0                 ; 0       ;
;      - coprocessador:C0|porta_estimulo:u_estimulo|passo[0]~3                                                                     ; 0                 ; 0       ;
;      - coprocessador:C0|porta_estimulo:u_estimulo|passo_max~2                                                                    ; 0                 ; 0       ;
;      - coprocessador:C0|porta_estimulo:u_estimulo|sprite_fliph_local~1                                                           ; 0                 ; 0       ;
;      - coprocessador:C0|porta_estimulo:u_estimulo|passo_max[0]~3                                                                 ; 0                 ; 0       ;
;      - coprocessador:C0|porta_estimulo:u_estimulo|cen_lat~0                                                                      ; 0                 ; 0       ;
;      - coprocessador:C0|porta_estimulo:u_estimulo|passo_max~5                                                                    ; 0                 ; 0       ;
;      - coprocessador:C0|porta_estimulo:u_estimulo|passo_max~6                                                                    ; 0                 ; 0       ;
;      - coprocessador:C0|porta_estimulo:u_estimulo|cen_lat~3                                                                      ; 0                 ; 0       ;
;      - coprocessador:C0|porta_estimulo:u_estimulo|comb~5                                                                         ; 0                 ; 0       ;
;      - coprocessador:C0|porta_estimulo:u_estimulo|Equal5~0                                                                       ; 0                 ; 0       ;
;      - coprocessador:C0|porta_estimulo:u_estimulo|spr_lat[4]~1                                                                   ; 0                 ; 0       ;
;      - coprocessador:C0|porta_estimulo:u_estimulo|sprite_fliph_local~2                                                           ; 0                 ; 0       ;
;      - coprocessador:C0|porta_estimulo:u_estimulo|sprite_flipv_local~1                                                           ; 0                 ; 0       ;
;      - coprocessador:C0|porta_estimulo:u_estimulo|tem_poly_confirmado~0                                                          ; 0                 ; 0       ;
; SW[1]                                                                                                                            ;                   ;         ;
;      - coprocessador:C0|porta_estimulo:u_estimulo|spr_show[3]~0                                                                  ; 0                 ; 0       ;
;      - coprocessador:C0|porta_estimulo:u_estimulo|spr_show[0]~1                                                                  ; 0                 ; 0       ;
;      - coprocessador:C0|porta_estimulo:u_estimulo|spr_show[3]~2                                                                  ; 0                 ; 0       ;
;      - coprocessador:C0|porta_estimulo:u_estimulo|spr_show[1]~3                                                                  ; 0                 ; 0       ;
;      - coprocessador:C0|porta_estimulo:u_estimulo|spr_show[2]~4                                                                  ; 0                 ; 0       ;
;      - coprocessador:C0|porta_estimulo:u_estimulo|spr_show[4]~5                                                                  ; 0                 ; 0       ;
;      - coprocessador:C0|porta_estimulo:u_estimulo|Equal14~0                                                                      ; 0                 ; 0       ;
;      - coprocessador:C0|porta_estimulo:u_estimulo|passo_max~0                                                                    ; 0                 ; 0       ;
;      - coprocessador:C0|porta_estimulo:u_estimulo|HEX4[0]~1                                                                      ; 0                 ; 0       ;
;      - coprocessador:C0|porta_estimulo:u_estimulo|HEX4[0]~2                                                                      ; 0                 ; 0       ;
;      - coprocessador:C0|porta_estimulo:u_estimulo|HEX4[1]~5                                                                      ; 0                 ; 0       ;
;      - coprocessador:C0|porta_estimulo:u_estimulo|HEX4[2]~8                                                                      ; 0                 ; 0       ;
;      - coprocessador:C0|porta_estimulo:u_estimulo|HEX4[3]~10                                                                     ; 0                 ; 0       ;
;      - coprocessador:C0|porta_estimulo:u_estimulo|HEX4[5]~14                                                                     ; 0                 ; 0       ;
;      - coprocessador:C0|porta_estimulo:u_estimulo|HEX3[6]~7                                                                      ; 0                 ; 0       ;
;      - coprocessador:C0|porta_estimulo:u_estimulo|HEX4~15                                                                        ; 0                 ; 0       ;
;      - coprocessador:C0|porta_estimulo:u_estimulo|HEX5[6]~1                                                                      ; 0                 ; 0       ;
;      - coprocessador:C0|porta_estimulo:u_estimulo|sprite_cursor~1                                                                ; 0                 ; 0       ;
;      - coprocessador:C0|porta_estimulo:u_estimulo|passo_max~1                                                                    ; 0                 ; 0       ;
;      - coprocessador:C0|porta_estimulo:u_estimulo|estimulo_invalido~0                                                            ; 0                 ; 0       ;
;      - coprocessador:C0|porta_estimulo:u_estimulo|LessThan0~0                                                                    ; 0                 ; 0       ;
;      - coprocessador:C0|porta_estimulo:u_estimulo|sprite_flipv_local~0                                                           ; 0                 ; 0       ;
;      - coprocessador:C0|porta_estimulo:u_estimulo|estado~4                                                                       ; 0                 ; 0       ;
;      - coprocessador:C0|porta_estimulo:u_estimulo|wr_en_seq~0                                                                    ; 0                 ; 0       ;
;      - coprocessador:C0|porta_estimulo:u_estimulo|endereco_seq~3                                                                 ; 0                 ; 0       ;
;      - coprocessador:C0|porta_estimulo:u_estimulo|comb~2                                                                         ; 0                 ; 0       ;
;      - coprocessador:C0|porta_estimulo:u_estimulo|comb~3                                                                         ; 0                 ; 0       ;
;      - coprocessador:C0|porta_estimulo:u_estimulo|comb~4                                                                         ; 0                 ; 0       ;
;      - coprocessador:C0|porta_estimulo:u_estimulo|scroll_ativo~0                                                                 ; 0                 ; 0       ;
;      - coprocessador:C0|porta_estimulo:u_estimulo|tem_sprite_confirmado~0                                                        ; 0                 ; 0       ;
;      - coprocessador:C0|porta_estimulo:u_estimulo|passo[0]~1                                                                     ; 0                 ; 0       ;
;      - coprocessador:C0|porta_estimulo:u_estimulo|passo[0]~2                                                                     ; 0                 ; 0       ;
;      - coprocessador:C0|porta_estimulo:u_estimulo|passo[0]~3                                                                     ; 0                 ; 0       ;
;      - coprocessador:C0|porta_estimulo:u_estimulo|passo_max~2                                                                    ; 0                 ; 0       ;
;      - coprocessador:C0|porta_estimulo:u_estimulo|sprite_fliph_local~1                                                           ; 0                 ; 0       ;
;      - coprocessador:C0|porta_estimulo:u_estimulo|passo_max[0]~3                                                                 ; 0                 ; 0       ;
;      - coprocessador:C0|porta_estimulo:u_estimulo|cen_lat~0                                                                      ; 0                 ; 0       ;
;      - coprocessador:C0|porta_estimulo:u_estimulo|passo_max~5                                                                    ; 0                 ; 0       ;
;      - coprocessador:C0|porta_estimulo:u_estimulo|passo_max~6                                                                    ; 0                 ; 0       ;
;      - coprocessador:C0|porta_estimulo:u_estimulo|cen_lat~4                                                                      ; 0                 ; 0       ;
;      - coprocessador:C0|porta_estimulo:u_estimulo|comb~5                                                                         ; 0                 ; 0       ;
;      - coprocessador:C0|porta_estimulo:u_estimulo|Equal5~0                                                                       ; 0                 ; 0       ;
;      - coprocessador:C0|porta_estimulo:u_estimulo|spr_lat[4]~1                                                                   ; 0                 ; 0       ;
;      - coprocessador:C0|porta_estimulo:u_estimulo|sprite_fliph_local~2                                                           ; 0                 ; 0       ;
;      - coprocessador:C0|porta_estimulo:u_estimulo|sprite_flipv_local~1                                                           ; 0                 ; 0       ;
;      - coprocessador:C0|porta_estimulo:u_estimulo|tem_poly_confirmado~0                                                          ; 0                 ; 0       ;
; SW[2]                                                                                                                            ;                   ;         ;
;      - coprocessador:C0|porta_estimulo:u_estimulo|spr_show[3]~0                                                                  ; 0                 ; 0       ;
;      - coprocessador:C0|porta_estimulo:u_estimulo|spr_show[0]~1                                                                  ; 0                 ; 0       ;
;      - coprocessador:C0|porta_estimulo:u_estimulo|spr_show[3]~2                                                                  ; 0                 ; 0       ;
;      - coprocessador:C0|porta_estimulo:u_estimulo|spr_show[1]~3                                                                  ; 0                 ; 0       ;
;      - coprocessador:C0|porta_estimulo:u_estimulo|spr_show[2]~4                                                                  ; 0                 ; 0       ;
;      - coprocessador:C0|porta_estimulo:u_estimulo|spr_show[4]~5                                                                  ; 0                 ; 0       ;
;      - coprocessador:C0|porta_estimulo:u_estimulo|Equal14~0                                                                      ; 0                 ; 0       ;
;      - coprocessador:C0|porta_estimulo:u_estimulo|HEX4[0]~1                                                                      ; 0                 ; 0       ;
;      - coprocessador:C0|porta_estimulo:u_estimulo|HEX4[0]~2                                                                      ; 0                 ; 0       ;
;      - coprocessador:C0|porta_estimulo:u_estimulo|HEX4[1]~5                                                                      ; 0                 ; 0       ;
;      - coprocessador:C0|porta_estimulo:u_estimulo|HEX4[2]~8                                                                      ; 0                 ; 0       ;
;      - coprocessador:C0|porta_estimulo:u_estimulo|HEX4[3]~10                                                                     ; 0                 ; 0       ;
;      - coprocessador:C0|porta_estimulo:u_estimulo|HEX4[5]~14                                                                     ; 0                 ; 0       ;
;      - coprocessador:C0|porta_estimulo:u_estimulo|HEX3[6]~7                                                                      ; 0                 ; 0       ;
;      - coprocessador:C0|porta_estimulo:u_estimulo|HEX4~15                                                                        ; 0                 ; 0       ;
;      - coprocessador:C0|porta_estimulo:u_estimulo|HEX5[6]~1                                                                      ; 0                 ; 0       ;
;      - coprocessador:C0|porta_estimulo:u_estimulo|sprite_cursor~1                                                                ; 0                 ; 0       ;
;      - coprocessador:C0|porta_estimulo:u_estimulo|passo_max~1                                                                    ; 0                 ; 0       ;
;      - coprocessador:C0|porta_estimulo:u_estimulo|estimulo_invalido~0                                                            ; 0                 ; 0       ;
;      - coprocessador:C0|porta_estimulo:u_estimulo|LessThan0~0                                                                    ; 0                 ; 0       ;
;      - coprocessador:C0|porta_estimulo:u_estimulo|sprite_flipv_local~0                                                           ; 0                 ; 0       ;
;      - coprocessador:C0|porta_estimulo:u_estimulo|estado~4                                                                       ; 0                 ; 0       ;
;      - coprocessador:C0|porta_estimulo:u_estimulo|wr_en_seq~0                                                                    ; 0                 ; 0       ;
;      - coprocessador:C0|porta_estimulo:u_estimulo|endereco_seq~3                                                                 ; 0                 ; 0       ;
;      - coprocessador:C0|porta_estimulo:u_estimulo|comb~2                                                                         ; 0                 ; 0       ;
;      - coprocessador:C0|porta_estimulo:u_estimulo|comb~3                                                                         ; 0                 ; 0       ;
;      - coprocessador:C0|porta_estimulo:u_estimulo|comb~4                                                                         ; 0                 ; 0       ;
;      - coprocessador:C0|porta_estimulo:u_estimulo|scroll_ativo~0                                                                 ; 0                 ; 0       ;
;      - coprocessador:C0|porta_estimulo:u_estimulo|tem_sprite_confirmado~0                                                        ; 0                 ; 0       ;
;      - coprocessador:C0|porta_estimulo:u_estimulo|passo[0]~1                                                                     ; 0                 ; 0       ;
;      - coprocessador:C0|porta_estimulo:u_estimulo|passo[0]~2                                                                     ; 0                 ; 0       ;
;      - coprocessador:C0|porta_estimulo:u_estimulo|passo[0]~3                                                                     ; 0                 ; 0       ;
;      - coprocessador:C0|porta_estimulo:u_estimulo|passo_max~2                                                                    ; 0                 ; 0       ;
;      - coprocessador:C0|porta_estimulo:u_estimulo|sprite_fliph_local~1                                                           ; 0                 ; 0       ;
;      - coprocessador:C0|porta_estimulo:u_estimulo|passo_max[0]~3                                                                 ; 0                 ; 0       ;
;      - coprocessador:C0|porta_estimulo:u_estimulo|cen_lat~0                                                                      ; 0                 ; 0       ;
;      - coprocessador:C0|porta_estimulo:u_estimulo|passo_max~5                                                                    ; 0                 ; 0       ;
;      - coprocessador:C0|porta_estimulo:u_estimulo|passo_max~6                                                                    ; 0                 ; 0       ;
;      - coprocessador:C0|porta_estimulo:u_estimulo|cen_lat~1                                                                      ; 0                 ; 0       ;
;      - coprocessador:C0|porta_estimulo:u_estimulo|comb~5                                                                         ; 0                 ; 0       ;
;      - coprocessador:C0|porta_estimulo:u_estimulo|Equal5~0                                                                       ; 0                 ; 0       ;
;      - coprocessador:C0|porta_estimulo:u_estimulo|spr_lat[4]~1                                                                   ; 0                 ; 0       ;
;      - coprocessador:C0|porta_estimulo:u_estimulo|sprite_fliph_local~2                                                           ; 0                 ; 0       ;
;      - coprocessador:C0|porta_estimulo:u_estimulo|sprite_flipv_local~1                                                           ; 0                 ; 0       ;
;      - coprocessador:C0|porta_estimulo:u_estimulo|tem_poly_confirmado~0                                                          ; 0                 ; 0       ;
; KEY[3]                                                                                                                           ;                   ;         ;
;      - coprocessador:C0|porta_estimulo:u_estimulo|sprite_cursor~0                                                                ; 0                 ; 0       ;
;      - coprocessador:C0|porta_estimulo:u_estimulo|sprite_cursor[3]~2                                                             ; 0                 ; 0       ;
;      - coprocessador:C0|porta_estimulo:u_estimulo|last_confirmed_sprite~0                                                        ; 0                 ; 0       ;
;      - coprocessador:C0|porta_estimulo:u_estimulo|last_confirmed_sprite[0]~1                                                     ; 0                 ; 0       ;
;      - coprocessador:C0|porta_estimulo:u_estimulo|sprite_cursor~3                                                                ; 0                 ; 0       ;
;      - coprocessador:C0|porta_estimulo:u_estimulo|last_confirmed_sprite~2                                                        ; 0                 ; 0       ;
;      - coprocessador:C0|porta_estimulo:u_estimulo|sprite_cursor~4                                                                ; 0                 ; 0       ;
;      - coprocessador:C0|porta_estimulo:u_estimulo|last_confirmed_sprite~3                                                        ; 0                 ; 0       ;
;      - coprocessador:C0|porta_estimulo:u_estimulo|sprite_cursor~5                                                                ; 0                 ; 0       ;
;      - coprocessador:C0|porta_estimulo:u_estimulo|last_confirmed_sprite~4                                                        ; 0                 ; 0       ;
;      - coprocessador:C0|porta_estimulo:u_estimulo|sprite_cursor~6                                                                ; 0                 ; 0       ;
;      - coprocessador:C0|porta_estimulo:u_estimulo|last_confirmed_sprite~5                                                        ; 0                 ; 0       ;
;      - coprocessador:C0|reset~0                                                                                                  ; 0                 ; 0       ;
;      - coprocessador:C0|porta_estimulo:u_estimulo|poly_tipo_cursor~0                                                             ; 0                 ; 0       ;
;      - coprocessador:C0|porta_estimulo:u_estimulo|poly_tipo_cursor[1]~1                                                          ; 0                 ; 0       ;
;      - coprocessador:C0|porta_estimulo:u_estimulo|poly_tipo_cursor~3                                                             ; 0                 ; 0       ;
;      - coprocessador:C0|banco_registradores:u_regs|endereco_invalido~0                                                           ; 0                 ; 0       ;
;      - coprocessador:C0|porta_estimulo:u_estimulo|estado.REPROD~2                                                                ; 0                 ; 0       ;
;      - coprocessador:C0|porta_estimulo:u_estimulo|dado_seq~1                                                                     ; 0                 ; 0       ;
;      - coprocessador:C0|porta_estimulo:u_estimulo|mov_continuo:u_scroll_bg|endereco~0                                            ; 0                 ; 0       ;
;      - coprocessador:C0|porta_estimulo:u_estimulo|mov_continuo:u_scroll_bg|endereco~2                                            ; 0                 ; 0       ;
;      - coprocessador:C0|porta_estimulo:u_estimulo|mov_continuo:u_move_sprite|endereco~2                                          ; 0                 ; 0       ;
;      - coprocessador:C0|banco_registradores:u_regs|enable_sprite~0                                                               ; 0                 ; 0       ;
;      - coprocessador:C0|banco_registradores:u_regs|enable_poly~0                                                                 ; 0                 ; 0       ;
;      - coprocessador:C0|banco_registradores:u_regs|poly_habilitado~0                                                             ; 0                 ; 0       ;
;      - coprocessador:C0|vga_driver:u_vga|h_counter[3]~3                                                                          ; 0                 ; 0       ;
;      - coprocessador:C0|vga_driver:u_vga|h_state~20                                                                              ; 0                 ; 0       ;
;      - coprocessador:C0|vga_driver:u_vga|v_counter[0]~3                                                                          ; 0                 ; 0       ;
;      - coprocessador:C0|vga_driver:u_vga|v_counter[0]~4                                                                          ; 0                 ; 0       ;
;      - coprocessador:C0|vga_driver:u_vga|v_state~19                                                                              ; 0                 ; 0       ;
;      - coprocessador:C0|banco_registradores:u_regs|enable_poly~1                                                                 ; 0                 ; 0       ;
;      - coprocessador:C0|debounce_edge:u_db2|estavel~0                                                                            ; 0                 ; 0       ;
;      - coprocessador:C0|debounce_edge:u_db2|estavel_ant~0                                                                        ; 0                 ; 0       ;
;      - coprocessador:C0|porta_estimulo:u_estimulo|passo~0                                                                        ; 0                 ; 0       ;
;      - coprocessador:C0|porta_estimulo:u_estimulo|passo_max[0]~4                                                                 ; 0                 ; 0       ;
;      - coprocessador:C0|porta_estimulo:u_estimulo|passo~5                                                                        ; 0                 ; 0       ;
;      - coprocessador:C0|porta_estimulo:u_estimulo|passo~6                                                                        ; 0                 ; 0       ;
;      - coprocessador:C0|porta_estimulo:u_estimulo|passo~7                                                                        ; 0                 ; 0       ;
;      - coprocessador:C0|debounce_edge:u_db0|estavel~0                                                                            ; 0                 ; 0       ;
;      - coprocessador:C0|debounce_edge:u_db0|estavel_ant~0                                                                        ; 0                 ; 0       ;
;      - coprocessador:C0|porta_estimulo:u_estimulo|cen_lat~1                                                                      ; 0                 ; 0       ;
;      - coprocessador:C0|porta_estimulo:u_estimulo|cen_lat[1]~2                                                                   ; 0                 ; 0       ;
;      - coprocessador:C0|porta_estimulo:u_estimulo|cen_lat~3                                                                      ; 0                 ; 0       ;
;      - coprocessador:C0|porta_estimulo:u_estimulo|cen_lat~4                                                                      ; 0                 ; 0       ;
;      - coprocessador:C0|porta_estimulo:u_estimulo|mov_continuo:u_move_sprite|timer[1]~0                                          ; 0                 ; 0       ;
;      - coprocessador:C0|porta_estimulo:u_estimulo|mov_continuo:u_scroll_bg|timer[14]~0                                           ; 0                 ; 0       ;
;      - coprocessador:C0|porta_estimulo:u_estimulo|poly_tipo_lat[0]~0                                                             ; 0                 ; 0       ;
;      - coprocessador:C0|banco_registradores:u_regs|sprite_pri~0                                                                  ; 0                 ; 0       ;
;      - coprocessador:C0|banco_registradores:u_regs|sprite_pri~1                                                                  ; 0                 ; 0       ;
;      - coprocessador:C0|banco_registradores:u_regs|sprite_pri~5                                                                  ; 0                 ; 0       ;
;      - coprocessador:C0|porta_estimulo:u_estimulo|dado_seq~18                                                                    ; 0                 ; 0       ;
;      - coprocessador:C0|porta_estimulo:u_estimulo|dado_seq[5]~21                                                                 ; 0                 ; 0       ;
;      - coprocessador:C0|porta_estimulo:u_estimulo|dado_seq[5]~23                                                                 ; 0                 ; 0       ;
;      - coprocessador:C0|porta_estimulo:u_estimulo|dado_seq[5]~25                                                                 ; 0                 ; 0       ;
;      - coprocessador:C0|debounce_edge:u_db2|contador[0]~0                                                                        ; 0                 ; 0       ;
;      - coprocessador:C0|debounce_edge:u_db1|estavel~0                                                                            ; 0                 ; 0       ;
;      - coprocessador:C0|debounce_edge:u_db1|estavel_ant~0                                                                        ; 0                 ; 0       ;
;      - coprocessador:C0|debounce_edge:u_db0|contador[5]~0                                                                        ; 0                 ; 0       ;
;      - coprocessador:C0|porta_estimulo:u_estimulo|spr_lat[4]~2                                                                   ; 0                 ; 0       ;
;      - coprocessador:C0|banco_registradores:u_regs|sprite_sel[4]~0                                                               ; 0                 ; 0       ;
;      - coprocessador:C0|debounce_edge:u_db1|contador[15]~0                                                                       ; 0                 ; 0       ;
;      - coprocessador:C0|banco_registradores:u_regs|swap_request~1                                                                ; 0                 ; 0       ;
;      - coprocessador:C0|porta_estimulo:u_estimulo|mov_continuo:u_scroll_bg|x_local[0]~0                                          ; 0                 ; 0       ;
;      - coprocessador:C0|porta_estimulo:u_estimulo|mov_continuo:u_move_sprite|x_local[8]~0                                        ; 0                 ; 0       ;
;      - coprocessador:C0|bg_scroll_y_quadro[2]~0                                                                                  ; 0                 ; 0       ;
;      - coprocessador:C0|banco_registradores:u_regs|bg_scroll_x[7]~0                                                              ; 0                 ; 0       ;
;      - coprocessador:C0|banco_registradores:u_regs|bg_scroll_y[0]~2                                                              ; 0                 ; 0       ;
;      - coprocessador:C0|pllpara100:pllmhz|pllpara100_0002:pllpara100_inst|altera_pll:altera_pll_i|general[0].gpll~FRACTIONAL_PLL ; 0                 ; 0       ;
; CLOCK_50                                                                                                                         ;                   ;         ;
; SW[6]                                                                                                                            ;                   ;         ;
;      - coprocessador:C0|porta_estimulo:u_estimulo|pos_lat[1]                                                                     ; 0                 ; 0       ;
;      - coprocessador:C0|porta_estimulo:u_estimulo|mov_continuo:u_move_sprite|Add3~37                                             ; 0                 ; 0       ;
;      - coprocessador:C0|porta_estimulo:u_estimulo|mov_continuo:u_move_sprite|Add3~69                                             ; 0                 ; 0       ;
;      - coprocessador:C0|porta_estimulo:u_estimulo|mov_continuo:u_move_sprite|Add3~65                                             ; 0                 ; 0       ;
;      - coprocessador:C0|porta_estimulo:u_estimulo|mov_continuo:u_move_sprite|Add3~61                                             ; 0                 ; 0       ;
;      - coprocessador:C0|porta_estimulo:u_estimulo|mov_continuo:u_move_sprite|Add3~57                                             ; 0                 ; 0       ;
;      - coprocessador:C0|porta_estimulo:u_estimulo|mov_continuo:u_move_sprite|Add3~53                                             ; 0                 ; 0       ;
;      - coprocessador:C0|porta_estimulo:u_estimulo|mov_continuo:u_move_sprite|Add3~49                                             ; 0                 ; 0       ;
;      - coprocessador:C0|porta_estimulo:u_estimulo|mov_continuo:u_move_sprite|Add3~45                                             ; 0                 ; 0       ;
;      - coprocessador:C0|porta_estimulo:u_estimulo|mov_continuo:u_scroll_bg|Add6~1                                                ; 0                 ; 0       ;
;      - coprocessador:C0|porta_estimulo:u_estimulo|mov_continuo:u_scroll_bg|Add6~29                                               ; 0                 ; 0       ;
;      - coprocessador:C0|porta_estimulo:u_estimulo|mov_continuo:u_scroll_bg|Add6~25                                               ; 0                 ; 0       ;
;      - coprocessador:C0|porta_estimulo:u_estimulo|mov_continuo:u_scroll_bg|Add6~21                                               ; 0                 ; 0       ;
;      - coprocessador:C0|porta_estimulo:u_estimulo|mov_continuo:u_scroll_bg|Add6~17                                               ; 0                 ; 0       ;
;      - coprocessador:C0|porta_estimulo:u_estimulo|mov_continuo:u_scroll_bg|Add6~13                                               ; 0                 ; 0       ;
;      - coprocessador:C0|porta_estimulo:u_estimulo|mov_continuo:u_scroll_bg|Add6~9                                                ; 0                 ; 0       ;
;      - coprocessador:C0|porta_estimulo:u_estimulo|mov_continuo:u_move_sprite|endereco~0                                          ; 0                 ; 0       ;
;      - coprocessador:C0|porta_estimulo:u_estimulo|mov_continuo:u_scroll_bg|wr_en~0                                               ; 0                 ; 0       ;
;      - coprocessador:C0|porta_estimulo:u_estimulo|mov_continuo:u_scroll_bg|dado[1]~0                                             ; 0                 ; 0       ;
;      - coprocessador:C0|porta_estimulo:u_estimulo|mov_continuo:u_move_sprite|dado[4]~0                                           ; 0                 ; 0       ;
;      - coprocessador:C0|porta_estimulo:u_estimulo|mov_continuo:u_scroll_bg|wr_en~3                                               ; 0                 ; 0       ;
;      - coprocessador:C0|porta_estimulo:u_estimulo|mov_continuo:u_move_sprite|endereco~4                                          ; 0                 ; 0       ;
; SW[7]                                                                                                                            ;                   ;         ;
;      - coprocessador:C0|porta_estimulo:u_estimulo|pos_lat[2]                                                                     ; 1                 ; 0       ;
;      - coprocessador:C0|porta_estimulo:u_estimulo|mov_continuo:u_move_sprite|Add3~37                                             ; 1                 ; 0       ;
;      - coprocessador:C0|porta_estimulo:u_estimulo|mov_continuo:u_move_sprite|Add3~69                                             ; 1                 ; 0       ;
;      - coprocessador:C0|porta_estimulo:u_estimulo|mov_continuo:u_move_sprite|Add3~65                                             ; 1                 ; 0       ;
;      - coprocessador:C0|porta_estimulo:u_estimulo|mov_continuo:u_move_sprite|Add3~61                                             ; 1                 ; 0       ;
;      - coprocessador:C0|porta_estimulo:u_estimulo|mov_continuo:u_move_sprite|Add3~57                                             ; 1                 ; 0       ;
;      - coprocessador:C0|porta_estimulo:u_estimulo|mov_continuo:u_move_sprite|Add3~53                                             ; 1                 ; 0       ;
;      - coprocessador:C0|porta_estimulo:u_estimulo|mov_continuo:u_move_sprite|Add3~49                                             ; 1                 ; 0       ;
;      - coprocessador:C0|porta_estimulo:u_estimulo|mov_continuo:u_move_sprite|Add3~45                                             ; 1                 ; 0       ;
;      - coprocessador:C0|porta_estimulo:u_estimulo|mov_continuo:u_scroll_bg|Add6~1                                                ; 1                 ; 0       ;
;      - coprocessador:C0|porta_estimulo:u_estimulo|mov_continuo:u_scroll_bg|Add6~29                                               ; 1                 ; 0       ;
;      - coprocessador:C0|porta_estimulo:u_estimulo|mov_continuo:u_scroll_bg|Add6~25                                               ; 1                 ; 0       ;
;      - coprocessador:C0|porta_estimulo:u_estimulo|mov_continuo:u_scroll_bg|Add6~21                                               ; 1                 ; 0       ;
;      - coprocessador:C0|porta_estimulo:u_estimulo|mov_continuo:u_scroll_bg|Add6~17                                               ; 1                 ; 0       ;
;      - coprocessador:C0|porta_estimulo:u_estimulo|mov_continuo:u_scroll_bg|Add6~13                                               ; 1                 ; 0       ;
;      - coprocessador:C0|porta_estimulo:u_estimulo|mov_continuo:u_scroll_bg|Add6~9                                                ; 1                 ; 0       ;
;      - coprocessador:C0|porta_estimulo:u_estimulo|mov_continuo:u_move_sprite|endereco~0                                          ; 1                 ; 0       ;
;      - coprocessador:C0|porta_estimulo:u_estimulo|mov_continuo:u_scroll_bg|wr_en~0                                               ; 1                 ; 0       ;
;      - coprocessador:C0|porta_estimulo:u_estimulo|mov_continuo:u_scroll_bg|dado[1]~0                                             ; 1                 ; 0       ;
;      - coprocessador:C0|porta_estimulo:u_estimulo|mov_continuo:u_move_sprite|dado[4]~0                                           ; 1                 ; 0       ;
;      - coprocessador:C0|porta_estimulo:u_estimulo|mov_continuo:u_scroll_bg|wr_en~3                                               ; 1                 ; 0       ;
;      - coprocessador:C0|porta_estimulo:u_estimulo|mov_continuo:u_move_sprite|endereco~4                                          ; 1                 ; 0       ;
; SW[8]                                                                                                                            ;                   ;         ;
;      - coprocessador:C0|porta_estimulo:u_estimulo|pos_lat[3]                                                                     ; 1                 ; 0       ;
;      - coprocessador:C0|porta_estimulo:u_estimulo|mov_continuo:u_move_sprite|Add1~37                                             ; 1                 ; 0       ;
;      - coprocessador:C0|porta_estimulo:u_estimulo|mov_continuo:u_move_sprite|Add1~69                                             ; 1                 ; 0       ;
;      - coprocessador:C0|porta_estimulo:u_estimulo|mov_continuo:u_move_sprite|Add1~65                                             ; 1                 ; 0       ;
;      - coprocessador:C0|porta_estimulo:u_estimulo|mov_continuo:u_move_sprite|Add1~61                                             ; 1                 ; 0       ;
;      - coprocessador:C0|porta_estimulo:u_estimulo|mov_continuo:u_move_sprite|Add1~57                                             ; 1                 ; 0       ;
;      - coprocessador:C0|porta_estimulo:u_estimulo|mov_continuo:u_move_sprite|Add1~53                                             ; 1                 ; 0       ;
;      - coprocessador:C0|porta_estimulo:u_estimulo|mov_continuo:u_move_sprite|Add1~49                                             ; 1                 ; 0       ;
;      - coprocessador:C0|porta_estimulo:u_estimulo|mov_continuo:u_move_sprite|Add1~45                                             ; 1                 ; 0       ;
;      - coprocessador:C0|porta_estimulo:u_estimulo|mov_continuo:u_scroll_bg|Add2~1                                                ; 1                 ; 0       ;
;      - coprocessador:C0|porta_estimulo:u_estimulo|mov_continuo:u_scroll_bg|Add2~29                                               ; 1                 ; 0       ;
;      - coprocessador:C0|porta_estimulo:u_estimulo|mov_continuo:u_scroll_bg|Add2~25                                               ; 1                 ; 0       ;
;      - coprocessador:C0|porta_estimulo:u_estimulo|mov_continuo:u_scroll_bg|Add2~21                                               ; 1                 ; 0       ;
;      - coprocessador:C0|porta_estimulo:u_estimulo|mov_continuo:u_scroll_bg|Add2~17                                               ; 1                 ; 0       ;
;      - coprocessador:C0|porta_estimulo:u_estimulo|mov_continuo:u_scroll_bg|Add2~13                                               ; 1                 ; 0       ;
;      - coprocessador:C0|porta_estimulo:u_estimulo|mov_continuo:u_scroll_bg|Add2~9                                                ; 1                 ; 0       ;
;      - coprocessador:C0|porta_estimulo:u_estimulo|mov_continuo:u_move_sprite|endereco~0                                          ; 1                 ; 0       ;
;      - coprocessador:C0|porta_estimulo:u_estimulo|mov_continuo:u_scroll_bg|wr_en~0                                               ; 1                 ; 0       ;
;      - coprocessador:C0|porta_estimulo:u_estimulo|mov_continuo:u_scroll_bg|dado[1]~0                                             ; 1                 ; 0       ;
;      - coprocessador:C0|porta_estimulo:u_estimulo|mov_continuo:u_move_sprite|dado[4]~0                                           ; 1                 ; 0       ;
;      - coprocessador:C0|porta_estimulo:u_estimulo|mov_continuo:u_scroll_bg|wr_en~2                                               ; 1                 ; 0       ;
;      - coprocessador:C0|porta_estimulo:u_estimulo|mov_continuo:u_move_sprite|endereco~3                                          ; 1                 ; 0       ;
; SW[9]                                                                                                                            ;                   ;         ;
;      - coprocessador:C0|porta_estimulo:u_estimulo|pos_lat[4]                                                                     ; 1                 ; 0       ;
;      - coprocessador:C0|porta_estimulo:u_estimulo|mov_continuo:u_move_sprite|Add1~37                                             ; 1                 ; 0       ;
;      - coprocessador:C0|porta_estimulo:u_estimulo|mov_continuo:u_move_sprite|Add1~69                                             ; 1                 ; 0       ;
;      - coprocessador:C0|porta_estimulo:u_estimulo|mov_continuo:u_move_sprite|Add1~65                                             ; 1                 ; 0       ;
;      - coprocessador:C0|porta_estimulo:u_estimulo|mov_continuo:u_move_sprite|Add1~61                                             ; 1                 ; 0       ;
;      - coprocessador:C0|porta_estimulo:u_estimulo|mov_continuo:u_move_sprite|Add1~57                                             ; 1                 ; 0       ;
;      - coprocessador:C0|porta_estimulo:u_estimulo|mov_continuo:u_move_sprite|Add1~53                                             ; 1                 ; 0       ;
;      - coprocessador:C0|porta_estimulo:u_estimulo|mov_continuo:u_move_sprite|Add1~49                                             ; 1                 ; 0       ;
;      - coprocessador:C0|porta_estimulo:u_estimulo|mov_continuo:u_move_sprite|Add1~45                                             ; 1                 ; 0       ;
;      - coprocessador:C0|porta_estimulo:u_estimulo|mov_continuo:u_scroll_bg|Add2~1                                                ; 1                 ; 0       ;
;      - coprocessador:C0|porta_estimulo:u_estimulo|mov_continuo:u_scroll_bg|Add2~29                                               ; 1                 ; 0       ;
;      - coprocessador:C0|porta_estimulo:u_estimulo|mov_continuo:u_scroll_bg|Add2~25                                               ; 1                 ; 0       ;
;      - coprocessador:C0|porta_estimulo:u_estimulo|mov_continuo:u_scroll_bg|Add2~21                                               ; 1                 ; 0       ;
;      - coprocessador:C0|porta_estimulo:u_estimulo|mov_continuo:u_scroll_bg|Add2~17                                               ; 1                 ; 0       ;
;      - coprocessador:C0|porta_estimulo:u_estimulo|mov_continuo:u_scroll_bg|Add2~13                                               ; 1                 ; 0       ;
;      - coprocessador:C0|porta_estimulo:u_estimulo|mov_continuo:u_scroll_bg|Add2~9                                                ; 1                 ; 0       ;
;      - coprocessador:C0|porta_estimulo:u_estimulo|mov_continuo:u_move_sprite|endereco~0                                          ; 1                 ; 0       ;
;      - coprocessador:C0|porta_estimulo:u_estimulo|mov_continuo:u_scroll_bg|wr_en~0                                               ; 1                 ; 0       ;
;      - coprocessador:C0|porta_estimulo:u_estimulo|mov_continuo:u_scroll_bg|dado[1]~0                                             ; 1                 ; 0       ;
;      - coprocessador:C0|porta_estimulo:u_estimulo|mov_continuo:u_move_sprite|dado[4]~0                                           ; 1                 ; 0       ;
;      - coprocessador:C0|porta_estimulo:u_estimulo|mov_continuo:u_scroll_bg|wr_en~2                                               ; 1                 ; 0       ;
;      - coprocessador:C0|porta_estimulo:u_estimulo|mov_continuo:u_move_sprite|endereco~3                                          ; 1                 ; 0       ;
; SW[5]                                                                                                                            ;                   ;         ;
;      - coprocessador:C0|porta_estimulo:u_estimulo|pos_lat[0]                                                                     ; 1                 ; 0       ;
;      - coprocessador:C0|porta_estimulo:u_estimulo|mov_continuo:u_move_sprite|LessThan0~3                                         ; 1                 ; 0       ;
;      - coprocessador:C0|porta_estimulo:u_estimulo|mov_continuo:u_scroll_bg|LessThan0~3                                           ; 1                 ; 0       ;
;      - coprocessador:C0|porta_estimulo:u_estimulo|mov_continuo:u_move_sprite|LessThan0~9                                         ; 1                 ; 0       ;
;      - coprocessador:C0|porta_estimulo:u_estimulo|mov_continuo:u_scroll_bg|LessThan0~9                                           ; 1                 ; 0       ;
;      - coprocessador:C0|porta_estimulo:u_estimulo|sprite_fliph_local~2                                                           ; 1                 ; 0       ;
;      - coprocessador:C0|porta_estimulo:u_estimulo|sprite_flipv_local~1                                                           ; 1                 ; 0       ;
; KEY[2]                                                                                                                           ;                   ;         ;
;      - coprocessador:C0|debounce_edge:u_db2|estavel~0                                                                            ; 1                 ; 0       ;
;      - coprocessador:C0|debounce_edge:u_db2|contador[0]~0                                                                        ; 1                 ; 0       ;
; KEY[0]                                                                                                                           ;                   ;         ;
;      - coprocessador:C0|debounce_edge:u_db0|estavel~0                                                                            ; 0                 ; 0       ;
;      - coprocessador:C0|debounce_edge:u_db0|contador[5]~0                                                                        ; 0                 ; 0       ;
; KEY[1]                                                                                                                           ;                   ;         ;
;      - coprocessador:C0|debounce_edge:u_db1|estavel~0                                                                            ; 0                 ; 0       ;
;      - coprocessador:C0|debounce_edge:u_db1|contador[15]~0                                                                       ; 0                 ; 0       ;
; SW[3]                                                                                                                            ;                   ;         ;
;      - coprocessador:C0|porta_estimulo:u_estimulo|cor_lat[0]                                                                     ; 0                 ; 0       ;
; SW[4]                                                                                                                            ;                   ;         ;
;      - coprocessador:C0|porta_estimulo:u_estimulo|cor_lat[1]                                                                     ; 1                 ; 0       ;
+----------------------------------------------------------------------------------------------------------------------------------+-------------------+---------+


+---------------------------------------------------------------------------------------------------------------------------------------------------------------------------------------------------------------------------------------------------------------------------+
; Control Signals                                                                                                                                                                                                                                                           ;
+-----------------------------------------------------------------------------------------------------------+----------------------------+---------+-----------------------------------------+--------+----------------------+------------------+---------------------------+
; Name                                                                                                      ; Location                   ; Fan-Out ; Usage                                   ; Global ; Global Resource Used ; Global Line Name ; Enable Signal Source Name ;
+-----------------------------------------------------------------------------------------------------------+----------------------------+---------+-----------------------------------------+--------+----------------------+------------------+---------------------------+
; CLOCK_50                                                                                                  ; PIN_AF14                   ; 228     ; Clock                                   ; yes    ; Global Clock         ; GCLK7            ; --                        ;
; coprocessador:C0|banco_registradores:u_regs|bg_scroll_x[7]~0                                              ; LABCELL_X30_Y18_N24        ; 8       ; Clock enable                            ; no     ; --                   ; --               ; --                        ;
; coprocessador:C0|banco_registradores:u_regs|bg_scroll_y[0]~2                                              ; LABCELL_X30_Y18_N9         ; 8       ; Clock enable                            ; no     ; --                   ; --               ; --                        ;
; coprocessador:C0|banco_registradores:u_regs|enable_poly~0                                                 ; MLABCELL_X39_Y26_N18       ; 3       ; Clock enable                            ; no     ; --                   ; --               ; --                        ;
; coprocessador:C0|banco_registradores:u_regs|poly_cor[0][7]~1                                              ; MLABCELL_X25_Y21_N54       ; 8       ; Clock enable                            ; no     ; --                   ; --               ; --                        ;
; coprocessador:C0|banco_registradores:u_regs|poly_cor[1][1]~3                                              ; MLABCELL_X25_Y21_N12       ; 8       ; Clock enable                            ; no     ; --                   ; --               ; --                        ;
; coprocessador:C0|banco_registradores:u_regs|poly_cor[2][2]~5                                              ; LABCELL_X51_Y24_N51        ; 8       ; Clock enable                            ; no     ; --                   ; --               ; --                        ;
; coprocessador:C0|banco_registradores:u_regs|poly_cor[3][2]~7                                              ; MLABCELL_X25_Y21_N9        ; 8       ; Clock enable                            ; no     ; --                   ; --               ; --                        ;
; coprocessador:C0|banco_registradores:u_regs|poly_habilitado[0]~3                                          ; MLABCELL_X25_Y21_N33       ; 2       ; Clock enable                            ; no     ; --                   ; --               ; --                        ;
; coprocessador:C0|banco_registradores:u_regs|poly_habilitado[1]~2                                          ; LABCELL_X29_Y23_N39        ; 2       ; Clock enable                            ; no     ; --                   ; --               ; --                        ;
; coprocessador:C0|banco_registradores:u_regs|poly_habilitado[2]~1                                          ; LABCELL_X51_Y24_N48        ; 2       ; Clock enable                            ; no     ; --                   ; --               ; --                        ;
; coprocessador:C0|banco_registradores:u_regs|poly_modo_retangulo[3]~0                                      ; MLABCELL_X25_Y21_N24       ; 2       ; Clock enable                            ; no     ; --                   ; --               ; --                        ;
; coprocessador:C0|banco_registradores:u_regs|poly_vx[0][0][0]~0                                            ; MLABCELL_X25_Y21_N51       ; 9       ; Clock enable                            ; no     ; --                   ; --               ; --                        ;
; coprocessador:C0|banco_registradores:u_regs|poly_vx[0][1][4]~0                                            ; MLABCELL_X25_Y21_N48       ; 9       ; Clock enable                            ; no     ; --                   ; --               ; --                        ;
; coprocessador:C0|banco_registradores:u_regs|poly_vx[0][2][0]~0                                            ; MLABCELL_X25_Y21_N6        ; 9       ; Clock enable                            ; no     ; --                   ; --               ; --                        ;
; coprocessador:C0|banco_registradores:u_regs|poly_vx[1][0][0]~0                                            ; LABCELL_X30_Y26_N36        ; 9       ; Clock enable                            ; no     ; --                   ; --               ; --                        ;
; coprocessador:C0|banco_registradores:u_regs|poly_vx[1][1][8]~0                                            ; LABCELL_X30_Y26_N57        ; 9       ; Clock enable                            ; no     ; --                   ; --               ; --                        ;
; coprocessador:C0|banco_registradores:u_regs|poly_vx[1][2][6]~0                                            ; LABCELL_X30_Y26_N54        ; 9       ; Clock enable                            ; no     ; --                   ; --               ; --                        ;
; coprocessador:C0|banco_registradores:u_regs|poly_vx[2][0][6]~0                                            ; LABCELL_X51_Y24_N57        ; 9       ; Clock enable                            ; no     ; --                   ; --               ; --                        ;
; coprocessador:C0|banco_registradores:u_regs|poly_vx[2][1][5]~0                                            ; LABCELL_X51_Y24_N54        ; 9       ; Clock enable                            ; no     ; --                   ; --               ; --                        ;
; coprocessador:C0|banco_registradores:u_regs|poly_vx[2][2][8]~0                                            ; LABCELL_X51_Y24_N36        ; 9       ; Clock enable                            ; no     ; --                   ; --               ; --                        ;
; coprocessador:C0|banco_registradores:u_regs|poly_vx[3][0][3]~0                                            ; MLABCELL_X25_Y21_N39       ; 9       ; Clock enable                            ; no     ; --                   ; --               ; --                        ;
; coprocessador:C0|banco_registradores:u_regs|poly_vx[3][1][4]~0                                            ; MLABCELL_X25_Y21_N18       ; 9       ; Clock enable                            ; no     ; --                   ; --               ; --                        ;
; coprocessador:C0|banco_registradores:u_regs|poly_vx[3][2][8]~0                                            ; LABCELL_X35_Y22_N54        ; 9       ; Clock enable                            ; no     ; --                   ; --               ; --                        ;
; coprocessador:C0|banco_registradores:u_regs|poly_vy[0][0][7]~0                                            ; MLABCELL_X25_Y21_N45       ; 9       ; Clock enable                            ; no     ; --                   ; --               ; --                        ;
; coprocessador:C0|banco_registradores:u_regs|poly_vy[0][1][2]~0                                            ; MLABCELL_X25_Y21_N42       ; 9       ; Clock enable                            ; no     ; --                   ; --               ; --                        ;
; coprocessador:C0|banco_registradores:u_regs|poly_vy[0][2][0]~0                                            ; MLABCELL_X25_Y21_N30       ; 9       ; Clock enable                            ; no     ; --                   ; --               ; --                        ;
; coprocessador:C0|banco_registradores:u_regs|poly_vy[1][0][2]~0                                            ; LABCELL_X30_Y26_N39        ; 9       ; Clock enable                            ; no     ; --                   ; --               ; --                        ;
; coprocessador:C0|banco_registradores:u_regs|poly_vy[1][1][5]~0                                            ; LABCELL_X30_Y26_N42        ; 9       ; Clock enable                            ; no     ; --                   ; --               ; --                        ;
; coprocessador:C0|banco_registradores:u_regs|poly_vy[1][2][1]~0                                            ; LABCELL_X30_Y26_N45        ; 9       ; Clock enable                            ; no     ; --                   ; --               ; --                        ;
; coprocessador:C0|banco_registradores:u_regs|poly_vy[2][0][1]~0                                            ; LABCELL_X51_Y24_N39        ; 9       ; Clock enable                            ; no     ; --                   ; --               ; --                        ;
; coprocessador:C0|banco_registradores:u_regs|poly_vy[2][1][1]~0                                            ; LABCELL_X51_Y24_N42        ; 9       ; Clock enable                            ; no     ; --                   ; --               ; --                        ;
; coprocessador:C0|banco_registradores:u_regs|poly_vy[2][2][4]~0                                            ; LABCELL_X51_Y24_N45        ; 9       ; Clock enable                            ; no     ; --                   ; --               ; --                        ;
; coprocessador:C0|banco_registradores:u_regs|poly_vy[3][0][6]~0                                            ; MLABCELL_X25_Y21_N21       ; 9       ; Clock enable                            ; no     ; --                   ; --               ; --                        ;
; coprocessador:C0|banco_registradores:u_regs|poly_vy[3][1][8]~0                                            ; MLABCELL_X25_Y21_N27       ; 9       ; Clock enable                            ; no     ; --                   ; --               ; --                        ;
; coprocessador:C0|banco_registradores:u_regs|poly_vy[3][2][7]~0                                            ; MLABCELL_X25_Y21_N36       ; 9       ; Clock enable                            ; no     ; --                   ; --               ; --                        ;
; coprocessador:C0|banco_registradores:u_regs|sprite_en[10]~6                                               ; MLABCELL_X39_Y21_N51       ; 4       ; Clock enable                            ; no     ; --                   ; --               ; --                        ;
; coprocessador:C0|banco_registradores:u_regs|sprite_en[16]~2                                               ; MLABCELL_X47_Y22_N12       ; 4       ; Clock enable                            ; no     ; --                   ; --               ; --                        ;
; coprocessador:C0|banco_registradores:u_regs|sprite_en[17]~7                                               ; MLABCELL_X47_Y22_N42       ; 4       ; Clock enable                            ; no     ; --                   ; --               ; --                        ;
; coprocessador:C0|banco_registradores:u_regs|sprite_en[1]~4                                                ; LABCELL_X36_Y21_N6         ; 4       ; Clock enable                            ; no     ; --                   ; --               ; --                        ;
; coprocessador:C0|banco_registradores:u_regs|sprite_en[20]~8                                               ; MLABCELL_X47_Y22_N54       ; 4       ; Clock enable                            ; no     ; --                   ; --               ; --                        ;
; coprocessador:C0|banco_registradores:u_regs|sprite_en[21]~10                                              ; LABCELL_X46_Y23_N12        ; 4       ; Clock enable                            ; no     ; --                   ; --               ; --                        ;
; coprocessador:C0|banco_registradores:u_regs|sprite_en[22]~13                                              ; LABCELL_X43_Y25_N54        ; 4       ; Clock enable                            ; no     ; --                   ; --               ; --                        ;
; coprocessador:C0|banco_registradores:u_regs|sprite_en[23]~14                                              ; LABCELL_X36_Y20_N48        ; 4       ; Clock enable                            ; no     ; --                   ; --               ; --                        ;
; coprocessador:C0|banco_registradores:u_regs|sprite_en[24]~9                                               ; LABCELL_X48_Y22_N9         ; 4       ; Clock enable                            ; no     ; --                   ; --               ; --                        ;
; coprocessador:C0|banco_registradores:u_regs|sprite_en[25]~11                                              ; LABCELL_X48_Y22_N30        ; 4       ; Clock enable                            ; no     ; --                   ; --               ; --                        ;
; coprocessador:C0|banco_registradores:u_regs|sprite_en[26]~1                                               ; LABCELL_X43_Y23_N9         ; 4       ; Clock enable                            ; no     ; --                   ; --               ; --                        ;
; coprocessador:C0|banco_registradores:u_regs|sprite_en[27]~0                                               ; LABCELL_X43_Y22_N36        ; 4       ; Clock enable                            ; no     ; --                   ; --               ; --                        ;
; coprocessador:C0|banco_registradores:u_regs|sprite_en[29]~12                                              ; LABCELL_X50_Y23_N54        ; 4       ; Clock enable                            ; no     ; --                   ; --               ; --                        ;
; coprocessador:C0|banco_registradores:u_regs|sprite_en[3]~5                                                ; LABCELL_X36_Y21_N30        ; 4       ; Clock enable                            ; no     ; --                   ; --               ; --                        ;
; coprocessador:C0|banco_registradores:u_regs|sprite_en[4]~3                                                ; MLABCELL_X39_Y20_N27       ; 4       ; Clock enable                            ; no     ; --                   ; --               ; --                        ;
; coprocessador:C0|banco_registradores:u_regs|sprite_fliph[0]~13                                            ; LABCELL_X40_Y21_N18        ; 2       ; Clock enable                            ; no     ; --                   ; --               ; --                        ;
; coprocessador:C0|banco_registradores:u_regs|sprite_fliph[11]~11                                           ; MLABCELL_X39_Y21_N54       ; 2       ; Clock enable                            ; no     ; --                   ; --               ; --                        ;
; coprocessador:C0|banco_registradores:u_regs|sprite_fliph[1]~14                                            ; LABCELL_X36_Y21_N21        ; 2       ; Clock enable                            ; no     ; --                   ; --               ; --                        ;
; coprocessador:C0|banco_registradores:u_regs|sprite_fliph[20]~3                                            ; LABCELL_X40_Y24_N48        ; 2       ; Clock enable                            ; no     ; --                   ; --               ; --                        ;
; coprocessador:C0|banco_registradores:u_regs|sprite_fliph[21]~6                                            ; LABCELL_X40_Y21_N51        ; 2       ; Clock enable                            ; no     ; --                   ; --               ; --                        ;
; coprocessador:C0|banco_registradores:u_regs|sprite_fliph[22]~7                                            ; LABCELL_X35_Y21_N42        ; 2       ; Clock enable                            ; no     ; --                   ; --               ; --                        ;
; coprocessador:C0|banco_registradores:u_regs|sprite_fliph[24]~4                                            ; LABCELL_X40_Y24_N30        ; 2       ; Clock enable                            ; no     ; --                   ; --               ; --                        ;
; coprocessador:C0|banco_registradores:u_regs|sprite_fliph[26]~8                                            ; LABCELL_X40_Y21_N36        ; 2       ; Clock enable                            ; no     ; --                   ; --               ; --                        ;
; coprocessador:C0|banco_registradores:u_regs|sprite_fliph[28]~5                                            ; LABCELL_X40_Y24_N24        ; 2       ; Clock enable                            ; no     ; --                   ; --               ; --                        ;
; coprocessador:C0|banco_registradores:u_regs|sprite_fliph[2]~15                                            ; LABCELL_X40_Y21_N24        ; 2       ; Clock enable                            ; no     ; --                   ; --               ; --                        ;
; coprocessador:C0|banco_registradores:u_regs|sprite_fliph[30]~9                                            ; LABCELL_X37_Y23_N48        ; 2       ; Clock enable                            ; no     ; --                   ; --               ; --                        ;
; coprocessador:C0|banco_registradores:u_regs|sprite_fliph[3]~16                                            ; LABCELL_X36_Y21_N18        ; 2       ; Clock enable                            ; no     ; --                   ; --               ; --                        ;
; coprocessador:C0|banco_registradores:u_regs|sprite_fliph[4]~12                                            ; MLABCELL_X39_Y23_N12       ; 2       ; Clock enable                            ; no     ; --                   ; --               ; --                        ;
; coprocessador:C0|banco_registradores:u_regs|sprite_fliph[8]~10                                            ; LABCELL_X35_Y20_N39        ; 2       ; Clock enable                            ; no     ; --                   ; --               ; --                        ;
; coprocessador:C0|banco_registradores:u_regs|sprite_flipv[10]~12                                           ; MLABCELL_X39_Y21_N12       ; 2       ; Clock enable                            ; no     ; --                   ; --               ; --                        ;
; coprocessador:C0|banco_registradores:u_regs|sprite_flipv[12]~13                                           ; LABCELL_X37_Y23_N24        ; 2       ; Clock enable                            ; no     ; --                   ; --               ; --                        ;
; coprocessador:C0|banco_registradores:u_regs|sprite_flipv[13]~14                                           ; LABCELL_X36_Y20_N18        ; 2       ; Clock enable                            ; no     ; --                   ; --               ; --                        ;
; coprocessador:C0|banco_registradores:u_regs|sprite_flipv[14]~15                                           ; MLABCELL_X39_Y23_N30       ; 2       ; Clock enable                            ; no     ; --                   ; --               ; --                        ;
; coprocessador:C0|banco_registradores:u_regs|sprite_flipv[15]~16                                           ; MLABCELL_X34_Y20_N33       ; 2       ; Clock enable                            ; no     ; --                   ; --               ; --                        ;
; coprocessador:C0|banco_registradores:u_regs|sprite_flipv[16]~2                                            ; MLABCELL_X47_Y22_N33       ; 2       ; Clock enable                            ; no     ; --                   ; --               ; --                        ;
; coprocessador:C0|banco_registradores:u_regs|sprite_flipv[17]~3                                            ; MLABCELL_X47_Y22_N30       ; 2       ; Clock enable                            ; no     ; --                   ; --               ; --                        ;
; coprocessador:C0|banco_registradores:u_regs|sprite_flipv[18]~6                                            ; LABCELL_X35_Y21_N24        ; 2       ; Clock enable                            ; no     ; --                   ; --               ; --                        ;
; coprocessador:C0|banco_registradores:u_regs|sprite_flipv[19]~7                                            ; LABCELL_X36_Y22_N42        ; 2       ; Clock enable                            ; no     ; --                   ; --               ; --                        ;
; coprocessador:C0|banco_registradores:u_regs|sprite_flipv[23]~8                                            ; LABCELL_X36_Y20_N0         ; 2       ; Clock enable                            ; no     ; --                   ; --               ; --                        ;
; coprocessador:C0|banco_registradores:u_regs|sprite_flipv[25]~4                                            ; LABCELL_X40_Y21_N30        ; 2       ; Clock enable                            ; no     ; --                   ; --               ; --                        ;
; coprocessador:C0|banco_registradores:u_regs|sprite_flipv[27]~9                                            ; LABCELL_X40_Y21_N54        ; 2       ; Clock enable                            ; no     ; --                   ; --               ; --                        ;
; coprocessador:C0|banco_registradores:u_regs|sprite_flipv[29]~5                                            ; LABCELL_X40_Y21_N15        ; 2       ; Clock enable                            ; no     ; --                   ; --               ; --                        ;
; coprocessador:C0|banco_registradores:u_regs|sprite_flipv[31]~10                                           ; LABCELL_X37_Y23_N54        ; 2       ; Clock enable                            ; no     ; --                   ; --               ; --                        ;
; coprocessador:C0|banco_registradores:u_regs|sprite_flipv[5]~17                                            ; MLABCELL_X39_Y21_N36       ; 2       ; Clock enable                            ; no     ; --                   ; --               ; --                        ;
; coprocessador:C0|banco_registradores:u_regs|sprite_flipv[6]~18                                            ; LABCELL_X36_Y22_N54        ; 2       ; Clock enable                            ; no     ; --                   ; --               ; --                        ;
; coprocessador:C0|banco_registradores:u_regs|sprite_flipv[7]~19                                            ; LABCELL_X36_Y22_N24        ; 2       ; Clock enable                            ; no     ; --                   ; --               ; --                        ;
; coprocessador:C0|banco_registradores:u_regs|sprite_flipv[9]~11                                            ; LABCELL_X36_Y22_N48        ; 2       ; Clock enable                            ; no     ; --                   ; --               ; --                        ;
; coprocessador:C0|banco_registradores:u_regs|sprite_padrao[0][0]~29                                        ; LABCELL_X36_Y21_N45        ; 5       ; Clock enable                            ; no     ; --                   ; --               ; --                        ;
; coprocessador:C0|banco_registradores:u_regs|sprite_padrao[10][4]~19                                       ; LABCELL_X37_Y21_N54        ; 5       ; Clock enable                            ; no     ; --                   ; --               ; --                        ;
; coprocessador:C0|banco_registradores:u_regs|sprite_padrao[11][4]~20                                       ; LABCELL_X45_Y12_N45        ; 5       ; Clock enable                            ; no     ; --                   ; --               ; --                        ;
; coprocessador:C0|banco_registradores:u_regs|sprite_padrao[12][4]~21                                       ; LABCELL_X37_Y20_N27        ; 5       ; Clock enable                            ; no     ; --                   ; --               ; --                        ;
; coprocessador:C0|banco_registradores:u_regs|sprite_padrao[13][4]~22                                       ; LABCELL_X37_Y20_N18        ; 5       ; Clock enable                            ; no     ; --                   ; --               ; --                        ;
; coprocessador:C0|banco_registradores:u_regs|sprite_padrao[14][2]~23                                       ; MLABCELL_X34_Y20_N12       ; 5       ; Clock enable                            ; no     ; --                   ; --               ; --                        ;
; coprocessador:C0|banco_registradores:u_regs|sprite_padrao[15][4]~24                                       ; MLABCELL_X34_Y20_N57       ; 5       ; Clock enable                            ; no     ; --                   ; --               ; --                        ;
; coprocessador:C0|banco_registradores:u_regs|sprite_padrao[16][3]~1                                        ; LABCELL_X45_Y23_N9         ; 5       ; Clock enable                            ; no     ; --                   ; --               ; --                        ;
; coprocessador:C0|banco_registradores:u_regs|sprite_padrao[17][1]~5                                        ; MLABCELL_X47_Y22_N27       ; 5       ; Clock enable                            ; no     ; --                   ; --               ; --                        ;
; coprocessador:C0|banco_registradores:u_regs|sprite_padrao[18][3]~9                                        ; LABCELL_X45_Y21_N42        ; 5       ; Clock enable                            ; no     ; --                   ; --               ; --                        ;
; coprocessador:C0|banco_registradores:u_regs|sprite_padrao[19][3]~13                                       ; LABCELL_X48_Y22_N21        ; 5       ; Clock enable                            ; no     ; --                   ; --               ; --                        ;
; coprocessador:C0|banco_registradores:u_regs|sprite_padrao[1][0]~30                                        ; LABCELL_X36_Y21_N15        ; 5       ; Clock enable                            ; no     ; --                   ; --               ; --                        ;
; coprocessador:C0|banco_registradores:u_regs|sprite_padrao[20][3]~2                                        ; LABCELL_X45_Y23_N6         ; 5       ; Clock enable                            ; no     ; --                   ; --               ; --                        ;
; coprocessador:C0|banco_registradores:u_regs|sprite_padrao[21][4]~6                                        ; LABCELL_X46_Y23_N18        ; 5       ; Clock enable                            ; no     ; --                   ; --               ; --                        ;
; coprocessador:C0|banco_registradores:u_regs|sprite_padrao[22][1]~10                                       ; LABCELL_X45_Y21_N21        ; 5       ; Clock enable                            ; no     ; --                   ; --               ; --                        ;
; coprocessador:C0|banco_registradores:u_regs|sprite_padrao[23][4]~14                                       ; LABCELL_X36_Y20_N51        ; 5       ; Clock enable                            ; no     ; --                   ; --               ; --                        ;
; coprocessador:C0|banco_registradores:u_regs|sprite_padrao[24][4]~3                                        ; LABCELL_X36_Y20_N42        ; 5       ; Clock enable                            ; no     ; --                   ; --               ; --                        ;
; coprocessador:C0|banco_registradores:u_regs|sprite_padrao[25][1]~7                                        ; LABCELL_X48_Y22_N27        ; 5       ; Clock enable                            ; no     ; --                   ; --               ; --                        ;
; coprocessador:C0|banco_registradores:u_regs|sprite_padrao[26][1]~11                                       ; LABCELL_X45_Y21_N57        ; 5       ; Clock enable                            ; no     ; --                   ; --               ; --                        ;
; coprocessador:C0|banco_registradores:u_regs|sprite_padrao[27][0]~15                                       ; MLABCELL_X47_Y24_N33       ; 5       ; Clock enable                            ; no     ; --                   ; --               ; --                        ;
; coprocessador:C0|banco_registradores:u_regs|sprite_padrao[28][2]~4                                        ; LABCELL_X48_Y22_N3         ; 5       ; Clock enable                            ; no     ; --                   ; --               ; --                        ;
; coprocessador:C0|banco_registradores:u_regs|sprite_padrao[29][1]~8                                        ; LABCELL_X48_Y21_N45        ; 5       ; Clock enable                            ; no     ; --                   ; --               ; --                        ;
; coprocessador:C0|banco_registradores:u_regs|sprite_padrao[2][1]~31                                        ; LABCELL_X36_Y21_N39        ; 5       ; Clock enable                            ; no     ; --                   ; --               ; --                        ;
; coprocessador:C0|banco_registradores:u_regs|sprite_padrao[30][4]~12                                       ; MLABCELL_X47_Y24_N3        ; 5       ; Clock enable                            ; no     ; --                   ; --               ; --                        ;
; coprocessador:C0|banco_registradores:u_regs|sprite_padrao[31][4]~16                                       ; MLABCELL_X39_Y20_N6        ; 5       ; Clock enable                            ; no     ; --                   ; --               ; --                        ;
; coprocessador:C0|banco_registradores:u_regs|sprite_padrao[3][0]~32                                        ; MLABCELL_X39_Y21_N30       ; 5       ; Clock enable                            ; no     ; --                   ; --               ; --                        ;
; coprocessador:C0|banco_registradores:u_regs|sprite_padrao[4][4]~25                                        ; LABCELL_X43_Y23_N57        ; 5       ; Clock enable                            ; no     ; --                   ; --               ; --                        ;
; coprocessador:C0|banco_registradores:u_regs|sprite_padrao[5][3]~26                                        ; MLABCELL_X39_Y21_N24       ; 5       ; Clock enable                            ; no     ; --                   ; --               ; --                        ;
; coprocessador:C0|banco_registradores:u_regs|sprite_padrao[6][4]~27                                        ; LABCELL_X45_Y12_N9         ; 5       ; Clock enable                            ; no     ; --                   ; --               ; --                        ;
; coprocessador:C0|banco_registradores:u_regs|sprite_padrao[7][2]~28                                        ; MLABCELL_X34_Y19_N24       ; 5       ; Clock enable                            ; no     ; --                   ; --               ; --                        ;
; coprocessador:C0|banco_registradores:u_regs|sprite_padrao[8][4]~17                                        ; LABCELL_X35_Y20_N42        ; 5       ; Clock enable                            ; no     ; --                   ; --               ; --                        ;
; coprocessador:C0|banco_registradores:u_regs|sprite_padrao[9][0]~18                                        ; LABCELL_X43_Y23_N0         ; 5       ; Clock enable                            ; no     ; --                   ; --               ; --                        ;
; coprocessador:C0|banco_registradores:u_regs|sprite_pri[0][2]~2                                            ; LABCELL_X36_Y21_N24        ; 4       ; Clock enable                            ; no     ; --                   ; --               ; --                        ;
; coprocessador:C0|banco_registradores:u_regs|sprite_pri[11][2]~12                                          ; LABCELL_X45_Y12_N0         ; 4       ; Clock enable                            ; no     ; --                   ; --               ; --                        ;
; coprocessador:C0|banco_registradores:u_regs|sprite_pri[12][2]~4                                           ; LABCELL_X37_Y20_N36        ; 4       ; Clock enable                            ; no     ; --                   ; --               ; --                        ;
; coprocessador:C0|banco_registradores:u_regs|sprite_pri[13][1]~13                                          ; LABCELL_X36_Y20_N54        ; 4       ; Clock enable                            ; no     ; --                   ; --               ; --                        ;
; coprocessador:C0|banco_registradores:u_regs|sprite_pri[14][1]~6                                           ; MLABCELL_X34_Y20_N9        ; 4       ; Clock enable                            ; no     ; --                   ; --               ; --                        ;
; coprocessador:C0|banco_registradores:u_regs|sprite_pri[15][0]~14                                          ; MLABCELL_X47_Y14_N36       ; 4       ; Clock enable                            ; no     ; --                   ; --               ; --                        ;
; coprocessador:C0|banco_registradores:u_regs|sprite_pri[18][0]~15                                          ; LABCELL_X50_Y22_N18        ; 4       ; Clock enable                            ; no     ; --                   ; --               ; --                        ;
; coprocessador:C0|banco_registradores:u_regs|sprite_pri[19][0]~18                                          ; LABCELL_X48_Y22_N36        ; 4       ; Clock enable                            ; no     ; --                   ; --               ; --                        ;
; coprocessador:C0|banco_registradores:u_regs|sprite_pri[28][1]~16                                          ; LABCELL_X48_Y22_N48        ; 4       ; Clock enable                            ; no     ; --                   ; --               ; --                        ;
; coprocessador:C0|banco_registradores:u_regs|sprite_pri[2][0]~7                                            ; LABCELL_X36_Y21_N48        ; 4       ; Clock enable                            ; no     ; --                   ; --               ; --                        ;
; coprocessador:C0|banco_registradores:u_regs|sprite_pri[30][2]~17                                          ; MLABCELL_X39_Y22_N15       ; 4       ; Clock enable                            ; no     ; --                   ; --               ; --                        ;
; coprocessador:C0|banco_registradores:u_regs|sprite_pri[31][1]~19                                          ; MLABCELL_X39_Y20_N48       ; 4       ; Clock enable                            ; no     ; --                   ; --               ; --                        ;
; coprocessador:C0|banco_registradores:u_regs|sprite_pri[5][1]~8                                            ; MLABCELL_X39_Y21_N9        ; 4       ; Clock enable                            ; no     ; --                   ; --               ; --                        ;
; coprocessador:C0|banco_registradores:u_regs|sprite_pri[6][2]~9                                            ; LABCELL_X45_Y12_N48        ; 4       ; Clock enable                            ; no     ; --                   ; --               ; --                        ;
; coprocessador:C0|banco_registradores:u_regs|sprite_pri[7][2]~10                                           ; MLABCELL_X34_Y19_N51       ; 4       ; Clock enable                            ; no     ; --                   ; --               ; --                        ;
; coprocessador:C0|banco_registradores:u_regs|sprite_pri[8][0]~3                                            ; LABCELL_X35_Y20_N33        ; 4       ; Clock enable                            ; no     ; --                   ; --               ; --                        ;
; coprocessador:C0|banco_registradores:u_regs|sprite_pri[9][1]~11                                           ; LABCELL_X35_Y20_N27        ; 4       ; Clock enable                            ; no     ; --                   ; --               ; --                        ;
; coprocessador:C0|banco_registradores:u_regs|sprite_sel[4]~0                                               ; LABCELL_X36_Y20_N24        ; 5       ; Clock enable                            ; no     ; --                   ; --               ; --                        ;
; coprocessador:C0|banco_registradores:u_regs|sprite_x[0][8]~1                                              ; LABCELL_X36_Y21_N42        ; 9       ; Clock enable                            ; no     ; --                   ; --               ; --                        ;
; coprocessador:C0|banco_registradores:u_regs|sprite_x[10][8]~10                                            ; MLABCELL_X39_Y21_N42       ; 9       ; Clock enable                            ; no     ; --                   ; --               ; --                        ;
; coprocessador:C0|banco_registradores:u_regs|sprite_x[11][0]~11                                            ; LABCELL_X45_Y12_N36        ; 9       ; Clock enable                            ; no     ; --                   ; --               ; --                        ;
; coprocessador:C0|banco_registradores:u_regs|sprite_x[12][2]~12                                            ; MLABCELL_X39_Y20_N57       ; 9       ; Clock enable                            ; no     ; --                   ; --               ; --                        ;
; coprocessador:C0|banco_registradores:u_regs|sprite_x[13][0]~13                                            ; LABCELL_X36_Y20_N6         ; 9       ; Clock enable                            ; no     ; --                   ; --               ; --                        ;
; coprocessador:C0|banco_registradores:u_regs|sprite_x[14][2]~14                                            ; MLABCELL_X34_Y20_N6        ; 9       ; Clock enable                            ; no     ; --                   ; --               ; --                        ;
; coprocessador:C0|banco_registradores:u_regs|sprite_x[15][4]~15                                            ; MLABCELL_X34_Y20_N54       ; 9       ; Clock enable                            ; no     ; --                   ; --               ; --                        ;
; coprocessador:C0|banco_registradores:u_regs|sprite_x[16][7]~16                                            ; MLABCELL_X47_Y22_N15       ; 9       ; Clock enable                            ; no     ; --                   ; --               ; --                        ;
; coprocessador:C0|banco_registradores:u_regs|sprite_x[17][4]~17                                            ; MLABCELL_X47_Y22_N24       ; 9       ; Clock enable                            ; no     ; --                   ; --               ; --                        ;
; coprocessador:C0|banco_registradores:u_regs|sprite_x[18][7]~18                                            ; LABCELL_X50_Y22_N21        ; 9       ; Clock enable                            ; no     ; --                   ; --               ; --                        ;
; coprocessador:C0|banco_registradores:u_regs|sprite_x[19][4]~19                                            ; LABCELL_X48_Y22_N54        ; 9       ; Clock enable                            ; no     ; --                   ; --               ; --                        ;
; coprocessador:C0|banco_registradores:u_regs|sprite_x[1][6]~0                                              ; LABCELL_X36_Y21_N12        ; 9       ; Clock enable                            ; no     ; --                   ; --               ; --                        ;
; coprocessador:C0|banco_registradores:u_regs|sprite_x[20][8]~20                                            ; LABCELL_X45_Y25_N12        ; 9       ; Clock enable                            ; no     ; --                   ; --               ; --                        ;
; coprocessador:C0|banco_registradores:u_regs|sprite_x[21][5]~21                                            ; LABCELL_X46_Y23_N33        ; 9       ; Clock enable                            ; no     ; --                   ; --               ; --                        ;
; coprocessador:C0|banco_registradores:u_regs|sprite_x[22][3]~22                                            ; LABCELL_X43_Y25_N57        ; 9       ; Clock enable                            ; no     ; --                   ; --               ; --                        ;
; coprocessador:C0|banco_registradores:u_regs|sprite_x[23][5]~23                                            ; LABCELL_X36_Y20_N30        ; 9       ; Clock enable                            ; no     ; --                   ; --               ; --                        ;
; coprocessador:C0|banco_registradores:u_regs|sprite_x[24][3]~24                                            ; LABCELL_X43_Y22_N18        ; 9       ; Clock enable                            ; no     ; --                   ; --               ; --                        ;
; coprocessador:C0|banco_registradores:u_regs|sprite_x[25][3]~25                                            ; MLABCELL_X47_Y24_N42       ; 9       ; Clock enable                            ; no     ; --                   ; --               ; --                        ;
; coprocessador:C0|banco_registradores:u_regs|sprite_x[26][6]~26                                            ; LABCELL_X42_Y23_N39        ; 9       ; Clock enable                            ; no     ; --                   ; --               ; --                        ;
; coprocessador:C0|banco_registradores:u_regs|sprite_x[27][5]~27                                            ; LABCELL_X43_Y22_N48        ; 9       ; Clock enable                            ; no     ; --                   ; --               ; --                        ;
; coprocessador:C0|banco_registradores:u_regs|sprite_x[28][0]~28                                            ; LABCELL_X48_Y22_N45        ; 9       ; Clock enable                            ; no     ; --                   ; --               ; --                        ;
; coprocessador:C0|banco_registradores:u_regs|sprite_x[29][3]~29                                            ; LABCELL_X50_Y23_N57        ; 9       ; Clock enable                            ; no     ; --                   ; --               ; --                        ;
; coprocessador:C0|banco_registradores:u_regs|sprite_x[2][2]~2                                              ; LABCELL_X36_Y21_N36        ; 9       ; Clock enable                            ; no     ; --                   ; --               ; --                        ;
; coprocessador:C0|banco_registradores:u_regs|sprite_x[30][3]~30                                            ; LABCELL_X36_Y23_N39        ; 9       ; Clock enable                            ; no     ; --                   ; --               ; --                        ;
; coprocessador:C0|banco_registradores:u_regs|sprite_x[31][0]~31                                            ; MLABCELL_X39_Y20_N42       ; 9       ; Clock enable                            ; no     ; --                   ; --               ; --                        ;
; coprocessador:C0|banco_registradores:u_regs|sprite_x[3][5]~3                                              ; LABCELL_X36_Y21_N33        ; 9       ; Clock enable                            ; no     ; --                   ; --               ; --                        ;
; coprocessador:C0|banco_registradores:u_regs|sprite_x[4][3]~4                                              ; MLABCELL_X39_Y20_N30       ; 9       ; Clock enable                            ; no     ; --                   ; --               ; --                        ;
; coprocessador:C0|banco_registradores:u_regs|sprite_x[5][5]~5                                              ; LABCELL_X31_Y13_N48        ; 9       ; Clock enable                            ; no     ; --                   ; --               ; --                        ;
; coprocessador:C0|banco_registradores:u_regs|sprite_x[6][8]~6                                              ; LABCELL_X45_Y12_N6         ; 9       ; Clock enable                            ; no     ; --                   ; --               ; --                        ;
; coprocessador:C0|banco_registradores:u_regs|sprite_x[7][6]~7                                              ; MLABCELL_X34_Y19_N30       ; 9       ; Clock enable                            ; no     ; --                   ; --               ; --                        ;
; coprocessador:C0|banco_registradores:u_regs|sprite_x[8][8]~8                                              ; LABCELL_X35_Y20_N12        ; 9       ; Clock enable                            ; no     ; --                   ; --               ; --                        ;
; coprocessador:C0|banco_registradores:u_regs|sprite_x[9][5]~9                                              ; MLABCELL_X34_Y19_N6        ; 9       ; Clock enable                            ; no     ; --                   ; --               ; --                        ;
; coprocessador:C0|banco_registradores:u_regs|sprite_y[0][0]~1                                              ; LABCELL_X36_Y21_N27        ; 9       ; Clock enable                            ; no     ; --                   ; --               ; --                        ;
; coprocessador:C0|banco_registradores:u_regs|sprite_y[10][6]~10                                            ; LABCELL_X37_Y21_N39        ; 9       ; Clock enable                            ; no     ; --                   ; --               ; --                        ;
; coprocessador:C0|banco_registradores:u_regs|sprite_y[11][7]~11                                            ; LABCELL_X45_Y12_N21        ; 9       ; Clock enable                            ; no     ; --                   ; --               ; --                        ;
; coprocessador:C0|banco_registradores:u_regs|sprite_y[12][8]~12                                            ; LABCELL_X37_Y20_N39        ; 9       ; Clock enable                            ; no     ; --                   ; --               ; --                        ;
; coprocessador:C0|banco_registradores:u_regs|sprite_y[13][5]~13                                            ; LABCELL_X36_Y20_N57        ; 9       ; Clock enable                            ; no     ; --                   ; --               ; --                        ;
; coprocessador:C0|banco_registradores:u_regs|sprite_y[14][7]~14                                            ; MLABCELL_X34_Y20_N15       ; 9       ; Clock enable                            ; no     ; --                   ; --               ; --                        ;
; coprocessador:C0|banco_registradores:u_regs|sprite_y[15][5]~15                                            ; MLABCELL_X34_Y20_N39       ; 9       ; Clock enable                            ; no     ; --                   ; --               ; --                        ;
; coprocessador:C0|banco_registradores:u_regs|sprite_y[16][6]~16                                            ; MLABCELL_X47_Y22_N39       ; 9       ; Clock enable                            ; no     ; --                   ; --               ; --                        ;
; coprocessador:C0|banco_registradores:u_regs|sprite_y[17][3]~17                                            ; MLABCELL_X47_Y22_N45       ; 9       ; Clock enable                            ; no     ; --                   ; --               ; --                        ;
; coprocessador:C0|banco_registradores:u_regs|sprite_y[18][5]~18                                            ; LABCELL_X35_Y21_N54        ; 9       ; Clock enable                            ; no     ; --                   ; --               ; --                        ;
; coprocessador:C0|banco_registradores:u_regs|sprite_y[19][2]~19                                            ; LABCELL_X48_Y22_N57        ; 9       ; Clock enable                            ; no     ; --                   ; --               ; --                        ;
; coprocessador:C0|banco_registradores:u_regs|sprite_y[1][6]~0                                              ; LABCELL_X36_Y21_N9         ; 9       ; Clock enable                            ; no     ; --                   ; --               ; --                        ;
; coprocessador:C0|banco_registradores:u_regs|sprite_y[20][1]~20                                            ; MLABCELL_X47_Y22_N48       ; 9       ; Clock enable                            ; no     ; --                   ; --               ; --                        ;
; coprocessador:C0|banco_registradores:u_regs|sprite_y[21][3]~21                                            ; LABCELL_X46_Y23_N36        ; 9       ; Clock enable                            ; no     ; --                   ; --               ; --                        ;
; coprocessador:C0|banco_registradores:u_regs|sprite_y[22][0]~22                                            ; LABCELL_X43_Y25_N39        ; 9       ; Clock enable                            ; no     ; --                   ; --               ; --                        ;
; coprocessador:C0|banco_registradores:u_regs|sprite_y[23][4]~23                                            ; LABCELL_X36_Y20_N33        ; 9       ; Clock enable                            ; no     ; --                   ; --               ; --                        ;
; coprocessador:C0|banco_registradores:u_regs|sprite_y[24][8]~24                                            ; LABCELL_X48_Y22_N12        ; 9       ; Clock enable                            ; no     ; --                   ; --               ; --                        ;
; coprocessador:C0|banco_registradores:u_regs|sprite_y[25][3]~25                                            ; LABCELL_X48_Y22_N24        ; 9       ; Clock enable                            ; no     ; --                   ; --               ; --                        ;
; coprocessador:C0|banco_registradores:u_regs|sprite_y[26][3]~26                                            ; LABCELL_X40_Y21_N45        ; 9       ; Clock enable                            ; no     ; --                   ; --               ; --                        ;
; coprocessador:C0|banco_registradores:u_regs|sprite_y[27][7]~27                                            ; LABCELL_X43_Y22_N45        ; 9       ; Clock enable                            ; no     ; --                   ; --               ; --                        ;
; coprocessador:C0|banco_registradores:u_regs|sprite_y[28][4]~28                                            ; LABCELL_X48_Y22_N0         ; 9       ; Clock enable                            ; no     ; --                   ; --               ; --                        ;
; coprocessador:C0|banco_registradores:u_regs|sprite_y[29][5]~29                                            ; LABCELL_X48_Y21_N42        ; 9       ; Clock enable                            ; no     ; --                   ; --               ; --                        ;
; coprocessador:C0|banco_registradores:u_regs|sprite_y[2][0]~2                                              ; LABCELL_X36_Y21_N51        ; 9       ; Clock enable                            ; no     ; --                   ; --               ; --                        ;
; coprocessador:C0|banco_registradores:u_regs|sprite_y[30][8]~30                                            ; LABCELL_X36_Y23_N9         ; 9       ; Clock enable                            ; no     ; --                   ; --               ; --                        ;
; coprocessador:C0|banco_registradores:u_regs|sprite_y[31][8]~31                                            ; MLABCELL_X39_Y20_N39       ; 9       ; Clock enable                            ; no     ; --                   ; --               ; --                        ;
; coprocessador:C0|banco_registradores:u_regs|sprite_y[3][0]~3                                              ; LABCELL_X36_Y21_N54        ; 9       ; Clock enable                            ; no     ; --                   ; --               ; --                        ;
; coprocessador:C0|banco_registradores:u_regs|sprite_y[4][0]~4                                              ; MLABCELL_X39_Y20_N12       ; 9       ; Clock enable                            ; no     ; --                   ; --               ; --                        ;
; coprocessador:C0|banco_registradores:u_regs|sprite_y[5][0]~5                                              ; LABCELL_X31_Y13_N9         ; 9       ; Clock enable                            ; no     ; --                   ; --               ; --                        ;
; coprocessador:C0|banco_registradores:u_regs|sprite_y[6][3]~6                                              ; LABCELL_X45_Y12_N51        ; 9       ; Clock enable                            ; no     ; --                   ; --               ; --                        ;
; coprocessador:C0|banco_registradores:u_regs|sprite_y[7][8]~7                                              ; MLABCELL_X34_Y19_N39       ; 9       ; Clock enable                            ; no     ; --                   ; --               ; --                        ;
; coprocessador:C0|banco_registradores:u_regs|sprite_y[8][1]~8                                              ; LABCELL_X35_Y20_N9         ; 9       ; Clock enable                            ; no     ; --                   ; --               ; --                        ;
; coprocessador:C0|banco_registradores:u_regs|sprite_y[9][5]~9                                              ; LABCELL_X37_Y20_N33        ; 9       ; Clock enable                            ; no     ; --                   ; --               ; --                        ;
; coprocessador:C0|bg_scroll_y_quadro[2]~0                                                                  ; LABCELL_X29_Y19_N15        ; 16      ; Clock enable                            ; no     ; --                   ; --               ; --                        ;
; coprocessador:C0|debounce_edge:u_db0|contador[5]~0                                                        ; LABCELL_X36_Y10_N24        ; 16      ; Sync. clear                             ; no     ; --                   ; --               ; --                        ;
; coprocessador:C0|debounce_edge:u_db1|contador[15]~0                                                       ; MLABCELL_X39_Y27_N18       ; 16      ; Sync. clear                             ; no     ; --                   ; --               ; --                        ;
; coprocessador:C0|debounce_edge:u_db2|contador[0]~0                                                        ; MLABCELL_X39_Y27_N42       ; 16      ; Sync. clear                             ; no     ; --                   ; --               ; --                        ;
; coprocessador:C0|hc[8]~0                                                                                  ; MLABCELL_X34_Y17_N12       ; 10      ; Sync. clear                             ; no     ; --                   ; --               ; --                        ;
; coprocessador:C0|meu_pll:u_pll|meu_pll_0002:meu_pll_inst|altera_pll:altera_pll_i|outclk_wire[0]           ; PLLOUTPUTCOUNTER_X0_Y21_N1 ; 176     ; Clock                                   ; yes    ; Global Clock         ; GCLK0            ; --                        ;
; coprocessador:C0|motor_background:u_motor_bg|padrao_addr[13]                                              ; FF_X29_Y19_N37             ; 17      ; Clock enable                            ; no     ; --                   ; --               ; --                        ;
; coprocessador:C0|pllpara100:pllmhz|pllpara100_0002:pllpara100_inst|altera_pll:altera_pll_i|outclk_wire[0] ; PLLOUTPUTCOUNTER_X0_Y5_N1  ; 1240    ; Clock                                   ; yes    ; Global Clock         ; GCLK5            ; --                        ;
; coprocessador:C0|porta_estimulo:u_estimulo|bg_started                                                     ; FF_X34_Y24_N8              ; 33      ; Sync. load                              ; no     ; --                   ; --               ; --                        ;
; coprocessador:C0|porta_estimulo:u_estimulo|cen_lat[1]~2                                                   ; MLABCELL_X39_Y25_N0        ; 3       ; Clock enable                            ; no     ; --                   ; --               ; --                        ;
; coprocessador:C0|porta_estimulo:u_estimulo|dado_seq[5]~31                                                 ; MLABCELL_X34_Y26_N30       ; 2       ; Clock enable                            ; no     ; --                   ; --               ; --                        ;
; coprocessador:C0|porta_estimulo:u_estimulo|dado_seq~1                                                     ; MLABCELL_X34_Y24_N42       ; 15      ; Clock enable                            ; no     ; --                   ; --               ; --                        ;
; coprocessador:C0|porta_estimulo:u_estimulo|last_confirmed_sprite[0]~1                                     ; MLABCELL_X39_Y25_N12       ; 5       ; Clock enable                            ; no     ; --                   ; --               ; --                        ;
; coprocessador:C0|porta_estimulo:u_estimulo|mov_continuo:u_move_sprite|endereco~1                          ; LABCELL_X30_Y25_N54        ; 11      ; Clock enable                            ; no     ; --                   ; --               ; --                        ;
; coprocessador:C0|porta_estimulo:u_estimulo|mov_continuo:u_move_sprite|timer[1]~0                          ; LABCELL_X30_Y25_N48        ; 20      ; Sync. clear                             ; no     ; --                   ; --               ; --                        ;
; coprocessador:C0|porta_estimulo:u_estimulo|mov_continuo:u_move_sprite|x_local[8]~0                        ; LABCELL_X30_Y25_N6         ; 20      ; Sync. load                              ; no     ; --                   ; --               ; --                        ;
; coprocessador:C0|porta_estimulo:u_estimulo|mov_continuo:u_move_sprite|x_local[8]~1                        ; LABCELL_X30_Y25_N0         ; 9       ; Clock enable                            ; no     ; --                   ; --               ; --                        ;
; coprocessador:C0|porta_estimulo:u_estimulo|mov_continuo:u_move_sprite|y_local[0]~0                        ; LABCELL_X30_Y25_N21        ; 9       ; Clock enable                            ; no     ; --                   ; --               ; --                        ;
; coprocessador:C0|porta_estimulo:u_estimulo|mov_continuo:u_scroll_bg|endereco[1]~1                         ; MLABCELL_X25_Y23_N39       ; 11      ; Clock enable                            ; no     ; --                   ; --               ; --                        ;
; coprocessador:C0|porta_estimulo:u_estimulo|mov_continuo:u_scroll_bg|timer[14]~0                           ; MLABCELL_X25_Y24_N54       ; 20      ; Sync. clear                             ; no     ; --                   ; --               ; --                        ;
; coprocessador:C0|porta_estimulo:u_estimulo|mov_continuo:u_scroll_bg|x_local[0]~0                          ; MLABCELL_X25_Y24_N42       ; 18      ; Sync. clear                             ; no     ; --                   ; --               ; --                        ;
; coprocessador:C0|porta_estimulo:u_estimulo|mov_continuo:u_scroll_bg|x_local[0]~1                          ; MLABCELL_X25_Y24_N39       ; 8       ; Clock enable                            ; no     ; --                   ; --               ; --                        ;
; coprocessador:C0|porta_estimulo:u_estimulo|mov_continuo:u_scroll_bg|y_local[7]~0                          ; MLABCELL_X25_Y24_N30       ; 8       ; Clock enable                            ; no     ; --                   ; --               ; --                        ;
; coprocessador:C0|porta_estimulo:u_estimulo|passo[0]~4                                                     ; LABCELL_X31_Y27_N54        ; 4       ; Clock enable                            ; no     ; --                   ; --               ; --                        ;
; coprocessador:C0|porta_estimulo:u_estimulo|passo_max[0]~4                                                 ; MLABCELL_X39_Y25_N18       ; 4       ; Clock enable                            ; no     ; --                   ; --               ; --                        ;
; coprocessador:C0|porta_estimulo:u_estimulo|poly_tipo_cursor[1]~1                                          ; LABCELL_X57_Y23_N18        ; 3       ; Clock enable                            ; no     ; --                   ; --               ; --                        ;
; coprocessador:C0|porta_estimulo:u_estimulo|poly_tipo_lat[0]~0                                             ; MLABCELL_X39_Y25_N15       ; 14      ; Clock enable                            ; no     ; --                   ; --               ; --                        ;
; coprocessador:C0|porta_estimulo:u_estimulo|spr_lat[4]~2                                                   ; MLABCELL_X39_Y25_N21       ; 5       ; Clock enable                            ; no     ; --                   ; --               ; --                        ;
; coprocessador:C0|porta_estimulo:u_estimulo|sprite_cursor[3]~2                                             ; MLABCELL_X39_Y25_N54       ; 5       ; Clock enable                            ; no     ; --                   ; --               ; --                        ;
; coprocessador:C0|reset~0                                                                                  ; LABCELL_X30_Y25_N27        ; 1289    ; Async. clear, Clock enable, Sync. clear ; no     ; --                   ; --               ; --                        ;
; coprocessador:C0|vc[4]~0                                                                                  ; LABCELL_X30_Y20_N24        ; 12      ; Sync. clear                             ; no     ; --                   ; --               ; --                        ;
; coprocessador:C0|vc[4]~1                                                                                  ; LABCELL_X30_Y20_N27        ; 12      ; Clock enable                            ; no     ; --                   ; --               ; --                        ;
; coprocessador:C0|vga_driver:u_vga|h_counter[3]~3                                                          ; LABCELL_X22_Y18_N45        ; 10      ; Sync. clear                             ; no     ; --                   ; --               ; --                        ;
; coprocessador:C0|vga_driver:u_vga|red_reg[6]~2                                                            ; MLABCELL_X28_Y21_N24       ; 8       ; Sync. clear                             ; no     ; --                   ; --               ; --                        ;
; coprocessador:C0|vga_driver:u_vga|v_counter[0]~3                                                          ; LABCELL_X27_Y22_N24        ; 10      ; Sync. clear                             ; no     ; --                   ; --               ; --                        ;
; coprocessador:C0|vga_driver:u_vga|v_counter[0]~4                                                          ; LABCELL_X27_Y22_N9         ; 10      ; Clock enable                            ; no     ; --                   ; --               ; --                        ;
+-----------------------------------------------------------------------------------------------------------+----------------------------+---------+-----------------------------------------+--------+----------------------+------------------+---------------------------+


+------------------------------------------------------------------------------------------------------------------------------------------------------------------------------------------------------------------------+
; Global & Other Fast Signals                                                                                                                                                                                            ;
+-----------------------------------------------------------------------------------------------------------+----------------------------+---------+----------------------+------------------+---------------------------+
; Name                                                                                                      ; Location                   ; Fan-Out ; Global Resource Used ; Global Line Name ; Enable Signal Source Name ;
+-----------------------------------------------------------------------------------------------------------+----------------------------+---------+----------------------+------------------+---------------------------+
; CLOCK_50                                                                                                  ; PIN_AF14                   ; 228     ; Global Clock         ; GCLK7            ; --                        ;
; coprocessador:C0|meu_pll:u_pll|meu_pll_0002:meu_pll_inst|altera_pll:altera_pll_i|outclk_wire[0]           ; PLLOUTPUTCOUNTER_X0_Y21_N1 ; 176     ; Global Clock         ; GCLK0            ; --                        ;
; coprocessador:C0|pllpara100:pllmhz|pllpara100_0002:pllpara100_inst|altera_pll:altera_pll_i|outclk_wire[0] ; PLLOUTPUTCOUNTER_X0_Y5_N1  ; 1240    ; Global Clock         ; GCLK5            ; --                        ;
+-----------------------------------------------------------------------------------------------------------+----------------------------+---------+----------------------+------------------+---------------------------+


+------------------------------------+
; Non-Global High Fan-Out Signals    ;
+--------------------------+---------+
; Name                     ; Fan-Out ;
+--------------------------+---------+
; coprocessador:C0|reset~0 ; 1289    ;
; ~GND                     ; 815     ;
+--------------------------+---------+


+-----------------------------------------------------------------------------------------------------------------------------------------------------------------------------------------------------------------------------------------------------------------------------------------------------------------------------------------------------------------------------------------------------------------------------------------------------------------------------------------------------------------------------------------------------------------------------------------------------------------------------------------------------------------------------------------------------------------------------------------------------------------------------------------------------------------------------------------------------------------------------------------------------------------------------------------------+
; Fitter RAM Summary                                                                                                                                                                                                                                                                                                                                                                                                                                                                                                                                                                                                                                                                                                                                                                                                                                                                                                                            ;
+-------------------------------------------------------------------------------------------------------------------+------------+------------------+--------------+--------------+--------------+--------------+--------------+------------------------+-------------------------+------------------------+-------------------------+--------+-----------------------------+-----------------------------+-----------------------------+-----------------------------+---------------------+-------------+-------+---------------------+--------------------------------------------------------------------------------------------------------------------------------------------------------------------------------------------------------------------------------------------------------------------------------+----------------------+-----------------+-----------------+----------+------------------------+-----------------------+
; Name                                                                                                              ; Type       ; Mode             ; Clock Mode   ; Port A Depth ; Port A Width ; Port B Depth ; Port B Width ; Port A Input Registers ; Port A Output Registers ; Port B Input Registers ; Port B Output Registers ; Size   ; Implementation Port A Depth ; Implementation Port A Width ; Implementation Port B Depth ; Implementation Port B Width ; Implementation Bits ; M10K blocks ; MLABs ; MIF                 ; Location                                                                                                                                                                                                                                                                       ; Mixed Width RDW Mode ; Port A RDW Mode ; Port B RDW Mode ; ECC Mode ; ECC Pipeline Registers ; Fits in MLABs         ;
+-------------------------------------------------------------------------------------------------------------------+------------+------------------+--------------+--------------+--------------+--------------+--------------+------------------------+-------------------------+------------------------+-------------------------+--------+-----------------------------+-----------------------------+-----------------------------+-----------------------------+---------------------+-------------+-------+---------------------+--------------------------------------------------------------------------------------------------------------------------------------------------------------------------------------------------------------------------------------------------------------------------------+----------------------+-----------------+-----------------+----------+------------------------+-----------------------+
; coprocessador:C0|ram_padrao_tiles:ramtp|altsyncram:altsyncram_component|altsyncram_bm22:auto_generated|ALTSYNCRAM ; M10K block ; Simple Dual Port ; Single Clock ; 16384        ; 8            ; 16384        ; 8            ; yes                    ; no                      ; yes                    ; yes                     ; 131072 ; 16384                       ; 8                           ; 16384                       ; 8                           ; 131072              ; 16          ; 0     ; padroes_tiles.mif   ; M10K_X26_Y22_N0, M10K_X26_Y15_N0, M10K_X38_Y16_N0, M10K_X38_Y18_N0, M10K_X38_Y13_N0, M10K_X38_Y23_N0, M10K_X38_Y17_N0, M10K_X38_Y20_N0, M10K_X41_Y19_N0, M10K_X41_Y17_N0, M10K_X38_Y19_N0, M10K_X26_Y21_N0, M10K_X26_Y16_N0, M10K_X38_Y22_N0, M10K_X38_Y15_N0, M10K_X38_Y14_N0 ; Don't care           ; New data        ; New data        ; Off      ; No                     ; No - Address Too Wide ;
; coprocessador:C0|ram_sprites:rspt|altsyncram:altsyncram_component|altsyncram_kt22:auto_generated|ALTSYNCRAM       ; M10K block ; Simple Dual Port ; Single Clock ; 16384        ; 8            ; 16384        ; 8            ; yes                    ; no                      ; yes                    ; yes                     ; 131072 ; 8192                        ; 8                           ; 8192                        ; 8                           ; 65536               ; 8           ; 0     ; padroes_sprites.mif ; M10K_X41_Y21_N0, M10K_X41_Y24_N0, M10K_X38_Y26_N0, M10K_X41_Y23_N0, M10K_X41_Y25_N0, M10K_X38_Y21_N0, M10K_X38_Y25_N0, M10K_X38_Y24_N0                                                                                                                                         ; Don't care           ; New data        ; New data        ; Off      ; No                     ; No - Address Too Wide ;
; coprocessador:C0|ram_tilemap:ramA|altsyncram:altsyncram_component|altsyncram_j422:auto_generated|ALTSYNCRAM       ; M10K block ; Simple Dual Port ; Single Clock ; 2048         ; 8            ; 2048         ; 8            ; yes                    ; no                      ; yes                    ; yes                     ; 16384  ; 2048                        ; 8                           ; 2048                        ; 8                           ; 16384               ; 4           ; 0     ; tilemap_a.mif       ; M10K_X26_Y18_N0, M10K_X26_Y19_N0, M10K_X26_Y17_N0, M10K_X26_Y20_N0                                                                                                                                                                                                             ; Don't care           ; New data        ; New data        ; Off      ; No                     ; No - Address Too Wide ;
; coprocessador:C0|ram_tilemapB:ramB|altsyncram:altsyncram_component|altsyncram_k422:auto_generated|ALTSYNCRAM      ; M10K block ; Simple Dual Port ; Single Clock ; 2048         ; 8            ; 2048         ; 8            ; yes                    ; no                      ; yes                    ; yes                     ; 16384  ; 2048                        ; 8                           ; 2048                        ; 8                           ; 16384               ; 3           ; 0     ; tilemap_b.mif       ; M10K_X26_Y18_N0, M10K_X26_Y19_N0, M10K_X26_Y17_N0                                                                                                                                                                                                                              ; Don't care           ; New data        ; New data        ; Off      ; No                     ; No - Address Too Wide ;
+-------------------------------------------------------------------------------------------------------------------+------------+------------------+--------------+--------------+--------------+--------------+--------------+------------------------+-------------------------+------------------------+-------------------------+--------+-----------------------------+-----------------------------+-----------------------------+-----------------------------+---------------------+-------------+-------+---------------------+--------------------------------------------------------------------------------------------------------------------------------------------------------------------------------------------------------------------------------------------------------------------------------+----------------------+-----------------+-----------------+----------+------------------------+-----------------------+
Note: Fitter may spread logical memories into multiple blocks to improve timing. The actual required RAM blocks can be found in the Fitter Resource Usage section.


+--------------------------------------------------------+
; Fitter DSP Block Usage Summary                         ;
+------------------------------------------+-------------+
; Statistic                                ; Number Used ;
+------------------------------------------+-------------+
; Independent 27x27                        ; 24          ;
; Total number of DSP blocks               ; 24          ;
;                                          ;             ;
; Fixed Point Signed Multiplier            ; 24          ;
; Fixed Point Dedicated Output Adder Chain ; 12          ;
+------------------------------------------+-------------+


+-------------------------------------------------------------------------------------------------------------------------------------------------------------------------------------------------------------------------------------------------------------------------------------------------------------------------------------------------------------------------------------------------------------------------------------------------------+
; DSP Block Details                                                                                                                                                                                                                                                                                                                                                                                                                                     ;
+---------------------------------------------------------------+-------------------+----------------+---------------------+------------------------+------------------------+------------------------+------------------------+------------------------+------------------------+-----------------+--------------------------------+---------------------+-------------------------------+------------------------------+------------------------------+
; Name                                                          ; Mode              ; Location       ; Sign Representation ; Data AX Input Register ; Data AY Input Register ; Data AZ Input Register ; Data BX Input Register ; Data BY Input Register ; Data BZ Input Register ; Output Register ; Dedicated Shift Register Chain ; Dedicated Pre-Adder ; Dedicated Coefficient Storage ; Dedicated Output Adder Chain ; Dedicated Output Accumulator ;
+---------------------------------------------------------------+-------------------+----------------+---------------------+------------------------+------------------------+------------------------+------------------------+------------------------+------------------------+-----------------+--------------------------------+---------------------+-------------------------------+------------------------------+------------------------------+
; coprocessador:C0|rasterizador_multi:u_rasterizador|Mult17~mac ; Independent 27x27 ; DSP_X54_Y22_N0 ; Mixed               ; no                     ; no                     ; --                     ; --                     ; --                     ; --                     ; no              ; no                             ; no                  ; no                            ; yes                          ; no                           ;
; coprocessador:C0|rasterizador_multi:u_rasterizador|Mult15~mac ; Independent 27x27 ; DSP_X54_Y26_N0 ; Mixed               ; no                     ; no                     ; --                     ; --                     ; --                     ; --                     ; no              ; no                             ; no                  ; no                            ; yes                          ; no                           ;
; coprocessador:C0|rasterizador_multi:u_rasterizador|Mult13~mac ; Independent 27x27 ; DSP_X54_Y18_N0 ; Mixed               ; no                     ; no                     ; --                     ; --                     ; --                     ; --                     ; no              ; no                             ; no                  ; no                            ; yes                          ; no                           ;
; coprocessador:C0|rasterizador_multi:u_rasterizador|Mult23~mac ; Independent 27x27 ; DSP_X20_Y18_N0 ; Mixed               ; no                     ; no                     ; --                     ; --                     ; --                     ; --                     ; no              ; no                             ; no                  ; no                            ; yes                          ; no                           ;
; coprocessador:C0|rasterizador_multi:u_rasterizador|Mult21~mac ; Independent 27x27 ; DSP_X20_Y14_N0 ; Mixed               ; no                     ; no                     ; --                     ; --                     ; --                     ; --                     ; no              ; no                             ; no                  ; no                            ; yes                          ; no                           ;
; coprocessador:C0|rasterizador_multi:u_rasterizador|Mult19~mac ; Independent 27x27 ; DSP_X20_Y10_N0 ; Mixed               ; no                     ; no                     ; --                     ; --                     ; --                     ; --                     ; no              ; no                             ; no                  ; no                            ; yes                          ; no                           ;
; coprocessador:C0|rasterizador_multi:u_rasterizador|Mult11~mac ; Independent 27x27 ; DSP_X32_Y28_N0 ; Mixed               ; no                     ; no                     ; --                     ; --                     ; --                     ; --                     ; no              ; no                             ; no                  ; no                            ; yes                          ; no                           ;
; coprocessador:C0|rasterizador_multi:u_rasterizador|Mult9~mac  ; Independent 27x27 ; DSP_X32_Y24_N0 ; Mixed               ; no                     ; no                     ; --                     ; --                     ; --                     ; --                     ; no              ; no                             ; no                  ; no                            ; yes                          ; no                           ;
; coprocessador:C0|rasterizador_multi:u_rasterizador|Mult7~mac  ; Independent 27x27 ; DSP_X20_Y26_N0 ; Mixed               ; no                     ; no                     ; --                     ; --                     ; --                     ; --                     ; no              ; no                             ; no                  ; no                            ; yes                          ; no                           ;
; coprocessador:C0|rasterizador_multi:u_rasterizador|Mult5~mac  ; Independent 27x27 ; DSP_X32_Y16_N0 ; Mixed               ; no                     ; no                     ; --                     ; --                     ; --                     ; --                     ; no              ; no                             ; no                  ; no                            ; yes                          ; no                           ;
; coprocessador:C0|rasterizador_multi:u_rasterizador|Mult3~mac  ; Independent 27x27 ; DSP_X32_Y20_N0 ; Mixed               ; no                     ; no                     ; --                     ; --                     ; --                     ; --                     ; no              ; no                             ; no                  ; no                            ; yes                          ; no                           ;
; coprocessador:C0|rasterizador_multi:u_rasterizador|Mult1~mac  ; Independent 27x27 ; DSP_X20_Y22_N0 ; Mixed               ; no                     ; no                     ; --                     ; --                     ; --                     ; --                     ; no              ; no                             ; no                  ; no                            ; yes                          ; no                           ;
; coprocessador:C0|rasterizador_multi:u_rasterizador|Mult16~8   ; Independent 27x27 ; DSP_X54_Y24_N0 ; Mixed               ; no                     ; no                     ; --                     ; --                     ; --                     ; --                     ; no              ; no                             ; no                  ; no                            ; no                           ; no                           ;
; coprocessador:C0|rasterizador_multi:u_rasterizador|Mult14~8   ; Independent 27x27 ; DSP_X54_Y28_N0 ; Mixed               ; no                     ; no                     ; --                     ; --                     ; --                     ; --                     ; no              ; no                             ; no                  ; no                            ; no                           ; no                           ;
; coprocessador:C0|rasterizador_multi:u_rasterizador|Mult12~8   ; Independent 27x27 ; DSP_X54_Y20_N0 ; Mixed               ; no                     ; no                     ; --                     ; --                     ; --                     ; --                     ; no              ; no                             ; no                  ; no                            ; no                           ; no                           ;
; coprocessador:C0|rasterizador_multi:u_rasterizador|Mult22~8   ; Independent 27x27 ; DSP_X20_Y20_N0 ; Mixed               ; no                     ; no                     ; --                     ; --                     ; --                     ; --                     ; no              ; no                             ; no                  ; no                            ; no                           ; no                           ;
; coprocessador:C0|rasterizador_multi:u_rasterizador|Mult20~8   ; Independent 27x27 ; DSP_X20_Y16_N0 ; Mixed               ; no                     ; no                     ; --                     ; --                     ; --                     ; --                     ; no              ; no                             ; no                  ; no                            ; no                           ; no                           ;
; coprocessador:C0|rasterizador_multi:u_rasterizador|Mult18~8   ; Independent 27x27 ; DSP_X20_Y12_N0 ; Mixed               ; no                     ; no                     ; --                     ; --                     ; --                     ; --                     ; no              ; no                             ; no                  ; no                            ; no                           ; no                           ;
; coprocessador:C0|rasterizador_multi:u_rasterizador|Mult10~8   ; Independent 27x27 ; DSP_X32_Y30_N0 ; Mixed               ; no                     ; no                     ; --                     ; --                     ; --                     ; --                     ; no              ; no                             ; no                  ; no                            ; no                           ; no                           ;
; coprocessador:C0|rasterizador_multi:u_rasterizador|Mult8~8    ; Independent 27x27 ; DSP_X32_Y26_N0 ; Mixed               ; no                     ; no                     ; --                     ; --                     ; --                     ; --                     ; no              ; no                             ; no                  ; no                            ; no                           ; no                           ;
; coprocessador:C0|rasterizador_multi:u_rasterizador|Mult6~8    ; Independent 27x27 ; DSP_X20_Y28_N0 ; Mixed               ; no                     ; no                     ; --                     ; --                     ; --                     ; --                     ; no              ; no                             ; no                  ; no                            ; no                           ; no                           ;
; coprocessador:C0|rasterizador_multi:u_rasterizador|Mult4~8    ; Independent 27x27 ; DSP_X32_Y18_N0 ; Mixed               ; no                     ; no                     ; --                     ; --                     ; --                     ; --                     ; no              ; no                             ; no                  ; no                            ; no                           ; no                           ;
; coprocessador:C0|rasterizador_multi:u_rasterizador|Mult2~8    ; Independent 27x27 ; DSP_X32_Y22_N0 ; Mixed               ; no                     ; no                     ; --                     ; --                     ; --                     ; --                     ; no              ; no                             ; no                  ; no                            ; no                           ; no                           ;
; coprocessador:C0|rasterizador_multi:u_rasterizador|Mult0~8    ; Independent 27x27 ; DSP_X20_Y24_N0 ; Mixed               ; no                     ; no                     ; --                     ; --                     ; --                     ; --                     ; no              ; no                             ; no                  ; no                            ; no                           ; no                           ;
+---------------------------------------------------------------+-------------------+----------------+---------------------+------------------------+------------------------+------------------------+------------------------+------------------------+------------------------+-----------------+--------------------------------+---------------------+-------------------------------+------------------------------+------------------------------+


+------------------------------------------------------------------------+
; Routing Usage Summary                                                  ;
+---------------------------------------------+--------------------------+
; Routing Resource Type                       ; Usage                    ;
+---------------------------------------------+--------------------------+
; Block interconnects                         ; 11,075 / 289,320 ( 4 % ) ;
; C12 interconnects                           ; 305 / 13,420 ( 2 % )     ;
; C2 interconnects                            ; 4,666 / 119,108 ( 4 % )  ;
; C4 interconnects                            ; 2,619 / 56,300 ( 5 % )   ;
; DQS bus muxes                               ; 0 / 25 ( 0 % )           ;
; DQS-18 I/O buses                            ; 0 / 25 ( 0 % )           ;
; DQS-9 I/O buses                             ; 0 / 25 ( 0 % )           ;
; Direct links                                ; 636 / 289,320 ( < 1 % )  ;
; Global clocks                               ; 3 / 16 ( 19 % )          ;
; HPS SDRAM PLL inputs                        ; 0 / 1 ( 0 % )            ;
; HPS SDRAM PLL outputs                       ; 0 / 1 ( 0 % )            ;
; HPS_INTERFACE_BOOT_FROM_FPGA_INPUTs         ; 0 / 9 ( 0 % )            ;
; HPS_INTERFACE_CLOCKS_RESETS_INPUTs          ; 0 / 7 ( 0 % )            ;
; HPS_INTERFACE_CLOCKS_RESETS_OUTPUTs         ; 0 / 6 ( 0 % )            ;
; HPS_INTERFACE_CROSS_TRIGGER_INPUTs          ; 0 / 18 ( 0 % )           ;
; HPS_INTERFACE_CROSS_TRIGGER_OUTPUTs         ; 0 / 24 ( 0 % )           ;
; HPS_INTERFACE_DBG_APB_INPUTs                ; 0 / 37 ( 0 % )           ;
; HPS_INTERFACE_DBG_APB_OUTPUTs               ; 0 / 55 ( 0 % )           ;
; HPS_INTERFACE_DMA_INPUTs                    ; 0 / 16 ( 0 % )           ;
; HPS_INTERFACE_DMA_OUTPUTs                   ; 0 / 8 ( 0 % )            ;
; HPS_INTERFACE_FPGA2HPS_INPUTs               ; 0 / 287 ( 0 % )          ;
; HPS_INTERFACE_FPGA2HPS_OUTPUTs              ; 0 / 154 ( 0 % )          ;
; HPS_INTERFACE_FPGA2SDRAM_INPUTs             ; 0 / 852 ( 0 % )          ;
; HPS_INTERFACE_FPGA2SDRAM_OUTPUTs            ; 0 / 408 ( 0 % )          ;
; HPS_INTERFACE_HPS2FPGA_INPUTs               ; 0 / 165 ( 0 % )          ;
; HPS_INTERFACE_HPS2FPGA_LIGHT_WEIGHT_INPUTs  ; 0 / 67 ( 0 % )           ;
; HPS_INTERFACE_HPS2FPGA_LIGHT_WEIGHT_OUTPUTs ; 0 / 156 ( 0 % )          ;
; HPS_INTERFACE_HPS2FPGA_OUTPUTs              ; 0 / 282 ( 0 % )          ;
; HPS_INTERFACE_INTERRUPTS_INPUTs             ; 0 / 64 ( 0 % )           ;
; HPS_INTERFACE_INTERRUPTS_OUTPUTs            ; 0 / 42 ( 0 % )           ;
; HPS_INTERFACE_JTAG_OUTPUTs                  ; 0 / 5 ( 0 % )            ;
; HPS_INTERFACE_LOAN_IO_INPUTs                ; 0 / 142 ( 0 % )          ;
; HPS_INTERFACE_LOAN_IO_OUTPUTs               ; 0 / 85 ( 0 % )           ;
; HPS_INTERFACE_MPU_EVENT_STANDBY_INPUTs      ; 0 / 1 ( 0 % )            ;
; HPS_INTERFACE_MPU_EVENT_STANDBY_OUTPUTs     ; 0 / 5 ( 0 % )            ;
; HPS_INTERFACE_MPU_GENERAL_PURPOSE_INPUTs    ; 0 / 32 ( 0 % )           ;
; HPS_INTERFACE_MPU_GENERAL_PURPOSE_OUTPUTs   ; 0 / 32 ( 0 % )           ;
; HPS_INTERFACE_PERIPHERAL_CAN_INPUTs         ; 0 / 2 ( 0 % )            ;
; HPS_INTERFACE_PERIPHERAL_CAN_OUTPUTs        ; 0 / 2 ( 0 % )            ;
; HPS_INTERFACE_PERIPHERAL_EMAC_INPUTs        ; 0 / 32 ( 0 % )           ;
; HPS_INTERFACE_PERIPHERAL_EMAC_OUTPUTs       ; 0 / 34 ( 0 % )           ;
; HPS_INTERFACE_PERIPHERAL_I2C_INPUTs         ; 0 / 8 ( 0 % )            ;
; HPS_INTERFACE_PERIPHERAL_I2C_OUTPUTs        ; 0 / 8 ( 0 % )            ;
; HPS_INTERFACE_PERIPHERAL_NAND_INPUTs        ; 0 / 12 ( 0 % )           ;
; HPS_INTERFACE_PERIPHERAL_NAND_OUTPUTs       ; 0 / 18 ( 0 % )           ;
; HPS_INTERFACE_PERIPHERAL_QSPI_INPUTs        ; 0 / 4 ( 0 % )            ;
; HPS_INTERFACE_PERIPHERAL_QSPI_OUTPUTs       ; 0 / 13 ( 0 % )           ;
; HPS_INTERFACE_PERIPHERAL_SDMMC_INPUTs       ; 0 / 13 ( 0 % )           ;
; HPS_INTERFACE_PERIPHERAL_SDMMC_OUTPUTs      ; 0 / 22 ( 0 % )           ;
; HPS_INTERFACE_PERIPHERAL_SPI_MASTER_INPUTs  ; 0 / 4 ( 0 % )            ;
; HPS_INTERFACE_PERIPHERAL_SPI_MASTER_OUTPUTs ; 0 / 14 ( 0 % )           ;
; HPS_INTERFACE_PERIPHERAL_SPI_SLAVE_INPUTs   ; 0 / 6 ( 0 % )            ;
; HPS_INTERFACE_PERIPHERAL_SPI_SLAVE_OUTPUTs  ; 0 / 4 ( 0 % )            ;
; HPS_INTERFACE_PERIPHERAL_UART_INPUTs        ; 0 / 10 ( 0 % )           ;
; HPS_INTERFACE_PERIPHERAL_UART_OUTPUTs       ; 0 / 10 ( 0 % )           ;
; HPS_INTERFACE_PERIPHERAL_USB_INPUTs         ; 0 / 22 ( 0 % )           ;
; HPS_INTERFACE_PERIPHERAL_USB_OUTPUTs        ; 0 / 34 ( 0 % )           ;
; HPS_INTERFACE_STM_EVENT_INPUTs              ; 0 / 28 ( 0 % )           ;
; HPS_INTERFACE_TEST_INPUTs                   ; 0 / 610 ( 0 % )          ;
; HPS_INTERFACE_TEST_OUTPUTs                  ; 0 / 513 ( 0 % )          ;
; HPS_INTERFACE_TPIU_TRACE_INPUTs             ; 0 / 2 ( 0 % )            ;
; HPS_INTERFACE_TPIU_TRACE_OUTPUTs            ; 0 / 33 ( 0 % )           ;
; Horizontal periphery clocks                 ; 0 / 72 ( 0 % )           ;
; Local interconnects                         ; 2,212 / 84,580 ( 3 % )   ;
; Quadrant clocks                             ; 0 / 66 ( 0 % )           ;
; R14 interconnects                           ; 653 / 12,676 ( 5 % )     ;
; R14/C12 interconnect drivers                ; 854 / 20,720 ( 4 % )     ;
; R3 interconnects                            ; 5,844 / 130,992 ( 4 % )  ;
; R6 interconnects                            ; 8,693 / 266,960 ( 3 % )  ;
; Spine clocks                                ; 16 / 360 ( 4 % )         ;
; Wire stub REs                               ; 0 / 15,858 ( 0 % )       ;
+---------------------------------------------+--------------------------+


+------------------------------------------+
; I/O Rules Summary                        ;
+----------------------------------+-------+
; I/O Rules Statistic              ; Total ;
+----------------------------------+-------+
; Total I/O Rules                  ; 28    ;
; Number of I/O Rules Passed       ; 7     ;
; Number of I/O Rules Failed       ; 0     ;
; Number of I/O Rules Unchecked    ; 0     ;
; Number of I/O Rules Inapplicable ; 21    ;
+----------------------------------+-------+


+--------------------------------------------------------------------------------------------------------------------------------------------------------------------------------------------------------------------------------------------------------------------+
; I/O Rules Details                                                                                                                                                                                                                                                  ;
+--------------+-----------+-----------------------------------+------------------------------------------------------------------------------------+----------+--------------------------------------------------------------------------+------+-------------------+
; Status       ; ID        ; Category                          ; Rule Description                                                                   ; Severity ; Information                                                              ; Area ; Extra Information ;
+--------------+-----------+-----------------------------------+------------------------------------------------------------------------------------+----------+--------------------------------------------------------------------------+------+-------------------+
; Pass         ; IO_000001 ; Capacity Checks                   ; Number of pins in an I/O bank should not exceed the number of locations available. ; Critical ; 0 such failures found.                                                   ; I/O  ;                   ;
; Inapplicable ; IO_000002 ; Capacity Checks                   ; Number of clocks in an I/O bank should not exceed the number of clocks available.  ; Critical ; No Global Signal assignments found.                                      ; I/O  ;                   ;
; Pass         ; IO_000003 ; Capacity Checks                   ; Number of pins in a Vrefgroup should not exceed the number of locations available. ; Critical ; 0 such failures found.                                                   ; I/O  ;                   ;
; Inapplicable ; IO_000004 ; Voltage Compatibility Checks      ; The I/O bank should support the requested VCCIO.                                   ; Critical ; No IOBANK_VCCIO assignments found.                                       ; I/O  ;                   ;
; Inapplicable ; IO_000005 ; Voltage Compatibility Checks      ; The I/O bank should not have competing VREF values.                                ; Critical ; No VREF I/O Standard assignments found.                                  ; I/O  ;                   ;
; Pass         ; IO_000006 ; Voltage Compatibility Checks      ; The I/O bank should not have competing VCCIO values.                               ; Critical ; 0 such failures found.                                                   ; I/O  ;                   ;
; Pass         ; IO_000007 ; Valid Location Checks             ; Checks for unavailable locations.                                                  ; Critical ; 0 such failures found.                                                   ; I/O  ;                   ;
; Inapplicable ; IO_000008 ; Valid Location Checks             ; Checks for reserved locations.                                                     ; Critical ; No reserved LogicLock region found.                                      ; I/O  ;                   ;
; Pass         ; IO_000009 ; I/O Properties Checks for One I/O ; The location should support the requested I/O standard.                            ; Critical ; 0 such failures found.                                                   ; I/O  ;                   ;
; Pass         ; IO_000010 ; I/O Properties Checks for One I/O ; The location should support the requested I/O direction.                           ; Critical ; 0 such failures found.                                                   ; I/O  ;                   ;
; Inapplicable ; IO_000011 ; I/O Properties Checks for One I/O ; The location should support the requested Current Strength.                        ; Critical ; No Current Strength assignments found.                                   ; I/O  ;                   ;
; Inapplicable ; IO_000012 ; I/O Properties Checks for One I/O ; The location should support the requested On Chip Termination value.               ; Critical ; No Termination assignments found.                                        ; I/O  ;                   ;
; Inapplicable ; IO_000013 ; I/O Properties Checks for One I/O ; The location should support the requested Bus Hold value.                          ; Critical ; No Enable Bus-Hold Circuitry assignments found.                          ; I/O  ;                   ;
; Inapplicable ; IO_000014 ; I/O Properties Checks for One I/O ; The location should support the requested Weak Pull Up value.                      ; Critical ; No Weak Pull-Up Resistor assignments found.                              ; I/O  ;                   ;
; Inapplicable ; IO_000015 ; I/O Properties Checks for One I/O ; The location should support the requested PCI Clamp Diode.                         ; Critical ; No Clamping Diode assignments found.                                     ; I/O  ;                   ;
; Inapplicable ; IO_000018 ; I/O Properties Checks for One I/O ; The I/O standard should support the requested Current Strength.                    ; Critical ; No Current Strength assignments found.                                   ; I/O  ;                   ;
; Inapplicable ; IO_000019 ; I/O Properties Checks for One I/O ; The I/O standard should support the requested On Chip Termination value.           ; Critical ; No Termination assignments found.                                        ; I/O  ;                   ;
; Inapplicable ; IO_000020 ; I/O Properties Checks for One I/O ; The I/O standard should support the requested PCI Clamp Diode.                     ; Critical ; No Clamping Diode assignments found.                                     ; I/O  ;                   ;
; Inapplicable ; IO_000021 ; I/O Properties Checks for One I/O ; The I/O standard should support the requested Weak Pull Up value.                  ; Critical ; No Weak Pull-Up Resistor assignments found.                              ; I/O  ;                   ;
; Inapplicable ; IO_000022 ; I/O Properties Checks for One I/O ; The I/O standard should support the requested Bus Hold value.                      ; Critical ; No Enable Bus-Hold Circuitry assignments found.                          ; I/O  ;                   ;
; Pass         ; IO_000023 ; I/O Properties Checks for One I/O ; The I/O standard should support the Open Drain value.                              ; Critical ; 0 such failures found.                                                   ; I/O  ;                   ;
; Inapplicable ; IO_000024 ; I/O Properties Checks for One I/O ; The I/O direction should support the On Chip Termination value.                    ; Critical ; No Termination assignments found.                                        ; I/O  ;                   ;
; Inapplicable ; IO_000026 ; I/O Properties Checks for One I/O ; On Chip Termination and Current Strength should not be used at the same time.      ; Critical ; No Current Strength or Termination assignments found.                    ; I/O  ;                   ;
; Inapplicable ; IO_000027 ; I/O Properties Checks for One I/O ; Weak Pull Up and Bus Hold should not be used at the same time.                     ; Critical ; No Enable Bus-Hold Circuitry or Weak Pull-Up Resistor assignments found. ; I/O  ;                   ;
; Inapplicable ; IO_000045 ; I/O Properties Checks for One I/O ; The I/O standard should support the requested Slew Rate value.                     ; Critical ; No Slew Rate assignments found.                                          ; I/O  ;                   ;
; Inapplicable ; IO_000046 ; I/O Properties Checks for One I/O ; The location should support the requested Slew Rate value.                         ; Critical ; No Slew Rate assignments found.                                          ; I/O  ;                   ;
; Inapplicable ; IO_000047 ; I/O Properties Checks for One I/O ; On Chip Termination and Slew Rate should not be used at the same time.             ; Critical ; No Slew Rate assignments found.                                          ; I/O  ;                   ;
; Inapplicable ; IO_000034 ; SI Related Distance Checks        ; Single-ended outputs should be 0 LAB row(s) away from a differential I/O.          ; High     ; No Differential I/O Standard assignments found.                          ; I/O  ;                   ;
+--------------+-----------+-----------------------------------+------------------------------------------------------------------------------------+----------+--------------------------------------------------------------------------+------+-------------------+


+--------------------------------------------------------------------------------------------------------------------------------------------------------------------------------------------------------------------------------------------------------------------------------------------------------------------------------------------------------------------------------------------------------------------------------------+
; I/O Rules Matrix                                                                                                                                                                                                                                                                                                                                                                                                                     ;
+--------------------+-----------+--------------+-----------+--------------+--------------+-----------+-----------+--------------+-----------+-----------+--------------+--------------+--------------+--------------+--------------+--------------+--------------+--------------+--------------+--------------+--------------+--------------+--------------+--------------+--------------+--------------+--------------+--------------+
; Pin/Rules          ; IO_000001 ; IO_000002    ; IO_000003 ; IO_000004    ; IO_000005    ; IO_000006 ; IO_000007 ; IO_000008    ; IO_000009 ; IO_000010 ; IO_000011    ; IO_000012    ; IO_000013    ; IO_000014    ; IO_000015    ; IO_000018    ; IO_000019    ; IO_000020    ; IO_000021    ; IO_000022    ; IO_000023    ; IO_000024    ; IO_000026    ; IO_000027    ; IO_000045    ; IO_000046    ; IO_000047    ; IO_000034    ;
+--------------------+-----------+--------------+-----------+--------------+--------------+-----------+-----------+--------------+-----------+-----------+--------------+--------------+--------------+--------------+--------------+--------------+--------------+--------------+--------------+--------------+--------------+--------------+--------------+--------------+--------------+--------------+--------------+--------------+
; Total Pass         ; 241       ; 0            ; 241       ; 0            ; 0            ; 241       ; 241       ; 0            ; 241       ; 241       ; 0            ; 0            ; 0            ; 0            ; 0            ; 0            ; 0            ; 0            ; 0            ; 0            ; 96           ; 0            ; 0            ; 0            ; 0            ; 0            ; 0            ; 0            ;
; Total Unchecked    ; 0         ; 0            ; 0         ; 0            ; 0            ; 0         ; 0         ; 0            ; 0         ; 0         ; 0            ; 0            ; 0            ; 0            ; 0            ; 0            ; 0            ; 0            ; 0            ; 0            ; 0            ; 0            ; 0            ; 0            ; 0            ; 0            ; 0            ; 0            ;
; Total Inapplicable ; 0         ; 241          ; 0         ; 241          ; 241          ; 0         ; 0         ; 241          ; 0         ; 0         ; 241          ; 241          ; 241          ; 241          ; 241          ; 241          ; 241          ; 241          ; 241          ; 241          ; 145          ; 241          ; 241          ; 241          ; 241          ; 241          ; 241          ; 241          ;
; Total Fail         ; 0         ; 0            ; 0         ; 0            ; 0            ; 0         ; 0         ; 0            ; 0         ; 0         ; 0            ; 0            ; 0            ; 0            ; 0            ; 0            ; 0            ; 0            ; 0            ; 0            ; 0            ; 0            ; 0            ; 0            ; 0            ; 0            ; 0            ; 0            ;
; ADC_CONVST         ; Pass      ; Inapplicable ; Pass      ; Inapplicable ; Inapplicable ; Pass      ; Pass      ; Inapplicable ; Pass      ; Pass      ; Inapplicable ; Inapplicable ; Inapplicable ; Inapplicable ; Inapplicable ; Inapplicable ; Inapplicable ; Inapplicable ; Inapplicable ; Inapplicable ; Inapplicable ; Inapplicable ; Inapplicable ; Inapplicable ; Inapplicable ; Inapplicable ; Inapplicable ; Inapplicable ;
; ADC_DIN            ; Pass      ; Inapplicable ; Pass      ; Inapplicable ; Inapplicable ; Pass      ; Pass      ; Inapplicable ; Pass      ; Pass      ; Inapplicable ; Inapplicable ; Inapplicable ; Inapplicable ; Inapplicable ; Inapplicable ; Inapplicable ; Inapplicable ; Inapplicable ; Inapplicable ; Inapplicable ; Inapplicable ; Inapplicable ; Inapplicable ; Inapplicable ; Inapplicable ; Inapplicable ; Inapplicable ;
; ADC_DOUT           ; Pass      ; Inapplicable ; Pass      ; Inapplicable ; Inapplicable ; Pass      ; Pass      ; Inapplicable ; Pass      ; Pass      ; Inapplicable ; Inapplicable ; Inapplicable ; Inapplicable ; Inapplicable ; Inapplicable ; Inapplicable ; Inapplicable ; Inapplicable ; Inapplicable ; Inapplicable ; Inapplicable ; Inapplicable ; Inapplicable ; Inapplicable ; Inapplicable ; Inapplicable ; Inapplicable ;
; ADC_SCLK           ; Pass      ; Inapplicable ; Pass      ; Inapplicable ; Inapplicable ; Pass      ; Pass      ; Inapplicable ; Pass      ; Pass      ; Inapplicable ; Inapplicable ; Inapplicable ; Inapplicable ; Inapplicable ; Inapplicable ; Inapplicable ; Inapplicable ; Inapplicable ; Inapplicable ; Inapplicable ; Inapplicable ; Inapplicable ; Inapplicable ; Inapplicable ; Inapplicable ; Inapplicable ; Inapplicable ;
; AUD_ADCDAT         ; Pass      ; Inapplicable ; Pass      ; Inapplicable ; Inapplicable ; Pass      ; Pass      ; Inapplicable ; Pass      ; Pass      ; Inapplicable ; Inapplicable ; Inapplicable ; Inapplicable ; Inapplicable ; Inapplicable ; Inapplicable ; Inapplicable ; Inapplicable ; Inapplicable ; Inapplicable ; Inapplicable ; Inapplicable ; Inapplicable ; Inapplicable ; Inapplicable ; Inapplicable ; Inapplicable ;
; AUD_DACDAT         ; Pass      ; Inapplicable ; Pass      ; Inapplicable ; Inapplicable ; Pass      ; Pass      ; Inapplicable ; Pass      ; Pass      ; Inapplicable ; Inapplicable ; Inapplicable ; Inapplicable ; Inapplicable ; Inapplicable ; Inapplicable ; Inapplicable ; Inapplicable ; Inapplicable ; Inapplicable ; Inapplicable ; Inapplicable ; Inapplicable ; Inapplicable ; Inapplicable ; Inapplicable ; Inapplicable ;
; AUD_XCK            ; Pass      ; Inapplicable ; Pass      ; Inapplicable ; Inapplicable ; Pass      ; Pass      ; Inapplicable ; Pass      ; Pass      ; Inapplicable ; Inapplicable ; Inapplicable ; Inapplicable ; Inapplicable ; Inapplicable ; Inapplicable ; Inapplicable ; Inapplicable ; Inapplicable ; Inapplicable ; Inapplicable ; Inapplicable ; Inapplicable ; Inapplicable ; Inapplicable ; Inapplicable ; Inapplicable ;
; CLOCK2_50          ; Pass      ; Inapplicable ; Pass      ; Inapplicable ; Inapplicable ; Pass      ; Pass      ; Inapplicable ; Pass      ; Pass      ; Inapplicable ; Inapplicable ; Inapplicable ; Inapplicable ; Inapplicable ; Inapplicable ; Inapplicable ; Inapplicable ; Inapplicable ; Inapplicable ; Inapplicable ; Inapplicable ; Inapplicable ; Inapplicable ; Inapplicable ; Inapplicable ; Inapplicable ; Inapplicable ;
; CLOCK3_50          ; Pass      ; Inapplicable ; Pass      ; Inapplicable ; Inapplicable ; Pass      ; Pass      ; Inapplicable ; Pass      ; Pass      ; Inapplicable ; Inapplicable ; Inapplicable ; Inapplicable ; Inapplicable ; Inapplicable ; Inapplicable ; Inapplicable ; Inapplicable ; Inapplicable ; Inapplicable ; Inapplicable ; Inapplicable ; Inapplicable ; Inapplicable ; Inapplicable ; Inapplicable ; Inapplicable ;
; CLOCK4_50          ; Pass      ; Inapplicable ; Pass      ; Inapplicable ; Inapplicable ; Pass      ; Pass      ; Inapplicable ; Pass      ; Pass      ; Inapplicable ; Inapplicable ; Inapplicable ; Inapplicable ; Inapplicable ; Inapplicable ; Inapplicable ; Inapplicable ; Inapplicable ; Inapplicable ; Inapplicable ; Inapplicable ; Inapplicable ; Inapplicable ; Inapplicable ; Inapplicable ; Inapplicable ; Inapplicable ;
; DRAM_ADDR[0]       ; Pass      ; Inapplicable ; Pass      ; Inapplicable ; Inapplicable ; Pass      ; Pass      ; Inapplicable ; Pass      ; Pass      ; Inapplicable ; Inapplicable ; Inapplicable ; Inapplicable ; Inapplicable ; Inapplicable ; Inapplicable ; Inapplicable ; Inapplicable ; Inapplicable ; Inapplicable ; Inapplicable ; Inapplicable ; Inapplicable ; Inapplicable ; Inapplicable ; Inapplicable ; Inapplicable ;
; DRAM_ADDR[1]       ; Pass      ; Inapplicable ; Pass      ; Inapplicable ; Inapplicable ; Pass      ; Pass      ; Inapplicable ; Pass      ; Pass      ; Inapplicable ; Inapplicable ; Inapplicable ; Inapplicable ; Inapplicable ; Inapplicable ; Inapplicable ; Inapplicable ; Inapplicable ; Inapplicable ; Inapplicable ; Inapplicable ; Inapplicable ; Inapplicable ; Inapplicable ; Inapplicable ; Inapplicable ; Inapplicable ;
; DRAM_ADDR[2]       ; Pass      ; Inapplicable ; Pass      ; Inapplicable ; Inapplicable ; Pass      ; Pass      ; Inapplicable ; Pass      ; Pass      ; Inapplicable ; Inapplicable ; Inapplicable ; Inapplicable ; Inapplicable ; Inapplicable ; Inapplicable ; Inapplicable ; Inapplicable ; Inapplicable ; Inapplicable ; Inapplicable ; Inapplicable ; Inapplicable ; Inapplicable ; Inapplicable ; Inapplicable ; Inapplicable ;
; DRAM_ADDR[3]       ; Pass      ; Inapplicable ; Pass      ; Inapplicable ; Inapplicable ; Pass      ; Pass      ; Inapplicable ; Pass      ; Pass      ; Inapplicable ; Inapplicable ; Inapplicable ; Inapplicable ; Inapplicable ; Inapplicable ; Inapplicable ; Inapplicable ; Inapplicable ; Inapplicable ; Inapplicable ; Inapplicable ; Inapplicable ; Inapplicable ; Inapplicable ; Inapplicable ; Inapplicable ; Inapplicable ;
; DRAM_ADDR[4]       ; Pass      ; Inapplicable ; Pass      ; Inapplicable ; Inapplicable ; Pass      ; Pass      ; Inapplicable ; Pass      ; Pass      ; Inapplicable ; Inapplicable ; Inapplicable ; Inapplicable ; Inapplicable ; Inapplicable ; Inapplicable ; Inapplicable ; Inapplicable ; Inapplicable ; Inapplicable ; Inapplicable ; Inapplicable ; Inapplicable ; Inapplicable ; Inapplicable ; Inapplicable ; Inapplicable ;
; DRAM_ADDR[5]       ; Pass      ; Inapplicable ; Pass      ; Inapplicable ; Inapplicable ; Pass      ; Pass      ; Inapplicable ; Pass      ; Pass      ; Inapplicable ; Inapplicable ; Inapplicable ; Inapplicable ; Inapplicable ; Inapplicable ; Inapplicable ; Inapplicable ; Inapplicable ; Inapplicable ; Inapplicable ; Inapplicable ; Inapplicable ; Inapplicable ; Inapplicable ; Inapplicable ; Inapplicable ; Inapplicable ;
; DRAM_ADDR[6]       ; Pass      ; Inapplicable ; Pass      ; Inapplicable ; Inapplicable ; Pass      ; Pass      ; Inapplicable ; Pass      ; Pass      ; Inapplicable ; Inapplicable ; Inapplicable ; Inapplicable ; Inapplicable ; Inapplicable ; Inapplicable ; Inapplicable ; Inapplicable ; Inapplicable ; Inapplicable ; Inapplicable ; Inapplicable ; Inapplicable ; Inapplicable ; Inapplicable ; Inapplicable ; Inapplicable ;
; DRAM_ADDR[7]       ; Pass      ; Inapplicable ; Pass      ; Inapplicable ; Inapplicable ; Pass      ; Pass      ; Inapplicable ; Pass      ; Pass      ; Inapplicable ; Inapplicable ; Inapplicable ; Inapplicable ; Inapplicable ; Inapplicable ; Inapplicable ; Inapplicable ; Inapplicable ; Inapplicable ; Inapplicable ; Inapplicable ; Inapplicable ; Inapplicable ; Inapplicable ; Inapplicable ; Inapplicable ; Inapplicable ;
; DRAM_ADDR[8]       ; Pass      ; Inapplicable ; Pass      ; Inapplicable ; Inapplicable ; Pass      ; Pass      ; Inapplicable ; Pass      ; Pass      ; Inapplicable ; Inapplicable ; Inapplicable ; Inapplicable ; Inapplicable ; Inapplicable ; Inapplicable ; Inapplicable ; Inapplicable ; Inapplicable ; Inapplicable ; Inapplicable ; Inapplicable ; Inapplicable ; Inapplicable ; Inapplicable ; Inapplicable ; Inapplicable ;
; DRAM_ADDR[9]       ; Pass      ; Inapplicable ; Pass      ; Inapplicable ; Inapplicable ; Pass      ; Pass      ; Inapplicable ; Pass      ; Pass      ; Inapplicable ; Inapplicable ; Inapplicable ; Inapplicable ; Inapplicable ; Inapplicable ; Inapplicable ; Inapplicable ; Inapplicable ; Inapplicable ; Inapplicable ; Inapplicable ; Inapplicable ; Inapplicable ; Inapplicable ; Inapplicable ; Inapplicable ; Inapplicable ;
; DRAM_ADDR[10]      ; Pass      ; Inapplicable ; Pass      ; Inapplicable ; Inapplicable ; Pass      ; Pass      ; Inapplicable ; Pass      ; Pass      ; Inapplicable ; Inapplicable ; Inapplicable ; Inapplicable ; Inapplicable ; Inapplicable ; Inapplicable ; Inapplicable ; Inapplicable ; Inapplicable ; Inapplicable ; Inapplicable ; Inapplicable ; Inapplicable ; Inapplicable ; Inapplicable ; Inapplicable ; Inapplicable ;
; DRAM_ADDR[11]      ; Pass      ; Inapplicable ; Pass      ; Inapplicable ; Inapplicable ; Pass      ; Pass      ; Inapplicable ; Pass      ; Pass      ; Inapplicable ; Inapplicable ; Inapplicable ; Inapplicable ; Inapplicable ; Inapplicable ; Inapplicable ; Inapplicable ; Inapplicable ; Inapplicable ; Inapplicable ; Inapplicable ; Inapplicable ; Inapplicable ; Inapplicable ; Inapplicable ; Inapplicable ; Inapplicable ;
; DRAM_ADDR[12]      ; Pass      ; Inapplicable ; Pass      ; Inapplicable ; Inapplicable ; Pass      ; Pass      ; Inapplicable ; Pass      ; Pass      ; Inapplicable ; Inapplicable ; Inapplicable ; Inapplicable ; Inapplicable ; Inapplicable ; Inapplicable ; Inapplicable ; Inapplicable ; Inapplicable ; Inapplicable ; Inapplicable ; Inapplicable ; Inapplicable ; Inapplicable ; Inapplicable ; Inapplicable ; Inapplicable ;
; DRAM_BA[0]         ; Pass      ; Inapplicable ; Pass      ; Inapplicable ; Inapplicable ; Pass      ; Pass      ; Inapplicable ; Pass      ; Pass      ; Inapplicable ; Inapplicable ; Inapplicable ; Inapplicable ; Inapplicable ; Inapplicable ; Inapplicable ; Inapplicable ; Inapplicable ; Inapplicable ; Inapplicable ; Inapplicable ; Inapplicable ; Inapplicable ; Inapplicable ; Inapplicable ; Inapplicable ; Inapplicable ;
; DRAM_BA[1]         ; Pass      ; Inapplicable ; Pass      ; Inapplicable ; Inapplicable ; Pass      ; Pass      ; Inapplicable ; Pass      ; Pass      ; Inapplicable ; Inapplicable ; Inapplicable ; Inapplicable ; Inapplicable ; Inapplicable ; Inapplicable ; Inapplicable ; Inapplicable ; Inapplicable ; Inapplicable ; Inapplicable ; Inapplicable ; Inapplicable ; Inapplicable ; Inapplicable ; Inapplicable ; Inapplicable ;
; DRAM_CAS_N         ; Pass      ; Inapplicable ; Pass      ; Inapplicable ; Inapplicable ; Pass      ; Pass      ; Inapplicable ; Pass      ; Pass      ; Inapplicable ; Inapplicable ; Inapplicable ; Inapplicable ; Inapplicable ; Inapplicable ; Inapplicable ; Inapplicable ; Inapplicable ; Inapplicable ; Inapplicable ; Inapplicable ; Inapplicable ; Inapplicable ; Inapplicable ; Inapplicable ; Inapplicable ; Inapplicable ;
; DRAM_CKE           ; Pass      ; Inapplicable ; Pass      ; Inapplicable ; Inapplicable ; Pass      ; Pass      ; Inapplicable ; Pass      ; Pass      ; Inapplicable ; Inapplicable ; Inapplicable ; Inapplicable ; Inapplicable ; Inapplicable ; Inapplicable ; Inapplicable ; Inapplicable ; Inapplicable ; Inapplicable ; Inapplicable ; Inapplicable ; Inapplicable ; Inapplicable ; Inapplicable ; Inapplicable ; Inapplicable ;
; DRAM_CLK           ; Pass      ; Inapplicable ; Pass      ; Inapplicable ; Inapplicable ; Pass      ; Pass      ; Inapplicable ; Pass      ; Pass      ; Inapplicable ; Inapplicable ; Inapplicable ; Inapplicable ; Inapplicable ; Inapplicable ; Inapplicable ; Inapplicable ; Inapplicable ; Inapplicable ; Inapplicable ; Inapplicable ; Inapplicable ; Inapplicable ; Inapplicable ; Inapplicable ; Inapplicable ; Inapplicable ;
; DRAM_CS_N          ; Pass      ; Inapplicable ; Pass      ; Inapplicable ; Inapplicable ; Pass      ; Pass      ; Inapplicable ; Pass      ; Pass      ; Inapplicable ; Inapplicable ; Inapplicable ; Inapplicable ; Inapplicable ; Inapplicable ; Inapplicable ; Inapplicable ; Inapplicable ; Inapplicable ; Inapplicable ; Inapplicable ; Inapplicable ; Inapplicable ; Inapplicable ; Inapplicable ; Inapplicable ; Inapplicable ;
; DRAM_LDQM          ; Pass      ; Inapplicable ; Pass      ; Inapplicable ; Inapplicable ; Pass      ; Pass      ; Inapplicable ; Pass      ; Pass      ; Inapplicable ; Inapplicable ; Inapplicable ; Inapplicable ; Inapplicable ; Inapplicable ; Inapplicable ; Inapplicable ; Inapplicable ; Inapplicable ; Inapplicable ; Inapplicable ; Inapplicable ; Inapplicable ; Inapplicable ; Inapplicable ; Inapplicable ; Inapplicable ;
; DRAM_RAS_N         ; Pass      ; Inapplicable ; Pass      ; Inapplicable ; Inapplicable ; Pass      ; Pass      ; Inapplicable ; Pass      ; Pass      ; Inapplicable ; Inapplicable ; Inapplicable ; Inapplicable ; Inapplicable ; Inapplicable ; Inapplicable ; Inapplicable ; Inapplicable ; Inapplicable ; Inapplicable ; Inapplicable ; Inapplicable ; Inapplicable ; Inapplicable ; Inapplicable ; Inapplicable ; Inapplicable ;
; DRAM_UDQM          ; Pass      ; Inapplicable ; Pass      ; Inapplicable ; Inapplicable ; Pass      ; Pass      ; Inapplicable ; Pass      ; Pass      ; Inapplicable ; Inapplicable ; Inapplicable ; Inapplicable ; Inapplicable ; Inapplicable ; Inapplicable ; Inapplicable ; Inapplicable ; Inapplicable ; Inapplicable ; Inapplicable ; Inapplicable ; Inapplicable ; Inapplicable ; Inapplicable ; Inapplicable ; Inapplicable ;
; DRAM_WE_N          ; Pass      ; Inapplicable ; Pass      ; Inapplicable ; Inapplicable ; Pass      ; Pass      ; Inapplicable ; Pass      ; Pass      ; Inapplicable ; Inapplicable ; Inapplicable ; Inapplicable ; Inapplicable ; Inapplicable ; Inapplicable ; Inapplicable ; Inapplicable ; Inapplicable ; Inapplicable ; Inapplicable ; Inapplicable ; Inapplicable ; Inapplicable ; Inapplicable ; Inapplicable ; Inapplicable ;
; FAN_CTRL           ; Pass      ; Inapplicable ; Pass      ; Inapplicable ; Inapplicable ; Pass      ; Pass      ; Inapplicable ; Pass      ; Pass      ; Inapplicable ; Inapplicable ; Inapplicable ; Inapplicable ; Inapplicable ; Inapplicable ; Inapplicable ; Inapplicable ; Inapplicable ; Inapplicable ; Inapplicable ; Inapplicable ; Inapplicable ; Inapplicable ; Inapplicable ; Inapplicable ; Inapplicable ; Inapplicable ;
; FPGA_I2C_SCLK      ; Pass      ; Inapplicable ; Pass      ; Inapplicable ; Inapplicable ; Pass      ; Pass      ; Inapplicable ; Pass      ; Pass      ; Inapplicable ; Inapplicable ; Inapplicable ; Inapplicable ; Inapplicable ; Inapplicable ; Inapplicable ; Inapplicable ; Inapplicable ; Inapplicable ; Inapplicable ; Inapplicable ; Inapplicable ; Inapplicable ; Inapplicable ; Inapplicable ; Inapplicable ; Inapplicable ;
; HEX0[0]            ; Pass      ; Inapplicable ; Pass      ; Inapplicable ; Inapplicable ; Pass      ; Pass      ; Inapplicable ; Pass      ; Pass      ; Inapplicable ; Inapplicable ; Inapplicable ; Inapplicable ; Inapplicable ; Inapplicable ; Inapplicable ; Inapplicable ; Inapplicable ; Inapplicable ; Inapplicable ; Inapplicable ; Inapplicable ; Inapplicable ; Inapplicable ; Inapplicable ; Inapplicable ; Inapplicable ;
; HEX0[1]            ; Pass      ; Inapplicable ; Pass      ; Inapplicable ; Inapplicable ; Pass      ; Pass      ; Inapplicable ; Pass      ; Pass      ; Inapplicable ; Inapplicable ; Inapplicable ; Inapplicable ; Inapplicable ; Inapplicable ; Inapplicable ; Inapplicable ; Inapplicable ; Inapplicable ; Inapplicable ; Inapplicable ; Inapplicable ; Inapplicable ; Inapplicable ; Inapplicable ; Inapplicable ; Inapplicable ;
; HEX0[2]            ; Pass      ; Inapplicable ; Pass      ; Inapplicable ; Inapplicable ; Pass      ; Pass      ; Inapplicable ; Pass      ; Pass      ; Inapplicable ; Inapplicable ; Inapplicable ; Inapplicable ; Inapplicable ; Inapplicable ; Inapplicable ; Inapplicable ; Inapplicable ; Inapplicable ; Inapplicable ; Inapplicable ; Inapplicable ; Inapplicable ; Inapplicable ; Inapplicable ; Inapplicable ; Inapplicable ;
; HEX0[3]            ; Pass      ; Inapplicable ; Pass      ; Inapplicable ; Inapplicable ; Pass      ; Pass      ; Inapplicable ; Pass      ; Pass      ; Inapplicable ; Inapplicable ; Inapplicable ; Inapplicable ; Inapplicable ; Inapplicable ; Inapplicable ; Inapplicable ; Inapplicable ; Inapplicable ; Inapplicable ; Inapplicable ; Inapplicable ; Inapplicable ; Inapplicable ; Inapplicable ; Inapplicable ; Inapplicable ;
; HEX0[4]            ; Pass      ; Inapplicable ; Pass      ; Inapplicable ; Inapplicable ; Pass      ; Pass      ; Inapplicable ; Pass      ; Pass      ; Inapplicable ; Inapplicable ; Inapplicable ; Inapplicable ; Inapplicable ; Inapplicable ; Inapplicable ; Inapplicable ; Inapplicable ; Inapplicable ; Inapplicable ; Inapplicable ; Inapplicable ; Inapplicable ; Inapplicable ; Inapplicable ; Inapplicable ; Inapplicable ;
; HEX0[5]            ; Pass      ; Inapplicable ; Pass      ; Inapplicable ; Inapplicable ; Pass      ; Pass      ; Inapplicable ; Pass      ; Pass      ; Inapplicable ; Inapplicable ; Inapplicable ; Inapplicable ; Inapplicable ; Inapplicable ; Inapplicable ; Inapplicable ; Inapplicable ; Inapplicable ; Inapplicable ; Inapplicable ; Inapplicable ; Inapplicable ; Inapplicable ; Inapplicable ; Inapplicable ; Inapplicable ;
; HEX0[6]            ; Pass      ; Inapplicable ; Pass      ; Inapplicable ; Inapplicable ; Pass      ; Pass      ; Inapplicable ; Pass      ; Pass      ; Inapplicable ; Inapplicable ; Inapplicable ; Inapplicable ; Inapplicable ; Inapplicable ; Inapplicable ; Inapplicable ; Inapplicable ; Inapplicable ; Inapplicable ; Inapplicable ; Inapplicable ; Inapplicable ; Inapplicable ; Inapplicable ; Inapplicable ; Inapplicable ;
; HEX1[0]            ; Pass      ; Inapplicable ; Pass      ; Inapplicable ; Inapplicable ; Pass      ; Pass      ; Inapplicable ; Pass      ; Pass      ; Inapplicable ; Inapplicable ; Inapplicable ; Inapplicable ; Inapplicable ; Inapplicable ; Inapplicable ; Inapplicable ; Inapplicable ; Inapplicable ; Inapplicable ; Inapplicable ; Inapplicable ; Inapplicable ; Inapplicable ; Inapplicable ; Inapplicable ; Inapplicable ;
; HEX1[1]            ; Pass      ; Inapplicable ; Pass      ; Inapplicable ; Inapplicable ; Pass      ; Pass      ; Inapplicable ; Pass      ; Pass      ; Inapplicable ; Inapplicable ; Inapplicable ; Inapplicable ; Inapplicable ; Inapplicable ; Inapplicable ; Inapplicable ; Inapplicable ; Inapplicable ; Inapplicable ; Inapplicable ; Inapplicable ; Inapplicable ; Inapplicable ; Inapplicable ; Inapplicable ; Inapplicable ;
; HEX1[2]            ; Pass      ; Inapplicable ; Pass      ; Inapplicable ; Inapplicable ; Pass      ; Pass      ; Inapplicable ; Pass      ; Pass      ; Inapplicable ; Inapplicable ; Inapplicable ; Inapplicable ; Inapplicable ; Inapplicable ; Inapplicable ; Inapplicable ; Inapplicable ; Inapplicable ; Inapplicable ; Inapplicable ; Inapplicable ; Inapplicable ; Inapplicable ; Inapplicable ; Inapplicable ; Inapplicable ;
; HEX1[3]            ; Pass      ; Inapplicable ; Pass      ; Inapplicable ; Inapplicable ; Pass      ; Pass      ; Inapplicable ; Pass      ; Pass      ; Inapplicable ; Inapplicable ; Inapplicable ; Inapplicable ; Inapplicable ; Inapplicable ; Inapplicable ; Inapplicable ; Inapplicable ; Inapplicable ; Inapplicable ; Inapplicable ; Inapplicable ; Inapplicable ; Inapplicable ; Inapplicable ; Inapplicable ; Inapplicable ;
; HEX1[4]            ; Pass      ; Inapplicable ; Pass      ; Inapplicable ; Inapplicable ; Pass      ; Pass      ; Inapplicable ; Pass      ; Pass      ; Inapplicable ; Inapplicable ; Inapplicable ; Inapplicable ; Inapplicable ; Inapplicable ; Inapplicable ; Inapplicable ; Inapplicable ; Inapplicable ; Inapplicable ; Inapplicable ; Inapplicable ; Inapplicable ; Inapplicable ; Inapplicable ; Inapplicable ; Inapplicable ;
; HEX1[5]            ; Pass      ; Inapplicable ; Pass      ; Inapplicable ; Inapplicable ; Pass      ; Pass      ; Inapplicable ; Pass      ; Pass      ; Inapplicable ; Inapplicable ; Inapplicable ; Inapplicable ; Inapplicable ; Inapplicable ; Inapplicable ; Inapplicable ; Inapplicable ; Inapplicable ; Inapplicable ; Inapplicable ; Inapplicable ; Inapplicable ; Inapplicable ; Inapplicable ; Inapplicable ; Inapplicable ;
; HEX1[6]            ; Pass      ; Inapplicable ; Pass      ; Inapplicable ; Inapplicable ; Pass      ; Pass      ; Inapplicable ; Pass      ; Pass      ; Inapplicable ; Inapplicable ; Inapplicable ; Inapplicable ; Inapplicable ; Inapplicable ; Inapplicable ; Inapplicable ; Inapplicable ; Inapplicable ; Inapplicable ; Inapplicable ; Inapplicable ; Inapplicable ; Inapplicable ; Inapplicable ; Inapplicable ; Inapplicable ;
; HEX2[0]            ; Pass      ; Inapplicable ; Pass      ; Inapplicable ; Inapplicable ; Pass      ; Pass      ; Inapplicable ; Pass      ; Pass      ; Inapplicable ; Inapplicable ; Inapplicable ; Inapplicable ; Inapplicable ; Inapplicable ; Inapplicable ; Inapplicable ; Inapplicable ; Inapplicable ; Inapplicable ; Inapplicable ; Inapplicable ; Inapplicable ; Inapplicable ; Inapplicable ; Inapplicable ; Inapplicable ;
; HEX2[1]            ; Pass      ; Inapplicable ; Pass      ; Inapplicable ; Inapplicable ; Pass      ; Pass      ; Inapplicable ; Pass      ; Pass      ; Inapplicable ; Inapplicable ; Inapplicable ; Inapplicable ; Inapplicable ; Inapplicable ; Inapplicable ; Inapplicable ; Inapplicable ; Inapplicable ; Inapplicable ; Inapplicable ; Inapplicable ; Inapplicable ; Inapplicable ; Inapplicable ; Inapplicable ; Inapplicable ;
; HEX2[2]            ; Pass      ; Inapplicable ; Pass      ; Inapplicable ; Inapplicable ; Pass      ; Pass      ; Inapplicable ; Pass      ; Pass      ; Inapplicable ; Inapplicable ; Inapplicable ; Inapplicable ; Inapplicable ; Inapplicable ; Inapplicable ; Inapplicable ; Inapplicable ; Inapplicable ; Inapplicable ; Inapplicable ; Inapplicable ; Inapplicable ; Inapplicable ; Inapplicable ; Inapplicable ; Inapplicable ;
; HEX2[3]            ; Pass      ; Inapplicable ; Pass      ; Inapplicable ; Inapplicable ; Pass      ; Pass      ; Inapplicable ; Pass      ; Pass      ; Inapplicable ; Inapplicable ; Inapplicable ; Inapplicable ; Inapplicable ; Inapplicable ; Inapplicable ; Inapplicable ; Inapplicable ; Inapplicable ; Inapplicable ; Inapplicable ; Inapplicable ; Inapplicable ; Inapplicable ; Inapplicable ; Inapplicable ; Inapplicable ;
; HEX2[4]            ; Pass      ; Inapplicable ; Pass      ; Inapplicable ; Inapplicable ; Pass      ; Pass      ; Inapplicable ; Pass      ; Pass      ; Inapplicable ; Inapplicable ; Inapplicable ; Inapplicable ; Inapplicable ; Inapplicable ; Inapplicable ; Inapplicable ; Inapplicable ; Inapplicable ; Inapplicable ; Inapplicable ; Inapplicable ; Inapplicable ; Inapplicable ; Inapplicable ; Inapplicable ; Inapplicable ;
; HEX2[5]            ; Pass      ; Inapplicable ; Pass      ; Inapplicable ; Inapplicable ; Pass      ; Pass      ; Inapplicable ; Pass      ; Pass      ; Inapplicable ; Inapplicable ; Inapplicable ; Inapplicable ; Inapplicable ; Inapplicable ; Inapplicable ; Inapplicable ; Inapplicable ; Inapplicable ; Inapplicable ; Inapplicable ; Inapplicable ; Inapplicable ; Inapplicable ; Inapplicable ; Inapplicable ; Inapplicable ;
; HEX2[6]            ; Pass      ; Inapplicable ; Pass      ; Inapplicable ; Inapplicable ; Pass      ; Pass      ; Inapplicable ; Pass      ; Pass      ; Inapplicable ; Inapplicable ; Inapplicable ; Inapplicable ; Inapplicable ; Inapplicable ; Inapplicable ; Inapplicable ; Inapplicable ; Inapplicable ; Inapplicable ; Inapplicable ; Inapplicable ; Inapplicable ; Inapplicable ; Inapplicable ; Inapplicable ; Inapplicable ;
; HEX3[0]            ; Pass      ; Inapplicable ; Pass      ; Inapplicable ; Inapplicable ; Pass      ; Pass      ; Inapplicable ; Pass      ; Pass      ; Inapplicable ; Inapplicable ; Inapplicable ; Inapplicable ; Inapplicable ; Inapplicable ; Inapplicable ; Inapplicable ; Inapplicable ; Inapplicable ; Inapplicable ; Inapplicable ; Inapplicable ; Inapplicable ; Inapplicable ; Inapplicable ; Inapplicable ; Inapplicable ;
; HEX3[1]            ; Pass      ; Inapplicable ; Pass      ; Inapplicable ; Inapplicable ; Pass      ; Pass      ; Inapplicable ; Pass      ; Pass      ; Inapplicable ; Inapplicable ; Inapplicable ; Inapplicable ; Inapplicable ; Inapplicable ; Inapplicable ; Inapplicable ; Inapplicable ; Inapplicable ; Inapplicable ; Inapplicable ; Inapplicable ; Inapplicable ; Inapplicable ; Inapplicable ; Inapplicable ; Inapplicable ;
; HEX3[2]            ; Pass      ; Inapplicable ; Pass      ; Inapplicable ; Inapplicable ; Pass      ; Pass      ; Inapplicable ; Pass      ; Pass      ; Inapplicable ; Inapplicable ; Inapplicable ; Inapplicable ; Inapplicable ; Inapplicable ; Inapplicable ; Inapplicable ; Inapplicable ; Inapplicable ; Inapplicable ; Inapplicable ; Inapplicable ; Inapplicable ; Inapplicable ; Inapplicable ; Inapplicable ; Inapplicable ;
; HEX3[3]            ; Pass      ; Inapplicable ; Pass      ; Inapplicable ; Inapplicable ; Pass      ; Pass      ; Inapplicable ; Pass      ; Pass      ; Inapplicable ; Inapplicable ; Inapplicable ; Inapplicable ; Inapplicable ; Inapplicable ; Inapplicable ; Inapplicable ; Inapplicable ; Inapplicable ; Inapplicable ; Inapplicable ; Inapplicable ; Inapplicable ; Inapplicable ; Inapplicable ; Inapplicable ; Inapplicable ;
; HEX3[4]            ; Pass      ; Inapplicable ; Pass      ; Inapplicable ; Inapplicable ; Pass      ; Pass      ; Inapplicable ; Pass      ; Pass      ; Inapplicable ; Inapplicable ; Inapplicable ; Inapplicable ; Inapplicable ; Inapplicable ; Inapplicable ; Inapplicable ; Inapplicable ; Inapplicable ; Inapplicable ; Inapplicable ; Inapplicable ; Inapplicable ; Inapplicable ; Inapplicable ; Inapplicable ; Inapplicable ;
; HEX3[5]            ; Pass      ; Inapplicable ; Pass      ; Inapplicable ; Inapplicable ; Pass      ; Pass      ; Inapplicable ; Pass      ; Pass      ; Inapplicable ; Inapplicable ; Inapplicable ; Inapplicable ; Inapplicable ; Inapplicable ; Inapplicable ; Inapplicable ; Inapplicable ; Inapplicable ; Inapplicable ; Inapplicable ; Inapplicable ; Inapplicable ; Inapplicable ; Inapplicable ; Inapplicable ; Inapplicable ;
; HEX3[6]            ; Pass      ; Inapplicable ; Pass      ; Inapplicable ; Inapplicable ; Pass      ; Pass      ; Inapplicable ; Pass      ; Pass      ; Inapplicable ; Inapplicable ; Inapplicable ; Inapplicable ; Inapplicable ; Inapplicable ; Inapplicable ; Inapplicable ; Inapplicable ; Inapplicable ; Inapplicable ; Inapplicable ; Inapplicable ; Inapplicable ; Inapplicable ; Inapplicable ; Inapplicable ; Inapplicable ;
; HEX4[0]            ; Pass      ; Inapplicable ; Pass      ; Inapplicable ; Inapplicable ; Pass      ; Pass      ; Inapplicable ; Pass      ; Pass      ; Inapplicable ; Inapplicable ; Inapplicable ; Inapplicable ; Inapplicable ; Inapplicable ; Inapplicable ; Inapplicable ; Inapplicable ; Inapplicable ; Inapplicable ; Inapplicable ; Inapplicable ; Inapplicable ; Inapplicable ; Inapplicable ; Inapplicable ; Inapplicable ;
; HEX4[1]            ; Pass      ; Inapplicable ; Pass      ; Inapplicable ; Inapplicable ; Pass      ; Pass      ; Inapplicable ; Pass      ; Pass      ; Inapplicable ; Inapplicable ; Inapplicable ; Inapplicable ; Inapplicable ; Inapplicable ; Inapplicable ; Inapplicable ; Inapplicable ; Inapplicable ; Inapplicable ; Inapplicable ; Inapplicable ; Inapplicable ; Inapplicable ; Inapplicable ; Inapplicable ; Inapplicable ;
; HEX4[2]            ; Pass      ; Inapplicable ; Pass      ; Inapplicable ; Inapplicable ; Pass      ; Pass      ; Inapplicable ; Pass      ; Pass      ; Inapplicable ; Inapplicable ; Inapplicable ; Inapplicable ; Inapplicable ; Inapplicable ; Inapplicable ; Inapplicable ; Inapplicable ; Inapplicable ; Inapplicable ; Inapplicable ; Inapplicable ; Inapplicable ; Inapplicable ; Inapplicable ; Inapplicable ; Inapplicable ;
; HEX4[3]            ; Pass      ; Inapplicable ; Pass      ; Inapplicable ; Inapplicable ; Pass      ; Pass      ; Inapplicable ; Pass      ; Pass      ; Inapplicable ; Inapplicable ; Inapplicable ; Inapplicable ; Inapplicable ; Inapplicable ; Inapplicable ; Inapplicable ; Inapplicable ; Inapplicable ; Inapplicable ; Inapplicable ; Inapplicable ; Inapplicable ; Inapplicable ; Inapplicable ; Inapplicable ; Inapplicable ;
; HEX4[4]            ; Pass      ; Inapplicable ; Pass      ; Inapplicable ; Inapplicable ; Pass      ; Pass      ; Inapplicable ; Pass      ; Pass      ; Inapplicable ; Inapplicable ; Inapplicable ; Inapplicable ; Inapplicable ; Inapplicable ; Inapplicable ; Inapplicable ; Inapplicable ; Inapplicable ; Inapplicable ; Inapplicable ; Inapplicable ; Inapplicable ; Inapplicable ; Inapplicable ; Inapplicable ; Inapplicable ;
; HEX4[5]            ; Pass      ; Inapplicable ; Pass      ; Inapplicable ; Inapplicable ; Pass      ; Pass      ; Inapplicable ; Pass      ; Pass      ; Inapplicable ; Inapplicable ; Inapplicable ; Inapplicable ; Inapplicable ; Inapplicable ; Inapplicable ; Inapplicable ; Inapplicable ; Inapplicable ; Inapplicable ; Inapplicable ; Inapplicable ; Inapplicable ; Inapplicable ; Inapplicable ; Inapplicable ; Inapplicable ;
; HEX4[6]            ; Pass      ; Inapplicable ; Pass      ; Inapplicable ; Inapplicable ; Pass      ; Pass      ; Inapplicable ; Pass      ; Pass      ; Inapplicable ; Inapplicable ; Inapplicable ; Inapplicable ; Inapplicable ; Inapplicable ; Inapplicable ; Inapplicable ; Inapplicable ; Inapplicable ; Inapplicable ; Inapplicable ; Inapplicable ; Inapplicable ; Inapplicable ; Inapplicable ; Inapplicable ; Inapplicable ;
; HEX5[0]            ; Pass      ; Inapplicable ; Pass      ; Inapplicable ; Inapplicable ; Pass      ; Pass      ; Inapplicable ; Pass      ; Pass      ; Inapplicable ; Inapplicable ; Inapplicable ; Inapplicable ; Inapplicable ; Inapplicable ; Inapplicable ; Inapplicable ; Inapplicable ; Inapplicable ; Inapplicable ; Inapplicable ; Inapplicable ; Inapplicable ; Inapplicable ; Inapplicable ; Inapplicable ; Inapplicable ;
; HEX5[1]            ; Pass      ; Inapplicable ; Pass      ; Inapplicable ; Inapplicable ; Pass      ; Pass      ; Inapplicable ; Pass      ; Pass      ; Inapplicable ; Inapplicable ; Inapplicable ; Inapplicable ; Inapplicable ; Inapplicable ; Inapplicable ; Inapplicable ; Inapplicable ; Inapplicable ; Inapplicable ; Inapplicable ; Inapplicable ; Inapplicable ; Inapplicable ; Inapplicable ; Inapplicable ; Inapplicable ;
; HEX5[2]            ; Pass      ; Inapplicable ; Pass      ; Inapplicable ; Inapplicable ; Pass      ; Pass      ; Inapplicable ; Pass      ; Pass      ; Inapplicable ; Inapplicable ; Inapplicable ; Inapplicable ; Inapplicable ; Inapplicable ; Inapplicable ; Inapplicable ; Inapplicable ; Inapplicable ; Inapplicable ; Inapplicable ; Inapplicable ; Inapplicable ; Inapplicable ; Inapplicable ; Inapplicable ; Inapplicable ;
; HEX5[3]            ; Pass      ; Inapplicable ; Pass      ; Inapplicable ; Inapplicable ; Pass      ; Pass      ; Inapplicable ; Pass      ; Pass      ; Inapplicable ; Inapplicable ; Inapplicable ; Inapplicable ; Inapplicable ; Inapplicable ; Inapplicable ; Inapplicable ; Inapplicable ; Inapplicable ; Inapplicable ; Inapplicable ; Inapplicable ; Inapplicable ; Inapplicable ; Inapplicable ; Inapplicable ; Inapplicable ;
; HEX5[4]            ; Pass      ; Inapplicable ; Pass      ; Inapplicable ; Inapplicable ; Pass      ; Pass      ; Inapplicable ; Pass      ; Pass      ; Inapplicable ; Inapplicable ; Inapplicable ; Inapplicable ; Inapplicable ; Inapplicable ; Inapplicable ; Inapplicable ; Inapplicable ; Inapplicable ; Inapplicable ; Inapplicable ; Inapplicable ; Inapplicable ; Inapplicable ; Inapplicable ; Inapplicable ; Inapplicable ;
; HEX5[5]            ; Pass      ; Inapplicable ; Pass      ; Inapplicable ; Inapplicable ; Pass      ; Pass      ; Inapplicable ; Pass      ; Pass      ; Inapplicable ; Inapplicable ; Inapplicable ; Inapplicable ; Inapplicable ; Inapplicable ; Inapplicable ; Inapplicable ; Inapplicable ; Inapplicable ; Inapplicable ; Inapplicable ; Inapplicable ; Inapplicable ; Inapplicable ; Inapplicable ; Inapplicable ; Inapplicable ;
; HEX5[6]            ; Pass      ; Inapplicable ; Pass      ; Inapplicable ; Inapplicable ; Pass      ; Pass      ; Inapplicable ; Pass      ; Pass      ; Inapplicable ; Inapplicable ; Inapplicable ; Inapplicable ; Inapplicable ; Inapplicable ; Inapplicable ; Inapplicable ; Inapplicable ; Inapplicable ; Inapplicable ; Inapplicable ; Inapplicable ; Inapplicable ; Inapplicable ; Inapplicable ; Inapplicable ; Inapplicable ;
; IRDA_RXD           ; Pass      ; Inapplicable ; Pass      ; Inapplicable ; Inapplicable ; Pass      ; Pass      ; Inapplicable ; Pass      ; Pass      ; Inapplicable ; Inapplicable ; Inapplicable ; Inapplicable ; Inapplicable ; Inapplicable ; Inapplicable ; Inapplicable ; Inapplicable ; Inapplicable ; Inapplicable ; Inapplicable ; Inapplicable ; Inapplicable ; Inapplicable ; Inapplicable ; Inapplicable ; Inapplicable ;
; IRDA_TXD           ; Pass      ; Inapplicable ; Pass      ; Inapplicable ; Inapplicable ; Pass      ; Pass      ; Inapplicable ; Pass      ; Pass      ; Inapplicable ; Inapplicable ; Inapplicable ; Inapplicable ; Inapplicable ; Inapplicable ; Inapplicable ; Inapplicable ; Inapplicable ; Inapplicable ; Inapplicable ; Inapplicable ; Inapplicable ; Inapplicable ; Inapplicable ; Inapplicable ; Inapplicable ; Inapplicable ;
; LEDR[0]            ; Pass      ; Inapplicable ; Pass      ; Inapplicable ; Inapplicable ; Pass      ; Pass      ; Inapplicable ; Pass      ; Pass      ; Inapplicable ; Inapplicable ; Inapplicable ; Inapplicable ; Inapplicable ; Inapplicable ; Inapplicable ; Inapplicable ; Inapplicable ; Inapplicable ; Inapplicable ; Inapplicable ; Inapplicable ; Inapplicable ; Inapplicable ; Inapplicable ; Inapplicable ; Inapplicable ;
; LEDR[1]            ; Pass      ; Inapplicable ; Pass      ; Inapplicable ; Inapplicable ; Pass      ; Pass      ; Inapplicable ; Pass      ; Pass      ; Inapplicable ; Inapplicable ; Inapplicable ; Inapplicable ; Inapplicable ; Inapplicable ; Inapplicable ; Inapplicable ; Inapplicable ; Inapplicable ; Inapplicable ; Inapplicable ; Inapplicable ; Inapplicable ; Inapplicable ; Inapplicable ; Inapplicable ; Inapplicable ;
; LEDR[2]            ; Pass      ; Inapplicable ; Pass      ; Inapplicable ; Inapplicable ; Pass      ; Pass      ; Inapplicable ; Pass      ; Pass      ; Inapplicable ; Inapplicable ; Inapplicable ; Inapplicable ; Inapplicable ; Inapplicable ; Inapplicable ; Inapplicable ; Inapplicable ; Inapplicable ; Inapplicable ; Inapplicable ; Inapplicable ; Inapplicable ; Inapplicable ; Inapplicable ; Inapplicable ; Inapplicable ;
; LEDR[3]            ; Pass      ; Inapplicable ; Pass      ; Inapplicable ; Inapplicable ; Pass      ; Pass      ; Inapplicable ; Pass      ; Pass      ; Inapplicable ; Inapplicable ; Inapplicable ; Inapplicable ; Inapplicable ; Inapplicable ; Inapplicable ; Inapplicable ; Inapplicable ; Inapplicable ; Inapplicable ; Inapplicable ; Inapplicable ; Inapplicable ; Inapplicable ; Inapplicable ; Inapplicable ; Inapplicable ;
; LEDR[4]            ; Pass      ; Inapplicable ; Pass      ; Inapplicable ; Inapplicable ; Pass      ; Pass      ; Inapplicable ; Pass      ; Pass      ; Inapplicable ; Inapplicable ; Inapplicable ; Inapplicable ; Inapplicable ; Inapplicable ; Inapplicable ; Inapplicable ; Inapplicable ; Inapplicable ; Inapplicable ; Inapplicable ; Inapplicable ; Inapplicable ; Inapplicable ; Inapplicable ; Inapplicable ; Inapplicable ;
; LEDR[5]            ; Pass      ; Inapplicable ; Pass      ; Inapplicable ; Inapplicable ; Pass      ; Pass      ; Inapplicable ; Pass      ; Pass      ; Inapplicable ; Inapplicable ; Inapplicable ; Inapplicable ; Inapplicable ; Inapplicable ; Inapplicable ; Inapplicable ; Inapplicable ; Inapplicable ; Inapplicable ; Inapplicable ; Inapplicable ; Inapplicable ; Inapplicable ; Inapplicable ; Inapplicable ; Inapplicable ;
; LEDR[6]            ; Pass      ; Inapplicable ; Pass      ; Inapplicable ; Inapplicable ; Pass      ; Pass      ; Inapplicable ; Pass      ; Pass      ; Inapplicable ; Inapplicable ; Inapplicable ; Inapplicable ; Inapplicable ; Inapplicable ; Inapplicable ; Inapplicable ; Inapplicable ; Inapplicable ; Inapplicable ; Inapplicable ; Inapplicable ; Inapplicable ; Inapplicable ; Inapplicable ; Inapplicable ; Inapplicable ;
; LEDR[7]            ; Pass      ; Inapplicable ; Pass      ; Inapplicable ; Inapplicable ; Pass      ; Pass      ; Inapplicable ; Pass      ; Pass      ; Inapplicable ; Inapplicable ; Inapplicable ; Inapplicable ; Inapplicable ; Inapplicable ; Inapplicable ; Inapplicable ; Inapplicable ; Inapplicable ; Inapplicable ; Inapplicable ; Inapplicable ; Inapplicable ; Inapplicable ; Inapplicable ; Inapplicable ; Inapplicable ;
; LEDR[8]            ; Pass      ; Inapplicable ; Pass      ; Inapplicable ; Inapplicable ; Pass      ; Pass      ; Inapplicable ; Pass      ; Pass      ; Inapplicable ; Inapplicable ; Inapplicable ; Inapplicable ; Inapplicable ; Inapplicable ; Inapplicable ; Inapplicable ; Inapplicable ; Inapplicable ; Inapplicable ; Inapplicable ; Inapplicable ; Inapplicable ; Inapplicable ; Inapplicable ; Inapplicable ; Inapplicable ;
; LEDR[9]            ; Pass      ; Inapplicable ; Pass      ; Inapplicable ; Inapplicable ; Pass      ; Pass      ; Inapplicable ; Pass      ; Pass      ; Inapplicable ; Inapplicable ; Inapplicable ; Inapplicable ; Inapplicable ; Inapplicable ; Inapplicable ; Inapplicable ; Inapplicable ; Inapplicable ; Inapplicable ; Inapplicable ; Inapplicable ; Inapplicable ; Inapplicable ; Inapplicable ; Inapplicable ; Inapplicable ;
; TD_CLK27           ; Pass      ; Inapplicable ; Pass      ; Inapplicable ; Inapplicable ; Pass      ; Pass      ; Inapplicable ; Pass      ; Pass      ; Inapplicable ; Inapplicable ; Inapplicable ; Inapplicable ; Inapplicable ; Inapplicable ; Inapplicable ; Inapplicable ; Inapplicable ; Inapplicable ; Inapplicable ; Inapplicable ; Inapplicable ; Inapplicable ; Inapplicable ; Inapplicable ; Inapplicable ; Inapplicable ;
; TD_DATA[0]         ; Pass      ; Inapplicable ; Pass      ; Inapplicable ; Inapplicable ; Pass      ; Pass      ; Inapplicable ; Pass      ; Pass      ; Inapplicable ; Inapplicable ; Inapplicable ; Inapplicable ; Inapplicable ; Inapplicable ; Inapplicable ; Inapplicable ; Inapplicable ; Inapplicable ; Inapplicable ; Inapplicable ; Inapplicable ; Inapplicable ; Inapplicable ; Inapplicable ; Inapplicable ; Inapplicable ;
; TD_DATA[1]         ; Pass      ; Inapplicable ; Pass      ; Inapplicable ; Inapplicable ; Pass      ; Pass      ; Inapplicable ; Pass      ; Pass      ; Inapplicable ; Inapplicable ; Inapplicable ; Inapplicable ; Inapplicable ; Inapplicable ; Inapplicable ; Inapplicable ; Inapplicable ; Inapplicable ; Inapplicable ; Inapplicable ; Inapplicable ; Inapplicable ; Inapplicable ; Inapplicable ; Inapplicable ; Inapplicable ;
; TD_DATA[2]         ; Pass      ; Inapplicable ; Pass      ; Inapplicable ; Inapplicable ; Pass      ; Pass      ; Inapplicable ; Pass      ; Pass      ; Inapplicable ; Inapplicable ; Inapplicable ; Inapplicable ; Inapplicable ; Inapplicable ; Inapplicable ; Inapplicable ; Inapplicable ; Inapplicable ; Inapplicable ; Inapplicable ; Inapplicable ; Inapplicable ; Inapplicable ; Inapplicable ; Inapplicable ; Inapplicable ;
; TD_DATA[3]         ; Pass      ; Inapplicable ; Pass      ; Inapplicable ; Inapplicable ; Pass      ; Pass      ; Inapplicable ; Pass      ; Pass      ; Inapplicable ; Inapplicable ; Inapplicable ; Inapplicable ; Inapplicable ; Inapplicable ; Inapplicable ; Inapplicable ; Inapplicable ; Inapplicable ; Inapplicable ; Inapplicable ; Inapplicable ; Inapplicable ; Inapplicable ; Inapplicable ; Inapplicable ; Inapplicable ;
; TD_DATA[4]         ; Pass      ; Inapplicable ; Pass      ; Inapplicable ; Inapplicable ; Pass      ; Pass      ; Inapplicable ; Pass      ; Pass      ; Inapplicable ; Inapplicable ; Inapplicable ; Inapplicable ; Inapplicable ; Inapplicable ; Inapplicable ; Inapplicable ; Inapplicable ; Inapplicable ; Inapplicable ; Inapplicable ; Inapplicable ; Inapplicable ; Inapplicable ; Inapplicable ; Inapplicable ; Inapplicable ;
; TD_DATA[5]         ; Pass      ; Inapplicable ; Pass      ; Inapplicable ; Inapplicable ; Pass      ; Pass      ; Inapplicable ; Pass      ; Pass      ; Inapplicable ; Inapplicable ; Inapplicable ; Inapplicable ; Inapplicable ; Inapplicable ; Inapplicable ; Inapplicable ; Inapplicable ; Inapplicable ; Inapplicable ; Inapplicable ; Inapplicable ; Inapplicable ; Inapplicable ; Inapplicable ; Inapplicable ; Inapplicable ;
; TD_DATA[6]         ; Pass      ; Inapplicable ; Pass      ; Inapplicable ; Inapplicable ; Pass      ; Pass      ; Inapplicable ; Pass      ; Pass      ; Inapplicable ; Inapplicable ; Inapplicable ; Inapplicable ; Inapplicable ; Inapplicable ; Inapplicable ; Inapplicable ; Inapplicable ; Inapplicable ; Inapplicable ; Inapplicable ; Inapplicable ; Inapplicable ; Inapplicable ; Inapplicable ; Inapplicable ; Inapplicable ;
; TD_DATA[7]         ; Pass      ; Inapplicable ; Pass      ; Inapplicable ; Inapplicable ; Pass      ; Pass      ; Inapplicable ; Pass      ; Pass      ; Inapplicable ; Inapplicable ; Inapplicable ; Inapplicable ; Inapplicable ; Inapplicable ; Inapplicable ; Inapplicable ; Inapplicable ; Inapplicable ; Inapplicable ; Inapplicable ; Inapplicable ; Inapplicable ; Inapplicable ; Inapplicable ; Inapplicable ; Inapplicable ;
; TD_HS              ; Pass      ; Inapplicable ; Pass      ; Inapplicable ; Inapplicable ; Pass      ; Pass      ; Inapplicable ; Pass      ; Pass      ; Inapplicable ; Inapplicable ; Inapplicable ; Inapplicable ; Inapplicable ; Inapplicable ; Inapplicable ; Inapplicable ; Inapplicable ; Inapplicable ; Inapplicable ; Inapplicable ; Inapplicable ; Inapplicable ; Inapplicable ; Inapplicable ; Inapplicable ; Inapplicable ;
; TD_RESET_N         ; Pass      ; Inapplicable ; Pass      ; Inapplicable ; Inapplicable ; Pass      ; Pass      ; Inapplicable ; Pass      ; Pass      ; Inapplicable ; Inapplicable ; Inapplicable ; Inapplicable ; Inapplicable ; Inapplicable ; Inapplicable ; Inapplicable ; Inapplicable ; Inapplicable ; Inapplicable ; Inapplicable ; Inapplicable ; Inapplicable ; Inapplicable ; Inapplicable ; Inapplicable ; Inapplicable ;
; TD_VS              ; Pass      ; Inapplicable ; Pass      ; Inapplicable ; Inapplicable ; Pass      ; Pass      ; Inapplicable ; Pass      ; Pass      ; Inapplicable ; Inapplicable ; Inapplicable ; Inapplicable ; Inapplicable ; Inapplicable ; Inapplicable ; Inapplicable ; Inapplicable ; Inapplicable ; Inapplicable ; Inapplicable ; Inapplicable ; Inapplicable ; Inapplicable ; Inapplicable ; Inapplicable ; Inapplicable ;
; VGA_B[0]           ; Pass      ; Inapplicable ; Pass      ; Inapplicable ; Inapplicable ; Pass      ; Pass      ; Inapplicable ; Pass      ; Pass      ; Inapplicable ; Inapplicable ; Inapplicable ; Inapplicable ; Inapplicable ; Inapplicable ; Inapplicable ; Inapplicable ; Inapplicable ; Inapplicable ; Inapplicable ; Inapplicable ; Inapplicable ; Inapplicable ; Inapplicable ; Inapplicable ; Inapplicable ; Inapplicable ;
; VGA_B[1]           ; Pass      ; Inapplicable ; Pass      ; Inapplicable ; Inapplicable ; Pass      ; Pass      ; Inapplicable ; Pass      ; Pass      ; Inapplicable ; Inapplicable ; Inapplicable ; Inapplicable ; Inapplicable ; Inapplicable ; Inapplicable ; Inapplicable ; Inapplicable ; Inapplicable ; Inapplicable ; Inapplicable ; Inapplicable ; Inapplicable ; Inapplicable ; Inapplicable ; Inapplicable ; Inapplicable ;
; VGA_B[2]           ; Pass      ; Inapplicable ; Pass      ; Inapplicable ; Inapplicable ; Pass      ; Pass      ; Inapplicable ; Pass      ; Pass      ; Inapplicable ; Inapplicable ; Inapplicable ; Inapplicable ; Inapplicable ; Inapplicable ; Inapplicable ; Inapplicable ; Inapplicable ; Inapplicable ; Inapplicable ; Inapplicable ; Inapplicable ; Inapplicable ; Inapplicable ; Inapplicable ; Inapplicable ; Inapplicable ;
; VGA_B[3]           ; Pass      ; Inapplicable ; Pass      ; Inapplicable ; Inapplicable ; Pass      ; Pass      ; Inapplicable ; Pass      ; Pass      ; Inapplicable ; Inapplicable ; Inapplicable ; Inapplicable ; Inapplicable ; Inapplicable ; Inapplicable ; Inapplicable ; Inapplicable ; Inapplicable ; Inapplicable ; Inapplicable ; Inapplicable ; Inapplicable ; Inapplicable ; Inapplicable ; Inapplicable ; Inapplicable ;
; VGA_B[4]           ; Pass      ; Inapplicable ; Pass      ; Inapplicable ; Inapplicable ; Pass      ; Pass      ; Inapplicable ; Pass      ; Pass      ; Inapplicable ; Inapplicable ; Inapplicable ; Inapplicable ; Inapplicable ; Inapplicable ; Inapplicable ; Inapplicable ; Inapplicable ; Inapplicable ; Inapplicable ; Inapplicable ; Inapplicable ; Inapplicable ; Inapplicable ; Inapplicable ; Inapplicable ; Inapplicable ;
; VGA_B[5]           ; Pass      ; Inapplicable ; Pass      ; Inapplicable ; Inapplicable ; Pass      ; Pass      ; Inapplicable ; Pass      ; Pass      ; Inapplicable ; Inapplicable ; Inapplicable ; Inapplicable ; Inapplicable ; Inapplicable ; Inapplicable ; Inapplicable ; Inapplicable ; Inapplicable ; Inapplicable ; Inapplicable ; Inapplicable ; Inapplicable ; Inapplicable ; Inapplicable ; Inapplicable ; Inapplicable ;
; VGA_B[6]           ; Pass      ; Inapplicable ; Pass      ; Inapplicable ; Inapplicable ; Pass      ; Pass      ; Inapplicable ; Pass      ; Pass      ; Inapplicable ; Inapplicable ; Inapplicable ; Inapplicable ; Inapplicable ; Inapplicable ; Inapplicable ; Inapplicable ; Inapplicable ; Inapplicable ; Inapplicable ; Inapplicable ; Inapplicable ; Inapplicable ; Inapplicable ; Inapplicable ; Inapplicable ; Inapplicable ;
; VGA_B[7]           ; Pass      ; Inapplicable ; Pass      ; Inapplicable ; Inapplicable ; Pass      ; Pass      ; Inapplicable ; Pass      ; Pass      ; Inapplicable ; Inapplicable ; Inapplicable ; Inapplicable ; Inapplicable ; Inapplicable ; Inapplicable ; Inapplicable ; Inapplicable ; Inapplicable ; Inapplicable ; Inapplicable ; Inapplicable ; Inapplicable ; Inapplicable ; Inapplicable ; Inapplicable ; Inapplicable ;
; VGA_BLANK_N        ; Pass      ; Inapplicable ; Pass      ; Inapplicable ; Inapplicable ; Pass      ; Pass      ; Inapplicable ; Pass      ; Pass      ; Inapplicable ; Inapplicable ; Inapplicable ; Inapplicable ; Inapplicable ; Inapplicable ; Inapplicable ; Inapplicable ; Inapplicable ; Inapplicable ; Inapplicable ; Inapplicable ; Inapplicable ; Inapplicable ; Inapplicable ; Inapplicable ; Inapplicable ; Inapplicable ;
; VGA_CLK            ; Pass      ; Inapplicable ; Pass      ; Inapplicable ; Inapplicable ; Pass      ; Pass      ; Inapplicable ; Pass      ; Pass      ; Inapplicable ; Inapplicable ; Inapplicable ; Inapplicable ; Inapplicable ; Inapplicable ; Inapplicable ; Inapplicable ; Inapplicable ; Inapplicable ; Inapplicable ; Inapplicable ; Inapplicable ; Inapplicable ; Inapplicable ; Inapplicable ; Inapplicable ; Inapplicable ;
; VGA_G[0]           ; Pass      ; Inapplicable ; Pass      ; Inapplicable ; Inapplicable ; Pass      ; Pass      ; Inapplicable ; Pass      ; Pass      ; Inapplicable ; Inapplicable ; Inapplicable ; Inapplicable ; Inapplicable ; Inapplicable ; Inapplicable ; Inapplicable ; Inapplicable ; Inapplicable ; Inapplicable ; Inapplicable ; Inapplicable ; Inapplicable ; Inapplicable ; Inapplicable ; Inapplicable ; Inapplicable ;
; VGA_G[1]           ; Pass      ; Inapplicable ; Pass      ; Inapplicable ; Inapplicable ; Pass      ; Pass      ; Inapplicable ; Pass      ; Pass      ; Inapplicable ; Inapplicable ; Inapplicable ; Inapplicable ; Inapplicable ; Inapplicable ; Inapplicable ; Inapplicable ; Inapplicable ; Inapplicable ; Inapplicable ; Inapplicable ; Inapplicable ; Inapplicable ; Inapplicable ; Inapplicable ; Inapplicable ; Inapplicable ;
; VGA_G[2]           ; Pass      ; Inapplicable ; Pass      ; Inapplicable ; Inapplicable ; Pass      ; Pass      ; Inapplicable ; Pass      ; Pass      ; Inapplicable ; Inapplicable ; Inapplicable ; Inapplicable ; Inapplicable ; Inapplicable ; Inapplicable ; Inapplicable ; Inapplicable ; Inapplicable ; Inapplicable ; Inapplicable ; Inapplicable ; Inapplicable ; Inapplicable ; Inapplicable ; Inapplicable ; Inapplicable ;
; VGA_G[3]           ; Pass      ; Inapplicable ; Pass      ; Inapplicable ; Inapplicable ; Pass      ; Pass      ; Inapplicable ; Pass      ; Pass      ; Inapplicable ; Inapplicable ; Inapplicable ; Inapplicable ; Inapplicable ; Inapplicable ; Inapplicable ; Inapplicable ; Inapplicable ; Inapplicable ; Inapplicable ; Inapplicable ; Inapplicable ; Inapplicable ; Inapplicable ; Inapplicable ; Inapplicable ; Inapplicable ;
; VGA_G[4]           ; Pass      ; Inapplicable ; Pass      ; Inapplicable ; Inapplicable ; Pass      ; Pass      ; Inapplicable ; Pass      ; Pass      ; Inapplicable ; Inapplicable ; Inapplicable ; Inapplicable ; Inapplicable ; Inapplicable ; Inapplicable ; Inapplicable ; Inapplicable ; Inapplicable ; Inapplicable ; Inapplicable ; Inapplicable ; Inapplicable ; Inapplicable ; Inapplicable ; Inapplicable ; Inapplicable ;
; VGA_G[5]           ; Pass      ; Inapplicable ; Pass      ; Inapplicable ; Inapplicable ; Pass      ; Pass      ; Inapplicable ; Pass      ; Pass      ; Inapplicable ; Inapplicable ; Inapplicable ; Inapplicable ; Inapplicable ; Inapplicable ; Inapplicable ; Inapplicable ; Inapplicable ; Inapplicable ; Inapplicable ; Inapplicable ; Inapplicable ; Inapplicable ; Inapplicable ; Inapplicable ; Inapplicable ; Inapplicable ;
; VGA_G[6]           ; Pass      ; Inapplicable ; Pass      ; Inapplicable ; Inapplicable ; Pass      ; Pass      ; Inapplicable ; Pass      ; Pass      ; Inapplicable ; Inapplicable ; Inapplicable ; Inapplicable ; Inapplicable ; Inapplicable ; Inapplicable ; Inapplicable ; Inapplicable ; Inapplicable ; Inapplicable ; Inapplicable ; Inapplicable ; Inapplicable ; Inapplicable ; Inapplicable ; Inapplicable ; Inapplicable ;
; VGA_G[7]           ; Pass      ; Inapplicable ; Pass      ; Inapplicable ; Inapplicable ; Pass      ; Pass      ; Inapplicable ; Pass      ; Pass      ; Inapplicable ; Inapplicable ; Inapplicable ; Inapplicable ; Inapplicable ; Inapplicable ; Inapplicable ; Inapplicable ; Inapplicable ; Inapplicable ; Inapplicable ; Inapplicable ; Inapplicable ; Inapplicable ; Inapplicable ; Inapplicable ; Inapplicable ; Inapplicable ;
; VGA_HS             ; Pass      ; Inapplicable ; Pass      ; Inapplicable ; Inapplicable ; Pass      ; Pass      ; Inapplicable ; Pass      ; Pass      ; Inapplicable ; Inapplicable ; Inapplicable ; Inapplicable ; Inapplicable ; Inapplicable ; Inapplicable ; Inapplicable ; Inapplicable ; Inapplicable ; Inapplicable ; Inapplicable ; Inapplicable ; Inapplicable ; Inapplicable ; Inapplicable ; Inapplicable ; Inapplicable ;
; VGA_R[0]           ; Pass      ; Inapplicable ; Pass      ; Inapplicable ; Inapplicable ; Pass      ; Pass      ; Inapplicable ; Pass      ; Pass      ; Inapplicable ; Inapplicable ; Inapplicable ; Inapplicable ; Inapplicable ; Inapplicable ; Inapplicable ; Inapplicable ; Inapplicable ; Inapplicable ; Inapplicable ; Inapplicable ; Inapplicable ; Inapplicable ; Inapplicable ; Inapplicable ; Inapplicable ; Inapplicable ;
; VGA_R[1]           ; Pass      ; Inapplicable ; Pass      ; Inapplicable ; Inapplicable ; Pass      ; Pass      ; Inapplicable ; Pass      ; Pass      ; Inapplicable ; Inapplicable ; Inapplicable ; Inapplicable ; Inapplicable ; Inapplicable ; Inapplicable ; Inapplicable ; Inapplicable ; Inapplicable ; Inapplicable ; Inapplicable ; Inapplicable ; Inapplicable ; Inapplicable ; Inapplicable ; Inapplicable ; Inapplicable ;
; VGA_R[2]           ; Pass      ; Inapplicable ; Pass      ; Inapplicable ; Inapplicable ; Pass      ; Pass      ; Inapplicable ; Pass      ; Pass      ; Inapplicable ; Inapplicable ; Inapplicable ; Inapplicable ; Inapplicable ; Inapplicable ; Inapplicable ; Inapplicable ; Inapplicable ; Inapplicable ; Inapplicable ; Inapplicable ; Inapplicable ; Inapplicable ; Inapplicable ; Inapplicable ; Inapplicable ; Inapplicable ;
; VGA_R[3]           ; Pass      ; Inapplicable ; Pass      ; Inapplicable ; Inapplicable ; Pass      ; Pass      ; Inapplicable ; Pass      ; Pass      ; Inapplicable ; Inapplicable ; Inapplicable ; Inapplicable ; Inapplicable ; Inapplicable ; Inapplicable ; Inapplicable ; Inapplicable ; Inapplicable ; Inapplicable ; Inapplicable ; Inapplicable ; Inapplicable ; Inapplicable ; Inapplicable ; Inapplicable ; Inapplicable ;
; VGA_R[4]           ; Pass      ; Inapplicable ; Pass      ; Inapplicable ; Inapplicable ; Pass      ; Pass      ; Inapplicable ; Pass      ; Pass      ; Inapplicable ; Inapplicable ; Inapplicable ; Inapplicable ; Inapplicable ; Inapplicable ; Inapplicable ; Inapplicable ; Inapplicable ; Inapplicable ; Inapplicable ; Inapplicable ; Inapplicable ; Inapplicable ; Inapplicable ; Inapplicable ; Inapplicable ; Inapplicable ;
; VGA_R[5]           ; Pass      ; Inapplicable ; Pass      ; Inapplicable ; Inapplicable ; Pass      ; Pass      ; Inapplicable ; Pass      ; Pass      ; Inapplicable ; Inapplicable ; Inapplicable ; Inapplicable ; Inapplicable ; Inapplicable ; Inapplicable ; Inapplicable ; Inapplicable ; Inapplicable ; Inapplicable ; Inapplicable ; Inapplicable ; Inapplicable ; Inapplicable ; Inapplicable ; Inapplicable ; Inapplicable ;
; VGA_R[6]           ; Pass      ; Inapplicable ; Pass      ; Inapplicable ; Inapplicable ; Pass      ; Pass      ; Inapplicable ; Pass      ; Pass      ; Inapplicable ; Inapplicable ; Inapplicable ; Inapplicable ; Inapplicable ; Inapplicable ; Inapplicable ; Inapplicable ; Inapplicable ; Inapplicable ; Inapplicable ; Inapplicable ; Inapplicable ; Inapplicable ; Inapplicable ; Inapplicable ; Inapplicable ; Inapplicable ;
; VGA_R[7]           ; Pass      ; Inapplicable ; Pass      ; Inapplicable ; Inapplicable ; Pass      ; Pass      ; Inapplicable ; Pass      ; Pass      ; Inapplicable ; Inapplicable ; Inapplicable ; Inapplicable ; Inapplicable ; Inapplicable ; Inapplicable ; Inapplicable ; Inapplicable ; Inapplicable ; Inapplicable ; Inapplicable ; Inapplicable ; Inapplicable ; Inapplicable ; Inapplicable ; Inapplicable ; Inapplicable ;
; VGA_SYNC_N         ; Pass      ; Inapplicable ; Pass      ; Inapplicable ; Inapplicable ; Pass      ; Pass      ; Inapplicable ; Pass      ; Pass      ; Inapplicable ; Inapplicable ; Inapplicable ; Inapplicable ; Inapplicable ; Inapplicable ; Inapplicable ; Inapplicable ; Inapplicable ; Inapplicable ; Inapplicable ; Inapplicable ; Inapplicable ; Inapplicable ; Inapplicable ; Inapplicable ; Inapplicable ; Inapplicable ;
; VGA_VS             ; Pass      ; Inapplicable ; Pass      ; Inapplicable ; Inapplicable ; Pass      ; Pass      ; Inapplicable ; Pass      ; Pass      ; Inapplicable ; Inapplicable ; Inapplicable ; Inapplicable ; Inapplicable ; Inapplicable ; Inapplicable ; Inapplicable ; Inapplicable ; Inapplicable ; Inapplicable ; Inapplicable ; Inapplicable ; Inapplicable ; Inapplicable ; Inapplicable ; Inapplicable ; Inapplicable ;
; AUD_ADCLRCK        ; Pass      ; Inapplicable ; Pass      ; Inapplicable ; Inapplicable ; Pass      ; Pass      ; Inapplicable ; Pass      ; Pass      ; Inapplicable ; Inapplicable ; Inapplicable ; Inapplicable ; Inapplicable ; Inapplicable ; Inapplicable ; Inapplicable ; Inapplicable ; Inapplicable ; Pass         ; Inapplicable ; Inapplicable ; Inapplicable ; Inapplicable ; Inapplicable ; Inapplicable ; Inapplicable ;
; AUD_BCLK           ; Pass      ; Inapplicable ; Pass      ; Inapplicable ; Inapplicable ; Pass      ; Pass      ; Inapplicable ; Pass      ; Pass      ; Inapplicable ; Inapplicable ; Inapplicable ; Inapplicable ; Inapplicable ; Inapplicable ; Inapplicable ; Inapplicable ; Inapplicable ; Inapplicable ; Pass         ; Inapplicable ; Inapplicable ; Inapplicable ; Inapplicable ; Inapplicable ; Inapplicable ; Inapplicable ;
; AUD_DACLRCK        ; Pass      ; Inapplicable ; Pass      ; Inapplicable ; Inapplicable ; Pass      ; Pass      ; Inapplicable ; Pass      ; Pass      ; Inapplicable ; Inapplicable ; Inapplicable ; Inapplicable ; Inapplicable ; Inapplicable ; Inapplicable ; Inapplicable ; Inapplicable ; Inapplicable ; Pass         ; Inapplicable ; Inapplicable ; Inapplicable ; Inapplicable ; Inapplicable ; Inapplicable ; Inapplicable ;
; DRAM_DQ[0]         ; Pass      ; Inapplicable ; Pass      ; Inapplicable ; Inapplicable ; Pass      ; Pass      ; Inapplicable ; Pass      ; Pass      ; Inapplicable ; Inapplicable ; Inapplicable ; Inapplicable ; Inapplicable ; Inapplicable ; Inapplicable ; Inapplicable ; Inapplicable ; Inapplicable ; Pass         ; Inapplicable ; Inapplicable ; Inapplicable ; Inapplicable ; Inapplicable ; Inapplicable ; Inapplicable ;
; DRAM_DQ[1]         ; Pass      ; Inapplicable ; Pass      ; Inapplicable ; Inapplicable ; Pass      ; Pass      ; Inapplicable ; Pass      ; Pass      ; Inapplicable ; Inapplicable ; Inapplicable ; Inapplicable ; Inapplicable ; Inapplicable ; Inapplicable ; Inapplicable ; Inapplicable ; Inapplicable ; Pass         ; Inapplicable ; Inapplicable ; Inapplicable ; Inapplicable ; Inapplicable ; Inapplicable ; Inapplicable ;
; DRAM_DQ[2]         ; Pass      ; Inapplicable ; Pass      ; Inapplicable ; Inapplicable ; Pass      ; Pass      ; Inapplicable ; Pass      ; Pass      ; Inapplicable ; Inapplicable ; Inapplicable ; Inapplicable ; Inapplicable ; Inapplicable ; Inapplicable ; Inapplicable ; Inapplicable ; Inapplicable ; Pass         ; Inapplicable ; Inapplicable ; Inapplicable ; Inapplicable ; Inapplicable ; Inapplicable ; Inapplicable ;
; DRAM_DQ[3]         ; Pass      ; Inapplicable ; Pass      ; Inapplicable ; Inapplicable ; Pass      ; Pass      ; Inapplicable ; Pass      ; Pass      ; Inapplicable ; Inapplicable ; Inapplicable ; Inapplicable ; Inapplicable ; Inapplicable ; Inapplicable ; Inapplicable ; Inapplicable ; Inapplicable ; Pass         ; Inapplicable ; Inapplicable ; Inapplicable ; Inapplicable ; Inapplicable ; Inapplicable ; Inapplicable ;
; DRAM_DQ[4]         ; Pass      ; Inapplicable ; Pass      ; Inapplicable ; Inapplicable ; Pass      ; Pass      ; Inapplicable ; Pass      ; Pass      ; Inapplicable ; Inapplicable ; Inapplicable ; Inapplicable ; Inapplicable ; Inapplicable ; Inapplicable ; Inapplicable ; Inapplicable ; Inapplicable ; Pass         ; Inapplicable ; Inapplicable ; Inapplicable ; Inapplicable ; Inapplicable ; Inapplicable ; Inapplicable ;
; DRAM_DQ[5]         ; Pass      ; Inapplicable ; Pass      ; Inapplicable ; Inapplicable ; Pass      ; Pass      ; Inapplicable ; Pass      ; Pass      ; Inapplicable ; Inapplicable ; Inapplicable ; Inapplicable ; Inapplicable ; Inapplicable ; Inapplicable ; Inapplicable ; Inapplicable ; Inapplicable ; Pass         ; Inapplicable ; Inapplicable ; Inapplicable ; Inapplicable ; Inapplicable ; Inapplicable ; Inapplicable ;
; DRAM_DQ[6]         ; Pass      ; Inapplicable ; Pass      ; Inapplicable ; Inapplicable ; Pass      ; Pass      ; Inapplicable ; Pass      ; Pass      ; Inapplicable ; Inapplicable ; Inapplicable ; Inapplicable ; Inapplicable ; Inapplicable ; Inapplicable ; Inapplicable ; Inapplicable ; Inapplicable ; Pass         ; Inapplicable ; Inapplicable ; Inapplicable ; Inapplicable ; Inapplicable ; Inapplicable ; Inapplicable ;
; DRAM_DQ[7]         ; Pass      ; Inapplicable ; Pass      ; Inapplicable ; Inapplicable ; Pass      ; Pass      ; Inapplicable ; Pass      ; Pass      ; Inapplicable ; Inapplicable ; Inapplicable ; Inapplicable ; Inapplicable ; Inapplicable ; Inapplicable ; Inapplicable ; Inapplicable ; Inapplicable ; Pass         ; Inapplicable ; Inapplicable ; Inapplicable ; Inapplicable ; Inapplicable ; Inapplicable ; Inapplicable ;
; DRAM_DQ[8]         ; Pass      ; Inapplicable ; Pass      ; Inapplicable ; Inapplicable ; Pass      ; Pass      ; Inapplicable ; Pass      ; Pass      ; Inapplicable ; Inapplicable ; Inapplicable ; Inapplicable ; Inapplicable ; Inapplicable ; Inapplicable ; Inapplicable ; Inapplicable ; Inapplicable ; Pass         ; Inapplicable ; Inapplicable ; Inapplicable ; Inapplicable ; Inapplicable ; Inapplicable ; Inapplicable ;
; DRAM_DQ[9]         ; Pass      ; Inapplicable ; Pass      ; Inapplicable ; Inapplicable ; Pass      ; Pass      ; Inapplicable ; Pass      ; Pass      ; Inapplicable ; Inapplicable ; Inapplicable ; Inapplicable ; Inapplicable ; Inapplicable ; Inapplicable ; Inapplicable ; Inapplicable ; Inapplicable ; Pass         ; Inapplicable ; Inapplicable ; Inapplicable ; Inapplicable ; Inapplicable ; Inapplicable ; Inapplicable ;
; DRAM_DQ[10]        ; Pass      ; Inapplicable ; Pass      ; Inapplicable ; Inapplicable ; Pass      ; Pass      ; Inapplicable ; Pass      ; Pass      ; Inapplicable ; Inapplicable ; Inapplicable ; Inapplicable ; Inapplicable ; Inapplicable ; Inapplicable ; Inapplicable ; Inapplicable ; Inapplicable ; Pass         ; Inapplicable ; Inapplicable ; Inapplicable ; Inapplicable ; Inapplicable ; Inapplicable ; Inapplicable ;
; DRAM_DQ[11]        ; Pass      ; Inapplicable ; Pass      ; Inapplicable ; Inapplicable ; Pass      ; Pass      ; Inapplicable ; Pass      ; Pass      ; Inapplicable ; Inapplicable ; Inapplicable ; Inapplicable ; Inapplicable ; Inapplicable ; Inapplicable ; Inapplicable ; Inapplicable ; Inapplicable ; Pass         ; Inapplicable ; Inapplicable ; Inapplicable ; Inapplicable ; Inapplicable ; Inapplicable ; Inapplicable ;
; DRAM_DQ[12]        ; Pass      ; Inapplicable ; Pass      ; Inapplicable ; Inapplicable ; Pass      ; Pass      ; Inapplicable ; Pass      ; Pass      ; Inapplicable ; Inapplicable ; Inapplicable ; Inapplicable ; Inapplicable ; Inapplicable ; Inapplicable ; Inapplicable ; Inapplicable ; Inapplicable ; Pass         ; Inapplicable ; Inapplicable ; Inapplicable ; Inapplicable ; Inapplicable ; Inapplicable ; Inapplicable ;
; DRAM_DQ[13]        ; Pass      ; Inapplicable ; Pass      ; Inapplicable ; Inapplicable ; Pass      ; Pass      ; Inapplicable ; Pass      ; Pass      ; Inapplicable ; Inapplicable ; Inapplicable ; Inapplicable ; Inapplicable ; Inapplicable ; Inapplicable ; Inapplicable ; Inapplicable ; Inapplicable ; Pass         ; Inapplicable ; Inapplicable ; Inapplicable ; Inapplicable ; Inapplicable ; Inapplicable ; Inapplicable ;
; DRAM_DQ[14]        ; Pass      ; Inapplicable ; Pass      ; Inapplicable ; Inapplicable ; Pass      ; Pass      ; Inapplicable ; Pass      ; Pass      ; Inapplicable ; Inapplicable ; Inapplicable ; Inapplicable ; Inapplicable ; Inapplicable ; Inapplicable ; Inapplicable ; Inapplicable ; Inapplicable ; Pass         ; Inapplicable ; Inapplicable ; Inapplicable ; Inapplicable ; Inapplicable ; Inapplicable ; Inapplicable ;
; DRAM_DQ[15]        ; Pass      ; Inapplicable ; Pass      ; Inapplicable ; Inapplicable ; Pass      ; Pass      ; Inapplicable ; Pass      ; Pass      ; Inapplicable ; Inapplicable ; Inapplicable ; Inapplicable ; Inapplicable ; Inapplicable ; Inapplicable ; Inapplicable ; Inapplicable ; Inapplicable ; Pass         ; Inapplicable ; Inapplicable ; Inapplicable ; Inapplicable ; Inapplicable ; Inapplicable ; Inapplicable ;
; FPGA_I2C_SDAT      ; Pass      ; Inapplicable ; Pass      ; Inapplicable ; Inapplicable ; Pass      ; Pass      ; Inapplicable ; Pass      ; Pass      ; Inapplicable ; Inapplicable ; Inapplicable ; Inapplicable ; Inapplicable ; Inapplicable ; Inapplicable ; Inapplicable ; Inapplicable ; Inapplicable ; Pass         ; Inapplicable ; Inapplicable ; Inapplicable ; Inapplicable ; Inapplicable ; Inapplicable ; Inapplicable ;
; GPIO_0[0]          ; Pass      ; Inapplicable ; Pass      ; Inapplicable ; Inapplicable ; Pass      ; Pass      ; Inapplicable ; Pass      ; Pass      ; Inapplicable ; Inapplicable ; Inapplicable ; Inapplicable ; Inapplicable ; Inapplicable ; Inapplicable ; Inapplicable ; Inapplicable ; Inapplicable ; Pass         ; Inapplicable ; Inapplicable ; Inapplicable ; Inapplicable ; Inapplicable ; Inapplicable ; Inapplicable ;
; GPIO_0[1]          ; Pass      ; Inapplicable ; Pass      ; Inapplicable ; Inapplicable ; Pass      ; Pass      ; Inapplicable ; Pass      ; Pass      ; Inapplicable ; Inapplicable ; Inapplicable ; Inapplicable ; Inapplicable ; Inapplicable ; Inapplicable ; Inapplicable ; Inapplicable ; Inapplicable ; Pass         ; Inapplicable ; Inapplicable ; Inapplicable ; Inapplicable ; Inapplicable ; Inapplicable ; Inapplicable ;
; GPIO_0[2]          ; Pass      ; Inapplicable ; Pass      ; Inapplicable ; Inapplicable ; Pass      ; Pass      ; Inapplicable ; Pass      ; Pass      ; Inapplicable ; Inapplicable ; Inapplicable ; Inapplicable ; Inapplicable ; Inapplicable ; Inapplicable ; Inapplicable ; Inapplicable ; Inapplicable ; Pass         ; Inapplicable ; Inapplicable ; Inapplicable ; Inapplicable ; Inapplicable ; Inapplicable ; Inapplicable ;
; GPIO_0[3]          ; Pass      ; Inapplicable ; Pass      ; Inapplicable ; Inapplicable ; Pass      ; Pass      ; Inapplicable ; Pass      ; Pass      ; Inapplicable ; Inapplicable ; Inapplicable ; Inapplicable ; Inapplicable ; Inapplicable ; Inapplicable ; Inapplicable ; Inapplicable ; Inapplicable ; Pass         ; Inapplicable ; Inapplicable ; Inapplicable ; Inapplicable ; Inapplicable ; Inapplicable ; Inapplicable ;
; GPIO_0[4]          ; Pass      ; Inapplicable ; Pass      ; Inapplicable ; Inapplicable ; Pass      ; Pass      ; Inapplicable ; Pass      ; Pass      ; Inapplicable ; Inapplicable ; Inapplicable ; Inapplicable ; Inapplicable ; Inapplicable ; Inapplicable ; Inapplicable ; Inapplicable ; Inapplicable ; Pass         ; Inapplicable ; Inapplicable ; Inapplicable ; Inapplicable ; Inapplicable ; Inapplicable ; Inapplicable ;
; GPIO_0[5]          ; Pass      ; Inapplicable ; Pass      ; Inapplicable ; Inapplicable ; Pass      ; Pass      ; Inapplicable ; Pass      ; Pass      ; Inapplicable ; Inapplicable ; Inapplicable ; Inapplicable ; Inapplicable ; Inapplicable ; Inapplicable ; Inapplicable ; Inapplicable ; Inapplicable ; Pass         ; Inapplicable ; Inapplicable ; Inapplicable ; Inapplicable ; Inapplicable ; Inapplicable ; Inapplicable ;
; GPIO_0[6]          ; Pass      ; Inapplicable ; Pass      ; Inapplicable ; Inapplicable ; Pass      ; Pass      ; Inapplicable ; Pass      ; Pass      ; Inapplicable ; Inapplicable ; Inapplicable ; Inapplicable ; Inapplicable ; Inapplicable ; Inapplicable ; Inapplicable ; Inapplicable ; Inapplicable ; Pass         ; Inapplicable ; Inapplicable ; Inapplicable ; Inapplicable ; Inapplicable ; Inapplicable ; Inapplicable ;
; GPIO_0[7]          ; Pass      ; Inapplicable ; Pass      ; Inapplicable ; Inapplicable ; Pass      ; Pass      ; Inapplicable ; Pass      ; Pass      ; Inapplicable ; Inapplicable ; Inapplicable ; Inapplicable ; Inapplicable ; Inapplicable ; Inapplicable ; Inapplicable ; Inapplicable ; Inapplicable ; Pass         ; Inapplicable ; Inapplicable ; Inapplicable ; Inapplicable ; Inapplicable ; Inapplicable ; Inapplicable ;
; GPIO_0[8]          ; Pass      ; Inapplicable ; Pass      ; Inapplicable ; Inapplicable ; Pass      ; Pass      ; Inapplicable ; Pass      ; Pass      ; Inapplicable ; Inapplicable ; Inapplicable ; Inapplicable ; Inapplicable ; Inapplicable ; Inapplicable ; Inapplicable ; Inapplicable ; Inapplicable ; Pass         ; Inapplicable ; Inapplicable ; Inapplicable ; Inapplicable ; Inapplicable ; Inapplicable ; Inapplicable ;
; GPIO_0[9]          ; Pass      ; Inapplicable ; Pass      ; Inapplicable ; Inapplicable ; Pass      ; Pass      ; Inapplicable ; Pass      ; Pass      ; Inapplicable ; Inapplicable ; Inapplicable ; Inapplicable ; Inapplicable ; Inapplicable ; Inapplicable ; Inapplicable ; Inapplicable ; Inapplicable ; Pass         ; Inapplicable ; Inapplicable ; Inapplicable ; Inapplicable ; Inapplicable ; Inapplicable ; Inapplicable ;
; GPIO_0[10]         ; Pass      ; Inapplicable ; Pass      ; Inapplicable ; Inapplicable ; Pass      ; Pass      ; Inapplicable ; Pass      ; Pass      ; Inapplicable ; Inapplicable ; Inapplicable ; Inapplicable ; Inapplicable ; Inapplicable ; Inapplicable ; Inapplicable ; Inapplicable ; Inapplicable ; Pass         ; Inapplicable ; Inapplicable ; Inapplicable ; Inapplicable ; Inapplicable ; Inapplicable ; Inapplicable ;
; GPIO_0[11]         ; Pass      ; Inapplicable ; Pass      ; Inapplicable ; Inapplicable ; Pass      ; Pass      ; Inapplicable ; Pass      ; Pass      ; Inapplicable ; Inapplicable ; Inapplicable ; Inapplicable ; Inapplicable ; Inapplicable ; Inapplicable ; Inapplicable ; Inapplicable ; Inapplicable ; Pass         ; Inapplicable ; Inapplicable ; Inapplicable ; Inapplicable ; Inapplicable ; Inapplicable ; Inapplicable ;
; GPIO_0[12]         ; Pass      ; Inapplicable ; Pass      ; Inapplicable ; Inapplicable ; Pass      ; Pass      ; Inapplicable ; Pass      ; Pass      ; Inapplicable ; Inapplicable ; Inapplicable ; Inapplicable ; Inapplicable ; Inapplicable ; Inapplicable ; Inapplicable ; Inapplicable ; Inapplicable ; Pass         ; Inapplicable ; Inapplicable ; Inapplicable ; Inapplicable ; Inapplicable ; Inapplicable ; Inapplicable ;
; GPIO_0[13]         ; Pass      ; Inapplicable ; Pass      ; Inapplicable ; Inapplicable ; Pass      ; Pass      ; Inapplicable ; Pass      ; Pass      ; Inapplicable ; Inapplicable ; Inapplicable ; Inapplicable ; Inapplicable ; Inapplicable ; Inapplicable ; Inapplicable ; Inapplicable ; Inapplicable ; Pass         ; Inapplicable ; Inapplicable ; Inapplicable ; Inapplicable ; Inapplicable ; Inapplicable ; Inapplicable ;
; GPIO_0[14]         ; Pass      ; Inapplicable ; Pass      ; Inapplicable ; Inapplicable ; Pass      ; Pass      ; Inapplicable ; Pass      ; Pass      ; Inapplicable ; Inapplicable ; Inapplicable ; Inapplicable ; Inapplicable ; Inapplicable ; Inapplicable ; Inapplicable ; Inapplicable ; Inapplicable ; Pass         ; Inapplicable ; Inapplicable ; Inapplicable ; Inapplicable ; Inapplicable ; Inapplicable ; Inapplicable ;
; GPIO_0[15]         ; Pass      ; Inapplicable ; Pass      ; Inapplicable ; Inapplicable ; Pass      ; Pass      ; Inapplicable ; Pass      ; Pass      ; Inapplicable ; Inapplicable ; Inapplicable ; Inapplicable ; Inapplicable ; Inapplicable ; Inapplicable ; Inapplicable ; Inapplicable ; Inapplicable ; Pass         ; Inapplicable ; Inapplicable ; Inapplicable ; Inapplicable ; Inapplicable ; Inapplicable ; Inapplicable ;
; GPIO_0[16]         ; Pass      ; Inapplicable ; Pass      ; Inapplicable ; Inapplicable ; Pass      ; Pass      ; Inapplicable ; Pass      ; Pass      ; Inapplicable ; Inapplicable ; Inapplicable ; Inapplicable ; Inapplicable ; Inapplicable ; Inapplicable ; Inapplicable ; Inapplicable ; Inapplicable ; Pass         ; Inapplicable ; Inapplicable ; Inapplicable ; Inapplicable ; Inapplicable ; Inapplicable ; Inapplicable ;
; GPIO_0[17]         ; Pass      ; Inapplicable ; Pass      ; Inapplicable ; Inapplicable ; Pass      ; Pass      ; Inapplicable ; Pass      ; Pass      ; Inapplicable ; Inapplicable ; Inapplicable ; Inapplicable ; Inapplicable ; Inapplicable ; Inapplicable ; Inapplicable ; Inapplicable ; Inapplicable ; Pass         ; Inapplicable ; Inapplicable ; Inapplicable ; Inapplicable ; Inapplicable ; Inapplicable ; Inapplicable ;
; GPIO_0[18]         ; Pass      ; Inapplicable ; Pass      ; Inapplicable ; Inapplicable ; Pass      ; Pass      ; Inapplicable ; Pass      ; Pass      ; Inapplicable ; Inapplicable ; Inapplicable ; Inapplicable ; Inapplicable ; Inapplicable ; Inapplicable ; Inapplicable ; Inapplicable ; Inapplicable ; Pass         ; Inapplicable ; Inapplicable ; Inapplicable ; Inapplicable ; Inapplicable ; Inapplicable ; Inapplicable ;
; GPIO_0[19]         ; Pass      ; Inapplicable ; Pass      ; Inapplicable ; Inapplicable ; Pass      ; Pass      ; Inapplicable ; Pass      ; Pass      ; Inapplicable ; Inapplicable ; Inapplicable ; Inapplicable ; Inapplicable ; Inapplicable ; Inapplicable ; Inapplicable ; Inapplicable ; Inapplicable ; Pass         ; Inapplicable ; Inapplicable ; Inapplicable ; Inapplicable ; Inapplicable ; Inapplicable ; Inapplicable ;
; GPIO_0[20]         ; Pass      ; Inapplicable ; Pass      ; Inapplicable ; Inapplicable ; Pass      ; Pass      ; Inapplicable ; Pass      ; Pass      ; Inapplicable ; Inapplicable ; Inapplicable ; Inapplicable ; Inapplicable ; Inapplicable ; Inapplicable ; Inapplicable ; Inapplicable ; Inapplicable ; Pass         ; Inapplicable ; Inapplicable ; Inapplicable ; Inapplicable ; Inapplicable ; Inapplicable ; Inapplicable ;
; GPIO_0[21]         ; Pass      ; Inapplicable ; Pass      ; Inapplicable ; Inapplicable ; Pass      ; Pass      ; Inapplicable ; Pass      ; Pass      ; Inapplicable ; Inapplicable ; Inapplicable ; Inapplicable ; Inapplicable ; Inapplicable ; Inapplicable ; Inapplicable ; Inapplicable ; Inapplicable ; Pass         ; Inapplicable ; Inapplicable ; Inapplicable ; Inapplicable ; Inapplicable ; Inapplicable ; Inapplicable ;
; GPIO_0[22]         ; Pass      ; Inapplicable ; Pass      ; Inapplicable ; Inapplicable ; Pass      ; Pass      ; Inapplicable ; Pass      ; Pass      ; Inapplicable ; Inapplicable ; Inapplicable ; Inapplicable ; Inapplicable ; Inapplicable ; Inapplicable ; Inapplicable ; Inapplicable ; Inapplicable ; Pass         ; Inapplicable ; Inapplicable ; Inapplicable ; Inapplicable ; Inapplicable ; Inapplicable ; Inapplicable ;
; GPIO_0[23]         ; Pass      ; Inapplicable ; Pass      ; Inapplicable ; Inapplicable ; Pass      ; Pass      ; Inapplicable ; Pass      ; Pass      ; Inapplicable ; Inapplicable ; Inapplicable ; Inapplicable ; Inapplicable ; Inapplicable ; Inapplicable ; Inapplicable ; Inapplicable ; Inapplicable ; Pass         ; Inapplicable ; Inapplicable ; Inapplicable ; Inapplicable ; Inapplicable ; Inapplicable ; Inapplicable ;
; GPIO_0[24]         ; Pass      ; Inapplicable ; Pass      ; Inapplicable ; Inapplicable ; Pass      ; Pass      ; Inapplicable ; Pass      ; Pass      ; Inapplicable ; Inapplicable ; Inapplicable ; Inapplicable ; Inapplicable ; Inapplicable ; Inapplicable ; Inapplicable ; Inapplicable ; Inapplicable ; Pass         ; Inapplicable ; Inapplicable ; Inapplicable ; Inapplicable ; Inapplicable ; Inapplicable ; Inapplicable ;
; GPIO_0[25]         ; Pass      ; Inapplicable ; Pass      ; Inapplicable ; Inapplicable ; Pass      ; Pass      ; Inapplicable ; Pass      ; Pass      ; Inapplicable ; Inapplicable ; Inapplicable ; Inapplicable ; Inapplicable ; Inapplicable ; Inapplicable ; Inapplicable ; Inapplicable ; Inapplicable ; Pass         ; Inapplicable ; Inapplicable ; Inapplicable ; Inapplicable ; Inapplicable ; Inapplicable ; Inapplicable ;
; GPIO_0[26]         ; Pass      ; Inapplicable ; Pass      ; Inapplicable ; Inapplicable ; Pass      ; Pass      ; Inapplicable ; Pass      ; Pass      ; Inapplicable ; Inapplicable ; Inapplicable ; Inapplicable ; Inapplicable ; Inapplicable ; Inapplicable ; Inapplicable ; Inapplicable ; Inapplicable ; Pass         ; Inapplicable ; Inapplicable ; Inapplicable ; Inapplicable ; Inapplicable ; Inapplicable ; Inapplicable ;
; GPIO_0[27]         ; Pass      ; Inapplicable ; Pass      ; Inapplicable ; Inapplicable ; Pass      ; Pass      ; Inapplicable ; Pass      ; Pass      ; Inapplicable ; Inapplicable ; Inapplicable ; Inapplicable ; Inapplicable ; Inapplicable ; Inapplicable ; Inapplicable ; Inapplicable ; Inapplicable ; Pass         ; Inapplicable ; Inapplicable ; Inapplicable ; Inapplicable ; Inapplicable ; Inapplicable ; Inapplicable ;
; GPIO_0[28]         ; Pass      ; Inapplicable ; Pass      ; Inapplicable ; Inapplicable ; Pass      ; Pass      ; Inapplicable ; Pass      ; Pass      ; Inapplicable ; Inapplicable ; Inapplicable ; Inapplicable ; Inapplicable ; Inapplicable ; Inapplicable ; Inapplicable ; Inapplicable ; Inapplicable ; Pass         ; Inapplicable ; Inapplicable ; Inapplicable ; Inapplicable ; Inapplicable ; Inapplicable ; Inapplicable ;
; GPIO_0[29]         ; Pass      ; Inapplicable ; Pass      ; Inapplicable ; Inapplicable ; Pass      ; Pass      ; Inapplicable ; Pass      ; Pass      ; Inapplicable ; Inapplicable ; Inapplicable ; Inapplicable ; Inapplicable ; Inapplicable ; Inapplicable ; Inapplicable ; Inapplicable ; Inapplicable ; Pass         ; Inapplicable ; Inapplicable ; Inapplicable ; Inapplicable ; Inapplicable ; Inapplicable ; Inapplicable ;
; GPIO_0[30]         ; Pass      ; Inapplicable ; Pass      ; Inapplicable ; Inapplicable ; Pass      ; Pass      ; Inapplicable ; Pass      ; Pass      ; Inapplicable ; Inapplicable ; Inapplicable ; Inapplicable ; Inapplicable ; Inapplicable ; Inapplicable ; Inapplicable ; Inapplicable ; Inapplicable ; Pass         ; Inapplicable ; Inapplicable ; Inapplicable ; Inapplicable ; Inapplicable ; Inapplicable ; Inapplicable ;
; GPIO_0[31]         ; Pass      ; Inapplicable ; Pass      ; Inapplicable ; Inapplicable ; Pass      ; Pass      ; Inapplicable ; Pass      ; Pass      ; Inapplicable ; Inapplicable ; Inapplicable ; Inapplicable ; Inapplicable ; Inapplicable ; Inapplicable ; Inapplicable ; Inapplicable ; Inapplicable ; Pass         ; Inapplicable ; Inapplicable ; Inapplicable ; Inapplicable ; Inapplicable ; Inapplicable ; Inapplicable ;
; GPIO_0[32]         ; Pass      ; Inapplicable ; Pass      ; Inapplicable ; Inapplicable ; Pass      ; Pass      ; Inapplicable ; Pass      ; Pass      ; Inapplicable ; Inapplicable ; Inapplicable ; Inapplicable ; Inapplicable ; Inapplicable ; Inapplicable ; Inapplicable ; Inapplicable ; Inapplicable ; Pass         ; Inapplicable ; Inapplicable ; Inapplicable ; Inapplicable ; Inapplicable ; Inapplicable ; Inapplicable ;
; GPIO_0[33]         ; Pass      ; Inapplicable ; Pass      ; Inapplicable ; Inapplicable ; Pass      ; Pass      ; Inapplicable ; Pass      ; Pass      ; Inapplicable ; Inapplicable ; Inapplicable ; Inapplicable ; Inapplicable ; Inapplicable ; Inapplicable ; Inapplicable ; Inapplicable ; Inapplicable ; Pass         ; Inapplicable ; Inapplicable ; Inapplicable ; Inapplicable ; Inapplicable ; Inapplicable ; Inapplicable ;
; GPIO_0[34]         ; Pass      ; Inapplicable ; Pass      ; Inapplicable ; Inapplicable ; Pass      ; Pass      ; Inapplicable ; Pass      ; Pass      ; Inapplicable ; Inapplicable ; Inapplicable ; Inapplicable ; Inapplicable ; Inapplicable ; Inapplicable ; Inapplicable ; Inapplicable ; Inapplicable ; Pass         ; Inapplicable ; Inapplicable ; Inapplicable ; Inapplicable ; Inapplicable ; Inapplicable ; Inapplicable ;
; GPIO_0[35]         ; Pass      ; Inapplicable ; Pass      ; Inapplicable ; Inapplicable ; Pass      ; Pass      ; Inapplicable ; Pass      ; Pass      ; Inapplicable ; Inapplicable ; Inapplicable ; Inapplicable ; Inapplicable ; Inapplicable ; Inapplicable ; Inapplicable ; Inapplicable ; Inapplicable ; Pass         ; Inapplicable ; Inapplicable ; Inapplicable ; Inapplicable ; Inapplicable ; Inapplicable ; Inapplicable ;
; GPIO_1[0]          ; Pass      ; Inapplicable ; Pass      ; Inapplicable ; Inapplicable ; Pass      ; Pass      ; Inapplicable ; Pass      ; Pass      ; Inapplicable ; Inapplicable ; Inapplicable ; Inapplicable ; Inapplicable ; Inapplicable ; Inapplicable ; Inapplicable ; Inapplicable ; Inapplicable ; Pass         ; Inapplicable ; Inapplicable ; Inapplicable ; Inapplicable ; Inapplicable ; Inapplicable ; Inapplicable ;
; GPIO_1[1]          ; Pass      ; Inapplicable ; Pass      ; Inapplicable ; Inapplicable ; Pass      ; Pass      ; Inapplicable ; Pass      ; Pass      ; Inapplicable ; Inapplicable ; Inapplicable ; Inapplicable ; Inapplicable ; Inapplicable ; Inapplicable ; Inapplicable ; Inapplicable ; Inapplicable ; Pass         ; Inapplicable ; Inapplicable ; Inapplicable ; Inapplicable ; Inapplicable ; Inapplicable ; Inapplicable ;
; GPIO_1[2]          ; Pass      ; Inapplicable ; Pass      ; Inapplicable ; Inapplicable ; Pass      ; Pass      ; Inapplicable ; Pass      ; Pass      ; Inapplicable ; Inapplicable ; Inapplicable ; Inapplicable ; Inapplicable ; Inapplicable ; Inapplicable ; Inapplicable ; Inapplicable ; Inapplicable ; Pass         ; Inapplicable ; Inapplicable ; Inapplicable ; Inapplicable ; Inapplicable ; Inapplicable ; Inapplicable ;
; GPIO_1[3]          ; Pass      ; Inapplicable ; Pass      ; Inapplicable ; Inapplicable ; Pass      ; Pass      ; Inapplicable ; Pass      ; Pass      ; Inapplicable ; Inapplicable ; Inapplicable ; Inapplicable ; Inapplicable ; Inapplicable ; Inapplicable ; Inapplicable ; Inapplicable ; Inapplicable ; Pass         ; Inapplicable ; Inapplicable ; Inapplicable ; Inapplicable ; Inapplicable ; Inapplicable ; Inapplicable ;
; GPIO_1[4]          ; Pass      ; Inapplicable ; Pass      ; Inapplicable ; Inapplicable ; Pass      ; Pass      ; Inapplicable ; Pass      ; Pass      ; Inapplicable ; Inapplicable ; Inapplicable ; Inapplicable ; Inapplicable ; Inapplicable ; Inapplicable ; Inapplicable ; Inapplicable ; Inapplicable ; Pass         ; Inapplicable ; Inapplicable ; Inapplicable ; Inapplicable ; Inapplicable ; Inapplicable ; Inapplicable ;
; GPIO_1[5]          ; Pass      ; Inapplicable ; Pass      ; Inapplicable ; Inapplicable ; Pass      ; Pass      ; Inapplicable ; Pass      ; Pass      ; Inapplicable ; Inapplicable ; Inapplicable ; Inapplicable ; Inapplicable ; Inapplicable ; Inapplicable ; Inapplicable ; Inapplicable ; Inapplicable ; Pass         ; Inapplicable ; Inapplicable ; Inapplicable ; Inapplicable ; Inapplicable ; Inapplicable ; Inapplicable ;
; GPIO_1[6]          ; Pass      ; Inapplicable ; Pass      ; Inapplicable ; Inapplicable ; Pass      ; Pass      ; Inapplicable ; Pass      ; Pass      ; Inapplicable ; Inapplicable ; Inapplicable ; Inapplicable ; Inapplicable ; Inapplicable ; Inapplicable ; Inapplicable ; Inapplicable ; Inapplicable ; Pass         ; Inapplicable ; Inapplicable ; Inapplicable ; Inapplicable ; Inapplicable ; Inapplicable ; Inapplicable ;
; GPIO_1[7]          ; Pass      ; Inapplicable ; Pass      ; Inapplicable ; Inapplicable ; Pass      ; Pass      ; Inapplicable ; Pass      ; Pass      ; Inapplicable ; Inapplicable ; Inapplicable ; Inapplicable ; Inapplicable ; Inapplicable ; Inapplicable ; Inapplicable ; Inapplicable ; Inapplicable ; Pass         ; Inapplicable ; Inapplicable ; Inapplicable ; Inapplicable ; Inapplicable ; Inapplicable ; Inapplicable ;
; GPIO_1[8]          ; Pass      ; Inapplicable ; Pass      ; Inapplicable ; Inapplicable ; Pass      ; Pass      ; Inapplicable ; Pass      ; Pass      ; Inapplicable ; Inapplicable ; Inapplicable ; Inapplicable ; Inapplicable ; Inapplicable ; Inapplicable ; Inapplicable ; Inapplicable ; Inapplicable ; Pass         ; Inapplicable ; Inapplicable ; Inapplicable ; Inapplicable ; Inapplicable ; Inapplicable ; Inapplicable ;
; GPIO_1[9]          ; Pass      ; Inapplicable ; Pass      ; Inapplicable ; Inapplicable ; Pass      ; Pass      ; Inapplicable ; Pass      ; Pass      ; Inapplicable ; Inapplicable ; Inapplicable ; Inapplicable ; Inapplicable ; Inapplicable ; Inapplicable ; Inapplicable ; Inapplicable ; Inapplicable ; Pass         ; Inapplicable ; Inapplicable ; Inapplicable ; Inapplicable ; Inapplicable ; Inapplicable ; Inapplicable ;
; GPIO_1[10]         ; Pass      ; Inapplicable ; Pass      ; Inapplicable ; Inapplicable ; Pass      ; Pass      ; Inapplicable ; Pass      ; Pass      ; Inapplicable ; Inapplicable ; Inapplicable ; Inapplicable ; Inapplicable ; Inapplicable ; Inapplicable ; Inapplicable ; Inapplicable ; Inapplicable ; Pass         ; Inapplicable ; Inapplicable ; Inapplicable ; Inapplicable ; Inapplicable ; Inapplicable ; Inapplicable ;
; GPIO_1[11]         ; Pass      ; Inapplicable ; Pass      ; Inapplicable ; Inapplicable ; Pass      ; Pass      ; Inapplicable ; Pass      ; Pass      ; Inapplicable ; Inapplicable ; Inapplicable ; Inapplicable ; Inapplicable ; Inapplicable ; Inapplicable ; Inapplicable ; Inapplicable ; Inapplicable ; Pass         ; Inapplicable ; Inapplicable ; Inapplicable ; Inapplicable ; Inapplicable ; Inapplicable ; Inapplicable ;
; GPIO_1[12]         ; Pass      ; Inapplicable ; Pass      ; Inapplicable ; Inapplicable ; Pass      ; Pass      ; Inapplicable ; Pass      ; Pass      ; Inapplicable ; Inapplicable ; Inapplicable ; Inapplicable ; Inapplicable ; Inapplicable ; Inapplicable ; Inapplicable ; Inapplicable ; Inapplicable ; Pass         ; Inapplicable ; Inapplicable ; Inapplicable ; Inapplicable ; Inapplicable ; Inapplicable ; Inapplicable ;
; GPIO_1[13]         ; Pass      ; Inapplicable ; Pass      ; Inapplicable ; Inapplicable ; Pass      ; Pass      ; Inapplicable ; Pass      ; Pass      ; Inapplicable ; Inapplicable ; Inapplicable ; Inapplicable ; Inapplicable ; Inapplicable ; Inapplicable ; Inapplicable ; Inapplicable ; Inapplicable ; Pass         ; Inapplicable ; Inapplicable ; Inapplicable ; Inapplicable ; Inapplicable ; Inapplicable ; Inapplicable ;
; GPIO_1[14]         ; Pass      ; Inapplicable ; Pass      ; Inapplicable ; Inapplicable ; Pass      ; Pass      ; Inapplicable ; Pass      ; Pass      ; Inapplicable ; Inapplicable ; Inapplicable ; Inapplicable ; Inapplicable ; Inapplicable ; Inapplicable ; Inapplicable ; Inapplicable ; Inapplicable ; Pass         ; Inapplicable ; Inapplicable ; Inapplicable ; Inapplicable ; Inapplicable ; Inapplicable ; Inapplicable ;
; GPIO_1[15]         ; Pass      ; Inapplicable ; Pass      ; Inapplicable ; Inapplicable ; Pass      ; Pass      ; Inapplicable ; Pass      ; Pass      ; Inapplicable ; Inapplicable ; Inapplicable ; Inapplicable ; Inapplicable ; Inapplicable ; Inapplicable ; Inapplicable ; Inapplicable ; Inapplicable ; Pass         ; Inapplicable ; Inapplicable ; Inapplicable ; Inapplicable ; Inapplicable ; Inapplicable ; Inapplicable ;
; GPIO_1[16]         ; Pass      ; Inapplicable ; Pass      ; Inapplicable ; Inapplicable ; Pass      ; Pass      ; Inapplicable ; Pass      ; Pass      ; Inapplicable ; Inapplicable ; Inapplicable ; Inapplicable ; Inapplicable ; Inapplicable ; Inapplicable ; Inapplicable ; Inapplicable ; Inapplicable ; Pass         ; Inapplicable ; Inapplicable ; Inapplicable ; Inapplicable ; Inapplicable ; Inapplicable ; Inapplicable ;
; GPIO_1[17]         ; Pass      ; Inapplicable ; Pass      ; Inapplicable ; Inapplicable ; Pass      ; Pass      ; Inapplicable ; Pass      ; Pass      ; Inapplicable ; Inapplicable ; Inapplicable ; Inapplicable ; Inapplicable ; Inapplicable ; Inapplicable ; Inapplicable ; Inapplicable ; Inapplicable ; Pass         ; Inapplicable ; Inapplicable ; Inapplicable ; Inapplicable ; Inapplicable ; Inapplicable ; Inapplicable ;
; GPIO_1[18]         ; Pass      ; Inapplicable ; Pass      ; Inapplicable ; Inapplicable ; Pass      ; Pass      ; Inapplicable ; Pass      ; Pass      ; Inapplicable ; Inapplicable ; Inapplicable ; Inapplicable ; Inapplicable ; Inapplicable ; Inapplicable ; Inapplicable ; Inapplicable ; Inapplicable ; Pass         ; Inapplicable ; Inapplicable ; Inapplicable ; Inapplicable ; Inapplicable ; Inapplicable ; Inapplicable ;
; GPIO_1[19]         ; Pass      ; Inapplicable ; Pass      ; Inapplicable ; Inapplicable ; Pass      ; Pass      ; Inapplicable ; Pass      ; Pass      ; Inapplicable ; Inapplicable ; Inapplicable ; Inapplicable ; Inapplicable ; Inapplicable ; Inapplicable ; Inapplicable ; Inapplicable ; Inapplicable ; Pass         ; Inapplicable ; Inapplicable ; Inapplicable ; Inapplicable ; Inapplicable ; Inapplicable ; Inapplicable ;
; GPIO_1[20]         ; Pass      ; Inapplicable ; Pass      ; Inapplicable ; Inapplicable ; Pass      ; Pass      ; Inapplicable ; Pass      ; Pass      ; Inapplicable ; Inapplicable ; Inapplicable ; Inapplicable ; Inapplicable ; Inapplicable ; Inapplicable ; Inapplicable ; Inapplicable ; Inapplicable ; Pass         ; Inapplicable ; Inapplicable ; Inapplicable ; Inapplicable ; Inapplicable ; Inapplicable ; Inapplicable ;
; GPIO_1[21]         ; Pass      ; Inapplicable ; Pass      ; Inapplicable ; Inapplicable ; Pass      ; Pass      ; Inapplicable ; Pass      ; Pass      ; Inapplicable ; Inapplicable ; Inapplicable ; Inapplicable ; Inapplicable ; Inapplicable ; Inapplicable ; Inapplicable ; Inapplicable ; Inapplicable ; Pass         ; Inapplicable ; Inapplicable ; Inapplicable ; Inapplicable ; Inapplicable ; Inapplicable ; Inapplicable ;
; GPIO_1[22]         ; Pass      ; Inapplicable ; Pass      ; Inapplicable ; Inapplicable ; Pass      ; Pass      ; Inapplicable ; Pass      ; Pass      ; Inapplicable ; Inapplicable ; Inapplicable ; Inapplicable ; Inapplicable ; Inapplicable ; Inapplicable ; Inapplicable ; Inapplicable ; Inapplicable ; Pass         ; Inapplicable ; Inapplicable ; Inapplicable ; Inapplicable ; Inapplicable ; Inapplicable ; Inapplicable ;
; GPIO_1[23]         ; Pass      ; Inapplicable ; Pass      ; Inapplicable ; Inapplicable ; Pass      ; Pass      ; Inapplicable ; Pass      ; Pass      ; Inapplicable ; Inapplicable ; Inapplicable ; Inapplicable ; Inapplicable ; Inapplicable ; Inapplicable ; Inapplicable ; Inapplicable ; Inapplicable ; Pass         ; Inapplicable ; Inapplicable ; Inapplicable ; Inapplicable ; Inapplicable ; Inapplicable ; Inapplicable ;
; GPIO_1[24]         ; Pass      ; Inapplicable ; Pass      ; Inapplicable ; Inapplicable ; Pass      ; Pass      ; Inapplicable ; Pass      ; Pass      ; Inapplicable ; Inapplicable ; Inapplicable ; Inapplicable ; Inapplicable ; Inapplicable ; Inapplicable ; Inapplicable ; Inapplicable ; Inapplicable ; Pass         ; Inapplicable ; Inapplicable ; Inapplicable ; Inapplicable ; Inapplicable ; Inapplicable ; Inapplicable ;
; GPIO_1[25]         ; Pass      ; Inapplicable ; Pass      ; Inapplicable ; Inapplicable ; Pass      ; Pass      ; Inapplicable ; Pass      ; Pass      ; Inapplicable ; Inapplicable ; Inapplicable ; Inapplicable ; Inapplicable ; Inapplicable ; Inapplicable ; Inapplicable ; Inapplicable ; Inapplicable ; Pass         ; Inapplicable ; Inapplicable ; Inapplicable ; Inapplicable ; Inapplicable ; Inapplicable ; Inapplicable ;
; GPIO_1[26]         ; Pass      ; Inapplicable ; Pass      ; Inapplicable ; Inapplicable ; Pass      ; Pass      ; Inapplicable ; Pass      ; Pass      ; Inapplicable ; Inapplicable ; Inapplicable ; Inapplicable ; Inapplicable ; Inapplicable ; Inapplicable ; Inapplicable ; Inapplicable ; Inapplicable ; Pass         ; Inapplicable ; Inapplicable ; Inapplicable ; Inapplicable ; Inapplicable ; Inapplicable ; Inapplicable ;
; GPIO_1[27]         ; Pass      ; Inapplicable ; Pass      ; Inapplicable ; Inapplicable ; Pass      ; Pass      ; Inapplicable ; Pass      ; Pass      ; Inapplicable ; Inapplicable ; Inapplicable ; Inapplicable ; Inapplicable ; Inapplicable ; Inapplicable ; Inapplicable ; Inapplicable ; Inapplicable ; Pass         ; Inapplicable ; Inapplicable ; Inapplicable ; Inapplicable ; Inapplicable ; Inapplicable ; Inapplicable ;
; GPIO_1[28]         ; Pass      ; Inapplicable ; Pass      ; Inapplicable ; Inapplicable ; Pass      ; Pass      ; Inapplicable ; Pass      ; Pass      ; Inapplicable ; Inapplicable ; Inapplicable ; Inapplicable ; Inapplicable ; Inapplicable ; Inapplicable ; Inapplicable ; Inapplicable ; Inapplicable ; Pass         ; Inapplicable ; Inapplicable ; Inapplicable ; Inapplicable ; Inapplicable ; Inapplicable ; Inapplicable ;
; GPIO_1[29]         ; Pass      ; Inapplicable ; Pass      ; Inapplicable ; Inapplicable ; Pass      ; Pass      ; Inapplicable ; Pass      ; Pass      ; Inapplicable ; Inapplicable ; Inapplicable ; Inapplicable ; Inapplicable ; Inapplicable ; Inapplicable ; Inapplicable ; Inapplicable ; Inapplicable ; Pass         ; Inapplicable ; Inapplicable ; Inapplicable ; Inapplicable ; Inapplicable ; Inapplicable ; Inapplicable ;
; GPIO_1[30]         ; Pass      ; Inapplicable ; Pass      ; Inapplicable ; Inapplicable ; Pass      ; Pass      ; Inapplicable ; Pass      ; Pass      ; Inapplicable ; Inapplicable ; Inapplicable ; Inapplicable ; Inapplicable ; Inapplicable ; Inapplicable ; Inapplicable ; Inapplicable ; Inapplicable ; Pass         ; Inapplicable ; Inapplicable ; Inapplicable ; Inapplicable ; Inapplicable ; Inapplicable ; Inapplicable ;
; GPIO_1[31]         ; Pass      ; Inapplicable ; Pass      ; Inapplicable ; Inapplicable ; Pass      ; Pass      ; Inapplicable ; Pass      ; Pass      ; Inapplicable ; Inapplicable ; Inapplicable ; Inapplicable ; Inapplicable ; Inapplicable ; Inapplicable ; Inapplicable ; Inapplicable ; Inapplicable ; Pass         ; Inapplicable ; Inapplicable ; Inapplicable ; Inapplicable ; Inapplicable ; Inapplicable ; Inapplicable ;
; GPIO_1[32]         ; Pass      ; Inapplicable ; Pass      ; Inapplicable ; Inapplicable ; Pass      ; Pass      ; Inapplicable ; Pass      ; Pass      ; Inapplicable ; Inapplicable ; Inapplicable ; Inapplicable ; Inapplicable ; Inapplicable ; Inapplicable ; Inapplicable ; Inapplicable ; Inapplicable ; Pass         ; Inapplicable ; Inapplicable ; Inapplicable ; Inapplicable ; Inapplicable ; Inapplicable ; Inapplicable ;
; GPIO_1[33]         ; Pass      ; Inapplicable ; Pass      ; Inapplicable ; Inapplicable ; Pass      ; Pass      ; Inapplicable ; Pass      ; Pass      ; Inapplicable ; Inapplicable ; Inapplicable ; Inapplicable ; Inapplicable ; Inapplicable ; Inapplicable ; Inapplicable ; Inapplicable ; Inapplicable ; Pass         ; Inapplicable ; Inapplicable ; Inapplicable ; Inapplicable ; Inapplicable ; Inapplicable ; Inapplicable ;
; GPIO_1[34]         ; Pass      ; Inapplicable ; Pass      ; Inapplicable ; Inapplicable ; Pass      ; Pass      ; Inapplicable ; Pass      ; Pass      ; Inapplicable ; Inapplicable ; Inapplicable ; Inapplicable ; Inapplicable ; Inapplicable ; Inapplicable ; Inapplicable ; Inapplicable ; Inapplicable ; Pass         ; Inapplicable ; Inapplicable ; Inapplicable ; Inapplicable ; Inapplicable ; Inapplicable ; Inapplicable ;
; GPIO_1[35]         ; Pass      ; Inapplicable ; Pass      ; Inapplicable ; Inapplicable ; Pass      ; Pass      ; Inapplicable ; Pass      ; Pass      ; Inapplicable ; Inapplicable ; Inapplicable ; Inapplicable ; Inapplicable ; Inapplicable ; Inapplicable ; Inapplicable ; Inapplicable ; Inapplicable ; Pass         ; Inapplicable ; Inapplicable ; Inapplicable ; Inapplicable ; Inapplicable ; Inapplicable ; Inapplicable ;
; PS2_CLK            ; Pass      ; Inapplicable ; Pass      ; Inapplicable ; Inapplicable ; Pass      ; Pass      ; Inapplicable ; Pass      ; Pass      ; Inapplicable ; Inapplicable ; Inapplicable ; Inapplicable ; Inapplicable ; Inapplicable ; Inapplicable ; Inapplicable ; Inapplicable ; Inapplicable ; Pass         ; Inapplicable ; Inapplicable ; Inapplicable ; Inapplicable ; Inapplicable ; Inapplicable ; Inapplicable ;
; PS2_CLK2           ; Pass      ; Inapplicable ; Pass      ; Inapplicable ; Inapplicable ; Pass      ; Pass      ; Inapplicable ; Pass      ; Pass      ; Inapplicable ; Inapplicable ; Inapplicable ; Inapplicable ; Inapplicable ; Inapplicable ; Inapplicable ; Inapplicable ; Inapplicable ; Inapplicable ; Pass         ; Inapplicable ; Inapplicable ; Inapplicable ; Inapplicable ; Inapplicable ; Inapplicable ; Inapplicable ;
; PS2_DAT            ; Pass      ; Inapplicable ; Pass      ; Inapplicable ; Inapplicable ; Pass      ; Pass      ; Inapplicable ; Pass      ; Pass      ; Inapplicable ; Inapplicable ; Inapplicable ; Inapplicable ; Inapplicable ; Inapplicable ; Inapplicable ; Inapplicable ; Inapplicable ; Inapplicable ; Pass         ; Inapplicable ; Inapplicable ; Inapplicable ; Inapplicable ; Inapplicable ; Inapplicable ; Inapplicable ;
; PS2_DAT2           ; Pass      ; Inapplicable ; Pass      ; Inapplicable ; Inapplicable ; Pass      ; Pass      ; Inapplicable ; Pass      ; Pass      ; Inapplicable ; Inapplicable ; Inapplicable ; Inapplicable ; Inapplicable ; Inapplicable ; Inapplicable ; Inapplicable ; Inapplicable ; Inapplicable ; Pass         ; Inapplicable ; Inapplicable ; Inapplicable ; Inapplicable ; Inapplicable ; Inapplicable ; Inapplicable ;
; SW[0]              ; Pass      ; Inapplicable ; Pass      ; Inapplicable ; Inapplicable ; Pass      ; Pass      ; Inapplicable ; Pass      ; Pass      ; Inapplicable ; Inapplicable ; Inapplicable ; Inapplicable ; Inapplicable ; Inapplicable ; Inapplicable ; Inapplicable ; Inapplicable ; Inapplicable ; Inapplicable ; Inapplicable ; Inapplicable ; Inapplicable ; Inapplicable ; Inapplicable ; Inapplicable ; Inapplicable ;
; SW[1]              ; Pass      ; Inapplicable ; Pass      ; Inapplicable ; Inapplicable ; Pass      ; Pass      ; Inapplicable ; Pass      ; Pass      ; Inapplicable ; Inapplicable ; Inapplicable ; Inapplicable ; Inapplicable ; Inapplicable ; Inapplicable ; Inapplicable ; Inapplicable ; Inapplicable ; Inapplicable ; Inapplicable ; Inapplicable ; Inapplicable ; Inapplicable ; Inapplicable ; Inapplicable ; Inapplicable ;
; SW[2]              ; Pass      ; Inapplicable ; Pass      ; Inapplicable ; Inapplicable ; Pass      ; Pass      ; Inapplicable ; Pass      ; Pass      ; Inapplicable ; Inapplicable ; Inapplicable ; Inapplicable ; Inapplicable ; Inapplicable ; Inapplicable ; Inapplicable ; Inapplicable ; Inapplicable ; Inapplicable ; Inapplicable ; Inapplicable ; Inapplicable ; Inapplicable ; Inapplicable ; Inapplicable ; Inapplicable ;
; KEY[3]             ; Pass      ; Inapplicable ; Pass      ; Inapplicable ; Inapplicable ; Pass      ; Pass      ; Inapplicable ; Pass      ; Pass      ; Inapplicable ; Inapplicable ; Inapplicable ; Inapplicable ; Inapplicable ; Inapplicable ; Inapplicable ; Inapplicable ; Inapplicable ; Inapplicable ; Inapplicable ; Inapplicable ; Inapplicable ; Inapplicable ; Inapplicable ; Inapplicable ; Inapplicable ; Inapplicable ;
; CLOCK_50           ; Pass      ; Inapplicable ; Pass      ; Inapplicable ; Inapplicable ; Pass      ; Pass      ; Inapplicable ; Pass      ; Pass      ; Inapplicable ; Inapplicable ; Inapplicable ; Inapplicable ; Inapplicable ; Inapplicable ; Inapplicable ; Inapplicable ; Inapplicable ; Inapplicable ; Inapplicable ; Inapplicable ; Inapplicable ; Inapplicable ; Inapplicable ; Inapplicable ; Inapplicable ; Inapplicable ;
; SW[6]              ; Pass      ; Inapplicable ; Pass      ; Inapplicable ; Inapplicable ; Pass      ; Pass      ; Inapplicable ; Pass      ; Pass      ; Inapplicable ; Inapplicable ; Inapplicable ; Inapplicable ; Inapplicable ; Inapplicable ; Inapplicable ; Inapplicable ; Inapplicable ; Inapplicable ; Inapplicable ; Inapplicable ; Inapplicable ; Inapplicable ; Inapplicable ; Inapplicable ; Inapplicable ; Inapplicable ;
; SW[7]              ; Pass      ; Inapplicable ; Pass      ; Inapplicable ; Inapplicable ; Pass      ; Pass      ; Inapplicable ; Pass      ; Pass      ; Inapplicable ; Inapplicable ; Inapplicable ; Inapplicable ; Inapplicable ; Inapplicable ; Inapplicable ; Inapplicable ; Inapplicable ; Inapplicable ; Inapplicable ; Inapplicable ; Inapplicable ; Inapplicable ; Inapplicable ; Inapplicable ; Inapplicable ; Inapplicable ;
; SW[8]              ; Pass      ; Inapplicable ; Pass      ; Inapplicable ; Inapplicable ; Pass      ; Pass      ; Inapplicable ; Pass      ; Pass      ; Inapplicable ; Inapplicable ; Inapplicable ; Inapplicable ; Inapplicable ; Inapplicable ; Inapplicable ; Inapplicable ; Inapplicable ; Inapplicable ; Inapplicable ; Inapplicable ; Inapplicable ; Inapplicable ; Inapplicable ; Inapplicable ; Inapplicable ; Inapplicable ;
; SW[9]              ; Pass      ; Inapplicable ; Pass      ; Inapplicable ; Inapplicable ; Pass      ; Pass      ; Inapplicable ; Pass      ; Pass      ; Inapplicable ; Inapplicable ; Inapplicable ; Inapplicable ; Inapplicable ; Inapplicable ; Inapplicable ; Inapplicable ; Inapplicable ; Inapplicable ; Inapplicable ; Inapplicable ; Inapplicable ; Inapplicable ; Inapplicable ; Inapplicable ; Inapplicable ; Inapplicable ;
; SW[5]              ; Pass      ; Inapplicable ; Pass      ; Inapplicable ; Inapplicable ; Pass      ; Pass      ; Inapplicable ; Pass      ; Pass      ; Inapplicable ; Inapplicable ; Inapplicable ; Inapplicable ; Inapplicable ; Inapplicable ; Inapplicable ; Inapplicable ; Inapplicable ; Inapplicable ; Inapplicable ; Inapplicable ; Inapplicable ; Inapplicable ; Inapplicable ; Inapplicable ; Inapplicable ; Inapplicable ;
; KEY[2]             ; Pass      ; Inapplicable ; Pass      ; Inapplicable ; Inapplicable ; Pass      ; Pass      ; Inapplicable ; Pass      ; Pass      ; Inapplicable ; Inapplicable ; Inapplicable ; Inapplicable ; Inapplicable ; Inapplicable ; Inapplicable ; Inapplicable ; Inapplicable ; Inapplicable ; Inapplicable ; Inapplicable ; Inapplicable ; Inapplicable ; Inapplicable ; Inapplicable ; Inapplicable ; Inapplicable ;
; KEY[0]             ; Pass      ; Inapplicable ; Pass      ; Inapplicable ; Inapplicable ; Pass      ; Pass      ; Inapplicable ; Pass      ; Pass      ; Inapplicable ; Inapplicable ; Inapplicable ; Inapplicable ; Inapplicable ; Inapplicable ; Inapplicable ; Inapplicable ; Inapplicable ; Inapplicable ; Inapplicable ; Inapplicable ; Inapplicable ; Inapplicable ; Inapplicable ; Inapplicable ; Inapplicable ; Inapplicable ;
; KEY[1]             ; Pass      ; Inapplicable ; Pass      ; Inapplicable ; Inapplicable ; Pass      ; Pass      ; Inapplicable ; Pass      ; Pass      ; Inapplicable ; Inapplicable ; Inapplicable ; Inapplicable ; Inapplicable ; Inapplicable ; Inapplicable ; Inapplicable ; Inapplicable ; Inapplicable ; Inapplicable ; Inapplicable ; Inapplicable ; Inapplicable ; Inapplicable ; Inapplicable ; Inapplicable ; Inapplicable ;
; SW[3]              ; Pass      ; Inapplicable ; Pass      ; Inapplicable ; Inapplicable ; Pass      ; Pass      ; Inapplicable ; Pass      ; Pass      ; Inapplicable ; Inapplicable ; Inapplicable ; Inapplicable ; Inapplicable ; Inapplicable ; Inapplicable ; Inapplicable ; Inapplicable ; Inapplicable ; Inapplicable ; Inapplicable ; Inapplicable ; Inapplicable ; Inapplicable ; Inapplicable ; Inapplicable ; Inapplicable ;
; SW[4]              ; Pass      ; Inapplicable ; Pass      ; Inapplicable ; Inapplicable ; Pass      ; Pass      ; Inapplicable ; Pass      ; Pass      ; Inapplicable ; Inapplicable ; Inapplicable ; Inapplicable ; Inapplicable ; Inapplicable ; Inapplicable ; Inapplicable ; Inapplicable ; Inapplicable ; Inapplicable ; Inapplicable ; Inapplicable ; Inapplicable ; Inapplicable ; Inapplicable ; Inapplicable ; Inapplicable ;
+--------------------+-----------+--------------+-----------+--------------+--------------+-----------+-----------+--------------+-----------+-----------+--------------+--------------+--------------+--------------+--------------+--------------+--------------+--------------+--------------+--------------+--------------+--------------+--------------+--------------+--------------+--------------+--------------+--------------+


+------------------------------------------------------------------------------------------------+
; Fitter Device Options                                                                          ;
+------------------------------------------------------------------+-----------------------------+
; Option                                                           ; Setting                     ;
+------------------------------------------------------------------+-----------------------------+
; Enable user-supplied start-up clock (CLKUSR)                     ; Off                         ;
; Enable device-wide reset (DEV_CLRn)                              ; Off                         ;
; Enable device-wide output enable (DEV_OE)                        ; Off                         ;
; Enable INIT_DONE output                                          ; Off                         ;
; Configuration scheme                                             ; Passive Serial              ;
; Enable Error Detection CRC_ERROR pin                             ; Off                         ;
; Enable CvP_CONFDONE pin                                          ; Off                         ;
; Enable open drain on CRC_ERROR pin                               ; On                          ;
; Enable open drain on CvP_CONFDONE pin                            ; On                          ;
; Enable open drain on INIT_DONE pin                               ; On                          ;
; Enable open drain on Partial Reconfiguration pins                ; Off                         ;
; Enable open drain on nCEO pin                                    ; On                          ;
; Enable Partial Reconfiguration pins                              ; Off                         ;
; Enable input tri-state on active configuration pins in user mode ; Off                         ;
; Enable internal scrubbing                                        ; Off                         ;
; Active Serial clock source                                       ; 100 MHz Internal Oscillator ;
; Device initialization clock source                               ; Internal Oscillator         ;
; Configuration via Protocol                                       ; Off                         ;
; Configuration Voltage Level                                      ; Auto                        ;
; Force Configuration Voltage Level                                ; Off                         ;
; Enable nCEO output                                               ; Off                         ;
; Data[15..8]                                                      ; Unreserved                  ;
; Data[7..5]                                                       ; Unreserved                  ;
; Base pin-out file on sameframe device                            ; Off                         ;
+------------------------------------------------------------------+-----------------------------+


+------------------------------------+
; Operating Settings and Conditions  ;
+---------------------------+--------+
; Setting                   ; Value  ;
+---------------------------+--------+
; Nominal Core Voltage      ; 1.10 V ;
; Low Junction Temperature  ; 0 °C   ;
; High Junction Temperature ; 85 °C  ;
+---------------------------+--------+


+------------------------------------------------------------------------------------------------------------------------------------------------------------------------------------------------------+
; Estimated Delay Added for Hold Timing Summary                                                                                                                                                        ;
+-----------------------------------------------------------------------------------------------+----------------------------------------------------------------------------------+-------------------+
; Source Clock(s)                                                                               ; Destination Clock(s)                                                             ; Delay Added in ns ;
+-----------------------------------------------------------------------------------------------+----------------------------------------------------------------------------------+-------------------+
; CLOCK_50                                                                                      ; C0|pllmhz|pllpara100_inst|altera_pll_i|general[0].gpll~PLL_OUTPUT_COUNTER|divclk ; 3369.1            ;
; C0|u_pll|meu_pll_inst|altera_pll_i|general[0].gpll~PLL_OUTPUT_COUNTER|divclk                  ; C0|pllmhz|pllpara100_inst|altera_pll_i|general[0].gpll~PLL_OUTPUT_COUNTER|divclk ; 642.1             ;
; CLOCK_50,I/O                                                                                  ; C0|pllmhz|pllpara100_inst|altera_pll_i|general[0].gpll~PLL_OUTPUT_COUNTER|divclk ; 380.5             ;
; C0|pllmhz|pllpara100_inst|altera_pll_i|general[0].gpll~PLL_OUTPUT_COUNTER|divclk              ; C0|u_pll|meu_pll_inst|altera_pll_i|general[0].gpll~PLL_OUTPUT_COUNTER|divclk     ; 378.3             ;
; CLOCK_50,C0|pllmhz|pllpara100_inst|altera_pll_i|general[0].gpll~PLL_OUTPUT_COUNTER|divclk,I/O ; C0|pllmhz|pllpara100_inst|altera_pll_i|general[0].gpll~PLL_OUTPUT_COUNTER|divclk ; 300.8             ;
+-----------------------------------------------------------------------------------------------+----------------------------------------------------------------------------------+-------------------+
Note: For more information on problematic transfers, consider running the Fitter again with the Optimize hold timing option (Settings Menu) turned off.
This will disable optimization of problematic paths and expose them for further analysis using the Timing Analyzer.


+-------------------------------------------------------------------------------------------------------------------------------------------------------------------------------+
; Estimated Delay Added for Hold Timing Details                                                                                                                                 ;
+-----------------------------------------------------------------------------------+-----------------------------------------------------------------------+-------------------+
; Source Register                                                                   ; Destination Register                                                  ; Delay Added in ns ;
+-----------------------------------------------------------------------------------+-----------------------------------------------------------------------+-------------------+
; coprocessador:C0|porta_estimulo:u_estimulo|endereco_seq[5]                        ; coprocessador:C0|banco_registradores:u_regs|endereco_invalido         ; 6.056             ;
; coprocessador:C0|porta_estimulo:u_estimulo|wr_en_seq                              ; coprocessador:C0|banco_registradores:u_regs|poly_vx[1][2][3]          ; 5.633             ;
; coprocessador:C0|banco_registradores:u_regs|sprite_pri[31][0]                     ; coprocessador:C0|motor_sprites:u_motor_sprites|padrao_addr_sprite[5]  ; 5.626             ;
; coprocessador:C0|porta_estimulo:u_estimulo|dado_seq[8]                            ; coprocessador:C0|banco_registradores:u_regs|sprite_y[25][8]           ; 5.568             ;
; coprocessador:C0|porta_estimulo:u_estimulo|mov_continuo:u_move_sprite|dado[8]     ; coprocessador:C0|banco_registradores:u_regs|sprite_y[25][8]           ; 5.518             ;
; coprocessador:C0|porta_estimulo:u_estimulo|endereco_seq[6]                        ; coprocessador:C0|banco_registradores:u_regs|endereco_invalido         ; 5.486             ;
; coprocessador:C0|porta_estimulo:u_estimulo|endereco_seq[7]                        ; coprocessador:C0|banco_registradores:u_regs|endereco_invalido         ; 5.486             ;
; coprocessador:C0|porta_estimulo:u_estimulo|mov_continuo:u_scroll_bg|dado[8]       ; coprocessador:C0|banco_registradores:u_regs|sprite_y[25][8]           ; 5.444             ;
; coprocessador:C0|porta_estimulo:u_estimulo|dado_seq[6]                            ; coprocessador:C0|banco_registradores:u_regs|poly_vx[1][2][6]          ; 5.329             ;
; coprocessador:C0|porta_estimulo:u_estimulo|mov_continuo:u_scroll_bg|dado[3]       ; coprocessador:C0|banco_registradores:u_regs|poly_vx[1][2][3]          ; 5.271             ;
; coprocessador:C0|porta_estimulo:u_estimulo|mov_continuo:u_scroll_bg|wr_en         ; coprocessador:C0|banco_registradores:u_regs|endereco_invalido         ; 5.269             ;
; coprocessador:C0|porta_estimulo:u_estimulo|dado_seq[4]                            ; coprocessador:C0|banco_registradores:u_regs|sprite_y[19][4]           ; 5.255             ;
; coprocessador:C0|porta_estimulo:u_estimulo|dado_seq[5]                            ; coprocessador:C0|banco_registradores:u_regs|sprite_y[30][5]           ; 5.238             ;
; coprocessador:C0|porta_estimulo:u_estimulo|mov_continuo:u_scroll_bg|dado[4]       ; coprocessador:C0|banco_registradores:u_regs|sprite_y[19][4]           ; 5.226             ;
; coprocessador:C0|porta_estimulo:u_estimulo|endereco_seq[4]                        ; coprocessador:C0|banco_registradores:u_regs|endereco_invalido         ; 5.177             ;
; coprocessador:C0|porta_estimulo:u_estimulo|mov_continuo:u_scroll_bg|dado[6]       ; coprocessador:C0|banco_registradores:u_regs|poly_vx[1][2][6]          ; 5.166             ;
; coprocessador:C0|porta_estimulo:u_estimulo|dado_seq[7]                            ; coprocessador:C0|banco_registradores:u_regs|sprite_y[18][7]           ; 5.120             ;
; coprocessador:C0|porta_estimulo:u_estimulo|mov_continuo:u_scroll_bg|dado[5]       ; coprocessador:C0|banco_registradores:u_regs|sprite_y[30][5]           ; 5.113             ;
; coprocessador:C0|porta_estimulo:u_estimulo|mov_continuo:u_move_sprite|dado[4]     ; coprocessador:C0|banco_registradores:u_regs|sprite_y[19][4]           ; 5.108             ;
; coprocessador:C0|porta_estimulo:u_estimulo|dado_seq[3]                            ; coprocessador:C0|banco_registradores:u_regs|poly_vx[1][2][3]          ; 5.096             ;
; coprocessador:C0|porta_estimulo:u_estimulo|mov_continuo:u_scroll_bg|dado[7]       ; coprocessador:C0|banco_registradores:u_regs|sprite_y[18][7]           ; 5.081             ;
; coprocessador:C0|porta_estimulo:u_estimulo|mov_continuo:u_move_sprite|dado[5]     ; coprocessador:C0|banco_registradores:u_regs|sprite_y[30][5]           ; 5.054             ;
; coprocessador:C0|porta_estimulo:u_estimulo|mov_continuo:u_move_sprite|dado[7]     ; coprocessador:C0|banco_registradores:u_regs|sprite_y[18][7]           ; 5.050             ;
; coprocessador:C0|porta_estimulo:u_estimulo|endereco_seq[2]                        ; coprocessador:C0|banco_registradores:u_regs|endereco_invalido         ; 5.041             ;
; coprocessador:C0|porta_estimulo:u_estimulo|mov_continuo:u_move_sprite|endereco[0] ; coprocessador:C0|banco_registradores:u_regs|sprite_en[8]              ; 5.021             ;
; coprocessador:C0|porta_estimulo:u_estimulo|mov_continuo:u_move_sprite|dado[3]     ; coprocessador:C0|banco_registradores:u_regs|poly_vx[1][2][3]          ; 5.001             ;
; coprocessador:C0|porta_estimulo:u_estimulo|mov_continuo:u_move_sprite|dado[0]     ; coprocessador:C0|banco_registradores:u_regs|poly_vx[1][2][0]          ; 4.999             ;
; coprocessador:C0|porta_estimulo:u_estimulo|endereco_seq[3]                        ; coprocessador:C0|banco_registradores:u_regs|endereco_invalido         ; 4.981             ;
; coprocessador:C0|porta_estimulo:u_estimulo|mov_continuo:u_move_sprite|dado[2]     ; coprocessador:C0|banco_registradores:u_regs|poly_vx[1][2][2]          ; 4.974             ;
; coprocessador:C0|porta_estimulo:u_estimulo|mov_continuo:u_move_sprite|endereco[2] ; coprocessador:C0|banco_registradores:u_regs|poly_habilitado[1]        ; 4.960             ;
; coprocessador:C0|porta_estimulo:u_estimulo|dado_seq[0]                            ; coprocessador:C0|banco_registradores:u_regs|poly_vx[1][2][0]          ; 4.950             ;
; coprocessador:C0|porta_estimulo:u_estimulo|mov_continuo:u_move_sprite|dado[1]     ; coprocessador:C0|banco_registradores:u_regs|sprite_flipv[14]          ; 4.946             ;
; coprocessador:C0|porta_estimulo:u_estimulo|mov_continuo:u_move_sprite|wr_en       ; coprocessador:C0|banco_registradores:u_regs|endereco_invalido         ; 4.908             ;
; coprocessador:C0|porta_estimulo:u_estimulo|mov_continuo:u_scroll_bg|dado[2]       ; coprocessador:C0|banco_registradores:u_regs|poly_vx[1][2][2]          ; 4.873             ;
; coprocessador:C0|porta_estimulo:u_estimulo|dado_seq[1]                            ; coprocessador:C0|banco_registradores:u_regs|sprite_flipv[14]          ; 4.869             ;
; coprocessador:C0|porta_estimulo:u_estimulo|mov_continuo:u_move_sprite|dado[6]     ; coprocessador:C0|banco_registradores:u_regs|poly_vx[1][2][6]          ; 4.868             ;
; coprocessador:C0|porta_estimulo:u_estimulo|mov_continuo:u_scroll_bg|dado[0]       ; coprocessador:C0|banco_registradores:u_regs|poly_vx[1][2][0]          ; 4.843             ;
; coprocessador:C0|porta_estimulo:u_estimulo|dado_seq[2]                            ; coprocessador:C0|banco_registradores:u_regs|poly_vx[1][2][2]          ; 4.821             ;
; coprocessador:C0|porta_estimulo:u_estimulo|mov_continuo:u_scroll_bg|dado[1]       ; coprocessador:C0|banco_registradores:u_regs|sprite_flipv[14]          ; 4.794             ;
; coprocessador:C0|porta_estimulo:u_estimulo|endereco_seq[0]                        ; coprocessador:C0|banco_registradores:u_regs|sprite_en[8]              ; 4.718             ;
; coprocessador:C0|porta_estimulo:u_estimulo|mov_continuo:u_scroll_bg|endereco[0]   ; coprocessador:C0|banco_registradores:u_regs|sprite_en[8]              ; 4.644             ;
; coprocessador:C0|porta_estimulo:u_estimulo|endereco_seq[1]                        ; coprocessador:C0|banco_registradores:u_regs|endereco_invalido         ; 4.595             ;
; coprocessador:C0|porta_estimulo:u_estimulo|mov_continuo:u_scroll_bg|endereco[1]   ; coprocessador:C0|banco_registradores:u_regs|endereco_invalido         ; 4.590             ;
; coprocessador:C0|banco_registradores:u_regs|sprite_y[31][4]                       ; coprocessador:C0|motor_sprites:u_motor_sprites|pixel_ativo            ; 3.812             ;
; coprocessador:C0|banco_registradores:u_regs|sprite_y[31][3]                       ; coprocessador:C0|motor_sprites:u_motor_sprites|pixel_ativo            ; 3.812             ;
; coprocessador:C0|banco_registradores:u_regs|sprite_y[31][2]                       ; coprocessador:C0|motor_sprites:u_motor_sprites|pixel_ativo            ; 3.812             ;
; coprocessador:C0|banco_registradores:u_regs|sprite_y[31][1]                       ; coprocessador:C0|motor_sprites:u_motor_sprites|pixel_ativo            ; 3.812             ;
; coprocessador:C0|banco_registradores:u_regs|sprite_y[31][0]                       ; coprocessador:C0|motor_sprites:u_motor_sprites|pixel_ativo            ; 3.812             ;
; coprocessador:C0|banco_registradores:u_regs|sprite_en[31]                         ; coprocessador:C0|motor_sprites:u_motor_sprites|pixel_ativo            ; 3.812             ;
; coprocessador:C0|banco_registradores:u_regs|sprite_y[31][8]                       ; coprocessador:C0|motor_sprites:u_motor_sprites|pixel_ativo            ; 3.812             ;
; coprocessador:C0|banco_registradores:u_regs|sprite_y[31][7]                       ; coprocessador:C0|motor_sprites:u_motor_sprites|pixel_ativo            ; 3.812             ;
; coprocessador:C0|banco_registradores:u_regs|sprite_y[31][6]                       ; coprocessador:C0|motor_sprites:u_motor_sprites|pixel_ativo            ; 3.812             ;
; coprocessador:C0|banco_registradores:u_regs|sprite_y[31][5]                       ; coprocessador:C0|motor_sprites:u_motor_sprites|pixel_ativo            ; 3.812             ;
; coprocessador:C0|banco_registradores:u_regs|sprite_x[31][8]                       ; coprocessador:C0|motor_sprites:u_motor_sprites|pixel_ativo            ; 3.812             ;
; coprocessador:C0|banco_registradores:u_regs|sprite_x[31][7]                       ; coprocessador:C0|motor_sprites:u_motor_sprites|pixel_ativo            ; 3.812             ;
; coprocessador:C0|hc[8]                                                            ; coprocessador:C0|motor_sprites:u_motor_sprites|pixel_ativo            ; 3.812             ;
; coprocessador:C0|hc[6]                                                            ; coprocessador:C0|motor_sprites:u_motor_sprites|pixel_ativo            ; 3.812             ;
; coprocessador:C0|hc[7]                                                            ; coprocessador:C0|motor_sprites:u_motor_sprites|pixel_ativo            ; 3.812             ;
; coprocessador:C0|hc[5]                                                            ; coprocessador:C0|motor_sprites:u_motor_sprites|pixel_ativo            ; 3.812             ;
; coprocessador:C0|hc[3]                                                            ; coprocessador:C0|motor_sprites:u_motor_sprites|pixel_ativo            ; 3.812             ;
; coprocessador:C0|hc[2]                                                            ; coprocessador:C0|motor_sprites:u_motor_sprites|pixel_ativo            ; 3.812             ;
; coprocessador:C0|hc[4]                                                            ; coprocessador:C0|motor_sprites:u_motor_sprites|pixel_ativo            ; 3.812             ;
; coprocessador:C0|hc[1]                                                            ; coprocessador:C0|motor_sprites:u_motor_sprites|pixel_ativo            ; 3.812             ;
; coprocessador:C0|hc[0]                                                            ; coprocessador:C0|motor_sprites:u_motor_sprites|pixel_ativo            ; 3.812             ;
; coprocessador:C0|hc[9]                                                            ; coprocessador:C0|motor_sprites:u_motor_sprites|pixel_ativo            ; 3.812             ;
; coprocessador:C0|vc[7]                                                            ; coprocessador:C0|motor_sprites:u_motor_sprites|pixel_ativo            ; 3.812             ;
; coprocessador:C0|vc[6]                                                            ; coprocessador:C0|motor_sprites:u_motor_sprites|pixel_ativo            ; 3.812             ;
; coprocessador:C0|vc[8]                                                            ; coprocessador:C0|motor_sprites:u_motor_sprites|pixel_ativo            ; 3.812             ;
; coprocessador:C0|vc[5]                                                            ; coprocessador:C0|motor_sprites:u_motor_sprites|pixel_ativo            ; 3.812             ;
; coprocessador:C0|vc[4]                                                            ; coprocessador:C0|motor_sprites:u_motor_sprites|pixel_ativo            ; 3.812             ;
; coprocessador:C0|vc[3]                                                            ; coprocessador:C0|motor_sprites:u_motor_sprites|pixel_ativo            ; 3.812             ;
; coprocessador:C0|vc[1]                                                            ; coprocessador:C0|motor_sprites:u_motor_sprites|pixel_ativo            ; 3.812             ;
; coprocessador:C0|vc[0]                                                            ; coprocessador:C0|motor_sprites:u_motor_sprites|pixel_ativo            ; 3.812             ;
; coprocessador:C0|vc[2]                                                            ; coprocessador:C0|motor_sprites:u_motor_sprites|pixel_ativo            ; 3.812             ;
; coprocessador:C0|vc[9]                                                            ; coprocessador:C0|motor_sprites:u_motor_sprites|pixel_ativo            ; 3.812             ;
; coprocessador:C0|banco_registradores:u_regs|sprite_pri[31][2]                     ; coprocessador:C0|motor_sprites:u_motor_sprites|padrao_addr_sprite[5]  ; 3.763             ;
; coprocessador:C0|banco_registradores:u_regs|sprite_pri[31][1]                     ; coprocessador:C0|motor_sprites:u_motor_sprites|padrao_addr_sprite[5]  ; 3.705             ;
; coprocessador:C0|banco_registradores:u_regs|sprite_pri[11][0]                     ; coprocessador:C0|motor_sprites:u_motor_sprites|padrao_addr_sprite[5]  ; 3.541             ;
; coprocessador:C0|banco_registradores:u_regs|sprite_flipv[17]                      ; coprocessador:C0|motor_sprites:u_motor_sprites|padrao_addr_sprite[5]  ; 3.382             ;
; coprocessador:C0|banco_registradores:u_regs|sprite_fliph[29]                      ; coprocessador:C0|motor_sprites:u_motor_sprites|padrao_addr_sprite[1]  ; 3.294             ;
; coprocessador:C0|banco_registradores:u_regs|sprite_fliph[25]                      ; coprocessador:C0|motor_sprites:u_motor_sprites|padrao_addr_sprite[1]  ; 3.285             ;
; coprocessador:C0|banco_registradores:u_regs|sprite_pri[30][1]                     ; coprocessador:C0|motor_sprites:u_motor_sprites|padrao_addr_sprite[5]  ; 3.190             ;
; coprocessador:C0|banco_registradores:u_regs|sprite_pri[30][2]                     ; coprocessador:C0|motor_sprites:u_motor_sprites|padrao_addr_sprite[5]  ; 3.171             ;
; coprocessador:C0|vga_driver:u_vga|v_counter[7]                                    ; coprocessador:C0|vga_driver:u_vga|v_state.V_ACTIVE_STATE              ; 2.962             ;
; coprocessador:C0|banco_registradores:u_regs|sprite_x[31][4]                       ; coprocessador:C0|motor_sprites:u_motor_sprites|pixel_ativo            ; 2.702             ;
; coprocessador:C0|banco_registradores:u_regs|sprite_x[31][3]                       ; coprocessador:C0|motor_sprites:u_motor_sprites|pixel_ativo            ; 2.702             ;
; coprocessador:C0|banco_registradores:u_regs|sprite_x[31][2]                       ; coprocessador:C0|motor_sprites:u_motor_sprites|pixel_ativo            ; 2.702             ;
; coprocessador:C0|banco_registradores:u_regs|sprite_x[31][1]                       ; coprocessador:C0|motor_sprites:u_motor_sprites|pixel_ativo            ; 2.702             ;
; coprocessador:C0|banco_registradores:u_regs|sprite_x[31][0]                       ; coprocessador:C0|motor_sprites:u_motor_sprites|pixel_ativo            ; 2.702             ;
; coprocessador:C0|banco_registradores:u_regs|sprite_x[31][6]                       ; coprocessador:C0|motor_sprites:u_motor_sprites|pixel_ativo            ; 2.702             ;
; coprocessador:C0|banco_registradores:u_regs|sprite_x[31][5]                       ; coprocessador:C0|motor_sprites:u_motor_sprites|pixel_ativo            ; 2.702             ;
; coprocessador:C0|banco_registradores:u_regs|sprite_pri[9][0]                      ; coprocessador:C0|motor_sprites:u_motor_sprites|padrao_addr_sprite[5]  ; 2.675             ;
; coprocessador:C0|banco_registradores:u_regs|sprite_padrao[15][3]                  ; coprocessador:C0|motor_sprites:u_motor_sprites|padrao_addr_sprite[11] ; 2.586             ;
; coprocessador:C0|banco_registradores:u_regs|sprite_padrao[28][4]                  ; coprocessador:C0|motor_sprites:u_motor_sprites|padrao_addr_sprite[12] ; 2.553             ;
; coprocessador:C0|banco_registradores:u_regs|sprite_padrao[12][3]                  ; coprocessador:C0|motor_sprites:u_motor_sprites|padrao_addr_sprite[11] ; 2.542             ;
; coprocessador:C0|banco_registradores:u_regs|sprite_padrao[20][4]                  ; coprocessador:C0|motor_sprites:u_motor_sprites|padrao_addr_sprite[12] ; 2.464             ;
; coprocessador:C0|banco_registradores:u_regs|sprite_pri[8][0]                      ; coprocessador:C0|motor_sprites:u_motor_sprites|padrao_addr_sprite[5]  ; 2.369             ;
; coprocessador:C0|banco_registradores:u_regs|poly_cor[2][7]                        ; coprocessador:C0|vga_driver:u_vga|green_reg[6]                        ; 2.312             ;
; coprocessador:C0|banco_registradores:u_regs|poly_cor[3][6]                        ; coprocessador:C0|vga_driver:u_vga|green_reg[6]                        ; 2.307             ;
; coprocessador:C0|vga_driver:u_vga|v_state.V_BACK_STATE                            ; coprocessador:C0|vga_driver:u_vga|v_state.V_ACTIVE_STATE              ; 2.301             ;
+-----------------------------------------------------------------------------------+-----------------------------------------------------------------------+-------------------+
Note: This table only shows the top 100 path(s) that have the largest delay added for hold.


+-----------------+
; Fitter Messages ;
+-----------------+
Warning (18236): Number of processors has not been specified which may cause overloading on shared machines.  Set the global assignment NUM_PARALLEL_PROCESSORS in your QSF to an appropriate value for best performance.
Info (20030): Parallel compilation is enabled and will use 2 of the 2 processors detected
Info (119006): Selected device 5CSEMA5F31C6 for design "coprocessador"
Info (21077): Low junction temperature is 0 degrees C
Info (21077): High junction temperature is 85 degrees C
Warning: RST port on the PLL is not properly connected on instance coprocessador:C0|meu_pll:u_pll|meu_pll_0002:meu_pll_inst|altera_pll:altera_pll_i|general[0].gpll. The reset port on the PLL should be connected. If the PLL loses lock for any reason, you might need to manually reset the PLL in order to re-establish lock to the reference clock. File: c:/altera_lite/25.1std/quartus/libraries/megafunctions/altera_pll.v Line: 749
    Info: Must be connected
Warning (18550): Found RAM instances implemented as ROM because the write logic is disabled. One instance is listed below as an example.
    Info (119043): Atom "coprocessador:C0|ram_sprites:rspt|altsyncram:altsyncram_component|altsyncram_kt22:auto_generated|ram_block1a0" is instantiated as RAM, but it is actually implemented as ROM function because the write logic is always disabled
Info (171003): Fitter is performing an Auto Fit compilation, which may decrease Fitter effort to reduce compilation time
Warning (292013): Feature LogicLock is only available with a valid subscription license. You can purchase a software subscription to gain full access to this feature.
Warning (15714): Some pins have incomplete I/O assignments. Refer to the I/O Assignment Warnings report for details
Info (176045): Design uses memory blocks. Violating setup or hold times of memory block address registers for either read or write operations could cause memory contents to be corrupted. Make sure that all memory block address registers meet the setup and hold time requirements.
Info (184020): Starting Fitter periphery placement operations
Info (11178): Promoted 2 clocks (2 global)
    Info (11162): coprocessador:C0|meu_pll:u_pll|meu_pll_0002:meu_pll_inst|altera_pll:altera_pll_i|outclk_wire[0]~CLKENA0 with 173 fanout uses global clock CLKCTRL_G0
    Info (11162): coprocessador:C0|pllpara100:pllmhz|pllpara100_0002:pllpara100_inst|altera_pll:altera_pll_i|outclk_wire[0]~CLKENA0 with 1292 fanout uses global clock CLKCTRL_G5
Info (11191): Automatically promoted 1 clock (1 global)
    Info (11162): CLOCK_50~inputCLKENA0 with 228 fanout uses global clock CLKCTRL_G7
Info (184021): Fitter periphery placement operations ending: elapsed time is 00:00:00
Critical Warning (332012): Synopsys Design Constraints File file not found: 'coprocessador.sdc'. A Synopsys Design Constraints File is required by the Timing Analyzer to get proper timing constraints. Without it, the Compiler will not properly optimize the design.
Info (332144): No user constrained generated clocks found in the design
Info (332144): No user constrained base clocks found in the design
Info (332096): The command derive_clocks did not find any clocks to derive.  No clocks were created or changed.
Info (332097): The following timing edges are non-unate.  The Timing Analyzer will assume pos-unate behavior for these edges in the clock network.
    Info (332098): Cell: C0|pllmhz|pllpara100_inst|altera_pll_i|general[0].gpll~FRACTIONAL_PLL  from: refclkin  to: fbclk
    Info (332098): Cell: C0|pllmhz|pllpara100_inst|altera_pll_i|general[0].gpll~PLL_OUTPUT_COUNTER  from: vco0ph[0]  to: divclk
    Info (332098): Cell: C0|pllmhz|pllpara100_inst|altera_pll_i|general[0].gpll~PLL_REFCLK_SELECT  from: clkin[0]  to: clkout
    Info (332098): Cell: C0|u_pll|meu_pll_inst|altera_pll_i|general[0].gpll~FRACTIONAL_PLL  from: refclkin  to: fbclk
    Info (332098): Cell: C0|u_pll|meu_pll_inst|altera_pll_i|general[0].gpll~PLL_OUTPUT_COUNTER  from: vco0ph[0]  to: divclk
    Info (332098): Cell: C0|u_pll|meu_pll_inst|altera_pll_i|general[0].gpll~PLL_REFCLK_SELECT  from: clkin[0]  to: clkout
Info (332143): No user constrained clock uncertainty found in the design. Calling "derive_clock_uncertainty"
Info (332123): Deriving Clock Uncertainty. Please refer to report_sdc in the Timing Analyzer to see clock uncertainties.
Info (332130): Timing requirements not specified -- quality metrics such as performance may be sacrificed to reduce compilation time.
Info (176233): Starting register packing
Info (176235): Finished register packing
    Extra Info (176219): No registers were packed into other blocks
Info (11798): Fitter preparation operations ending: elapsed time is 00:00:13
Info (170189): Fitter placement preparation operations beginning
Info (14951): The Fitter is using Advanced Physical Optimization.
Info (170190): Fitter placement preparation operations ending: elapsed time is 00:00:52
Info (170191): Fitter placement operations beginning
Info (170137): Fitter placement was successful
Info (170192): Fitter placement operations ending: elapsed time is 00:00:17
Info (170193): Fitter routing operations beginning
Info (170089): 4e+03 ns of routing delay (approximately 2.5% of available device routing delay) has been added to meet hold timing. For more information, refer to the Estimated Delay Added for Hold Timing section in the Fitter report.
Info (170195): Router estimated average interconnect usage is 3% of the available device resources
    Info (170196): Router estimated peak interconnect usage is 30% of the available device resources in the region that extends from location X33_Y11 to location X44_Y22
Info (170199): The Fitter performed an Auto Fit compilation.  Optimizations were skipped to reduce compilation time.
    Info (170201): Optimizations that may affect the design's routability were skipped
Info (170194): Fitter routing operations ending: elapsed time is 00:01:06
Info (11888): Total time spent on timing analysis during the Fitter is 17.77 seconds.
Info (334003): Started post-fitting delay annotation
Info (334004): Delay annotation completed successfully
Info (334003): Started post-fitting delay annotation
Info (334004): Delay annotation completed successfully
Info (11801): Fitter post-fit operations ending: elapsed time is 00:00:19
Warning (171167): Found invalid Fitter assignments. See the Ignored Assignments panel in the Fitter Compilation Report for more information.
Warning (169064): Following 96 pins have no output enable or a GND or VCC output enable - later changes to this connectivity may change fitting results
    Info (169065): Pin AUD_ADCLRCK has a permanently disabled output enable File: C:/Users/junio/Downloads/PBLSD1/coprocessador_grafico_versao_final_com_esp_V_e_H/coprocessador_grafico/DE1_SOC_golden_top.v Line: 70
    Info (169065): Pin AUD_BCLK has a permanently disabled output enable File: C:/Users/junio/Downloads/PBLSD1/coprocessador_grafico_versao_final_com_esp_V_e_H/coprocessador_grafico/DE1_SOC_golden_top.v Line: 71
    Info (169065): Pin AUD_DACLRCK has a permanently disabled output enable File: C:/Users/junio/Downloads/PBLSD1/coprocessador_grafico_versao_final_com_esp_V_e_H/coprocessador_grafico/DE1_SOC_golden_top.v Line: 73
    Info (169065): Pin DRAM_DQ[0] has a permanently disabled output enable File: C:/Users/junio/Downloads/PBLSD1/coprocessador_grafico_versao_final_com_esp_V_e_H/coprocessador_grafico/DE1_SOC_golden_top.v Line: 106
    Info (169065): Pin DRAM_DQ[1] has a permanently disabled output enable File: C:/Users/junio/Downloads/PBLSD1/coprocessador_grafico_versao_final_com_esp_V_e_H/coprocessador_grafico/DE1_SOC_golden_top.v Line: 106
    Info (169065): Pin DRAM_DQ[2] has a permanently disabled output enable File: C:/Users/junio/Downloads/PBLSD1/coprocessador_grafico_versao_final_com_esp_V_e_H/coprocessador_grafico/DE1_SOC_golden_top.v Line: 106
    Info (169065): Pin DRAM_DQ[3] has a permanently disabled output enable File: C:/Users/junio/Downloads/PBLSD1/coprocessador_grafico_versao_final_com_esp_V_e_H/coprocessador_grafico/DE1_SOC_golden_top.v Line: 106
    Info (169065): Pin DRAM_DQ[4] has a permanently disabled output enable File: C:/Users/junio/Downloads/PBLSD1/coprocessador_grafico_versao_final_com_esp_V_e_H/coprocessador_grafico/DE1_SOC_golden_top.v Line: 106
    Info (169065): Pin DRAM_DQ[5] has a permanently disabled output enable File: C:/Users/junio/Downloads/PBLSD1/coprocessador_grafico_versao_final_com_esp_V_e_H/coprocessador_grafico/DE1_SOC_golden_top.v Line: 106
    Info (169065): Pin DRAM_DQ[6] has a permanently disabled output enable File: C:/Users/junio/Downloads/PBLSD1/coprocessador_grafico_versao_final_com_esp_V_e_H/coprocessador_grafico/DE1_SOC_golden_top.v Line: 106
    Info (169065): Pin DRAM_DQ[7] has a permanently disabled output enable File: C:/Users/junio/Downloads/PBLSD1/coprocessador_grafico_versao_final_com_esp_V_e_H/coprocessador_grafico/DE1_SOC_golden_top.v Line: 106
    Info (169065): Pin DRAM_DQ[8] has a permanently disabled output enable File: C:/Users/junio/Downloads/PBLSD1/coprocessador_grafico_versao_final_com_esp_V_e_H/coprocessador_grafico/DE1_SOC_golden_top.v Line: 106
    Info (169065): Pin DRAM_DQ[9] has a permanently disabled output enable File: C:/Users/junio/Downloads/PBLSD1/coprocessador_grafico_versao_final_com_esp_V_e_H/coprocessador_grafico/DE1_SOC_golden_top.v Line: 106
    Info (169065): Pin DRAM_DQ[10] has a permanently disabled output enable File: C:/Users/junio/Downloads/PBLSD1/coprocessador_grafico_versao_final_com_esp_V_e_H/coprocessador_grafico/DE1_SOC_golden_top.v Line: 106
    Info (169065): Pin DRAM_DQ[11] has a permanently disabled output enable File: C:/Users/junio/Downloads/PBLSD1/coprocessador_grafico_versao_final_com_esp_V_e_H/coprocessador_grafico/DE1_SOC_golden_top.v Line: 106
    Info (169065): Pin DRAM_DQ[12] has a permanently disabled output enable File: C:/Users/junio/Downloads/PBLSD1/coprocessador_grafico_versao_final_com_esp_V_e_H/coprocessador_grafico/DE1_SOC_golden_top.v Line: 106
    Info (169065): Pin DRAM_DQ[13] has a permanently disabled output enable File: C:/Users/junio/Downloads/PBLSD1/coprocessador_grafico_versao_final_com_esp_V_e_H/coprocessador_grafico/DE1_SOC_golden_top.v Line: 106
    Info (169065): Pin DRAM_DQ[14] has a permanently disabled output enable File: C:/Users/junio/Downloads/PBLSD1/coprocessador_grafico_versao_final_com_esp_V_e_H/coprocessador_grafico/DE1_SOC_golden_top.v Line: 106
    Info (169065): Pin DRAM_DQ[15] has a permanently disabled output enable File: C:/Users/junio/Downloads/PBLSD1/coprocessador_grafico_versao_final_com_esp_V_e_H/coprocessador_grafico/DE1_SOC_golden_top.v Line: 106
    Info (169065): Pin FPGA_I2C_SDAT has a permanently disabled output enable File: C:/Users/junio/Downloads/PBLSD1/coprocessador_grafico_versao_final_com_esp_V_e_H/coprocessador_grafico/DE1_SOC_golden_top.v Line: 121
    Info (169065): Pin GPIO_0[0] has a permanently disabled output enable File: C:/Users/junio/Downloads/PBLSD1/coprocessador_grafico_versao_final_com_esp_V_e_H/coprocessador_grafico/DE1_SOC_golden_top.v Line: 126
    Info (169065): Pin GPIO_0[1] has a permanently disabled output enable File: C:/Users/junio/Downloads/PBLSD1/coprocessador_grafico_versao_final_com_esp_V_e_H/coprocessador_grafico/DE1_SOC_golden_top.v Line: 126
    Info (169065): Pin GPIO_0[2] has a permanently disabled output enable File: C:/Users/junio/Downloads/PBLSD1/coprocessador_grafico_versao_final_com_esp_V_e_H/coprocessador_grafico/DE1_SOC_golden_top.v Line: 126
    Info (169065): Pin GPIO_0[3] has a permanently disabled output enable File: C:/Users/junio/Downloads/PBLSD1/coprocessador_grafico_versao_final_com_esp_V_e_H/coprocessador_grafico/DE1_SOC_golden_top.v Line: 126
    Info (169065): Pin GPIO_0[4] has a permanently disabled output enable File: C:/Users/junio/Downloads/PBLSD1/coprocessador_grafico_versao_final_com_esp_V_e_H/coprocessador_grafico/DE1_SOC_golden_top.v Line: 126
    Info (169065): Pin GPIO_0[5] has a permanently disabled output enable File: C:/Users/junio/Downloads/PBLSD1/coprocessador_grafico_versao_final_com_esp_V_e_H/coprocessador_grafico/DE1_SOC_golden_top.v Line: 126
    Info (169065): Pin GPIO_0[6] has a permanently disabled output enable File: C:/Users/junio/Downloads/PBLSD1/coprocessador_grafico_versao_final_com_esp_V_e_H/coprocessador_grafico/DE1_SOC_golden_top.v Line: 126
    Info (169065): Pin GPIO_0[7] has a permanently disabled output enable File: C:/Users/junio/Downloads/PBLSD1/coprocessador_grafico_versao_final_com_esp_V_e_H/coprocessador_grafico/DE1_SOC_golden_top.v Line: 126
    Info (169065): Pin GPIO_0[8] has a permanently disabled output enable File: C:/Users/junio/Downloads/PBLSD1/coprocessador_grafico_versao_final_com_esp_V_e_H/coprocessador_grafico/DE1_SOC_golden_top.v Line: 126
    Info (169065): Pin GPIO_0[9] has a permanently disabled output enable File: C:/Users/junio/Downloads/PBLSD1/coprocessador_grafico_versao_final_com_esp_V_e_H/coprocessador_grafico/DE1_SOC_golden_top.v Line: 126
    Info (169065): Pin GPIO_0[10] has a permanently disabled output enable File: C:/Users/junio/Downloads/PBLSD1/coprocessador_grafico_versao_final_com_esp_V_e_H/coprocessador_grafico/DE1_SOC_golden_top.v Line: 126
    Info (169065): Pin GPIO_0[11] has a permanently disabled output enable File: C:/Users/junio/Downloads/PBLSD1/coprocessador_grafico_versao_final_com_esp_V_e_H/coprocessador_grafico/DE1_SOC_golden_top.v Line: 126
    Info (169065): Pin GPIO_0[12] has a permanently disabled output enable File: C:/Users/junio/Downloads/PBLSD1/coprocessador_grafico_versao_final_com_esp_V_e_H/coprocessador_grafico/DE1_SOC_golden_top.v Line: 126
    Info (169065): Pin GPIO_0[13] has a permanently disabled output enable File: C:/Users/junio/Downloads/PBLSD1/coprocessador_grafico_versao_final_com_esp_V_e_H/coprocessador_grafico/DE1_SOC_golden_top.v Line: 126
    Info (169065): Pin GPIO_0[14] has a permanently disabled output enable File: C:/Users/junio/Downloads/PBLSD1/coprocessador_grafico_versao_final_com_esp_V_e_H/coprocessador_grafico/DE1_SOC_golden_top.v Line: 126
    Info (169065): Pin GPIO_0[15] has a permanently disabled output enable File: C:/Users/junio/Downloads/PBLSD1/coprocessador_grafico_versao_final_com_esp_V_e_H/coprocessador_grafico/DE1_SOC_golden_top.v Line: 126
    Info (169065): Pin GPIO_0[16] has a permanently disabled output enable File: C:/Users/junio/Downloads/PBLSD1/coprocessador_grafico_versao_final_com_esp_V_e_H/coprocessador_grafico/DE1_SOC_golden_top.v Line: 126
    Info (169065): Pin GPIO_0[17] has a permanently disabled output enable File: C:/Users/junio/Downloads/PBLSD1/coprocessador_grafico_versao_final_com_esp_V_e_H/coprocessador_grafico/DE1_SOC_golden_top.v Line: 126
    Info (169065): Pin GPIO_0[18] has a permanently disabled output enable File: C:/Users/junio/Downloads/PBLSD1/coprocessador_grafico_versao_final_com_esp_V_e_H/coprocessador_grafico/DE1_SOC_golden_top.v Line: 126
    Info (169065): Pin GPIO_0[19] has a permanently disabled output enable File: C:/Users/junio/Downloads/PBLSD1/coprocessador_grafico_versao_final_com_esp_V_e_H/coprocessador_grafico/DE1_SOC_golden_top.v Line: 126
    Info (169065): Pin GPIO_0[20] has a permanently disabled output enable File: C:/Users/junio/Downloads/PBLSD1/coprocessador_grafico_versao_final_com_esp_V_e_H/coprocessador_grafico/DE1_SOC_golden_top.v Line: 126
    Info (169065): Pin GPIO_0[21] has a permanently disabled output enable File: C:/Users/junio/Downloads/PBLSD1/coprocessador_grafico_versao_final_com_esp_V_e_H/coprocessador_grafico/DE1_SOC_golden_top.v Line: 126
    Info (169065): Pin GPIO_0[22] has a permanently disabled output enable File: C:/Users/junio/Downloads/PBLSD1/coprocessador_grafico_versao_final_com_esp_V_e_H/coprocessador_grafico/DE1_SOC_golden_top.v Line: 126
    Info (169065): Pin GPIO_0[23] has a permanently disabled output enable File: C:/Users/junio/Downloads/PBLSD1/coprocessador_grafico_versao_final_com_esp_V_e_H/coprocessador_grafico/DE1_SOC_golden_top.v Line: 126
    Info (169065): Pin GPIO_0[24] has a permanently disabled output enable File: C:/Users/junio/Downloads/PBLSD1/coprocessador_grafico_versao_final_com_esp_V_e_H/coprocessador_grafico/DE1_SOC_golden_top.v Line: 126
    Info (169065): Pin GPIO_0[25] has a permanently disabled output enable File: C:/Users/junio/Downloads/PBLSD1/coprocessador_grafico_versao_final_com_esp_V_e_H/coprocessador_grafico/DE1_SOC_golden_top.v Line: 126
    Info (169065): Pin GPIO_0[26] has a permanently disabled output enable File: C:/Users/junio/Downloads/PBLSD1/coprocessador_grafico_versao_final_com_esp_V_e_H/coprocessador_grafico/DE1_SOC_golden_top.v Line: 126
    Info (169065): Pin GPIO_0[27] has a permanently disabled output enable File: C:/Users/junio/Downloads/PBLSD1/coprocessador_grafico_versao_final_com_esp_V_e_H/coprocessador_grafico/DE1_SOC_golden_top.v Line: 126
    Info (169065): Pin GPIO_0[28] has a permanently disabled output enable File: C:/Users/junio/Downloads/PBLSD1/coprocessador_grafico_versao_final_com_esp_V_e_H/coprocessador_grafico/DE1_SOC_golden_top.v Line: 126
    Info (169065): Pin GPIO_0[29] has a permanently disabled output enable File: C:/Users/junio/Downloads/PBLSD1/coprocessador_grafico_versao_final_com_esp_V_e_H/coprocessador_grafico/DE1_SOC_golden_top.v Line: 126
    Info (169065): Pin GPIO_0[30] has a permanently disabled output enable File: C:/Users/junio/Downloads/PBLSD1/coprocessador_grafico_versao_final_com_esp_V_e_H/coprocessador_grafico/DE1_SOC_golden_top.v Line: 126
    Info (169065): Pin GPIO_0[31] has a permanently disabled output enable File: C:/Users/junio/Downloads/PBLSD1/coprocessador_grafico_versao_final_com_esp_V_e_H/coprocessador_grafico/DE1_SOC_golden_top.v Line: 126
    Info (169065): Pin GPIO_0[32] has a permanently disabled output enable File: C:/Users/junio/Downloads/PBLSD1/coprocessador_grafico_versao_final_com_esp_V_e_H/coprocessador_grafico/DE1_SOC_golden_top.v Line: 126
    Info (169065): Pin GPIO_0[33] has a permanently disabled output enable File: C:/Users/junio/Downloads/PBLSD1/coprocessador_grafico_versao_final_com_esp_V_e_H/coprocessador_grafico/DE1_SOC_golden_top.v Line: 126
    Info (169065): Pin GPIO_0[34] has a permanently disabled output enable File: C:/Users/junio/Downloads/PBLSD1/coprocessador_grafico_versao_final_com_esp_V_e_H/coprocessador_grafico/DE1_SOC_golden_top.v Line: 126
    Info (169065): Pin GPIO_0[35] has a permanently disabled output enable File: C:/Users/junio/Downloads/PBLSD1/coprocessador_grafico_versao_final_com_esp_V_e_H/coprocessador_grafico/DE1_SOC_golden_top.v Line: 126
    Info (169065): Pin GPIO_1[0] has a permanently disabled output enable File: C:/Users/junio/Downloads/PBLSD1/coprocessador_grafico_versao_final_com_esp_V_e_H/coprocessador_grafico/DE1_SOC_golden_top.v Line: 127
    Info (169065): Pin GPIO_1[1] has a permanently disabled output enable File: C:/Users/junio/Downloads/PBLSD1/coprocessador_grafico_versao_final_com_esp_V_e_H/coprocessador_grafico/DE1_SOC_golden_top.v Line: 127
    Info (169065): Pin GPIO_1[2] has a permanently disabled output enable File: C:/Users/junio/Downloads/PBLSD1/coprocessador_grafico_versao_final_com_esp_V_e_H/coprocessador_grafico/DE1_SOC_golden_top.v Line: 127
    Info (169065): Pin GPIO_1[3] has a permanently disabled output enable File: C:/Users/junio/Downloads/PBLSD1/coprocessador_grafico_versao_final_com_esp_V_e_H/coprocessador_grafico/DE1_SOC_golden_top.v Line: 127
    Info (169065): Pin GPIO_1[4] has a permanently disabled output enable File: C:/Users/junio/Downloads/PBLSD1/coprocessador_grafico_versao_final_com_esp_V_e_H/coprocessador_grafico/DE1_SOC_golden_top.v Line: 127
    Info (169065): Pin GPIO_1[5] has a permanently disabled output enable File: C:/Users/junio/Downloads/PBLSD1/coprocessador_grafico_versao_final_com_esp_V_e_H/coprocessador_grafico/DE1_SOC_golden_top.v Line: 127
    Info (169065): Pin GPIO_1[6] has a permanently disabled output enable File: C:/Users/junio/Downloads/PBLSD1/coprocessador_grafico_versao_final_com_esp_V_e_H/coprocessador_grafico/DE1_SOC_golden_top.v Line: 127
    Info (169065): Pin GPIO_1[7] has a permanently disabled output enable File: C:/Users/junio/Downloads/PBLSD1/coprocessador_grafico_versao_final_com_esp_V_e_H/coprocessador_grafico/DE1_SOC_golden_top.v Line: 127
    Info (169065): Pin GPIO_1[8] has a permanently disabled output enable File: C:/Users/junio/Downloads/PBLSD1/coprocessador_grafico_versao_final_com_esp_V_e_H/coprocessador_grafico/DE1_SOC_golden_top.v Line: 127
    Info (169065): Pin GPIO_1[9] has a permanently disabled output enable File: C:/Users/junio/Downloads/PBLSD1/coprocessador_grafico_versao_final_com_esp_V_e_H/coprocessador_grafico/DE1_SOC_golden_top.v Line: 127
    Info (169065): Pin GPIO_1[10] has a permanently disabled output enable File: C:/Users/junio/Downloads/PBLSD1/coprocessador_grafico_versao_final_com_esp_V_e_H/coprocessador_grafico/DE1_SOC_golden_top.v Line: 127
    Info (169065): Pin GPIO_1[11] has a permanently disabled output enable File: C:/Users/junio/Downloads/PBLSD1/coprocessador_grafico_versao_final_com_esp_V_e_H/coprocessador_grafico/DE1_SOC_golden_top.v Line: 127
    Info (169065): Pin GPIO_1[12] has a permanently disabled output enable File: C:/Users/junio/Downloads/PBLSD1/coprocessador_grafico_versao_final_com_esp_V_e_H/coprocessador_grafico/DE1_SOC_golden_top.v Line: 127
    Info (169065): Pin GPIO_1[13] has a permanently disabled output enable File: C:/Users/junio/Downloads/PBLSD1/coprocessador_grafico_versao_final_com_esp_V_e_H/coprocessador_grafico/DE1_SOC_golden_top.v Line: 127
    Info (169065): Pin GPIO_1[14] has a permanently disabled output enable File: C:/Users/junio/Downloads/PBLSD1/coprocessador_grafico_versao_final_com_esp_V_e_H/coprocessador_grafico/DE1_SOC_golden_top.v Line: 127
    Info (169065): Pin GPIO_1[15] has a permanently disabled output enable File: C:/Users/junio/Downloads/PBLSD1/coprocessador_grafico_versao_final_com_esp_V_e_H/coprocessador_grafico/DE1_SOC_golden_top.v Line: 127
    Info (169065): Pin GPIO_1[16] has a permanently disabled output enable File: C:/Users/junio/Downloads/PBLSD1/coprocessador_grafico_versao_final_com_esp_V_e_H/coprocessador_grafico/DE1_SOC_golden_top.v Line: 127
    Info (169065): Pin GPIO_1[17] has a permanently disabled output enable File: C:/Users/junio/Downloads/PBLSD1/coprocessador_grafico_versao_final_com_esp_V_e_H/coprocessador_grafico/DE1_SOC_golden_top.v Line: 127
    Info (169065): Pin GPIO_1[18] has a permanently disabled output enable File: C:/Users/junio/Downloads/PBLSD1/coprocessador_grafico_versao_final_com_esp_V_e_H/coprocessador_grafico/DE1_SOC_golden_top.v Line: 127
    Info (169065): Pin GPIO_1[19] has a permanently disabled output enable File: C:/Users/junio/Downloads/PBLSD1/coprocessador_grafico_versao_final_com_esp_V_e_H/coprocessador_grafico/DE1_SOC_golden_top.v Line: 127
    Info (169065): Pin GPIO_1[20] has a permanently disabled output enable File: C:/Users/junio/Downloads/PBLSD1/coprocessador_grafico_versao_final_com_esp_V_e_H/coprocessador_grafico/DE1_SOC_golden_top.v Line: 127
    Info (169065): Pin GPIO_1[21] has a permanently disabled output enable File: C:/Users/junio/Downloads/PBLSD1/coprocessador_grafico_versao_final_com_esp_V_e_H/coprocessador_grafico/DE1_SOC_golden_top.v Line: 127
    Info (169065): Pin GPIO_1[22] has a permanently disabled output enable File: C:/Users/junio/Downloads/PBLSD1/coprocessador_grafico_versao_final_com_esp_V_e_H/coprocessador_grafico/DE1_SOC_golden_top.v Line: 127
    Info (169065): Pin GPIO_1[23] has a permanently disabled output enable File: C:/Users/junio/Downloads/PBLSD1/coprocessador_grafico_versao_final_com_esp_V_e_H/coprocessador_grafico/DE1_SOC_golden_top.v Line: 127
    Info (169065): Pin GPIO_1[24] has a permanently disabled output enable File: C:/Users/junio/Downloads/PBLSD1/coprocessador_grafico_versao_final_com_esp_V_e_H/coprocessador_grafico/DE1_SOC_golden_top.v Line: 127
    Info (169065): Pin GPIO_1[25] has a permanently disabled output enable File: C:/Users/junio/Downloads/PBLSD1/coprocessador_grafico_versao_final_com_esp_V_e_H/coprocessador_grafico/DE1_SOC_golden_top.v Line: 127
    Info (169065): Pin GPIO_1[26] has a permanently disabled output enable File: C:/Users/junio/Downloads/PBLSD1/coprocessador_grafico_versao_final_com_esp_V_e_H/coprocessador_grafico/DE1_SOC_golden_top.v Line: 127
    Info (169065): Pin GPIO_1[27] has a permanently disabled output enable File: C:/Users/junio/Downloads/PBLSD1/coprocessador_grafico_versao_final_com_esp_V_e_H/coprocessador_grafico/DE1_SOC_golden_top.v Line: 127
    Info (169065): Pin GPIO_1[28] has a permanently disabled output enable File: C:/Users/junio/Downloads/PBLSD1/coprocessador_grafico_versao_final_com_esp_V_e_H/coprocessador_grafico/DE1_SOC_golden_top.v Line: 127
    Info (169065): Pin GPIO_1[29] has a permanently disabled output enable File: C:/Users/junio/Downloads/PBLSD1/coprocessador_grafico_versao_final_com_esp_V_e_H/coprocessador_grafico/DE1_SOC_golden_top.v Line: 127
    Info (169065): Pin GPIO_1[30] has a permanently disabled output enable File: C:/Users/junio/Downloads/PBLSD1/coprocessador_grafico_versao_final_com_esp_V_e_H/coprocessador_grafico/DE1_SOC_golden_top.v Line: 127
    Info (169065): Pin GPIO_1[31] has a permanently disabled output enable File: C:/Users/junio/Downloads/PBLSD1/coprocessador_grafico_versao_final_com_esp_V_e_H/coprocessador_grafico/DE1_SOC_golden_top.v Line: 127
    Info (169065): Pin GPIO_1[32] has a permanently disabled output enable File: C:/Users/junio/Downloads/PBLSD1/coprocessador_grafico_versao_final_com_esp_V_e_H/coprocessador_grafico/DE1_SOC_golden_top.v Line: 127
    Info (169065): Pin GPIO_1[33] has a permanently disabled output enable File: C:/Users/junio/Downloads/PBLSD1/coprocessador_grafico_versao_final_com_esp_V_e_H/coprocessador_grafico/DE1_SOC_golden_top.v Line: 127
    Info (169065): Pin GPIO_1[34] has a permanently disabled output enable File: C:/Users/junio/Downloads/PBLSD1/coprocessador_grafico_versao_final_com_esp_V_e_H/coprocessador_grafico/DE1_SOC_golden_top.v Line: 127
    Info (169065): Pin GPIO_1[35] has a permanently disabled output enable File: C:/Users/junio/Downloads/PBLSD1/coprocessador_grafico_versao_final_com_esp_V_e_H/coprocessador_grafico/DE1_SOC_golden_top.v Line: 127
    Info (169065): Pin PS2_CLK has a permanently disabled output enable File: C:/Users/junio/Downloads/PBLSD1/coprocessador_grafico_versao_final_com_esp_V_e_H/coprocessador_grafico/DE1_SOC_golden_top.v Line: 215
    Info (169065): Pin PS2_CLK2 has a permanently disabled output enable File: C:/Users/junio/Downloads/PBLSD1/coprocessador_grafico_versao_final_com_esp_V_e_H/coprocessador_grafico/DE1_SOC_golden_top.v Line: 216
    Info (169065): Pin PS2_DAT has a permanently disabled output enable File: C:/Users/junio/Downloads/PBLSD1/coprocessador_grafico_versao_final_com_esp_V_e_H/coprocessador_grafico/DE1_SOC_golden_top.v Line: 217
    Info (169065): Pin PS2_DAT2 has a permanently disabled output enable File: C:/Users/junio/Downloads/PBLSD1/coprocessador_grafico_versao_final_com_esp_V_e_H/coprocessador_grafico/DE1_SOC_golden_top.v Line: 218
Info (144001): Generated suppressed messages file C:/Users/junio/Downloads/PBLSD1/coprocessador_grafico_versao_final_com_esp_V_e_H/coprocessador_grafico/output_files/coprocessador.fit.smsg
Info: Quartus Prime Fitter was successful. 0 errors, 9 warnings
    Info: Peak virtual memory: 6446 megabytes
    Info: Processing ended: Mon Aug 31 17:38:38 2026
    Info: Elapsed time: 00:04:21
    Info: Total CPU time (on all processors): 00:07:49


+----------------------------+
; Fitter Suppressed Messages ;
+----------------------------+
The suppressed messages can be found in C:/Users/junio/Downloads/PBLSD1/coprocessador_grafico_versao_final_com_esp_V_e_H/coprocessador_grafico/output_files/coprocessador.fit.smsg.


