Analysis & Synthesis report for coprocessador
Tue Sep  1 08:32:25 2026
Quartus Prime Version 25.1std.0 Build 1129 10/21/2025 SC Lite Edition


---------------------
; Table of Contents ;
---------------------
  1. Legal Notice
  2. Analysis & Synthesis Summary
  3. Analysis & Synthesis Settings
  4. Parallel Compilation
  5. Analysis & Synthesis Source Files Read
  6. Analysis & Synthesis Resource Usage Summary
  7. Analysis & Synthesis Resource Utilization by Entity
  8. Analysis & Synthesis RAM Summary
  9. Analysis & Synthesis DSP Block Usage Summary
 10. Analysis & Synthesis IP Cores Summary
 11. State Machine - |DE1_SOC_golden_top|coprocessador:C0|vga_driver:u_vga|v_state
 12. State Machine - |DE1_SOC_golden_top|coprocessador:C0|vga_driver:u_vga|h_state
 13. State Machine - |DE1_SOC_golden_top|coprocessador:C0|porta_estimulo:u_estimulo|estado
 14. Registers Removed During Synthesis
 15. Removed Registers Triggering Further Register Optimizations
 16. General Register Statistics
 17. Inverted Register Statistics
 18. Multiplexer Restructuring Statistics (Restructuring Performed)
 19. Source assignments for coprocessador:C0|ram_tilemap:ramA|altsyncram:altsyncram_component|altsyncram_j422:auto_generated
 20. Source assignments for coprocessador:C0|ram_tilemapB:ramB|altsyncram:altsyncram_component|altsyncram_k422:auto_generated
 21. Source assignments for coprocessador:C0|ram_sprites:rspt|altsyncram:altsyncram_component|altsyncram_kt22:auto_generated
 22. Source assignments for coprocessador:C0|ram_padrao_tiles:ramtp|altsyncram:altsyncram_component|altsyncram_bm22:auto_generated
 23. Parameter Settings for User Entity Instance: coprocessador:C0|meu_pll:u_pll|meu_pll_0002:meu_pll_inst|altera_pll:altera_pll_i
 24. Parameter Settings for User Entity Instance: coprocessador:C0|pllpara100:pllmhz|pllpara100_0002:pllpara100_inst|altera_pll:altera_pll_i
 25. Parameter Settings for User Entity Instance: coprocessador:C0|porta_estimulo:u_estimulo|mov_continuo:u_scroll_bg
 26. Parameter Settings for User Entity Instance: coprocessador:C0|porta_estimulo:u_estimulo|mov_continuo:u_move_sprite
 27. Parameter Settings for User Entity Instance: coprocessador:C0|ram_tilemap:ramA|altsyncram:altsyncram_component
 28. Parameter Settings for User Entity Instance: coprocessador:C0|ram_tilemapB:ramB|altsyncram:altsyncram_component
 29. Parameter Settings for User Entity Instance: coprocessador:C0|ram_sprites:rspt|altsyncram:altsyncram_component
 30. Parameter Settings for User Entity Instance: coprocessador:C0|ram_padrao_tiles:ramtp|altsyncram:altsyncram_component
 31. Parameter Settings for User Entity Instance: coprocessador:C0|vga_driver:u_vga
 32. altsyncram Parameter Settings by Entity Instance
 33. Port Connectivity Checks: "coprocessador:C0|rasterizador_multi:u_rasterizador"
 34. Port Connectivity Checks: "coprocessador:C0|ram_padrao_tiles:ramtp"
 35. Port Connectivity Checks: "coprocessador:C0|ram_sprites:rspt"
 36. Port Connectivity Checks: "coprocessador:C0|ram_tilemapB:ramB"
 37. Port Connectivity Checks: "coprocessador:C0|ram_tilemap:ramA"
 38. Port Connectivity Checks: "coprocessador:C0|banco_registradores:u_regs"
 39. Port Connectivity Checks: "coprocessador:C0|porta_estimulo:u_estimulo|mov_continuo:u_move_sprite"
 40. Port Connectivity Checks: "coprocessador:C0|porta_estimulo:u_estimulo|mov_continuo:u_scroll_bg"
 41. Port Connectivity Checks: "coprocessador:C0|porta_estimulo:u_estimulo"
 42. Port Connectivity Checks: "coprocessador:C0|meu_pll:u_pll"
 43. Post-Synthesis Netlist Statistics for Top Partition
 44. Elapsed Time Per Partition
 45. Analysis & Synthesis Messages



----------------
; Legal Notice ;
----------------
Copyright (C) 2025  Altera Corporation. All rights reserved.
Your use of Altera Corporation's design tools, logic functions 
and other software and tools, and any partner logic 
functions, and any output files from any of the foregoing 
(including device programming or simulation files), and any 
associated documentation or information are expressly subject 
to the terms and conditions of the Altera Program License 
Subscription Agreement, the Altera Quartus Prime License Agreement,
the Altera IP License Agreement, or other applicable license
agreement, including, without limitation, that your use is for
the sole purpose of programming logic devices manufactured by
Altera and sold by Altera or its authorized distributors.  Please
refer to the Altera Software License Subscription Agreements 
on the Quartus Prime software download page.



+-----------------------------------------------------------------------------------+
; Analysis & Synthesis Summary                                                      ;
+---------------------------------+-------------------------------------------------+
; Analysis & Synthesis Status     ; Successful - Mon Aug 31 17:34:15 2026           ;
; Quartus Prime Version           ; 25.1std.0 Build 1129 10/21/2025 SC Lite Edition ;
; Revision Name                   ; coprocessador                                   ;
; Top-level Entity Name           ; DE1_SOC_golden_top                              ;
; Family                          ; Cyclone V                                       ;
; Logic utilization (in ALMs)     ; N/A                                             ;
; Total registers                 ; 1612                                            ;
; Total pins                      ; 241                                             ;
; Total virtual pins              ; 0                                               ;
; Total block memory bits         ; 229,376                                         ;
; Total DSP Blocks                ; 24                                              ;
; Total HSSI RX PCSs              ; 0                                               ;
; Total HSSI PMA RX Deserializers ; 0                                               ;
; Total HSSI TX PCSs              ; 0                                               ;
; Total HSSI PMA TX Serializers   ; 0                                               ;
; Total PLLs                      ; 2                                               ;
; Total DLLs                      ; 0                                               ;
+---------------------------------+-------------------------------------------------+


+---------------------------------------------------------------------------------------------------------------------------+
; Analysis & Synthesis Settings                                                                                             ;
+---------------------------------------------------------------------------------+--------------------+--------------------+
; Option                                                                          ; Setting            ; Default Value      ;
+---------------------------------------------------------------------------------+--------------------+--------------------+
; Device                                                                          ; 5CSEMA5F31C6       ;                    ;
; Top-level entity name                                                           ; DE1_SOC_golden_top ; coprocessador      ;
; Family name                                                                     ; Cyclone V          ; Cyclone V          ;
; Verilog Show LMF Mapping Messages                                               ; Off                ;                    ;
; Verilog Version                                                                 ; SystemVerilog_2005 ; Verilog_2001       ;
; Use smart compilation                                                           ; Off                ; Off                ;
; Enable parallel Assembler and Timing Analyzer during compilation                ; On                 ; On                 ;
; Enable compact report table                                                     ; Off                ; Off                ;
; Restructure Multiplexers                                                        ; Auto               ; Auto               ;
; MLAB Add Timing Constraints For Mixed-Port Feed-Through Mode Setting Don't Care ; Off                ; Off                ;
; Create Debugging Nodes for IP Cores                                             ; Off                ; Off                ;
; Preserve fewer node names                                                       ; On                 ; On                 ;
; Intel FPGA IP Evaluation Mode                                                   ; Enable             ; Enable             ;
; VHDL Version                                                                    ; VHDL_1993          ; VHDL_1993          ;
; State Machine Processing                                                        ; Auto               ; Auto               ;
; Safe State Machine                                                              ; Off                ; Off                ;
; Extract Verilog State Machines                                                  ; On                 ; On                 ;
; Extract VHDL State Machines                                                     ; On                 ; On                 ;
; Ignore Verilog initial constructs                                               ; Off                ; Off                ;
; Iteration limit for constant Verilog loops                                      ; 5000               ; 5000               ;
; Iteration limit for non-constant Verilog loops                                  ; 250                ; 250                ;
; Add Pass-Through Logic to Inferred RAMs                                         ; On                 ; On                 ;
; Infer RAMs from Raw Logic                                                       ; On                 ; On                 ;
; Parallel Synthesis                                                              ; On                 ; On                 ;
; DSP Block Balancing                                                             ; Auto               ; Auto               ;
; NOT Gate Push-Back                                                              ; On                 ; On                 ;
; Power-Up Don't Care                                                             ; On                 ; On                 ;
; Remove Redundant Logic Cells                                                    ; Off                ; Off                ;
; Remove Duplicate Registers                                                      ; On                 ; On                 ;
; Ignore CARRY Buffers                                                            ; Off                ; Off                ;
; Ignore CASCADE Buffers                                                          ; Off                ; Off                ;
; Ignore GLOBAL Buffers                                                           ; Off                ; Off                ;
; Ignore ROW GLOBAL Buffers                                                       ; Off                ; Off                ;
; Ignore LCELL Buffers                                                            ; Off                ; Off                ;
; Ignore SOFT Buffers                                                             ; On                 ; On                 ;
; Limit AHDL Integers to 32 Bits                                                  ; Off                ; Off                ;
; Optimization Technique                                                          ; Balanced           ; Balanced           ;
; Carry Chain Length                                                              ; 70                 ; 70                 ;
; Auto Carry Chains                                                               ; On                 ; On                 ;
; Auto Open-Drain Pins                                                            ; On                 ; On                 ;
; Perform WYSIWYG Primitive Resynthesis                                           ; Off                ; Off                ;
; Auto ROM Replacement                                                            ; On                 ; On                 ;
; Auto RAM Replacement                                                            ; On                 ; On                 ;
; Auto DSP Block Replacement                                                      ; On                 ; On                 ;
; Auto Shift Register Replacement                                                 ; Auto               ; Auto               ;
; Allow Shift Register Merging across Hierarchies                                 ; Auto               ; Auto               ;
; Auto Clock Enable Replacement                                                   ; On                 ; On                 ;
; Strict RAM Replacement                                                          ; Off                ; Off                ;
; Allow Synchronous Control Signals                                               ; On                 ; On                 ;
; Force Use of Synchronous Clear Signals                                          ; Off                ; Off                ;
; Auto Resource Sharing                                                           ; Off                ; Off                ;
; Allow Any RAM Size For Recognition                                              ; Off                ; Off                ;
; Allow Any ROM Size For Recognition                                              ; Off                ; Off                ;
; Allow Any Shift Register Size For Recognition                                   ; Off                ; Off                ;
; Use LogicLock Constraints during Resource Balancing                             ; On                 ; On                 ;
; Ignore translate_off and synthesis_off directives                               ; Off                ; Off                ;
; Timing-Driven Synthesis                                                         ; On                 ; On                 ;
; Report Parameter Settings                                                       ; On                 ; On                 ;
; Report Source Assignments                                                       ; On                 ; On                 ;
; Report Connectivity Checks                                                      ; On                 ; On                 ;
; Ignore Maximum Fan-Out Assignments                                              ; Off                ; Off                ;
; Synchronization Register Chain Length                                           ; 3                  ; 3                  ;
; Power Optimization During Synthesis                                             ; Normal compilation ; Normal compilation ;
; HDL message level                                                               ; Level2             ; Level2             ;
; Suppress Register Optimization Related Messages                                 ; Off                ; Off                ;
; Number of Removed Registers Reported in Synthesis Report                        ; 5000               ; 5000               ;
; Number of Swept Nodes Reported in Synthesis Report                              ; 5000               ; 5000               ;
; Number of Inverted Registers Reported in Synthesis Report                       ; 100                ; 100                ;
; Clock MUX Protection                                                            ; On                 ; On                 ;
; Auto Gated Clock Conversion                                                     ; Off                ; Off                ;
; Block Design Naming                                                             ; Auto               ; Auto               ;
; SDC constraint protection                                                       ; Off                ; Off                ;
; Synthesis Effort                                                                ; Auto               ; Auto               ;
; Shift Register Replacement - Allow Asynchronous Clear Signal                    ; On                 ; On                 ;
; Pre-Mapping Resynthesis Optimization                                            ; Off                ; Off                ;
; Analysis & Synthesis Message Level                                              ; Medium             ; Medium             ;
; Disable Register Merging Across Hierarchies                                     ; Auto               ; Auto               ;
; Resource Aware Inference For Block RAM                                          ; On                 ; On                 ;
; Automatic Parallel Synthesis                                                    ; On                 ; On                 ;
; Partial Reconfiguration Bitstream ID                                            ; Off                ; Off                ;
+---------------------------------------------------------------------------------+--------------------+--------------------+


+------------------------------------------+
; Parallel Compilation                     ;
+----------------------------+-------------+
; Processors                 ; Number      ;
+----------------------------+-------------+
; Number detected on machine ; 4           ;
; Maximum allowed            ; 2           ;
;                            ;             ;
; Average used               ; 1.00        ;
; Maximum used               ; 2           ;
;                            ;             ;
; Usage by Processor         ; % Time Used ;
;     Processor 1            ; 100.0%      ;
;     Processor 2            ;   0.1%      ;
+----------------------------+-------------+


+------------------------------------------------------------------------------------------------------------------------------------------------------------------------------------------------------------------------------------------------+
; Analysis & Synthesis Source Files Read                                                                                                                                                                                                         ;
+----------------------------------+-----------------+----------------------------------------+-------------------------------------------------------------------------------------------------------------------------------------+------------+
; File Name with User-Entered Path ; Used in Netlist ; File Type                              ; File Name with Absolute Path                                                                                                        ; Library    ;
+----------------------------------+-----------------+----------------------------------------+-------------------------------------------------------------------------------------------------------------------------------------+------------+
; Modulo_VGA/mov_continuo.v        ; yes             ; User Verilog HDL File                  ; C:/Users/junio/Downloads/PBLSD1/coprocessador_grafico_versao_final_com_esp_V_e_H/coprocessador_grafico/Modulo_VGA/mov_continuo.v    ;            ;
; Modulo_VGA/vga_driver.v          ; yes             ; User Verilog HDL File                  ; C:/Users/junio/Downloads/PBLSD1/coprocessador_grafico_versao_final_com_esp_V_e_H/coprocessador_grafico/Modulo_VGA/vga_driver.v      ;            ;
; Motores/motor_background.v       ; yes             ; User Verilog HDL File                  ; C:/Users/junio/Downloads/PBLSD1/coprocessador_grafico_versao_final_com_esp_V_e_H/coprocessador_grafico/Motores/motor_background.v   ;            ;
; Motores/motor_sprites.v          ; yes             ; User Verilog HDL File                  ; C:/Users/junio/Downloads/PBLSD1/coprocessador_grafico_versao_final_com_esp_V_e_H/coprocessador_grafico/Motores/motor_sprites.v      ;            ;
; Motores/rasterizador_multi.v     ; yes             ; User Verilog HDL File                  ; C:/Users/junio/Downloads/PBLSD1/coprocessador_grafico_versao_final_com_esp_V_e_H/coprocessador_grafico/Motores/rasterizador_multi.v ;            ;
; pllpara100.v                     ; yes             ; User Wizard-Generated File             ; C:/Users/junio/Downloads/PBLSD1/coprocessador_grafico_versao_final_com_esp_V_e_H/coprocessador_grafico/pllpara100.v                 ; pllpara100 ;
; pllpara100/pllpara100_0002.v     ; yes             ; User Verilog HDL File                  ; C:/Users/junio/Downloads/PBLSD1/coprocessador_grafico_versao_final_com_esp_V_e_H/coprocessador_grafico/pllpara100/pllpara100_0002.v ; pllpara100 ;
; DE1_SOC_golden_top.v             ; yes             ; User Verilog HDL File                  ; C:/Users/junio/Downloads/PBLSD1/coprocessador_grafico_versao_final_com_esp_V_e_H/coprocessador_grafico/DE1_SOC_golden_top.v         ;            ;
; banco_registradores.v            ; yes             ; User Verilog HDL File                  ; C:/Users/junio/Downloads/PBLSD1/coprocessador_grafico_versao_final_com_esp_V_e_H/coprocessador_grafico/banco_registradores.v        ;            ;
; compositor.v                     ; yes             ; User Verilog HDL File                  ; C:/Users/junio/Downloads/PBLSD1/coprocessador_grafico_versao_final_com_esp_V_e_H/coprocessador_grafico/compositor.v                 ;            ;
; coprocessador.v                  ; yes             ; User Verilog HDL File                  ; C:/Users/junio/Downloads/PBLSD1/coprocessador_grafico_versao_final_com_esp_V_e_H/coprocessador_grafico/coprocessador.v              ;            ;
; debounce_edge.v                  ; yes             ; User Verilog HDL File                  ; C:/Users/junio/Downloads/PBLSD1/coprocessador_grafico_versao_final_com_esp_V_e_H/coprocessador_grafico/debounce_edge.v              ;            ;
; porta_estimulo.v                 ; yes             ; User Verilog HDL File                  ; C:/Users/junio/Downloads/PBLSD1/coprocessador_grafico_versao_final_com_esp_V_e_H/coprocessador_grafico/porta_estimulo.v             ;            ;
; ram_sdp_mif.v                    ; yes             ; User Verilog HDL File                  ; C:/Users/junio/Downloads/PBLSD1/coprocessador_grafico_versao_final_com_esp_V_e_H/coprocessador_grafico/ram_sdp_mif.v                ;            ;
; meu_pll.v                        ; yes             ; User Wizard-Generated File             ; C:/Users/junio/Downloads/PBLSD1/coprocessador_grafico_versao_final_com_esp_V_e_H/coprocessador_grafico/meu_pll.v                    ; meu_pll    ;
; meu_pll/meu_pll_0002.v           ; yes             ; User Verilog HDL File                  ; C:/Users/junio/Downloads/PBLSD1/coprocessador_grafico_versao_final_com_esp_V_e_H/coprocessador_grafico/meu_pll/meu_pll_0002.v       ; meu_pll    ;
; ram_tilemap.v                    ; yes             ; User Wizard-Generated File             ; C:/Users/junio/Downloads/PBLSD1/coprocessador_grafico_versao_final_com_esp_V_e_H/coprocessador_grafico/ram_tilemap.v                ;            ;
; ram_sprites.v                    ; yes             ; User Wizard-Generated File             ; C:/Users/junio/Downloads/PBLSD1/coprocessador_grafico_versao_final_com_esp_V_e_H/coprocessador_grafico/ram_sprites.v                ;            ;
; ram_padrao_tiles.v               ; yes             ; User Wizard-Generated File             ; C:/Users/junio/Downloads/PBLSD1/coprocessador_grafico_versao_final_com_esp_V_e_H/coprocessador_grafico/ram_padrao_tiles.v           ;            ;
; ram_tilemapB.v                   ; yes             ; User Wizard-Generated File             ; C:/Users/junio/Downloads/PBLSD1/coprocessador_grafico_versao_final_com_esp_V_e_H/coprocessador_grafico/ram_tilemapB.v               ;            ;
; altera_pll.v                     ; yes             ; Megafunction                           ; c:/altera_lite/25.1std/quartus/libraries/megafunctions/altera_pll.v                                                                 ;            ;
; altsyncram.tdf                   ; yes             ; Megafunction                           ; c:/altera_lite/25.1std/quartus/libraries/megafunctions/altsyncram.tdf                                                               ;            ;
; stratix_ram_block.inc            ; yes             ; Megafunction                           ; c:/altera_lite/25.1std/quartus/libraries/megafunctions/stratix_ram_block.inc                                                        ;            ;
; lpm_mux.inc                      ; yes             ; Megafunction                           ; c:/altera_lite/25.1std/quartus/libraries/megafunctions/lpm_mux.inc                                                                  ;            ;
; lpm_decode.inc                   ; yes             ; Megafunction                           ; c:/altera_lite/25.1std/quartus/libraries/megafunctions/lpm_decode.inc                                                               ;            ;
; aglobal251.inc                   ; yes             ; Megafunction                           ; c:/altera_lite/25.1std/quartus/libraries/megafunctions/aglobal251.inc                                                               ;            ;
; a_rdenreg.inc                    ; yes             ; Megafunction                           ; c:/altera_lite/25.1std/quartus/libraries/megafunctions/a_rdenreg.inc                                                                ;            ;
; altrom.inc                       ; yes             ; Megafunction                           ; c:/altera_lite/25.1std/quartus/libraries/megafunctions/altrom.inc                                                                   ;            ;
; altram.inc                       ; yes             ; Megafunction                           ; c:/altera_lite/25.1std/quartus/libraries/megafunctions/altram.inc                                                                   ;            ;
; altdpram.inc                     ; yes             ; Megafunction                           ; c:/altera_lite/25.1std/quartus/libraries/megafunctions/altdpram.inc                                                                 ;            ;
; db/altsyncram_j422.tdf           ; yes             ; Auto-Generated Megafunction            ; C:/Users/junio/Downloads/PBLSD1/coprocessador_grafico_versao_final_com_esp_V_e_H/coprocessador_grafico/db/altsyncram_j422.tdf       ;            ;
; tilemap_a.mif                    ; yes             ; Auto-Found Memory Initialization File  ; C:/Users/junio/Downloads/PBLSD1/coprocessador_grafico_versao_final_com_esp_V_e_H/coprocessador_grafico/tilemap_a.mif                ;            ;
; db/altsyncram_k422.tdf           ; yes             ; Auto-Generated Megafunction            ; C:/Users/junio/Downloads/PBLSD1/coprocessador_grafico_versao_final_com_esp_V_e_H/coprocessador_grafico/db/altsyncram_k422.tdf       ;            ;
; tilemap_b.mif                    ; yes             ; Auto-Found Memory Initialization File  ; C:/Users/junio/Downloads/PBLSD1/coprocessador_grafico_versao_final_com_esp_V_e_H/coprocessador_grafico/tilemap_b.mif                ;            ;
; db/altsyncram_kt22.tdf           ; yes             ; Auto-Generated Megafunction            ; C:/Users/junio/Downloads/PBLSD1/coprocessador_grafico_versao_final_com_esp_V_e_H/coprocessador_grafico/db/altsyncram_kt22.tdf       ;            ;
; padroes_sprites.mif              ; yes             ; Auto-Found Memory Initialization File  ; C:/Users/junio/Downloads/PBLSD1/coprocessador_grafico_versao_final_com_esp_V_e_H/coprocessador_grafico/padroes_sprites.mif          ;            ;
; db/decode_5la.tdf                ; yes             ; Auto-Generated Megafunction            ; C:/Users/junio/Downloads/PBLSD1/coprocessador_grafico_versao_final_com_esp_V_e_H/coprocessador_grafico/db/decode_5la.tdf            ;            ;
; db/decode_u0a.tdf                ; yes             ; Auto-Generated Megafunction            ; C:/Users/junio/Downloads/PBLSD1/coprocessador_grafico_versao_final_com_esp_V_e_H/coprocessador_grafico/db/decode_u0a.tdf            ;            ;
; db/mux_lfb.tdf                   ; yes             ; Auto-Generated Megafunction            ; C:/Users/junio/Downloads/PBLSD1/coprocessador_grafico_versao_final_com_esp_V_e_H/coprocessador_grafico/db/mux_lfb.tdf               ;            ;
; db/altsyncram_bm22.tdf           ; yes             ; Auto-Generated Megafunction            ; C:/Users/junio/Downloads/PBLSD1/coprocessador_grafico_versao_final_com_esp_V_e_H/coprocessador_grafico/db/altsyncram_bm22.tdf       ;            ;
; padroes_tiles.mif                ; yes             ; Auto-Found Memory Initialization File  ; C:/Users/junio/Downloads/PBLSD1/coprocessador_grafico_versao_final_com_esp_V_e_H/coprocessador_grafico/padroes_tiles.mif            ;            ;
+----------------------------------+-----------------+----------------------------------------+-------------------------------------------------------------------------------------------------------------------------------------+------------+


+---------------------------------------------------------------------------------------------------------------------------------------------------------+
; Analysis & Synthesis Resource Usage Summary                                                                                                             ;
+---------------------------------------------+-----------------------------------------------------------------------------------------------------------+
; Resource                                    ; Usage                                                                                                     ;
+---------------------------------------------+-----------------------------------------------------------------------------------------------------------+
; Estimate of Logic utilization (ALMs needed) ; 2764                                                                                                      ;
;                                             ;                                                                                                           ;
; Combinational ALUT usage for logic          ; 3869                                                                                                      ;
;     -- 7 input functions                    ; 28                                                                                                        ;
;     -- 6 input functions                    ; 1489                                                                                                      ;
;     -- 5 input functions                    ; 1166                                                                                                      ;
;     -- 4 input functions                    ; 258                                                                                                       ;
;     -- <=3 input functions                  ; 928                                                                                                       ;
;                                             ;                                                                                                           ;
; Dedicated logic registers                   ; 1612                                                                                                      ;
;                                             ;                                                                                                           ;
; I/O pins                                    ; 241                                                                                                       ;
; Total MLAB memory bits                      ; 0                                                                                                         ;
; Total block memory bits                     ; 229376                                                                                                    ;
;                                             ;                                                                                                           ;
; Total DSP Blocks                            ; 24                                                                                                        ;
;                                             ;                                                                                                           ;
; Total PLLs                                  ; 2                                                                                                         ;
;     -- PLLs                                 ; 2                                                                                                         ;
;                                             ;                                                                                                           ;
; Maximum fan-out node                        ; coprocessador:C0|pllpara100:pllmhz|pllpara100_0002:pllpara100_inst|altera_pll:altera_pll_i|outclk_wire[0] ;
; Maximum fan-out                             ; 1320                                                                                                      ;
; Total fan-out                               ; 25441                                                                                                     ;
; Average fan-out                             ; 4.15                                                                                                      ;
+---------------------------------------------+-----------------------------------------------------------------------------------------------------------+


+--------------------------------------------------------------------------------------------------------------------------------------------------------------------------------------------------------------------------------------------------------------------------------------------------------------------------------------+
; Analysis & Synthesis Resource Utilization by Entity                                                                                                                                                                                                                                                                                  ;
+----------------------------------------------+---------------------+---------------------------+-------------------+------------+------+--------------+-----------------------------------------------------------------------------------------------------------------------------------------+---------------------+--------------+
; Compilation Hierarchy Node                   ; Combinational ALUTs ; Dedicated Logic Registers ; Block Memory Bits ; DSP Blocks ; Pins ; Virtual Pins ; Full Hierarchy Name                                                                                                                     ; Entity Name         ; Library Name ;
+----------------------------------------------+---------------------+---------------------------+-------------------+------------+------+--------------+-----------------------------------------------------------------------------------------------------------------------------------------+---------------------+--------------+
; |DE1_SOC_golden_top                          ; 3869 (1)            ; 1612 (0)                  ; 229376            ; 24         ; 241  ; 0            ; |DE1_SOC_golden_top                                                                                                                     ; DE1_SOC_golden_top  ; work         ;
;    |coprocessador:C0|                        ; 3868 (222)          ; 1612 (77)                 ; 229376            ; 24         ; 0    ; 0            ; |DE1_SOC_golden_top|coprocessador:C0                                                                                                    ; coprocessador       ; work         ;
;       |banco_registradores:u_regs|           ; 257 (257)           ; 1210 (1210)               ; 0                 ; 0          ; 0    ; 0            ; |DE1_SOC_golden_top|coprocessador:C0|banco_registradores:u_regs                                                                         ; banco_registradores ; work         ;
;       |compositor:u_compositor|              ; 6 (6)               ; 0 (0)                     ; 0                 ; 0          ; 0    ; 0            ; |DE1_SOC_golden_top|coprocessador:C0|compositor:u_compositor                                                                            ; compositor          ; work         ;
;       |debounce_edge:u_db0|                  ; 24 (24)             ; 19 (19)                   ; 0                 ; 0          ; 0    ; 0            ; |DE1_SOC_golden_top|coprocessador:C0|debounce_edge:u_db0                                                                                ; debounce_edge       ; work         ;
;       |debounce_edge:u_db1|                  ; 24 (24)             ; 19 (19)                   ; 0                 ; 0          ; 0    ; 0            ; |DE1_SOC_golden_top|coprocessador:C0|debounce_edge:u_db1                                                                                ; debounce_edge       ; work         ;
;       |debounce_edge:u_db2|                  ; 24 (24)             ; 19 (19)                   ; 0                 ; 0          ; 0    ; 0            ; |DE1_SOC_golden_top|coprocessador:C0|debounce_edge:u_db2                                                                                ; debounce_edge       ; work         ;
;       |meu_pll:u_pll|                        ; 0 (0)               ; 0 (0)                     ; 0                 ; 0          ; 0    ; 0            ; |DE1_SOC_golden_top|coprocessador:C0|meu_pll:u_pll                                                                                      ; meu_pll             ; meu_pll      ;
;          |meu_pll_0002:meu_pll_inst|         ; 0 (0)               ; 0 (0)                     ; 0                 ; 0          ; 0    ; 0            ; |DE1_SOC_golden_top|coprocessador:C0|meu_pll:u_pll|meu_pll_0002:meu_pll_inst                                                            ; meu_pll_0002        ; meu_pll      ;
;             |altera_pll:altera_pll_i|        ; 0 (0)               ; 0 (0)                     ; 0                 ; 0          ; 0    ; 0            ; |DE1_SOC_golden_top|coprocessador:C0|meu_pll:u_pll|meu_pll_0002:meu_pll_inst|altera_pll:altera_pll_i                                    ; altera_pll          ; work         ;
;       |motor_background:u_motor_bg|          ; 44 (44)             ; 42 (42)                   ; 0                 ; 0          ; 0    ; 0            ; |DE1_SOC_golden_top|coprocessador:C0|motor_background:u_motor_bg                                                                        ; motor_background    ; work         ;
;       |motor_sprites:u_motor_sprites|        ; 1924 (1924)         ; 14 (14)                   ; 0                 ; 0          ; 0    ; 0            ; |DE1_SOC_golden_top|coprocessador:C0|motor_sprites:u_motor_sprites                                                                      ; motor_sprites       ; work         ;
;       |pllpara100:pllmhz|                    ; 0 (0)               ; 0 (0)                     ; 0                 ; 0          ; 0    ; 0            ; |DE1_SOC_golden_top|coprocessador:C0|pllpara100:pllmhz                                                                                  ; pllpara100          ; pllpara100   ;
;          |pllpara100_0002:pllpara100_inst|   ; 0 (0)               ; 0 (0)                     ; 0                 ; 0          ; 0    ; 0            ; |DE1_SOC_golden_top|coprocessador:C0|pllpara100:pllmhz|pllpara100_0002:pllpara100_inst                                                  ; pllpara100_0002     ; pllpara100   ;
;             |altera_pll:altera_pll_i|        ; 0 (0)               ; 0 (0)                     ; 0                 ; 0          ; 0    ; 0            ; |DE1_SOC_golden_top|coprocessador:C0|pllpara100:pllmhz|pllpara100_0002:pllpara100_inst|altera_pll:altera_pll_i                          ; altera_pll          ; work         ;
;       |porta_estimulo:u_estimulo|            ; 535 (326)           ; 171 (71)                  ; 0                 ; 0          ; 0    ; 0            ; |DE1_SOC_golden_top|coprocessador:C0|porta_estimulo:u_estimulo                                                                          ; porta_estimulo      ; work         ;
;          |mov_continuo:u_move_sprite|        ; 105 (105)           ; 51 (51)                   ; 0                 ; 0          ; 0    ; 0            ; |DE1_SOC_golden_top|coprocessador:C0|porta_estimulo:u_estimulo|mov_continuo:u_move_sprite                                               ; mov_continuo        ; work         ;
;          |mov_continuo:u_scroll_bg|          ; 104 (104)           ; 49 (49)                   ; 0                 ; 0          ; 0    ; 0            ; |DE1_SOC_golden_top|coprocessador:C0|porta_estimulo:u_estimulo|mov_continuo:u_scroll_bg                                                 ; mov_continuo        ; work         ;
;       |ram_padrao_tiles:ramtp|               ; 8 (0)               ; 2 (0)                     ; 131072            ; 0          ; 0    ; 0            ; |DE1_SOC_golden_top|coprocessador:C0|ram_padrao_tiles:ramtp                                                                             ; ram_padrao_tiles    ; work         ;
;          |altsyncram:altsyncram_component|   ; 8 (0)               ; 2 (0)                     ; 131072            ; 0          ; 0    ; 0            ; |DE1_SOC_golden_top|coprocessador:C0|ram_padrao_tiles:ramtp|altsyncram:altsyncram_component                                             ; altsyncram          ; work         ;
;             |altsyncram_bm22:auto_generated| ; 8 (0)               ; 2 (2)                     ; 131072            ; 0          ; 0    ; 0            ; |DE1_SOC_golden_top|coprocessador:C0|ram_padrao_tiles:ramtp|altsyncram:altsyncram_component|altsyncram_bm22:auto_generated              ; altsyncram_bm22     ; work         ;
;                |mux_lfb:mux3|                ; 8 (8)               ; 0 (0)                     ; 0                 ; 0          ; 0    ; 0            ; |DE1_SOC_golden_top|coprocessador:C0|ram_padrao_tiles:ramtp|altsyncram:altsyncram_component|altsyncram_bm22:auto_generated|mux_lfb:mux3 ; mux_lfb             ; work         ;
;       |ram_sprites:rspt|                     ; 0 (0)               ; 0 (0)                     ; 65536             ; 0          ; 0    ; 0            ; |DE1_SOC_golden_top|coprocessador:C0|ram_sprites:rspt                                                                                   ; ram_sprites         ; work         ;
;          |altsyncram:altsyncram_component|   ; 0 (0)               ; 0 (0)                     ; 65536             ; 0          ; 0    ; 0            ; |DE1_SOC_golden_top|coprocessador:C0|ram_sprites:rspt|altsyncram:altsyncram_component                                                   ; altsyncram          ; work         ;
;             |altsyncram_kt22:auto_generated| ; 0 (0)               ; 0 (0)                     ; 65536             ; 0          ; 0    ; 0            ; |DE1_SOC_golden_top|coprocessador:C0|ram_sprites:rspt|altsyncram:altsyncram_component|altsyncram_kt22:auto_generated                    ; altsyncram_kt22     ; work         ;
;       |ram_tilemap:ramA|                     ; 0 (0)               ; 0 (0)                     ; 16384             ; 0          ; 0    ; 0            ; |DE1_SOC_golden_top|coprocessador:C0|ram_tilemap:ramA                                                                                   ; ram_tilemap         ; work         ;
;          |altsyncram:altsyncram_component|   ; 0 (0)               ; 0 (0)                     ; 16384             ; 0          ; 0    ; 0            ; |DE1_SOC_golden_top|coprocessador:C0|ram_tilemap:ramA|altsyncram:altsyncram_component                                                   ; altsyncram          ; work         ;
;             |altsyncram_j422:auto_generated| ; 0 (0)               ; 0 (0)                     ; 16384             ; 0          ; 0    ; 0            ; |DE1_SOC_golden_top|coprocessador:C0|ram_tilemap:ramA|altsyncram:altsyncram_component|altsyncram_j422:auto_generated                    ; altsyncram_j422     ; work         ;
;       |ram_tilemapB:ramB|                    ; 0 (0)               ; 0 (0)                     ; 16384             ; 0          ; 0    ; 0            ; |DE1_SOC_golden_top|coprocessador:C0|ram_tilemapB:ramB                                                                                  ; ram_tilemapB        ; work         ;
;          |altsyncram:altsyncram_component|   ; 0 (0)               ; 0 (0)                     ; 16384             ; 0          ; 0    ; 0            ; |DE1_SOC_golden_top|coprocessador:C0|ram_tilemapB:ramB|altsyncram:altsyncram_component                                                  ; altsyncram          ; work         ;
;             |altsyncram_k422:auto_generated| ; 0 (0)               ; 0 (0)                     ; 16384             ; 0          ; 0    ; 0            ; |DE1_SOC_golden_top|coprocessador:C0|ram_tilemapB:ramB|altsyncram:altsyncram_component|altsyncram_k422:auto_generated                   ; altsyncram_k422     ; work         ;
;       |rasterizador_multi:u_rasterizador|    ; 726 (726)           ; 0 (0)                     ; 0                 ; 24         ; 0    ; 0            ; |DE1_SOC_golden_top|coprocessador:C0|rasterizador_multi:u_rasterizador                                                                  ; rasterizador_multi  ; work         ;
;       |vga_driver:u_vga|                     ; 74 (74)             ; 39 (39)                   ; 0                 ; 0          ; 0    ; 0            ; |DE1_SOC_golden_top|coprocessador:C0|vga_driver:u_vga                                                                                   ; vga_driver          ; work         ;
+----------------------------------------------+---------------------+---------------------------+-------------------+------------+------+--------------+-----------------------------------------------------------------------------------------------------------------------------------------+---------------------+--------------+
Note: For table entries with two numbers listed, the numbers in parentheses indicate the number of resources of the given type used by the specific entity alone. The numbers listed outside of parentheses indicate the total resources of the given type used by the specific entity and all of its sub-entities in the hierarchy.


+----------------------------------------------------------------------------------------------------------------------------------------------------------------------------------------------------------------------------------------------+
; Analysis & Synthesis RAM Summary                                                                                                                                                                                                             ;
+-------------------------------------------------------------------------------------------------------------------+------------+------------------+--------------+--------------+--------------+--------------+--------+---------------------+
; Name                                                                                                              ; Type       ; Mode             ; Port A Depth ; Port A Width ; Port B Depth ; Port B Width ; Size   ; MIF                 ;
+-------------------------------------------------------------------------------------------------------------------+------------+------------------+--------------+--------------+--------------+--------------+--------+---------------------+
; coprocessador:C0|ram_padrao_tiles:ramtp|altsyncram:altsyncram_component|altsyncram_bm22:auto_generated|ALTSYNCRAM ; M10K block ; Simple Dual Port ; 16384        ; 8            ; 16384        ; 8            ; 131072 ; padroes_tiles.mif   ;
; coprocessador:C0|ram_sprites:rspt|altsyncram:altsyncram_component|altsyncram_kt22:auto_generated|ALTSYNCRAM       ; M10K block ; Simple Dual Port ; 16384        ; 8            ; 16384        ; 8            ; 131072 ; padroes_sprites.mif ;
; coprocessador:C0|ram_tilemap:ramA|altsyncram:altsyncram_component|altsyncram_j422:auto_generated|ALTSYNCRAM       ; M10K block ; Simple Dual Port ; 2048         ; 8            ; 2048         ; 8            ; 16384  ; tilemap_a.mif       ;
; coprocessador:C0|ram_tilemapB:ramB|altsyncram:altsyncram_component|altsyncram_k422:auto_generated|ALTSYNCRAM      ; M10K block ; Simple Dual Port ; 2048         ; 8            ; 2048         ; 8            ; 16384  ; tilemap_b.mif       ;
+-------------------------------------------------------------------------------------------------------------------+------------+------------------+--------------+--------------+--------------+--------------+--------+---------------------+


+--------------------------------------------------------+
; Analysis & Synthesis DSP Block Usage Summary           ;
+------------------------------------------+-------------+
; Statistic                                ; Number Used ;
+------------------------------------------+-------------+
; Independent 27x27                        ; 24          ;
; Total number of DSP blocks               ; 24          ;
;                                          ;             ;
; Fixed Point Signed Multiplier            ; 24          ;
; Fixed Point Dedicated Output Adder Chain ; 12          ;
+------------------------------------------+-------------+


+--------------------------------------------------------------------------------------------------------------------------------------------------+
; Analysis & Synthesis IP Cores Summary                                                                                                            ;
+--------+--------------+---------+--------------+--------------+-------------------------------------------------------------+--------------------+
; Vendor ; IP Core Name ; Version ; Release Date ; License Type ; Entity Instance                                             ; IP Include File    ;
+--------+--------------+---------+--------------+--------------+-------------------------------------------------------------+--------------------+
; Altera ; RAM: 2-PORT  ; 25.1    ; N/A          ; N/A          ; |DE1_SOC_golden_top|coprocessador:C0|ram_tilemap:ramA       ; ram_tilemap.v      ;
; Altera ; RAM: 2-PORT  ; 25.1    ; N/A          ; N/A          ; |DE1_SOC_golden_top|coprocessador:C0|ram_tilemapB:ramB      ; ram_tilemapB.v     ;
; Altera ; RAM: 2-PORT  ; 25.1    ; N/A          ; N/A          ; |DE1_SOC_golden_top|coprocessador:C0|ram_padrao_tiles:ramtp ; ram_padrao_tiles.v ;
; Altera ; RAM: 2-PORT  ; 25.1    ; N/A          ; N/A          ; |DE1_SOC_golden_top|coprocessador:C0|ram_sprites:rspt       ; ram_sprites.v      ;
; Altera ; altera_pll   ; 25.1    ; N/A          ; N/A          ; |DE1_SOC_golden_top|coprocessador:C0|meu_pll:u_pll          ; meu_pll.v          ;
+--------+--------------+---------+--------------+--------------+-------------------------------------------------------------+--------------------+


Encoding Type:  One-Hot
+------------------------------------------------------------------------------------------------------------------------+
; State Machine - |DE1_SOC_golden_top|coprocessador:C0|vga_driver:u_vga|v_state                                          ;
+------------------------+----------------------+-----------------------+-----------------------+------------------------+
; Name                   ; v_state.V_BACK_STATE ; v_state.V_PULSE_STATE ; v_state.V_FRONT_STATE ; v_state.V_ACTIVE_STATE ;
+------------------------+----------------------+-----------------------+-----------------------+------------------------+
; v_state.V_ACTIVE_STATE ; 0                    ; 0                     ; 0                     ; 0                      ;
; v_state.V_FRONT_STATE  ; 0                    ; 0                     ; 1                     ; 1                      ;
; v_state.V_PULSE_STATE  ; 0                    ; 1                     ; 0                     ; 1                      ;
; v_state.V_BACK_STATE   ; 1                    ; 0                     ; 0                     ; 1                      ;
+------------------------+----------------------+-----------------------+-----------------------+------------------------+


Encoding Type:  One-Hot
+------------------------------------------------------------------------------------------------------------------------+
; State Machine - |DE1_SOC_golden_top|coprocessador:C0|vga_driver:u_vga|h_state                                          ;
+------------------------+----------------------+-----------------------+-----------------------+------------------------+
; Name                   ; h_state.H_BACK_STATE ; h_state.H_PULSE_STATE ; h_state.H_FRONT_STATE ; h_state.H_ACTIVE_STATE ;
+------------------------+----------------------+-----------------------+-----------------------+------------------------+
; h_state.H_ACTIVE_STATE ; 0                    ; 0                     ; 0                     ; 0                      ;
; h_state.H_FRONT_STATE  ; 0                    ; 0                     ; 1                     ; 1                      ;
; h_state.H_PULSE_STATE  ; 0                    ; 1                     ; 0                     ; 1                      ;
; h_state.H_BACK_STATE   ; 1                    ; 0                     ; 0                     ; 1                      ;
+------------------------+----------------------+-----------------------+-----------------------+------------------------+


Encoding Type:  One-Hot
+---------------------------------------------------------------------------------------+
; State Machine - |DE1_SOC_golden_top|coprocessador:C0|porta_estimulo:u_estimulo|estado ;
+---------------+-----------------------------------------------------------------------+
; Name          ; estado.REPROD                                                         ;
+---------------+-----------------------------------------------------------------------+
; estado.IDLE   ; 0                                                                     ;
; estado.REPROD ; 1                                                                     ;
+---------------+-----------------------------------------------------------------------+


+-----------------------------------------------------------------------------------------------------------------------------------------------------------------------------------------------------------------------+
; Registers Removed During Synthesis                                                                                                                                                                                    ;
+-----------------------------------------------------------------------------------------------------------------------+-----------------------------------------------------------------------------------------------+
; Register name                                                                                                         ; Reason for Removal                                                                            ;
+-----------------------------------------------------------------------------------------------------------------------+-----------------------------------------------------------------------------------------------+
; coprocessador:C0|vga_driver:u_vga|red_reg[0]                                                                          ; Stuck at GND due to stuck port data_in                                                        ;
; coprocessador:C0|vga_driver:u_vga|green_reg[0..4]                                                                     ; Stuck at GND due to stuck port data_in                                                        ;
; coprocessador:C0|vga_driver:u_vga|blue_reg[0..5]                                                                      ; Stuck at GND due to stuck port data_in                                                        ;
; coprocessador:C0|vga_driver:u_vga|red_reg[1..4]                                                                       ; Stuck at GND due to stuck port data_in                                                        ;
; coprocessador:C0|ram_sprites:rspt|altsyncram:altsyncram_component|altsyncram_kt22:auto_generated|address_reg_b[0]     ; Stuck at GND due to stuck port data_in                                                        ;
; coprocessador:C0|ram_sprites:rspt|altsyncram:altsyncram_component|altsyncram_kt22:auto_generated|out_address_reg_b[0] ; Stuck at GND due to stuck port data_in                                                        ;
; coprocessador:C0|porta_estimulo:u_estimulo|passo_max[5]                                                               ; Merged with coprocessador:C0|porta_estimulo:u_estimulo|passo_max[4]                           ;
; coprocessador:C0|porta_estimulo:u_estimulo|mov_continuo:u_move_sprite|endereco[3..7]                                  ; Merged with coprocessador:C0|porta_estimulo:u_estimulo|mov_continuo:u_move_sprite|endereco[1] ;
; coprocessador:C0|porta_estimulo:u_estimulo|mov_continuo:u_scroll_bg|endereco[3..7]                                    ; Merged with coprocessador:C0|porta_estimulo:u_estimulo|mov_continuo:u_scroll_bg|endereco[2]   ;
; coprocessador:C0|banco_registradores:u_regs|poly_vy[0][0][9]                                                          ; Stuck at GND due to stuck port data_in                                                        ;
; coprocessador:C0|banco_registradores:u_regs|poly_vy[0][1][9]                                                          ; Stuck at GND due to stuck port data_in                                                        ;
; coprocessador:C0|banco_registradores:u_regs|poly_vy[0][2][9]                                                          ; Stuck at GND due to stuck port data_in                                                        ;
; coprocessador:C0|banco_registradores:u_regs|poly_vy[1][0][9]                                                          ; Stuck at GND due to stuck port data_in                                                        ;
; coprocessador:C0|banco_registradores:u_regs|poly_vy[1][1][9]                                                          ; Stuck at GND due to stuck port data_in                                                        ;
; coprocessador:C0|banco_registradores:u_regs|poly_vy[1][2][9]                                                          ; Stuck at GND due to stuck port data_in                                                        ;
; coprocessador:C0|banco_registradores:u_regs|poly_vy[2][0][9]                                                          ; Stuck at GND due to stuck port data_in                                                        ;
; coprocessador:C0|banco_registradores:u_regs|poly_vy[2][1][9]                                                          ; Stuck at GND due to stuck port data_in                                                        ;
; coprocessador:C0|banco_registradores:u_regs|poly_vy[2][2][9]                                                          ; Stuck at GND due to stuck port data_in                                                        ;
; coprocessador:C0|banco_registradores:u_regs|poly_vy[3][0][9]                                                          ; Stuck at GND due to stuck port data_in                                                        ;
; coprocessador:C0|banco_registradores:u_regs|poly_vy[3][1][9]                                                          ; Stuck at GND due to stuck port data_in                                                        ;
; coprocessador:C0|banco_registradores:u_regs|poly_vy[3][2][9]                                                          ; Stuck at GND due to stuck port data_in                                                        ;
; coprocessador:C0|banco_registradores:u_regs|poly_vx[3][2][9]                                                          ; Stuck at GND due to stuck port data_in                                                        ;
; coprocessador:C0|banco_registradores:u_regs|poly_vx[3][1][9]                                                          ; Stuck at GND due to stuck port data_in                                                        ;
; coprocessador:C0|banco_registradores:u_regs|poly_vx[3][0][9]                                                          ; Stuck at GND due to stuck port data_in                                                        ;
; coprocessador:C0|banco_registradores:u_regs|poly_vx[2][2][9]                                                          ; Stuck at GND due to stuck port data_in                                                        ;
; coprocessador:C0|banco_registradores:u_regs|poly_vx[2][1][9]                                                          ; Stuck at GND due to stuck port data_in                                                        ;
; coprocessador:C0|banco_registradores:u_regs|poly_vx[2][0][9]                                                          ; Stuck at GND due to stuck port data_in                                                        ;
; coprocessador:C0|banco_registradores:u_regs|poly_vx[1][2][9]                                                          ; Stuck at GND due to stuck port data_in                                                        ;
; coprocessador:C0|banco_registradores:u_regs|poly_vx[1][1][9]                                                          ; Stuck at GND due to stuck port data_in                                                        ;
; coprocessador:C0|banco_registradores:u_regs|poly_vx[1][0][9]                                                          ; Stuck at GND due to stuck port data_in                                                        ;
; coprocessador:C0|banco_registradores:u_regs|poly_vx[0][2][9]                                                          ; Stuck at GND due to stuck port data_in                                                        ;
; coprocessador:C0|banco_registradores:u_regs|poly_vx[0][1][9]                                                          ; Stuck at GND due to stuck port data_in                                                        ;
; coprocessador:C0|banco_registradores:u_regs|poly_vx[0][0][9]                                                          ; Stuck at GND due to stuck port data_in                                                        ;
; coprocessador:C0|porta_estimulo:u_estimulo|mov_continuo:u_move_sprite|endereco[1]                                     ; Stuck at GND due to stuck port data_in                                                        ;
; coprocessador:C0|porta_estimulo:u_estimulo|mov_continuo:u_scroll_bg|endereco[2]                                       ; Stuck at GND due to stuck port data_in                                                        ;
; coprocessador:C0|porta_estimulo:u_estimulo|passo_max[4]                                                               ; Stuck at GND due to stuck port data_in                                                        ;
; coprocessador:C0|vga_driver:u_vga|v_state~5                                                                           ; Lost fanout                                                                                   ;
; coprocessador:C0|vga_driver:u_vga|v_state~6                                                                           ; Lost fanout                                                                                   ;
; coprocessador:C0|vga_driver:u_vga|v_state~7                                                                           ; Lost fanout                                                                                   ;
; coprocessador:C0|vga_driver:u_vga|v_state~8                                                                           ; Lost fanout                                                                                   ;
; coprocessador:C0|vga_driver:u_vga|v_state~9                                                                           ; Lost fanout                                                                                   ;
; coprocessador:C0|vga_driver:u_vga|v_state~10                                                                          ; Lost fanout                                                                                   ;
; coprocessador:C0|vga_driver:u_vga|v_state~11                                                                          ; Lost fanout                                                                                   ;
; coprocessador:C0|vga_driver:u_vga|v_state~12                                                                          ; Lost fanout                                                                                   ;
; coprocessador:C0|vga_driver:u_vga|h_state~5                                                                           ; Lost fanout                                                                                   ;
; coprocessador:C0|vga_driver:u_vga|h_state~6                                                                           ; Lost fanout                                                                                   ;
; coprocessador:C0|vga_driver:u_vga|h_state~7                                                                           ; Lost fanout                                                                                   ;
; coprocessador:C0|vga_driver:u_vga|h_state~8                                                                           ; Lost fanout                                                                                   ;
; coprocessador:C0|vga_driver:u_vga|h_state~9                                                                           ; Lost fanout                                                                                   ;
; coprocessador:C0|vga_driver:u_vga|h_state~10                                                                          ; Lost fanout                                                                                   ;
; coprocessador:C0|vga_driver:u_vga|h_state~11                                                                          ; Lost fanout                                                                                   ;
; coprocessador:C0|vga_driver:u_vga|h_state~12                                                                          ; Lost fanout                                                                                   ;
; coprocessador:C0|porta_estimulo:u_estimulo|estado~3                                                                   ; Lost fanout                                                                                   ;
; Total Number of Removed Registers = 73                                                                                ;                                                                                               ;
+-----------------------------------------------------------------------------------------------------------------------+-----------------------------------------------------------------------------------------------+


+-----------------------------------------------------------------------------------------------------------------------------------------------------------------------------------------------------------------------------------------------------------------------+
; Removed Registers Triggering Further Register Optimizations                                                                                                                                                                                                           ;
+-------------------------------------------------------------------------------------------------------------------+---------------------------+-----------------------------------------------------------------------------------------------------------------------+
; Register name                                                                                                     ; Reason for Removal        ; Registers Removed due to This Register                                                                                ;
+-------------------------------------------------------------------------------------------------------------------+---------------------------+-----------------------------------------------------------------------------------------------------------------------+
; coprocessador:C0|ram_sprites:rspt|altsyncram:altsyncram_component|altsyncram_kt22:auto_generated|address_reg_b[0] ; Stuck at GND              ; coprocessador:C0|ram_sprites:rspt|altsyncram:altsyncram_component|altsyncram_kt22:auto_generated|out_address_reg_b[0] ;
;                                                                                                                   ; due to stuck port data_in ;                                                                                                                       ;
+-------------------------------------------------------------------------------------------------------------------+---------------------------+-----------------------------------------------------------------------------------------------------------------------+


+------------------------------------------------------+
; General Register Statistics                          ;
+----------------------------------------------+-------+
; Statistic                                    ; Value ;
+----------------------------------------------+-------+
; Total registers                              ; 1612  ;
; Number of registers using Synchronous Clear  ; 1152  ;
; Number of registers using Synchronous Load   ; 19    ;
; Number of registers using Asynchronous Clear ; 78    ;
; Number of registers using Asynchronous Load  ; 0     ;
; Number of registers using Clock Enable       ; 1370  ;
; Number of registers using Preset             ; 0     ;
+----------------------------------------------+-------+


+------------------------------------------------------------+
; Inverted Register Statistics                               ;
+--------------------------------------------------+---------+
; Inverted Register                                ; Fan out ;
+--------------------------------------------------+---------+
; coprocessador:C0|debounce_edge:u_db2|estavel     ; 4       ;
; coprocessador:C0|debounce_edge:u_db2|estavel_ant ; 1       ;
; coprocessador:C0|debounce_edge:u_db0|estavel     ; 4       ;
; coprocessador:C0|debounce_edge:u_db0|estavel_ant ; 1       ;
; coprocessador:C0|hs_d                            ; 2       ;
; coprocessador:C0|vs_d                            ; 2       ;
; coprocessador:C0|debounce_edge:u_db1|estavel     ; 4       ;
; coprocessador:C0|debounce_edge:u_db1|estavel_ant ; 1       ;
; Total number of inverted registers = 8           ;         ;
+--------------------------------------------------+---------+


+--------------------------------------------------------------------------------------------------------------------------------------------------------------------------------------------------------------------+
; Multiplexer Restructuring Statistics (Restructuring Performed)                                                                                                                                                     ;
+--------------------+-----------+---------------+----------------------+------------------------+------------+------------------------------------------------------------------------------------------------------+
; Multiplexer Inputs ; Bus Width ; Baseline Area ; Area if Restructured ; Saving if Restructured ; Registered ; Example Multiplexer Output                                                                           ;
+--------------------+-----------+---------------+----------------------+------------------------+------------+------------------------------------------------------------------------------------------------------+
; 3:1                ; 5 bits    ; 10 LEs        ; 5 LEs                ; 5 LEs                  ; Yes        ; |DE1_SOC_golden_top|coprocessador:C0|porta_estimulo:u_estimulo|last_confirmed_sprite[0]              ;
; 3:1                ; 14 bits   ; 28 LEs        ; 0 LEs                ; 28 LEs                 ; Yes        ; |DE1_SOC_golden_top|coprocessador:C0|porta_estimulo:u_estimulo|poly_tipo_lat[0]                      ;
; 3:1                ; 16 bits   ; 32 LEs        ; 0 LEs                ; 32 LEs                 ; Yes        ; |DE1_SOC_golden_top|coprocessador:C0|bg_scroll_y_quadro[2]                                           ;
; 3:1                ; 2 bits    ; 4 LEs         ; 2 LEs                ; 2 LEs                  ; Yes        ; |DE1_SOC_golden_top|coprocessador:C0|porta_estimulo:u_estimulo|mov_continuo:u_scroll_bg|endereco[1]  ;
; 3:1                ; 3 bits    ; 6 LEs         ; 3 LEs                ; 3 LEs                  ; Yes        ; |DE1_SOC_golden_top|coprocessador:C0|banco_registradores:u_regs|enable_poly                          ;
; 3:1                ; 8 bits    ; 16 LEs        ; 0 LEs                ; 16 LEs                 ; Yes        ; |DE1_SOC_golden_top|coprocessador:C0|banco_registradores:u_regs|poly_cor[0][7]                       ;
; 3:1                ; 8 bits    ; 16 LEs        ; 0 LEs                ; 16 LEs                 ; Yes        ; |DE1_SOC_golden_top|coprocessador:C0|banco_registradores:u_regs|poly_cor[1][1]                       ;
; 3:1                ; 8 bits    ; 16 LEs        ; 0 LEs                ; 16 LEs                 ; Yes        ; |DE1_SOC_golden_top|coprocessador:C0|banco_registradores:u_regs|poly_cor[2][2]                       ;
; 3:1                ; 8 bits    ; 16 LEs        ; 0 LEs                ; 16 LEs                 ; Yes        ; |DE1_SOC_golden_top|coprocessador:C0|banco_registradores:u_regs|poly_cor[3][2]                       ;
; 3:1                ; 2 bits    ; 4 LEs         ; 2 LEs                ; 2 LEs                  ; Yes        ; |DE1_SOC_golden_top|coprocessador:C0|banco_registradores:u_regs|poly_habilitado[2]                   ;
; 3:1                ; 10 bits   ; 20 LEs        ; 0 LEs                ; 20 LEs                 ; Yes        ; |DE1_SOC_golden_top|coprocessador:C0|hc[8]                                                           ;
; 3:1                ; 9 bits    ; 18 LEs        ; 0 LEs                ; 18 LEs                 ; Yes        ; |DE1_SOC_golden_top|coprocessador:C0|banco_registradores:u_regs|poly_vx[2][0][6]                     ;
; 3:1                ; 9 bits    ; 18 LEs        ; 0 LEs                ; 18 LEs                 ; Yes        ; |DE1_SOC_golden_top|coprocessador:C0|banco_registradores:u_regs|poly_vx[2][1][5]                     ;
; 3:1                ; 9 bits    ; 18 LEs        ; 0 LEs                ; 18 LEs                 ; Yes        ; |DE1_SOC_golden_top|coprocessador:C0|banco_registradores:u_regs|poly_vy[2][0][1]                     ;
; 3:1                ; 9 bits    ; 18 LEs        ; 0 LEs                ; 18 LEs                 ; Yes        ; |DE1_SOC_golden_top|coprocessador:C0|banco_registradores:u_regs|poly_vy[2][1][1]                     ;
; 3:1                ; 2 bits    ; 4 LEs         ; 2 LEs                ; 2 LEs                  ; Yes        ; |DE1_SOC_golden_top|coprocessador:C0|banco_registradores:u_regs|poly_habilitado[0]                   ;
; 3:1                ; 9 bits    ; 18 LEs        ; 0 LEs                ; 18 LEs                 ; Yes        ; |DE1_SOC_golden_top|coprocessador:C0|banco_registradores:u_regs|poly_vx[0][0][0]                     ;
; 3:1                ; 9 bits    ; 18 LEs        ; 0 LEs                ; 18 LEs                 ; Yes        ; |DE1_SOC_golden_top|coprocessador:C0|banco_registradores:u_regs|poly_vx[0][1][4]                     ;
; 3:1                ; 9 bits    ; 18 LEs        ; 0 LEs                ; 18 LEs                 ; Yes        ; |DE1_SOC_golden_top|coprocessador:C0|banco_registradores:u_regs|poly_vy[0][0][7]                     ;
; 3:1                ; 9 bits    ; 18 LEs        ; 0 LEs                ; 18 LEs                 ; Yes        ; |DE1_SOC_golden_top|coprocessador:C0|banco_registradores:u_regs|poly_vy[0][1][2]                     ;
; 3:1                ; 2 bits    ; 4 LEs         ; 2 LEs                ; 2 LEs                  ; Yes        ; |DE1_SOC_golden_top|coprocessador:C0|banco_registradores:u_regs|poly_habilitado[1]                   ;
; 3:1                ; 9 bits    ; 18 LEs        ; 0 LEs                ; 18 LEs                 ; Yes        ; |DE1_SOC_golden_top|coprocessador:C0|banco_registradores:u_regs|poly_vx[1][0][0]                     ;
; 3:1                ; 9 bits    ; 18 LEs        ; 0 LEs                ; 18 LEs                 ; Yes        ; |DE1_SOC_golden_top|coprocessador:C0|banco_registradores:u_regs|poly_vx[1][1][8]                     ;
; 3:1                ; 9 bits    ; 18 LEs        ; 0 LEs                ; 18 LEs                 ; Yes        ; |DE1_SOC_golden_top|coprocessador:C0|banco_registradores:u_regs|poly_vy[1][0][2]                     ;
; 3:1                ; 9 bits    ; 18 LEs        ; 0 LEs                ; 18 LEs                 ; Yes        ; |DE1_SOC_golden_top|coprocessador:C0|banco_registradores:u_regs|poly_vy[1][1][5]                     ;
; 3:1                ; 2 bits    ; 4 LEs         ; 2 LEs                ; 2 LEs                  ; Yes        ; |DE1_SOC_golden_top|coprocessador:C0|banco_registradores:u_regs|poly_modo_retangulo[3]               ;
; 3:1                ; 9 bits    ; 18 LEs        ; 0 LEs                ; 18 LEs                 ; Yes        ; |DE1_SOC_golden_top|coprocessador:C0|banco_registradores:u_regs|poly_vx[3][0][3]                     ;
; 3:1                ; 9 bits    ; 18 LEs        ; 0 LEs                ; 18 LEs                 ; Yes        ; |DE1_SOC_golden_top|coprocessador:C0|banco_registradores:u_regs|poly_vx[3][1][4]                     ;
; 3:1                ; 9 bits    ; 18 LEs        ; 0 LEs                ; 18 LEs                 ; Yes        ; |DE1_SOC_golden_top|coprocessador:C0|banco_registradores:u_regs|poly_vy[3][0][6]                     ;
; 3:1                ; 9 bits    ; 18 LEs        ; 0 LEs                ; 18 LEs                 ; Yes        ; |DE1_SOC_golden_top|coprocessador:C0|banco_registradores:u_regs|poly_vy[3][1][8]                     ;
; 3:1                ; 3 bits    ; 6 LEs         ; 3 LEs                ; 3 LEs                  ; Yes        ; |DE1_SOC_golden_top|coprocessador:C0|porta_estimulo:u_estimulo|cen_lat[1]                            ;
; 3:1                ; 9 bits    ; 18 LEs        ; 0 LEs                ; 18 LEs                 ; Yes        ; |DE1_SOC_golden_top|coprocessador:C0|banco_registradores:u_regs|poly_vx[2][2][8]                     ;
; 3:1                ; 9 bits    ; 18 LEs        ; 0 LEs                ; 18 LEs                 ; Yes        ; |DE1_SOC_golden_top|coprocessador:C0|banco_registradores:u_regs|poly_vy[2][2][4]                     ;
; 3:1                ; 9 bits    ; 18 LEs        ; 0 LEs                ; 18 LEs                 ; Yes        ; |DE1_SOC_golden_top|coprocessador:C0|banco_registradores:u_regs|poly_vx[0][2][0]                     ;
; 3:1                ; 9 bits    ; 18 LEs        ; 0 LEs                ; 18 LEs                 ; Yes        ; |DE1_SOC_golden_top|coprocessador:C0|banco_registradores:u_regs|poly_vy[0][2][0]                     ;
; 3:1                ; 9 bits    ; 18 LEs        ; 0 LEs                ; 18 LEs                 ; Yes        ; |DE1_SOC_golden_top|coprocessador:C0|banco_registradores:u_regs|poly_vx[1][2][6]                     ;
; 3:1                ; 9 bits    ; 18 LEs        ; 0 LEs                ; 18 LEs                 ; Yes        ; |DE1_SOC_golden_top|coprocessador:C0|banco_registradores:u_regs|poly_vy[1][2][1]                     ;
; 3:1                ; 9 bits    ; 18 LEs        ; 0 LEs                ; 18 LEs                 ; Yes        ; |DE1_SOC_golden_top|coprocessador:C0|banco_registradores:u_regs|poly_vx[3][2][8]                     ;
; 3:1                ; 9 bits    ; 18 LEs        ; 0 LEs                ; 18 LEs                 ; Yes        ; |DE1_SOC_golden_top|coprocessador:C0|banco_registradores:u_regs|poly_vy[3][2][7]                     ;
; 3:1                ; 4 bits    ; 8 LEs         ; 4 LEs                ; 4 LEs                  ; Yes        ; |DE1_SOC_golden_top|coprocessador:C0|banco_registradores:u_regs|sprite_pri[0][2]                     ;
; 3:1                ; 9 bits    ; 18 LEs        ; 0 LEs                ; 18 LEs                 ; Yes        ; |DE1_SOC_golden_top|coprocessador:C0|banco_registradores:u_regs|sprite_x[0][8]                       ;
; 3:1                ; 9 bits    ; 18 LEs        ; 0 LEs                ; 18 LEs                 ; Yes        ; |DE1_SOC_golden_top|coprocessador:C0|banco_registradores:u_regs|sprite_y[0][0]                       ;
; 3:1                ; 4 bits    ; 8 LEs         ; 4 LEs                ; 4 LEs                  ; Yes        ; |DE1_SOC_golden_top|coprocessador:C0|banco_registradores:u_regs|sprite_en[1]                         ;
; 3:1                ; 9 bits    ; 18 LEs        ; 0 LEs                ; 18 LEs                 ; Yes        ; |DE1_SOC_golden_top|coprocessador:C0|banco_registradores:u_regs|sprite_x[1][6]                       ;
; 3:1                ; 9 bits    ; 18 LEs        ; 0 LEs                ; 18 LEs                 ; Yes        ; |DE1_SOC_golden_top|coprocessador:C0|banco_registradores:u_regs|sprite_y[1][6]                       ;
; 3:1                ; 4 bits    ; 8 LEs         ; 4 LEs                ; 4 LEs                  ; Yes        ; |DE1_SOC_golden_top|coprocessador:C0|banco_registradores:u_regs|sprite_pri[2][0]                     ;
; 3:1                ; 9 bits    ; 18 LEs        ; 0 LEs                ; 18 LEs                 ; Yes        ; |DE1_SOC_golden_top|coprocessador:C0|banco_registradores:u_regs|sprite_x[2][2]                       ;
; 3:1                ; 9 bits    ; 18 LEs        ; 0 LEs                ; 18 LEs                 ; Yes        ; |DE1_SOC_golden_top|coprocessador:C0|banco_registradores:u_regs|sprite_y[2][0]                       ;
; 3:1                ; 4 bits    ; 8 LEs         ; 4 LEs                ; 4 LEs                  ; Yes        ; |DE1_SOC_golden_top|coprocessador:C0|banco_registradores:u_regs|sprite_en[3]                         ;
; 3:1                ; 9 bits    ; 18 LEs        ; 0 LEs                ; 18 LEs                 ; Yes        ; |DE1_SOC_golden_top|coprocessador:C0|banco_registradores:u_regs|sprite_x[3][5]                       ;
; 3:1                ; 9 bits    ; 18 LEs        ; 0 LEs                ; 18 LEs                 ; Yes        ; |DE1_SOC_golden_top|coprocessador:C0|banco_registradores:u_regs|sprite_y[3][0]                       ;
; 3:1                ; 4 bits    ; 8 LEs         ; 4 LEs                ; 4 LEs                  ; Yes        ; |DE1_SOC_golden_top|coprocessador:C0|banco_registradores:u_regs|sprite_en[4]                         ;
; 3:1                ; 9 bits    ; 18 LEs        ; 0 LEs                ; 18 LEs                 ; Yes        ; |DE1_SOC_golden_top|coprocessador:C0|banco_registradores:u_regs|sprite_x[4][3]                       ;
; 3:1                ; 9 bits    ; 18 LEs        ; 0 LEs                ; 18 LEs                 ; Yes        ; |DE1_SOC_golden_top|coprocessador:C0|banco_registradores:u_regs|sprite_y[4][0]                       ;
; 3:1                ; 4 bits    ; 8 LEs         ; 4 LEs                ; 4 LEs                  ; Yes        ; |DE1_SOC_golden_top|coprocessador:C0|banco_registradores:u_regs|sprite_pri[5][1]                     ;
; 3:1                ; 9 bits    ; 18 LEs        ; 0 LEs                ; 18 LEs                 ; Yes        ; |DE1_SOC_golden_top|coprocessador:C0|banco_registradores:u_regs|sprite_x[5][5]                       ;
; 3:1                ; 9 bits    ; 18 LEs        ; 0 LEs                ; 18 LEs                 ; Yes        ; |DE1_SOC_golden_top|coprocessador:C0|banco_registradores:u_regs|sprite_y[5][0]                       ;
; 3:1                ; 4 bits    ; 8 LEs         ; 4 LEs                ; 4 LEs                  ; Yes        ; |DE1_SOC_golden_top|coprocessador:C0|banco_registradores:u_regs|sprite_pri[6][2]                     ;
; 3:1                ; 4 bits    ; 8 LEs         ; 4 LEs                ; 4 LEs                  ; Yes        ; |DE1_SOC_golden_top|coprocessador:C0|banco_registradores:u_regs|sprite_pri[7][2]                     ;
; 3:1                ; 9 bits    ; 18 LEs        ; 0 LEs                ; 18 LEs                 ; Yes        ; |DE1_SOC_golden_top|coprocessador:C0|banco_registradores:u_regs|sprite_x[6][8]                       ;
; 3:1                ; 9 bits    ; 18 LEs        ; 0 LEs                ; 18 LEs                 ; Yes        ; |DE1_SOC_golden_top|coprocessador:C0|banco_registradores:u_regs|sprite_y[6][3]                       ;
; 3:1                ; 9 bits    ; 18 LEs        ; 0 LEs                ; 18 LEs                 ; Yes        ; |DE1_SOC_golden_top|coprocessador:C0|banco_registradores:u_regs|sprite_x[7][6]                       ;
; 3:1                ; 9 bits    ; 18 LEs        ; 0 LEs                ; 18 LEs                 ; Yes        ; |DE1_SOC_golden_top|coprocessador:C0|banco_registradores:u_regs|sprite_y[7][8]                       ;
; 3:1                ; 4 bits    ; 8 LEs         ; 4 LEs                ; 4 LEs                  ; Yes        ; |DE1_SOC_golden_top|coprocessador:C0|banco_registradores:u_regs|sprite_pri[8][0]                     ;
; 3:1                ; 9 bits    ; 18 LEs        ; 0 LEs                ; 18 LEs                 ; Yes        ; |DE1_SOC_golden_top|coprocessador:C0|banco_registradores:u_regs|sprite_x[8][8]                       ;
; 3:1                ; 9 bits    ; 18 LEs        ; 0 LEs                ; 18 LEs                 ; Yes        ; |DE1_SOC_golden_top|coprocessador:C0|banco_registradores:u_regs|sprite_y[8][1]                       ;
; 3:1                ; 4 bits    ; 8 LEs         ; 4 LEs                ; 4 LEs                  ; Yes        ; |DE1_SOC_golden_top|coprocessador:C0|banco_registradores:u_regs|sprite_pri[9][1]                     ;
; 3:1                ; 9 bits    ; 18 LEs        ; 0 LEs                ; 18 LEs                 ; Yes        ; |DE1_SOC_golden_top|coprocessador:C0|banco_registradores:u_regs|sprite_x[9][5]                       ;
; 3:1                ; 9 bits    ; 18 LEs        ; 0 LEs                ; 18 LEs                 ; Yes        ; |DE1_SOC_golden_top|coprocessador:C0|banco_registradores:u_regs|sprite_y[9][5]                       ;
; 3:1                ; 4 bits    ; 8 LEs         ; 4 LEs                ; 4 LEs                  ; Yes        ; |DE1_SOC_golden_top|coprocessador:C0|banco_registradores:u_regs|sprite_en[10]                        ;
; 3:1                ; 4 bits    ; 8 LEs         ; 4 LEs                ; 4 LEs                  ; Yes        ; |DE1_SOC_golden_top|coprocessador:C0|banco_registradores:u_regs|sprite_pri[11][2]                    ;
; 3:1                ; 4 bits    ; 8 LEs         ; 4 LEs                ; 4 LEs                  ; Yes        ; |DE1_SOC_golden_top|coprocessador:C0|banco_registradores:u_regs|sprite_pri[12][2]                    ;
; 3:1                ; 4 bits    ; 8 LEs         ; 4 LEs                ; 4 LEs                  ; Yes        ; |DE1_SOC_golden_top|coprocessador:C0|banco_registradores:u_regs|sprite_pri[13][1]                    ;
; 3:1                ; 4 bits    ; 8 LEs         ; 4 LEs                ; 4 LEs                  ; Yes        ; |DE1_SOC_golden_top|coprocessador:C0|banco_registradores:u_regs|sprite_pri[14][1]                    ;
; 3:1                ; 4 bits    ; 8 LEs         ; 4 LEs                ; 4 LEs                  ; Yes        ; |DE1_SOC_golden_top|coprocessador:C0|banco_registradores:u_regs|sprite_pri[15][0]                    ;
; 3:1                ; 9 bits    ; 18 LEs        ; 0 LEs                ; 18 LEs                 ; Yes        ; |DE1_SOC_golden_top|coprocessador:C0|banco_registradores:u_regs|sprite_x[10][8]                      ;
; 3:1                ; 9 bits    ; 18 LEs        ; 0 LEs                ; 18 LEs                 ; Yes        ; |DE1_SOC_golden_top|coprocessador:C0|banco_registradores:u_regs|sprite_y[10][6]                      ;
; 3:1                ; 9 bits    ; 18 LEs        ; 0 LEs                ; 18 LEs                 ; Yes        ; |DE1_SOC_golden_top|coprocessador:C0|banco_registradores:u_regs|sprite_x[11][0]                      ;
; 3:1                ; 9 bits    ; 18 LEs        ; 0 LEs                ; 18 LEs                 ; Yes        ; |DE1_SOC_golden_top|coprocessador:C0|banco_registradores:u_regs|sprite_y[11][7]                      ;
; 3:1                ; 9 bits    ; 18 LEs        ; 0 LEs                ; 18 LEs                 ; Yes        ; |DE1_SOC_golden_top|coprocessador:C0|banco_registradores:u_regs|sprite_x[12][2]                      ;
; 3:1                ; 9 bits    ; 18 LEs        ; 0 LEs                ; 18 LEs                 ; Yes        ; |DE1_SOC_golden_top|coprocessador:C0|banco_registradores:u_regs|sprite_y[12][8]                      ;
; 3:1                ; 9 bits    ; 18 LEs        ; 0 LEs                ; 18 LEs                 ; Yes        ; |DE1_SOC_golden_top|coprocessador:C0|banco_registradores:u_regs|sprite_x[13][0]                      ;
; 3:1                ; 9 bits    ; 18 LEs        ; 0 LEs                ; 18 LEs                 ; Yes        ; |DE1_SOC_golden_top|coprocessador:C0|banco_registradores:u_regs|sprite_y[13][5]                      ;
; 3:1                ; 9 bits    ; 18 LEs        ; 0 LEs                ; 18 LEs                 ; Yes        ; |DE1_SOC_golden_top|coprocessador:C0|banco_registradores:u_regs|sprite_x[14][2]                      ;
; 3:1                ; 9 bits    ; 18 LEs        ; 0 LEs                ; 18 LEs                 ; Yes        ; |DE1_SOC_golden_top|coprocessador:C0|banco_registradores:u_regs|sprite_y[14][7]                      ;
; 3:1                ; 9 bits    ; 18 LEs        ; 0 LEs                ; 18 LEs                 ; Yes        ; |DE1_SOC_golden_top|coprocessador:C0|banco_registradores:u_regs|sprite_x[15][4]                      ;
; 3:1                ; 9 bits    ; 18 LEs        ; 0 LEs                ; 18 LEs                 ; Yes        ; |DE1_SOC_golden_top|coprocessador:C0|banco_registradores:u_regs|sprite_y[15][5]                      ;
; 3:1                ; 4 bits    ; 8 LEs         ; 4 LEs                ; 4 LEs                  ; Yes        ; |DE1_SOC_golden_top|coprocessador:C0|banco_registradores:u_regs|sprite_en[16]                        ;
; 3:1                ; 9 bits    ; 18 LEs        ; 0 LEs                ; 18 LEs                 ; Yes        ; |DE1_SOC_golden_top|coprocessador:C0|banco_registradores:u_regs|sprite_x[16][7]                      ;
; 3:1                ; 9 bits    ; 18 LEs        ; 0 LEs                ; 18 LEs                 ; Yes        ; |DE1_SOC_golden_top|coprocessador:C0|banco_registradores:u_regs|sprite_y[16][6]                      ;
; 3:1                ; 4 bits    ; 8 LEs         ; 4 LEs                ; 4 LEs                  ; Yes        ; |DE1_SOC_golden_top|coprocessador:C0|banco_registradores:u_regs|sprite_en[17]                        ;
; 3:1                ; 9 bits    ; 18 LEs        ; 0 LEs                ; 18 LEs                 ; Yes        ; |DE1_SOC_golden_top|coprocessador:C0|banco_registradores:u_regs|sprite_x[17][4]                      ;
; 3:1                ; 9 bits    ; 18 LEs        ; 0 LEs                ; 18 LEs                 ; Yes        ; |DE1_SOC_golden_top|coprocessador:C0|banco_registradores:u_regs|sprite_y[17][3]                      ;
; 3:1                ; 4 bits    ; 8 LEs         ; 4 LEs                ; 4 LEs                  ; Yes        ; |DE1_SOC_golden_top|coprocessador:C0|banco_registradores:u_regs|sprite_pri[18][0]                    ;
; 3:1                ; 4 bits    ; 8 LEs         ; 4 LEs                ; 4 LEs                  ; Yes        ; |DE1_SOC_golden_top|coprocessador:C0|banco_registradores:u_regs|sprite_pri[19][0]                    ;
; 3:1                ; 4 bits    ; 8 LEs         ; 4 LEs                ; 4 LEs                  ; Yes        ; |DE1_SOC_golden_top|coprocessador:C0|banco_registradores:u_regs|sprite_en[20]                        ;
; 3:1                ; 4 bits    ; 8 LEs         ; 4 LEs                ; 4 LEs                  ; Yes        ; |DE1_SOC_golden_top|coprocessador:C0|banco_registradores:u_regs|sprite_en[21]                        ;
; 3:1                ; 4 bits    ; 8 LEs         ; 4 LEs                ; 4 LEs                  ; Yes        ; |DE1_SOC_golden_top|coprocessador:C0|banco_registradores:u_regs|sprite_en[22]                        ;
; 3:1                ; 4 bits    ; 8 LEs         ; 4 LEs                ; 4 LEs                  ; Yes        ; |DE1_SOC_golden_top|coprocessador:C0|banco_registradores:u_regs|sprite_en[23]                        ;
; 3:1                ; 4 bits    ; 8 LEs         ; 4 LEs                ; 4 LEs                  ; Yes        ; |DE1_SOC_golden_top|coprocessador:C0|banco_registradores:u_regs|sprite_en[24]                        ;
; 3:1                ; 4 bits    ; 8 LEs         ; 4 LEs                ; 4 LEs                  ; Yes        ; |DE1_SOC_golden_top|coprocessador:C0|banco_registradores:u_regs|sprite_en[25]                        ;
; 3:1                ; 4 bits    ; 8 LEs         ; 4 LEs                ; 4 LEs                  ; Yes        ; |DE1_SOC_golden_top|coprocessador:C0|banco_registradores:u_regs|sprite_en[26]                        ;
; 3:1                ; 4 bits    ; 8 LEs         ; 4 LEs                ; 4 LEs                  ; Yes        ; |DE1_SOC_golden_top|coprocessador:C0|banco_registradores:u_regs|sprite_en[27]                        ;
; 3:1                ; 4 bits    ; 8 LEs         ; 4 LEs                ; 4 LEs                  ; Yes        ; |DE1_SOC_golden_top|coprocessador:C0|banco_registradores:u_regs|sprite_pri[28][1]                    ;
; 3:1                ; 4 bits    ; 8 LEs         ; 4 LEs                ; 4 LEs                  ; Yes        ; |DE1_SOC_golden_top|coprocessador:C0|banco_registradores:u_regs|sprite_en[29]                        ;
; 3:1                ; 4 bits    ; 8 LEs         ; 4 LEs                ; 4 LEs                  ; Yes        ; |DE1_SOC_golden_top|coprocessador:C0|banco_registradores:u_regs|sprite_pri[30][2]                    ;
; 3:1                ; 4 bits    ; 8 LEs         ; 4 LEs                ; 4 LEs                  ; Yes        ; |DE1_SOC_golden_top|coprocessador:C0|banco_registradores:u_regs|sprite_pri[31][1]                    ;
; 3:1                ; 9 bits    ; 18 LEs        ; 0 LEs                ; 18 LEs                 ; Yes        ; |DE1_SOC_golden_top|coprocessador:C0|banco_registradores:u_regs|sprite_x[18][7]                      ;
; 3:1                ; 9 bits    ; 18 LEs        ; 0 LEs                ; 18 LEs                 ; Yes        ; |DE1_SOC_golden_top|coprocessador:C0|banco_registradores:u_regs|sprite_y[18][5]                      ;
; 3:1                ; 9 bits    ; 18 LEs        ; 0 LEs                ; 18 LEs                 ; Yes        ; |DE1_SOC_golden_top|coprocessador:C0|banco_registradores:u_regs|sprite_x[19][4]                      ;
; 3:1                ; 9 bits    ; 18 LEs        ; 0 LEs                ; 18 LEs                 ; Yes        ; |DE1_SOC_golden_top|coprocessador:C0|banco_registradores:u_regs|sprite_y[19][2]                      ;
; 3:1                ; 9 bits    ; 18 LEs        ; 0 LEs                ; 18 LEs                 ; Yes        ; |DE1_SOC_golden_top|coprocessador:C0|banco_registradores:u_regs|sprite_x[20][8]                      ;
; 3:1                ; 9 bits    ; 18 LEs        ; 0 LEs                ; 18 LEs                 ; Yes        ; |DE1_SOC_golden_top|coprocessador:C0|banco_registradores:u_regs|sprite_y[20][1]                      ;
; 3:1                ; 9 bits    ; 18 LEs        ; 0 LEs                ; 18 LEs                 ; Yes        ; |DE1_SOC_golden_top|coprocessador:C0|banco_registradores:u_regs|sprite_x[21][5]                      ;
; 3:1                ; 9 bits    ; 18 LEs        ; 0 LEs                ; 18 LEs                 ; Yes        ; |DE1_SOC_golden_top|coprocessador:C0|banco_registradores:u_regs|sprite_y[21][3]                      ;
; 3:1                ; 9 bits    ; 18 LEs        ; 0 LEs                ; 18 LEs                 ; Yes        ; |DE1_SOC_golden_top|coprocessador:C0|banco_registradores:u_regs|sprite_x[22][3]                      ;
; 3:1                ; 9 bits    ; 18 LEs        ; 0 LEs                ; 18 LEs                 ; Yes        ; |DE1_SOC_golden_top|coprocessador:C0|banco_registradores:u_regs|sprite_y[22][0]                      ;
; 3:1                ; 9 bits    ; 18 LEs        ; 0 LEs                ; 18 LEs                 ; Yes        ; |DE1_SOC_golden_top|coprocessador:C0|banco_registradores:u_regs|sprite_x[23][5]                      ;
; 3:1                ; 9 bits    ; 18 LEs        ; 0 LEs                ; 18 LEs                 ; Yes        ; |DE1_SOC_golden_top|coprocessador:C0|banco_registradores:u_regs|sprite_y[23][4]                      ;
; 3:1                ; 9 bits    ; 18 LEs        ; 0 LEs                ; 18 LEs                 ; Yes        ; |DE1_SOC_golden_top|coprocessador:C0|banco_registradores:u_regs|sprite_x[24][3]                      ;
; 3:1                ; 9 bits    ; 18 LEs        ; 0 LEs                ; 18 LEs                 ; Yes        ; |DE1_SOC_golden_top|coprocessador:C0|banco_registradores:u_regs|sprite_y[24][8]                      ;
; 3:1                ; 9 bits    ; 18 LEs        ; 0 LEs                ; 18 LEs                 ; Yes        ; |DE1_SOC_golden_top|coprocessador:C0|banco_registradores:u_regs|sprite_x[25][3]                      ;
; 3:1                ; 9 bits    ; 18 LEs        ; 0 LEs                ; 18 LEs                 ; Yes        ; |DE1_SOC_golden_top|coprocessador:C0|banco_registradores:u_regs|sprite_y[25][3]                      ;
; 3:1                ; 9 bits    ; 18 LEs        ; 0 LEs                ; 18 LEs                 ; Yes        ; |DE1_SOC_golden_top|coprocessador:C0|banco_registradores:u_regs|sprite_x[26][6]                      ;
; 3:1                ; 9 bits    ; 18 LEs        ; 0 LEs                ; 18 LEs                 ; Yes        ; |DE1_SOC_golden_top|coprocessador:C0|banco_registradores:u_regs|sprite_y[26][3]                      ;
; 3:1                ; 9 bits    ; 18 LEs        ; 0 LEs                ; 18 LEs                 ; Yes        ; |DE1_SOC_golden_top|coprocessador:C0|banco_registradores:u_regs|sprite_x[27][5]                      ;
; 3:1                ; 9 bits    ; 18 LEs        ; 0 LEs                ; 18 LEs                 ; Yes        ; |DE1_SOC_golden_top|coprocessador:C0|banco_registradores:u_regs|sprite_y[27][7]                      ;
; 3:1                ; 9 bits    ; 18 LEs        ; 0 LEs                ; 18 LEs                 ; Yes        ; |DE1_SOC_golden_top|coprocessador:C0|banco_registradores:u_regs|sprite_x[28][0]                      ;
; 3:1                ; 9 bits    ; 18 LEs        ; 0 LEs                ; 18 LEs                 ; Yes        ; |DE1_SOC_golden_top|coprocessador:C0|banco_registradores:u_regs|sprite_y[28][4]                      ;
; 3:1                ; 9 bits    ; 18 LEs        ; 0 LEs                ; 18 LEs                 ; Yes        ; |DE1_SOC_golden_top|coprocessador:C0|banco_registradores:u_regs|sprite_x[29][3]                      ;
; 3:1                ; 9 bits    ; 18 LEs        ; 0 LEs                ; 18 LEs                 ; Yes        ; |DE1_SOC_golden_top|coprocessador:C0|banco_registradores:u_regs|sprite_y[29][5]                      ;
; 3:1                ; 9 bits    ; 18 LEs        ; 0 LEs                ; 18 LEs                 ; Yes        ; |DE1_SOC_golden_top|coprocessador:C0|banco_registradores:u_regs|sprite_x[30][3]                      ;
; 3:1                ; 9 bits    ; 18 LEs        ; 0 LEs                ; 18 LEs                 ; Yes        ; |DE1_SOC_golden_top|coprocessador:C0|banco_registradores:u_regs|sprite_y[30][8]                      ;
; 3:1                ; 9 bits    ; 18 LEs        ; 0 LEs                ; 18 LEs                 ; Yes        ; |DE1_SOC_golden_top|coprocessador:C0|banco_registradores:u_regs|sprite_x[31][0]                      ;
; 3:1                ; 9 bits    ; 18 LEs        ; 0 LEs                ; 18 LEs                 ; Yes        ; |DE1_SOC_golden_top|coprocessador:C0|banco_registradores:u_regs|sprite_y[31][8]                      ;
; 3:1                ; 5 bits    ; 10 LEs        ; 5 LEs                ; 5 LEs                  ; Yes        ; |DE1_SOC_golden_top|coprocessador:C0|banco_registradores:u_regs|sprite_padrao[0][0]                  ;
; 3:1                ; 5 bits    ; 10 LEs        ; 5 LEs                ; 5 LEs                  ; Yes        ; |DE1_SOC_golden_top|coprocessador:C0|banco_registradores:u_regs|sprite_padrao[1][0]                  ;
; 3:1                ; 5 bits    ; 10 LEs        ; 5 LEs                ; 5 LEs                  ; Yes        ; |DE1_SOC_golden_top|coprocessador:C0|banco_registradores:u_regs|sprite_padrao[2][1]                  ;
; 3:1                ; 5 bits    ; 10 LEs        ; 5 LEs                ; 5 LEs                  ; Yes        ; |DE1_SOC_golden_top|coprocessador:C0|banco_registradores:u_regs|sprite_padrao[3][0]                  ;
; 3:1                ; 5 bits    ; 10 LEs        ; 5 LEs                ; 5 LEs                  ; Yes        ; |DE1_SOC_golden_top|coprocessador:C0|banco_registradores:u_regs|sprite_padrao[4][4]                  ;
; 3:1                ; 5 bits    ; 10 LEs        ; 5 LEs                ; 5 LEs                  ; Yes        ; |DE1_SOC_golden_top|coprocessador:C0|banco_registradores:u_regs|sprite_padrao[5][3]                  ;
; 3:1                ; 5 bits    ; 10 LEs        ; 5 LEs                ; 5 LEs                  ; Yes        ; |DE1_SOC_golden_top|coprocessador:C0|banco_registradores:u_regs|sprite_padrao[6][4]                  ;
; 3:1                ; 5 bits    ; 10 LEs        ; 5 LEs                ; 5 LEs                  ; Yes        ; |DE1_SOC_golden_top|coprocessador:C0|banco_registradores:u_regs|sprite_padrao[7][2]                  ;
; 3:1                ; 5 bits    ; 10 LEs        ; 5 LEs                ; 5 LEs                  ; Yes        ; |DE1_SOC_golden_top|coprocessador:C0|banco_registradores:u_regs|sprite_padrao[8][4]                  ;
; 3:1                ; 5 bits    ; 10 LEs        ; 5 LEs                ; 5 LEs                  ; Yes        ; |DE1_SOC_golden_top|coprocessador:C0|banco_registradores:u_regs|sprite_padrao[9][0]                  ;
; 3:1                ; 5 bits    ; 10 LEs        ; 5 LEs                ; 5 LEs                  ; Yes        ; |DE1_SOC_golden_top|coprocessador:C0|banco_registradores:u_regs|sprite_padrao[10][4]                 ;
; 3:1                ; 5 bits    ; 10 LEs        ; 5 LEs                ; 5 LEs                  ; Yes        ; |DE1_SOC_golden_top|coprocessador:C0|banco_registradores:u_regs|sprite_padrao[11][4]                 ;
; 3:1                ; 5 bits    ; 10 LEs        ; 5 LEs                ; 5 LEs                  ; Yes        ; |DE1_SOC_golden_top|coprocessador:C0|banco_registradores:u_regs|sprite_padrao[12][4]                 ;
; 3:1                ; 5 bits    ; 10 LEs        ; 5 LEs                ; 5 LEs                  ; Yes        ; |DE1_SOC_golden_top|coprocessador:C0|banco_registradores:u_regs|sprite_padrao[13][4]                 ;
; 3:1                ; 5 bits    ; 10 LEs        ; 5 LEs                ; 5 LEs                  ; Yes        ; |DE1_SOC_golden_top|coprocessador:C0|banco_registradores:u_regs|sprite_padrao[14][2]                 ;
; 3:1                ; 5 bits    ; 10 LEs        ; 5 LEs                ; 5 LEs                  ; Yes        ; |DE1_SOC_golden_top|coprocessador:C0|banco_registradores:u_regs|sprite_padrao[15][4]                 ;
; 3:1                ; 5 bits    ; 10 LEs        ; 5 LEs                ; 5 LEs                  ; Yes        ; |DE1_SOC_golden_top|coprocessador:C0|banco_registradores:u_regs|sprite_padrao[16][3]                 ;
; 3:1                ; 5 bits    ; 10 LEs        ; 5 LEs                ; 5 LEs                  ; Yes        ; |DE1_SOC_golden_top|coprocessador:C0|banco_registradores:u_regs|sprite_padrao[17][1]                 ;
; 3:1                ; 5 bits    ; 10 LEs        ; 5 LEs                ; 5 LEs                  ; Yes        ; |DE1_SOC_golden_top|coprocessador:C0|banco_registradores:u_regs|sprite_padrao[18][3]                 ;
; 3:1                ; 5 bits    ; 10 LEs        ; 5 LEs                ; 5 LEs                  ; Yes        ; |DE1_SOC_golden_top|coprocessador:C0|banco_registradores:u_regs|sprite_padrao[19][3]                 ;
; 3:1                ; 5 bits    ; 10 LEs        ; 5 LEs                ; 5 LEs                  ; Yes        ; |DE1_SOC_golden_top|coprocessador:C0|banco_registradores:u_regs|sprite_padrao[20][3]                 ;
; 3:1                ; 5 bits    ; 10 LEs        ; 5 LEs                ; 5 LEs                  ; Yes        ; |DE1_SOC_golden_top|coprocessador:C0|banco_registradores:u_regs|sprite_padrao[21][4]                 ;
; 3:1                ; 5 bits    ; 10 LEs        ; 5 LEs                ; 5 LEs                  ; Yes        ; |DE1_SOC_golden_top|coprocessador:C0|banco_registradores:u_regs|sprite_padrao[22][1]                 ;
; 3:1                ; 5 bits    ; 10 LEs        ; 5 LEs                ; 5 LEs                  ; Yes        ; |DE1_SOC_golden_top|coprocessador:C0|banco_registradores:u_regs|sprite_padrao[23][4]                 ;
; 3:1                ; 5 bits    ; 10 LEs        ; 5 LEs                ; 5 LEs                  ; Yes        ; |DE1_SOC_golden_top|coprocessador:C0|banco_registradores:u_regs|sprite_padrao[24][4]                 ;
; 3:1                ; 5 bits    ; 10 LEs        ; 5 LEs                ; 5 LEs                  ; Yes        ; |DE1_SOC_golden_top|coprocessador:C0|banco_registradores:u_regs|sprite_padrao[25][1]                 ;
; 3:1                ; 5 bits    ; 10 LEs        ; 5 LEs                ; 5 LEs                  ; Yes        ; |DE1_SOC_golden_top|coprocessador:C0|banco_registradores:u_regs|sprite_padrao[26][1]                 ;
; 3:1                ; 5 bits    ; 10 LEs        ; 5 LEs                ; 5 LEs                  ; Yes        ; |DE1_SOC_golden_top|coprocessador:C0|banco_registradores:u_regs|sprite_padrao[27][0]                 ;
; 3:1                ; 5 bits    ; 10 LEs        ; 5 LEs                ; 5 LEs                  ; Yes        ; |DE1_SOC_golden_top|coprocessador:C0|banco_registradores:u_regs|sprite_padrao[28][2]                 ;
; 3:1                ; 5 bits    ; 10 LEs        ; 5 LEs                ; 5 LEs                  ; Yes        ; |DE1_SOC_golden_top|coprocessador:C0|banco_registradores:u_regs|sprite_padrao[29][1]                 ;
; 3:1                ; 5 bits    ; 10 LEs        ; 5 LEs                ; 5 LEs                  ; Yes        ; |DE1_SOC_golden_top|coprocessador:C0|banco_registradores:u_regs|sprite_padrao[30][4]                 ;
; 3:1                ; 5 bits    ; 10 LEs        ; 5 LEs                ; 5 LEs                  ; Yes        ; |DE1_SOC_golden_top|coprocessador:C0|banco_registradores:u_regs|sprite_padrao[31][4]                 ;
; 3:1                ; 5 bits    ; 10 LEs        ; 5 LEs                ; 5 LEs                  ; Yes        ; |DE1_SOC_golden_top|coprocessador:C0|banco_registradores:u_regs|sprite_sel[4]                        ;
; 3:1                ; 8 bits    ; 16 LEs        ; 0 LEs                ; 16 LEs                 ; Yes        ; |DE1_SOC_golden_top|coprocessador:C0|banco_registradores:u_regs|bg_scroll_x[7]                       ;
; 3:1                ; 8 bits    ; 16 LEs        ; 0 LEs                ; 16 LEs                 ; Yes        ; |DE1_SOC_golden_top|coprocessador:C0|banco_registradores:u_regs|bg_scroll_y[0]                       ;
; 4:1                ; 5 bits    ; 10 LEs        ; 10 LEs               ; 0 LEs                  ; Yes        ; |DE1_SOC_golden_top|coprocessador:C0|porta_estimulo:u_estimulo|sprite_cursor[3]                      ;
; 4:1                ; 3 bits    ; 6 LEs         ; 6 LEs                ; 0 LEs                  ; Yes        ; |DE1_SOC_golden_top|coprocessador:C0|porta_estimulo:u_estimulo|poly_tipo_cursor[1]                   ;
; 4:1                ; 10 bits   ; 20 LEs        ; 0 LEs                ; 20 LEs                 ; Yes        ; |DE1_SOC_golden_top|coprocessador:C0|vc[4]                                                           ;
; 4:1                ; 16 bits   ; 32 LEs        ; 0 LEs                ; 32 LEs                 ; Yes        ; |DE1_SOC_golden_top|coprocessador:C0|debounce_edge:u_db1|contador[15]                                ;
; 4:1                ; 16 bits   ; 32 LEs        ; 0 LEs                ; 32 LEs                 ; Yes        ; |DE1_SOC_golden_top|coprocessador:C0|debounce_edge:u_db0|contador[5]                                 ;
; 4:1                ; 16 bits   ; 32 LEs        ; 0 LEs                ; 32 LEs                 ; Yes        ; |DE1_SOC_golden_top|coprocessador:C0|debounce_edge:u_db2|contador[0]                                 ;
; 4:1                ; 2 bits    ; 4 LEs         ; 4 LEs                ; 0 LEs                  ; Yes        ; |DE1_SOC_golden_top|coprocessador:C0|banco_registradores:u_regs|endereco_invalido                    ;
; 5:1                ; 20 bits   ; 60 LEs        ; 0 LEs                ; 60 LEs                 ; Yes        ; |DE1_SOC_golden_top|coprocessador:C0|porta_estimulo:u_estimulo|mov_continuo:u_move_sprite|timer[1]   ;
; 5:1                ; 20 bits   ; 60 LEs        ; 0 LEs                ; 60 LEs                 ; Yes        ; |DE1_SOC_golden_top|coprocessador:C0|porta_estimulo:u_estimulo|mov_continuo:u_scroll_bg|timer[14]    ;
; 32:1               ; 5 bits    ; 105 LEs       ; 105 LEs              ; 0 LEs                  ; Yes        ; |DE1_SOC_golden_top|coprocessador:C0|motor_sprites:u_motor_sprites|padrao_addr_sprite[8]             ;
; 7:1                ; 8 bits    ; 32 LEs        ; 16 LEs               ; 16 LEs                 ; Yes        ; |DE1_SOC_golden_top|coprocessador:C0|vga_driver:u_vga|red_reg[6]                                     ;
; 6:1                ; 4 bits    ; 16 LEs        ; 8 LEs                ; 8 LEs                  ; Yes        ; |DE1_SOC_golden_top|coprocessador:C0|porta_estimulo:u_estimulo|mov_continuo:u_move_sprite|x_local[7] ;
; 6:1                ; 5 bits    ; 20 LEs        ; 10 LEs               ; 10 LEs                 ; Yes        ; |DE1_SOC_golden_top|coprocessador:C0|porta_estimulo:u_estimulo|mov_continuo:u_move_sprite|x_local[8] ;
; 6:1                ; 8 bits    ; 32 LEs        ; 8 LEs                ; 24 LEs                 ; Yes        ; |DE1_SOC_golden_top|coprocessador:C0|porta_estimulo:u_estimulo|mov_continuo:u_scroll_bg|x_local[0]   ;
; 6:1                ; 3 bits    ; 12 LEs        ; 6 LEs                ; 6 LEs                  ; Yes        ; |DE1_SOC_golden_top|coprocessador:C0|porta_estimulo:u_estimulo|mov_continuo:u_move_sprite|y_local[2] ;
; 6:1                ; 6 bits    ; 24 LEs        ; 12 LEs               ; 12 LEs                 ; Yes        ; |DE1_SOC_golden_top|coprocessador:C0|porta_estimulo:u_estimulo|mov_continuo:u_move_sprite|y_local[0] ;
; 6:1                ; 8 bits    ; 32 LEs        ; 8 LEs                ; 24 LEs                 ; Yes        ; |DE1_SOC_golden_top|coprocessador:C0|porta_estimulo:u_estimulo|mov_continuo:u_scroll_bg|y_local[7]   ;
; 6:1                ; 5 bits    ; 20 LEs        ; 10 LEs               ; 10 LEs                 ; Yes        ; |DE1_SOC_golden_top|coprocessador:C0|porta_estimulo:u_estimulo|spr_lat[4]                            ;
; 10:1               ; 10 bits   ; 60 LEs        ; 0 LEs                ; 60 LEs                 ; Yes        ; |DE1_SOC_golden_top|coprocessador:C0|vga_driver:u_vga|v_counter[0]                                   ;
; 10:1               ; 10 bits   ; 60 LEs        ; 0 LEs                ; 60 LEs                 ; Yes        ; |DE1_SOC_golden_top|coprocessador:C0|vga_driver:u_vga|h_counter[3]                                   ;
; 9:1                ; 5 bits    ; 30 LEs        ; 20 LEs               ; 10 LEs                 ; Yes        ; |DE1_SOC_golden_top|coprocessador:C0|porta_estimulo:u_estimulo|passo_max[0]                          ;
; 8:1                ; 9 bits    ; 45 LEs        ; 18 LEs               ; 27 LEs                 ; Yes        ; |DE1_SOC_golden_top|coprocessador:C0|porta_estimulo:u_estimulo|mov_continuo:u_move_sprite|dado[4]    ;
; 8:1                ; 9 bits    ; 45 LEs        ; 18 LEs               ; 27 LEs                 ; Yes        ; |DE1_SOC_golden_top|coprocessador:C0|porta_estimulo:u_estimulo|mov_continuo:u_scroll_bg|dado[1]      ;
; 11:1               ; 6 bits    ; 42 LEs        ; 24 LEs               ; 18 LEs                 ; Yes        ; |DE1_SOC_golden_top|coprocessador:C0|porta_estimulo:u_estimulo|passo[0]                              ;
; 260:1              ; 2 bits    ; 346 LEs       ; 4 LEs                ; 342 LEs                ; Yes        ; |DE1_SOC_golden_top|coprocessador:C0|banco_registradores:u_regs|sprite_flipv[31]                     ;
; 260:1              ; 2 bits    ; 346 LEs       ; 4 LEs                ; 342 LEs                ; Yes        ; |DE1_SOC_golden_top|coprocessador:C0|banco_registradores:u_regs|sprite_fliph[30]                     ;
; 260:1              ; 2 bits    ; 346 LEs       ; 4 LEs                ; 342 LEs                ; Yes        ; |DE1_SOC_golden_top|coprocessador:C0|banco_registradores:u_regs|sprite_flipv[29]                     ;
; 260:1              ; 2 bits    ; 346 LEs       ; 4 LEs                ; 342 LEs                ; Yes        ; |DE1_SOC_golden_top|coprocessador:C0|banco_registradores:u_regs|sprite_fliph[28]                     ;
; 260:1              ; 2 bits    ; 346 LEs       ; 4 LEs                ; 342 LEs                ; Yes        ; |DE1_SOC_golden_top|coprocessador:C0|banco_registradores:u_regs|sprite_flipv[27]                     ;
; 260:1              ; 2 bits    ; 346 LEs       ; 4 LEs                ; 342 LEs                ; Yes        ; |DE1_SOC_golden_top|coprocessador:C0|banco_registradores:u_regs|sprite_fliph[26]                     ;
; 260:1              ; 2 bits    ; 346 LEs       ; 4 LEs                ; 342 LEs                ; Yes        ; |DE1_SOC_golden_top|coprocessador:C0|banco_registradores:u_regs|sprite_flipv[25]                     ;
; 260:1              ; 2 bits    ; 346 LEs       ; 4 LEs                ; 342 LEs                ; Yes        ; |DE1_SOC_golden_top|coprocessador:C0|banco_registradores:u_regs|sprite_fliph[24]                     ;
; 260:1              ; 2 bits    ; 346 LEs       ; 4 LEs                ; 342 LEs                ; Yes        ; |DE1_SOC_golden_top|coprocessador:C0|banco_registradores:u_regs|sprite_flipv[23]                     ;
; 260:1              ; 2 bits    ; 346 LEs       ; 4 LEs                ; 342 LEs                ; Yes        ; |DE1_SOC_golden_top|coprocessador:C0|banco_registradores:u_regs|sprite_fliph[22]                     ;
; 260:1              ; 2 bits    ; 346 LEs       ; 4 LEs                ; 342 LEs                ; Yes        ; |DE1_SOC_golden_top|coprocessador:C0|banco_registradores:u_regs|sprite_fliph[21]                     ;
; 260:1              ; 2 bits    ; 346 LEs       ; 4 LEs                ; 342 LEs                ; Yes        ; |DE1_SOC_golden_top|coprocessador:C0|banco_registradores:u_regs|sprite_fliph[20]                     ;
; 260:1              ; 2 bits    ; 346 LEs       ; 4 LEs                ; 342 LEs                ; Yes        ; |DE1_SOC_golden_top|coprocessador:C0|banco_registradores:u_regs|sprite_flipv[19]                     ;
; 260:1              ; 2 bits    ; 346 LEs       ; 4 LEs                ; 342 LEs                ; Yes        ; |DE1_SOC_golden_top|coprocessador:C0|banco_registradores:u_regs|sprite_flipv[18]                     ;
; 260:1              ; 2 bits    ; 346 LEs       ; 4 LEs                ; 342 LEs                ; Yes        ; |DE1_SOC_golden_top|coprocessador:C0|banco_registradores:u_regs|sprite_flipv[17]                     ;
; 260:1              ; 2 bits    ; 346 LEs       ; 4 LEs                ; 342 LEs                ; Yes        ; |DE1_SOC_golden_top|coprocessador:C0|banco_registradores:u_regs|sprite_flipv[16]                     ;
; 260:1              ; 2 bits    ; 346 LEs       ; 4 LEs                ; 342 LEs                ; Yes        ; |DE1_SOC_golden_top|coprocessador:C0|banco_registradores:u_regs|sprite_flipv[15]                     ;
; 260:1              ; 2 bits    ; 346 LEs       ; 4 LEs                ; 342 LEs                ; Yes        ; |DE1_SOC_golden_top|coprocessador:C0|banco_registradores:u_regs|sprite_flipv[14]                     ;
; 260:1              ; 2 bits    ; 346 LEs       ; 4 LEs                ; 342 LEs                ; Yes        ; |DE1_SOC_golden_top|coprocessador:C0|banco_registradores:u_regs|sprite_flipv[13]                     ;
; 260:1              ; 2 bits    ; 346 LEs       ; 4 LEs                ; 342 LEs                ; Yes        ; |DE1_SOC_golden_top|coprocessador:C0|banco_registradores:u_regs|sprite_flipv[12]                     ;
; 260:1              ; 2 bits    ; 346 LEs       ; 4 LEs                ; 342 LEs                ; Yes        ; |DE1_SOC_golden_top|coprocessador:C0|banco_registradores:u_regs|sprite_fliph[11]                     ;
; 260:1              ; 2 bits    ; 346 LEs       ; 4 LEs                ; 342 LEs                ; Yes        ; |DE1_SOC_golden_top|coprocessador:C0|banco_registradores:u_regs|sprite_flipv[10]                     ;
; 260:1              ; 2 bits    ; 346 LEs       ; 4 LEs                ; 342 LEs                ; Yes        ; |DE1_SOC_golden_top|coprocessador:C0|banco_registradores:u_regs|sprite_flipv[9]                      ;
; 260:1              ; 2 bits    ; 346 LEs       ; 4 LEs                ; 342 LEs                ; Yes        ; |DE1_SOC_golden_top|coprocessador:C0|banco_registradores:u_regs|sprite_fliph[8]                      ;
; 260:1              ; 2 bits    ; 346 LEs       ; 4 LEs                ; 342 LEs                ; Yes        ; |DE1_SOC_golden_top|coprocessador:C0|banco_registradores:u_regs|sprite_flipv[7]                      ;
; 260:1              ; 2 bits    ; 346 LEs       ; 4 LEs                ; 342 LEs                ; Yes        ; |DE1_SOC_golden_top|coprocessador:C0|banco_registradores:u_regs|sprite_flipv[6]                      ;
; 260:1              ; 2 bits    ; 346 LEs       ; 4 LEs                ; 342 LEs                ; Yes        ; |DE1_SOC_golden_top|coprocessador:C0|banco_registradores:u_regs|sprite_flipv[5]                      ;
; 260:1              ; 2 bits    ; 346 LEs       ; 4 LEs                ; 342 LEs                ; Yes        ; |DE1_SOC_golden_top|coprocessador:C0|banco_registradores:u_regs|sprite_fliph[4]                      ;
; 260:1              ; 2 bits    ; 346 LEs       ; 4 LEs                ; 342 LEs                ; Yes        ; |DE1_SOC_golden_top|coprocessador:C0|banco_registradores:u_regs|sprite_fliph[3]                      ;
; 260:1              ; 2 bits    ; 346 LEs       ; 4 LEs                ; 342 LEs                ; Yes        ; |DE1_SOC_golden_top|coprocessador:C0|banco_registradores:u_regs|sprite_fliph[2]                      ;
; 260:1              ; 2 bits    ; 346 LEs       ; 4 LEs                ; 342 LEs                ; Yes        ; |DE1_SOC_golden_top|coprocessador:C0|banco_registradores:u_regs|sprite_fliph[1]                      ;
; 260:1              ; 2 bits    ; 346 LEs       ; 4 LEs                ; 342 LEs                ; Yes        ; |DE1_SOC_golden_top|coprocessador:C0|banco_registradores:u_regs|sprite_fliph[0]                      ;
; 40:1               ; 2 bits    ; 52 LEs        ; 22 LEs               ; 30 LEs                 ; Yes        ; |DE1_SOC_golden_top|coprocessador:C0|porta_estimulo:u_estimulo|dado_seq[5]                           ;
; 3:1                ; 5 bits    ; 10 LEs        ; 10 LEs               ; 0 LEs                  ; No         ; |DE1_SOC_golden_top|coprocessador:C0|porta_estimulo:u_estimulo|spr_show[3]                           ;
; 3:1                ; 10 bits   ; 20 LEs        ; 20 LEs               ; 0 LEs                  ; No         ; |DE1_SOC_golden_top|coprocessador:C0|porta_estimulo:u_estimulo|dado[4]                               ;
; 4:1                ; 8 bits    ; 16 LEs        ; 16 LEs               ; 0 LEs                  ; No         ; |DE1_SOC_golden_top|coprocessador:C0|rasterizador_multi:u_rasterizador|Mux5                          ;
; 4:1                ; 3 bits    ; 6 LEs         ; 6 LEs                ; 0 LEs                  ; No         ; |DE1_SOC_golden_top|coprocessador:C0|motor_sprites:u_motor_sprites|Mux0                              ;
; 4:1                ; 3 bits    ; 6 LEs         ; 6 LEs                ; 0 LEs                  ; No         ; |DE1_SOC_golden_top|coprocessador:C0|motor_sprites:u_motor_sprites|Mux3                              ;
; 3:1                ; 9 bits    ; 18 LEs        ; 18 LEs               ; 0 LEs                  ; No         ; |DE1_SOC_golden_top|coprocessador:C0|logico_x_poly[8]                                                ;
; 3:1                ; 9 bits    ; 18 LEs        ; 18 LEs               ; 0 LEs                  ; No         ; |DE1_SOC_golden_top|coprocessador:C0|logico_y_poly[1]                                                ;
; 3:1                ; 6 bits    ; 12 LEs        ; 12 LEs               ; 0 LEs                  ; No         ; |DE1_SOC_golden_top|coprocessador:C0|logico_x_spr[5]                                                 ;
; 3:1                ; 4 bits    ; 8 LEs         ; 8 LEs                ; 0 LEs                  ; No         ; |DE1_SOC_golden_top|coprocessador:C0|logico_y_spr[3]                                                 ;
; 3:1                ; 6 bits    ; 12 LEs        ; 12 LEs               ; 0 LEs                  ; No         ; |DE1_SOC_golden_top|coprocessador:C0|logico_x_bg[3]                                                  ;
; 3:1                ; 4 bits    ; 8 LEs         ; 8 LEs                ; 0 LEs                  ; No         ; |DE1_SOC_golden_top|coprocessador:C0|logico_y_bg[0]                                                  ;
; 8:1                ; 3 bits    ; 15 LEs        ; 15 LEs               ; 0 LEs                  ; No         ; |DE1_SOC_golden_top|coprocessador:C0|motor_sprites:u_motor_sprites|Mux8                              ;
; 8:1                ; 3 bits    ; 15 LEs        ; 15 LEs               ; 0 LEs                  ; No         ; |DE1_SOC_golden_top|coprocessador:C0|motor_sprites:u_motor_sprites|Mux11                             ;
; 8:1                ; 3 bits    ; 15 LEs        ; 15 LEs               ; 0 LEs                  ; No         ; |DE1_SOC_golden_top|coprocessador:C0|motor_sprites:u_motor_sprites|Mux12                             ;
; 8:1                ; 3 bits    ; 15 LEs        ; 15 LEs               ; 0 LEs                  ; No         ; |DE1_SOC_golden_top|coprocessador:C0|motor_sprites:u_motor_sprites|Mux15                             ;
; 16:1               ; 3 bits    ; 30 LEs        ; 30 LEs               ; 0 LEs                  ; No         ; |DE1_SOC_golden_top|coprocessador:C0|motor_sprites:u_motor_sprites|Mux18                             ;
; 16:1               ; 3 bits    ; 30 LEs        ; 30 LEs               ; 0 LEs                  ; No         ; |DE1_SOC_golden_top|coprocessador:C0|motor_sprites:u_motor_sprites|Mux23                             ;
; 16:1               ; 3 bits    ; 30 LEs        ; 30 LEs               ; 0 LEs                  ; No         ; |DE1_SOC_golden_top|coprocessador:C0|motor_sprites:u_motor_sprites|Mux26                             ;
; 16:1               ; 3 bits    ; 30 LEs        ; 30 LEs               ; 0 LEs                  ; No         ; |DE1_SOC_golden_top|coprocessador:C0|motor_sprites:u_motor_sprites|Mux28                             ;
; 16:1               ; 3 bits    ; 30 LEs        ; 30 LEs               ; 0 LEs                  ; No         ; |DE1_SOC_golden_top|coprocessador:C0|motor_sprites:u_motor_sprites|Mux31                             ;
; 16:1               ; 3 bits    ; 30 LEs        ; 30 LEs               ; 0 LEs                  ; No         ; |DE1_SOC_golden_top|coprocessador:C0|motor_sprites:u_motor_sprites|Mux35                             ;
; 16:1               ; 3 bits    ; 30 LEs        ; 30 LEs               ; 0 LEs                  ; No         ; |DE1_SOC_golden_top|coprocessador:C0|motor_sprites:u_motor_sprites|Mux38                             ;
; 16:1               ; 3 bits    ; 30 LEs        ; 30 LEs               ; 0 LEs                  ; No         ; |DE1_SOC_golden_top|coprocessador:C0|motor_sprites:u_motor_sprites|Mux41                             ;
; 10:1               ; 3 bits    ; 18 LEs        ; 18 LEs               ; 0 LEs                  ; No         ; |DE1_SOC_golden_top|coprocessador:C0|porta_estimulo:u_estimulo|HEX4[3]                               ;
; 32:1               ; 3 bits    ; 63 LEs        ; 63 LEs               ; 0 LEs                  ; No         ; |DE1_SOC_golden_top|coprocessador:C0|motor_sprites:u_motor_sprites|Mux44                             ;
; 32:1               ; 3 bits    ; 63 LEs        ; 63 LEs               ; 0 LEs                  ; No         ; |DE1_SOC_golden_top|coprocessador:C0|motor_sprites:u_motor_sprites|Mux47                             ;
; 32:1               ; 3 bits    ; 63 LEs        ; 63 LEs               ; 0 LEs                  ; No         ; |DE1_SOC_golden_top|coprocessador:C0|motor_sprites:u_motor_sprites|Mux48                             ;
; 32:1               ; 3 bits    ; 63 LEs        ; 63 LEs               ; 0 LEs                  ; No         ; |DE1_SOC_golden_top|coprocessador:C0|motor_sprites:u_motor_sprites|Mux53                             ;
; 32:1               ; 3 bits    ; 63 LEs        ; 63 LEs               ; 0 LEs                  ; No         ; |DE1_SOC_golden_top|coprocessador:C0|motor_sprites:u_motor_sprites|Mux55                             ;
; 32:1               ; 3 bits    ; 63 LEs        ; 63 LEs               ; 0 LEs                  ; No         ; |DE1_SOC_golden_top|coprocessador:C0|motor_sprites:u_motor_sprites|Mux57                             ;
; 32:1               ; 3 bits    ; 63 LEs        ; 63 LEs               ; 0 LEs                  ; No         ; |DE1_SOC_golden_top|coprocessador:C0|motor_sprites:u_motor_sprites|Mux61                             ;
; 32:1               ; 3 bits    ; 63 LEs        ; 63 LEs               ; 0 LEs                  ; No         ; |DE1_SOC_golden_top|coprocessador:C0|motor_sprites:u_motor_sprites|Mux64                             ;
; 32:1               ; 3 bits    ; 63 LEs        ; 63 LEs               ; 0 LEs                  ; No         ; |DE1_SOC_golden_top|coprocessador:C0|motor_sprites:u_motor_sprites|Mux66                             ;
; 32:1               ; 3 bits    ; 63 LEs        ; 63 LEs               ; 0 LEs                  ; No         ; |DE1_SOC_golden_top|coprocessador:C0|motor_sprites:u_motor_sprites|Mux70                             ;
; 32:1               ; 3 bits    ; 63 LEs        ; 63 LEs               ; 0 LEs                  ; No         ; |DE1_SOC_golden_top|coprocessador:C0|motor_sprites:u_motor_sprites|Mux74                             ;
; 32:1               ; 3 bits    ; 63 LEs        ; 63 LEs               ; 0 LEs                  ; No         ; |DE1_SOC_golden_top|coprocessador:C0|motor_sprites:u_motor_sprites|Mux77                             ;
; 32:1               ; 3 bits    ; 63 LEs        ; 63 LEs               ; 0 LEs                  ; No         ; |DE1_SOC_golden_top|coprocessador:C0|motor_sprites:u_motor_sprites|Mux78                             ;
; 32:1               ; 3 bits    ; 63 LEs        ; 63 LEs               ; 0 LEs                  ; No         ; |DE1_SOC_golden_top|coprocessador:C0|motor_sprites:u_motor_sprites|Mux82                             ;
; 32:1               ; 3 bits    ; 63 LEs        ; 63 LEs               ; 0 LEs                  ; No         ; |DE1_SOC_golden_top|coprocessador:C0|motor_sprites:u_motor_sprites|Mux86                             ;
; 32:1               ; 10 bits   ; 210 LEs       ; 210 LEs              ; 0 LEs                  ; No         ; |DE1_SOC_golden_top|coprocessador:C0|motor_sprites:u_motor_sprites|Mux92                             ;
; 11:1               ; 2 bits    ; 14 LEs        ; 12 LEs               ; 2 LEs                  ; No         ; |DE1_SOC_golden_top|coprocessador:C0|porta_estimulo:u_estimulo|HEX4[4]                               ;
; 12:1               ; 2 bits    ; 16 LEs        ; 10 LEs               ; 6 LEs                  ; No         ; |DE1_SOC_golden_top|coprocessador:C0|porta_estimulo:u_estimulo|estado                                ;
+--------------------+-----------+---------------+----------------------+------------------------+------------+------------------------------------------------------------------------------------------------------+


+-------------------------------------------------------------------------------------------------------------------------+
; Source assignments for coprocessador:C0|ram_tilemap:ramA|altsyncram:altsyncram_component|altsyncram_j422:auto_generated ;
+---------------------------------+--------------------+------+-----------------------------------------------------------+
; Assignment                      ; Value              ; From ; To                                                        ;
+---------------------------------+--------------------+------+-----------------------------------------------------------+
; OPTIMIZE_POWER_DURING_SYNTHESIS ; NORMAL_COMPILATION ; -    ; -                                                         ;
+---------------------------------+--------------------+------+-----------------------------------------------------------+


+--------------------------------------------------------------------------------------------------------------------------+
; Source assignments for coprocessador:C0|ram_tilemapB:ramB|altsyncram:altsyncram_component|altsyncram_k422:auto_generated ;
+---------------------------------+--------------------+------+------------------------------------------------------------+
; Assignment                      ; Value              ; From ; To                                                         ;
+---------------------------------+--------------------+------+------------------------------------------------------------+
; OPTIMIZE_POWER_DURING_SYNTHESIS ; NORMAL_COMPILATION ; -    ; -                                                          ;
+---------------------------------+--------------------+------+------------------------------------------------------------+


+-------------------------------------------------------------------------------------------------------------------------+
; Source assignments for coprocessador:C0|ram_sprites:rspt|altsyncram:altsyncram_component|altsyncram_kt22:auto_generated ;
+---------------------------------+--------------------+------+-----------------------------------------------------------+
; Assignment                      ; Value              ; From ; To                                                        ;
+---------------------------------+--------------------+------+-----------------------------------------------------------+
; OPTIMIZE_POWER_DURING_SYNTHESIS ; NORMAL_COMPILATION ; -    ; -                                                         ;
+---------------------------------+--------------------+------+-----------------------------------------------------------+


+-------------------------------------------------------------------------------------------------------------------------------+
; Source assignments for coprocessador:C0|ram_padrao_tiles:ramtp|altsyncram:altsyncram_component|altsyncram_bm22:auto_generated ;
+---------------------------------+--------------------+------+-----------------------------------------------------------------+
; Assignment                      ; Value              ; From ; To                                                              ;
+---------------------------------+--------------------+------+-----------------------------------------------------------------+
; OPTIMIZE_POWER_DURING_SYNTHESIS ; NORMAL_COMPILATION ; -    ; -                                                               ;
+---------------------------------+--------------------+------+-----------------------------------------------------------------+


+-------------------------------------------------------------------------------------------------------------------------------+
; Parameter Settings for User Entity Instance: coprocessador:C0|meu_pll:u_pll|meu_pll_0002:meu_pll_inst|altera_pll:altera_pll_i ;
+--------------------------------------+------------------------+---------------------------------------------------------------+
; Parameter Name                       ; Value                  ; Type                                                          ;
+--------------------------------------+------------------------+---------------------------------------------------------------+
; reference_clock_frequency            ; 50.0 MHz               ; String                                                        ;
; fractional_vco_multiplier            ; false                  ; String                                                        ;
; pll_type                             ; General                ; String                                                        ;
; pll_subtype                          ; General                ; String                                                        ;
; number_of_clocks                     ; 1                      ; Signed Integer                                                ;
; operation_mode                       ; direct                 ; String                                                        ;
; deserialization_factor               ; 4                      ; Signed Integer                                                ;
; data_rate                            ; 0                      ; Signed Integer                                                ;
; sim_additional_refclk_cycles_to_lock ; 0                      ; Signed Integer                                                ;
; output_clock_frequency0              ; 25.000000 MHz          ; String                                                        ;
; phase_shift0                         ; 0 ps                   ; String                                                        ;
; duty_cycle0                          ; 50                     ; Signed Integer                                                ;
; output_clock_frequency1              ; 0 MHz                  ; String                                                        ;
; phase_shift1                         ; 0 ps                   ; String                                                        ;
; duty_cycle1                          ; 50                     ; Signed Integer                                                ;
; output_clock_frequency2              ; 0 MHz                  ; String                                                        ;
; phase_shift2                         ; 0 ps                   ; String                                                        ;
; duty_cycle2                          ; 50                     ; Signed Integer                                                ;
; output_clock_frequency3              ; 0 MHz                  ; String                                                        ;
; phase_shift3                         ; 0 ps                   ; String                                                        ;
; duty_cycle3                          ; 50                     ; Signed Integer                                                ;
; output_clock_frequency4              ; 0 MHz                  ; String                                                        ;
; phase_shift4                         ; 0 ps                   ; String                                                        ;
; duty_cycle4                          ; 50                     ; Signed Integer                                                ;
; output_clock_frequency5              ; 0 MHz                  ; String                                                        ;
; phase_shift5                         ; 0 ps                   ; String                                                        ;
; duty_cycle5                          ; 50                     ; Signed Integer                                                ;
; output_clock_frequency6              ; 0 MHz                  ; String                                                        ;
; phase_shift6                         ; 0 ps                   ; String                                                        ;
; duty_cycle6                          ; 50                     ; Signed Integer                                                ;
; output_clock_frequency7              ; 0 MHz                  ; String                                                        ;
; phase_shift7                         ; 0 ps                   ; String                                                        ;
; duty_cycle7                          ; 50                     ; Signed Integer                                                ;
; output_clock_frequency8              ; 0 MHz                  ; String                                                        ;
; phase_shift8                         ; 0 ps                   ; String                                                        ;
; duty_cycle8                          ; 50                     ; Signed Integer                                                ;
; output_clock_frequency9              ; 0 MHz                  ; String                                                        ;
; phase_shift9                         ; 0 ps                   ; String                                                        ;
; duty_cycle9                          ; 50                     ; Signed Integer                                                ;
; output_clock_frequency10             ; 0 MHz                  ; String                                                        ;
; phase_shift10                        ; 0 ps                   ; String                                                        ;
; duty_cycle10                         ; 50                     ; Signed Integer                                                ;
; output_clock_frequency11             ; 0 MHz                  ; String                                                        ;
; phase_shift11                        ; 0 ps                   ; String                                                        ;
; duty_cycle11                         ; 50                     ; Signed Integer                                                ;
; output_clock_frequency12             ; 0 MHz                  ; String                                                        ;
; phase_shift12                        ; 0 ps                   ; String                                                        ;
; duty_cycle12                         ; 50                     ; Signed Integer                                                ;
; output_clock_frequency13             ; 0 MHz                  ; String                                                        ;
; phase_shift13                        ; 0 ps                   ; String                                                        ;
; duty_cycle13                         ; 50                     ; Signed Integer                                                ;
; output_clock_frequency14             ; 0 MHz                  ; String                                                        ;
; phase_shift14                        ; 0 ps                   ; String                                                        ;
; duty_cycle14                         ; 50                     ; Signed Integer                                                ;
; output_clock_frequency15             ; 0 MHz                  ; String                                                        ;
; phase_shift15                        ; 0 ps                   ; String                                                        ;
; duty_cycle15                         ; 50                     ; Signed Integer                                                ;
; output_clock_frequency16             ; 0 MHz                  ; String                                                        ;
; phase_shift16                        ; 0 ps                   ; String                                                        ;
; duty_cycle16                         ; 50                     ; Signed Integer                                                ;
; output_clock_frequency17             ; 0 MHz                  ; String                                                        ;
; phase_shift17                        ; 0 ps                   ; String                                                        ;
; duty_cycle17                         ; 50                     ; Signed Integer                                                ;
; clock_name_0                         ;                        ; String                                                        ;
; clock_name_1                         ;                        ; String                                                        ;
; clock_name_2                         ;                        ; String                                                        ;
; clock_name_3                         ;                        ; String                                                        ;
; clock_name_4                         ;                        ; String                                                        ;
; clock_name_5                         ;                        ; String                                                        ;
; clock_name_6                         ;                        ; String                                                        ;
; clock_name_7                         ;                        ; String                                                        ;
; clock_name_8                         ;                        ; String                                                        ;
; clock_name_global_0                  ; false                  ; String                                                        ;
; clock_name_global_1                  ; false                  ; String                                                        ;
; clock_name_global_2                  ; false                  ; String                                                        ;
; clock_name_global_3                  ; false                  ; String                                                        ;
; clock_name_global_4                  ; false                  ; String                                                        ;
; clock_name_global_5                  ; false                  ; String                                                        ;
; clock_name_global_6                  ; false                  ; String                                                        ;
; clock_name_global_7                  ; false                  ; String                                                        ;
; clock_name_global_8                  ; false                  ; String                                                        ;
; m_cnt_hi_div                         ; 1                      ; Signed Integer                                                ;
; m_cnt_lo_div                         ; 1                      ; Signed Integer                                                ;
; m_cnt_bypass_en                      ; false                  ; String                                                        ;
; m_cnt_odd_div_duty_en                ; false                  ; String                                                        ;
; n_cnt_hi_div                         ; 1                      ; Signed Integer                                                ;
; n_cnt_lo_div                         ; 1                      ; Signed Integer                                                ;
; n_cnt_bypass_en                      ; false                  ; String                                                        ;
; n_cnt_odd_div_duty_en                ; false                  ; String                                                        ;
; c_cnt_hi_div0                        ; 1                      ; Signed Integer                                                ;
; c_cnt_lo_div0                        ; 1                      ; Signed Integer                                                ;
; c_cnt_bypass_en0                     ; false                  ; String                                                        ;
; c_cnt_in_src0                        ; ph_mux_clk             ; String                                                        ;
; c_cnt_odd_div_duty_en0               ; false                  ; String                                                        ;
; c_cnt_prst0                          ; 1                      ; Signed Integer                                                ;
; c_cnt_ph_mux_prst0                   ; 0                      ; Signed Integer                                                ;
; c_cnt_hi_div1                        ; 1                      ; Signed Integer                                                ;
; c_cnt_lo_div1                        ; 1                      ; Signed Integer                                                ;
; c_cnt_bypass_en1                     ; false                  ; String                                                        ;
; c_cnt_in_src1                        ; ph_mux_clk             ; String                                                        ;
; c_cnt_odd_div_duty_en1               ; false                  ; String                                                        ;
; c_cnt_prst1                          ; 1                      ; Signed Integer                                                ;
; c_cnt_ph_mux_prst1                   ; 0                      ; Signed Integer                                                ;
; c_cnt_hi_div2                        ; 1                      ; Signed Integer                                                ;
; c_cnt_lo_div2                        ; 1                      ; Signed Integer                                                ;
; c_cnt_bypass_en2                     ; false                  ; String                                                        ;
; c_cnt_in_src2                        ; ph_mux_clk             ; String                                                        ;
; c_cnt_odd_div_duty_en2               ; false                  ; String                                                        ;
; c_cnt_prst2                          ; 1                      ; Signed Integer                                                ;
; c_cnt_ph_mux_prst2                   ; 0                      ; Signed Integer                                                ;
; c_cnt_hi_div3                        ; 1                      ; Signed Integer                                                ;
; c_cnt_lo_div3                        ; 1                      ; Signed Integer                                                ;
; c_cnt_bypass_en3                     ; false                  ; String                                                        ;
; c_cnt_in_src3                        ; ph_mux_clk             ; String                                                        ;
; c_cnt_odd_div_duty_en3               ; false                  ; String                                                        ;
; c_cnt_prst3                          ; 1                      ; Signed Integer                                                ;
; c_cnt_ph_mux_prst3                   ; 0                      ; Signed Integer                                                ;
; c_cnt_hi_div4                        ; 1                      ; Signed Integer                                                ;
; c_cnt_lo_div4                        ; 1                      ; Signed Integer                                                ;
; c_cnt_bypass_en4                     ; false                  ; String                                                        ;
; c_cnt_in_src4                        ; ph_mux_clk             ; String                                                        ;
; c_cnt_odd_div_duty_en4               ; false                  ; String                                                        ;
; c_cnt_prst4                          ; 1                      ; Signed Integer                                                ;
; c_cnt_ph_mux_prst4                   ; 0                      ; Signed Integer                                                ;
; c_cnt_hi_div5                        ; 1                      ; Signed Integer                                                ;
; c_cnt_lo_div5                        ; 1                      ; Signed Integer                                                ;
; c_cnt_bypass_en5                     ; false                  ; String                                                        ;
; c_cnt_in_src5                        ; ph_mux_clk             ; String                                                        ;
; c_cnt_odd_div_duty_en5               ; false                  ; String                                                        ;
; c_cnt_prst5                          ; 1                      ; Signed Integer                                                ;
; c_cnt_ph_mux_prst5                   ; 0                      ; Signed Integer                                                ;
; c_cnt_hi_div6                        ; 1                      ; Signed Integer                                                ;
; c_cnt_lo_div6                        ; 1                      ; Signed Integer                                                ;
; c_cnt_bypass_en6                     ; false                  ; String                                                        ;
; c_cnt_in_src6                        ; ph_mux_clk             ; String                                                        ;
; c_cnt_odd_div_duty_en6               ; false                  ; String                                                        ;
; c_cnt_prst6                          ; 1                      ; Signed Integer                                                ;
; c_cnt_ph_mux_prst6                   ; 0                      ; Signed Integer                                                ;
; c_cnt_hi_div7                        ; 1                      ; Signed Integer                                                ;
; c_cnt_lo_div7                        ; 1                      ; Signed Integer                                                ;
; c_cnt_bypass_en7                     ; false                  ; String                                                        ;
; c_cnt_in_src7                        ; ph_mux_clk             ; String                                                        ;
; c_cnt_odd_div_duty_en7               ; false                  ; String                                                        ;
; c_cnt_prst7                          ; 1                      ; Signed Integer                                                ;
; c_cnt_ph_mux_prst7                   ; 0                      ; Signed Integer                                                ;
; c_cnt_hi_div8                        ; 1                      ; Signed Integer                                                ;
; c_cnt_lo_div8                        ; 1                      ; Signed Integer                                                ;
; c_cnt_bypass_en8                     ; false                  ; String                                                        ;
; c_cnt_in_src8                        ; ph_mux_clk             ; String                                                        ;
; c_cnt_odd_div_duty_en8               ; false                  ; String                                                        ;
; c_cnt_prst8                          ; 1                      ; Signed Integer                                                ;
; c_cnt_ph_mux_prst8                   ; 0                      ; Signed Integer                                                ;
; c_cnt_hi_div9                        ; 1                      ; Signed Integer                                                ;
; c_cnt_lo_div9                        ; 1                      ; Signed Integer                                                ;
; c_cnt_bypass_en9                     ; false                  ; String                                                        ;
; c_cnt_in_src9                        ; ph_mux_clk             ; String                                                        ;
; c_cnt_odd_div_duty_en9               ; false                  ; String                                                        ;
; c_cnt_prst9                          ; 1                      ; Signed Integer                                                ;
; c_cnt_ph_mux_prst9                   ; 0                      ; Signed Integer                                                ;
; c_cnt_hi_div10                       ; 1                      ; Signed Integer                                                ;
; c_cnt_lo_div10                       ; 1                      ; Signed Integer                                                ;
; c_cnt_bypass_en10                    ; false                  ; String                                                        ;
; c_cnt_in_src10                       ; ph_mux_clk             ; String                                                        ;
; c_cnt_odd_div_duty_en10              ; false                  ; String                                                        ;
; c_cnt_prst10                         ; 1                      ; Signed Integer                                                ;
; c_cnt_ph_mux_prst10                  ; 0                      ; Signed Integer                                                ;
; c_cnt_hi_div11                       ; 1                      ; Signed Integer                                                ;
; c_cnt_lo_div11                       ; 1                      ; Signed Integer                                                ;
; c_cnt_bypass_en11                    ; false                  ; String                                                        ;
; c_cnt_in_src11                       ; ph_mux_clk             ; String                                                        ;
; c_cnt_odd_div_duty_en11              ; false                  ; String                                                        ;
; c_cnt_prst11                         ; 1                      ; Signed Integer                                                ;
; c_cnt_ph_mux_prst11                  ; 0                      ; Signed Integer                                                ;
; c_cnt_hi_div12                       ; 1                      ; Signed Integer                                                ;
; c_cnt_lo_div12                       ; 1                      ; Signed Integer                                                ;
; c_cnt_bypass_en12                    ; false                  ; String                                                        ;
; c_cnt_in_src12                       ; ph_mux_clk             ; String                                                        ;
; c_cnt_odd_div_duty_en12              ; false                  ; String                                                        ;
; c_cnt_prst12                         ; 1                      ; Signed Integer                                                ;
; c_cnt_ph_mux_prst12                  ; 0                      ; Signed Integer                                                ;
; c_cnt_hi_div13                       ; 1                      ; Signed Integer                                                ;
; c_cnt_lo_div13                       ; 1                      ; Signed Integer                                                ;
; c_cnt_bypass_en13                    ; false                  ; String                                                        ;
; c_cnt_in_src13                       ; ph_mux_clk             ; String                                                        ;
; c_cnt_odd_div_duty_en13              ; false                  ; String                                                        ;
; c_cnt_prst13                         ; 1                      ; Signed Integer                                                ;
; c_cnt_ph_mux_prst13                  ; 0                      ; Signed Integer                                                ;
; c_cnt_hi_div14                       ; 1                      ; Signed Integer                                                ;
; c_cnt_lo_div14                       ; 1                      ; Signed Integer                                                ;
; c_cnt_bypass_en14                    ; false                  ; String                                                        ;
; c_cnt_in_src14                       ; ph_mux_clk             ; String                                                        ;
; c_cnt_odd_div_duty_en14              ; false                  ; String                                                        ;
; c_cnt_prst14                         ; 1                      ; Signed Integer                                                ;
; c_cnt_ph_mux_prst14                  ; 0                      ; Signed Integer                                                ;
; c_cnt_hi_div15                       ; 1                      ; Signed Integer                                                ;
; c_cnt_lo_div15                       ; 1                      ; Signed Integer                                                ;
; c_cnt_bypass_en15                    ; false                  ; String                                                        ;
; c_cnt_in_src15                       ; ph_mux_clk             ; String                                                        ;
; c_cnt_odd_div_duty_en15              ; false                  ; String                                                        ;
; c_cnt_prst15                         ; 1                      ; Signed Integer                                                ;
; c_cnt_ph_mux_prst15                  ; 0                      ; Signed Integer                                                ;
; c_cnt_hi_div16                       ; 1                      ; Signed Integer                                                ;
; c_cnt_lo_div16                       ; 1                      ; Signed Integer                                                ;
; c_cnt_bypass_en16                    ; false                  ; String                                                        ;
; c_cnt_in_src16                       ; ph_mux_clk             ; String                                                        ;
; c_cnt_odd_div_duty_en16              ; false                  ; String                                                        ;
; c_cnt_prst16                         ; 1                      ; Signed Integer                                                ;
; c_cnt_ph_mux_prst16                  ; 0                      ; Signed Integer                                                ;
; c_cnt_hi_div17                       ; 1                      ; Signed Integer                                                ;
; c_cnt_lo_div17                       ; 1                      ; Signed Integer                                                ;
; c_cnt_bypass_en17                    ; false                  ; String                                                        ;
; c_cnt_in_src17                       ; ph_mux_clk             ; String                                                        ;
; c_cnt_odd_div_duty_en17              ; false                  ; String                                                        ;
; c_cnt_prst17                         ; 1                      ; Signed Integer                                                ;
; c_cnt_ph_mux_prst17                  ; 0                      ; Signed Integer                                                ;
; pll_vco_div                          ; 1                      ; Signed Integer                                                ;
; pll_slf_rst                          ; false                  ; String                                                        ;
; pll_bw_sel                           ; low                    ; String                                                        ;
; pll_output_clk_frequency             ; 0 MHz                  ; String                                                        ;
; pll_cp_current                       ; 0                      ; Signed Integer                                                ;
; pll_bwctrl                           ; 0                      ; Signed Integer                                                ;
; pll_fractional_division              ; 1                      ; Signed Integer                                                ;
; pll_fractional_cout                  ; 24                     ; Signed Integer                                                ;
; pll_dsm_out_sel                      ; 1st_order              ; String                                                        ;
; mimic_fbclk_type                     ; gclk                   ; String                                                        ;
; pll_fbclk_mux_1                      ; glb                    ; String                                                        ;
; pll_fbclk_mux_2                      ; fb_1                   ; String                                                        ;
; pll_m_cnt_in_src                     ; ph_mux_clk             ; String                                                        ;
; pll_vcoph_div                        ; 1                      ; Signed Integer                                                ;
; refclk1_frequency                    ; 0 MHz                  ; String                                                        ;
; pll_clkin_0_src                      ; clk_0                  ; String                                                        ;
; pll_clkin_1_src                      ; clk_0                  ; String                                                        ;
; pll_clk_loss_sw_en                   ; false                  ; String                                                        ;
; pll_auto_clk_sw_en                   ; false                  ; String                                                        ;
; pll_manu_clk_sw_en                   ; false                  ; String                                                        ;
; pll_clk_sw_dly                       ; 0                      ; Signed Integer                                                ;
; pll_extclk_0_cnt_src                 ; pll_extclk_cnt_src_vss ; String                                                        ;
; pll_extclk_1_cnt_src                 ; pll_extclk_cnt_src_vss ; String                                                        ;
+--------------------------------------+------------------------+---------------------------------------------------------------+
Note: In order to hide this table in the UI and the text report file, please set the "Show Parameter Settings in Synthesis Report" option in "Analysis and Synthesis Settings -> More Settings" to "Off".


+-----------------------------------------------------------------------------------------------------------------------------------------+
; Parameter Settings for User Entity Instance: coprocessador:C0|pllpara100:pllmhz|pllpara100_0002:pllpara100_inst|altera_pll:altera_pll_i ;
+--------------------------------------+------------------------+-------------------------------------------------------------------------+
; Parameter Name                       ; Value                  ; Type                                                                    ;
+--------------------------------------+------------------------+-------------------------------------------------------------------------+
; reference_clock_frequency            ; 50.0 MHz               ; String                                                                  ;
; fractional_vco_multiplier            ; false                  ; String                                                                  ;
; pll_type                             ; General                ; String                                                                  ;
; pll_subtype                          ; General                ; String                                                                  ;
; number_of_clocks                     ; 1                      ; Signed Integer                                                          ;
; operation_mode                       ; direct                 ; String                                                                  ;
; deserialization_factor               ; 4                      ; Signed Integer                                                          ;
; data_rate                            ; 0                      ; Signed Integer                                                          ;
; sim_additional_refclk_cycles_to_lock ; 0                      ; Signed Integer                                                          ;
; output_clock_frequency0              ; 100.000000 MHz         ; String                                                                  ;
; phase_shift0                         ; 0 ps                   ; String                                                                  ;
; duty_cycle0                          ; 50                     ; Signed Integer                                                          ;
; output_clock_frequency1              ; 0 MHz                  ; String                                                                  ;
; phase_shift1                         ; 0 ps                   ; String                                                                  ;
; duty_cycle1                          ; 50                     ; Signed Integer                                                          ;
; output_clock_frequency2              ; 0 MHz                  ; String                                                                  ;
; phase_shift2                         ; 0 ps                   ; String                                                                  ;
; duty_cycle2                          ; 50                     ; Signed Integer                                                          ;
; output_clock_frequency3              ; 0 MHz                  ; String                                                                  ;
; phase_shift3                         ; 0 ps                   ; String                                                                  ;
; duty_cycle3                          ; 50                     ; Signed Integer                                                          ;
; output_clock_frequency4              ; 0 MHz                  ; String                                                                  ;
; phase_shift4                         ; 0 ps                   ; String                                                                  ;
; duty_cycle4                          ; 50                     ; Signed Integer                                                          ;
; output_clock_frequency5              ; 0 MHz                  ; String                                                                  ;
; phase_shift5                         ; 0 ps                   ; String                                                                  ;
; duty_cycle5                          ; 50                     ; Signed Integer                                                          ;
; output_clock_frequency6              ; 0 MHz                  ; String                                                                  ;
; phase_shift6                         ; 0 ps                   ; String                                                                  ;
; duty_cycle6                          ; 50                     ; Signed Integer                                                          ;
; output_clock_frequency7              ; 0 MHz                  ; String                                                                  ;
; phase_shift7                         ; 0 ps                   ; String                                                                  ;
; duty_cycle7                          ; 50                     ; Signed Integer                                                          ;
; output_clock_frequency8              ; 0 MHz                  ; String                                                                  ;
; phase_shift8                         ; 0 ps                   ; String                                                                  ;
; duty_cycle8                          ; 50                     ; Signed Integer                                                          ;
; output_clock_frequency9              ; 0 MHz                  ; String                                                                  ;
; phase_shift9                         ; 0 ps                   ; String                                                                  ;
; duty_cycle9                          ; 50                     ; Signed Integer                                                          ;
; output_clock_frequency10             ; 0 MHz                  ; String                                                                  ;
; phase_shift10                        ; 0 ps                   ; String                                                                  ;
; duty_cycle10                         ; 50                     ; Signed Integer                                                          ;
; output_clock_frequency11             ; 0 MHz                  ; String                                                                  ;
; phase_shift11                        ; 0 ps                   ; String                                                                  ;
; duty_cycle11                         ; 50                     ; Signed Integer                                                          ;
; output_clock_frequency12             ; 0 MHz                  ; String                                                                  ;
; phase_shift12                        ; 0 ps                   ; String                                                                  ;
; duty_cycle12                         ; 50                     ; Signed Integer                                                          ;
; output_clock_frequency13             ; 0 MHz                  ; String                                                                  ;
; phase_shift13                        ; 0 ps                   ; String                                                                  ;
; duty_cycle13                         ; 50                     ; Signed Integer                                                          ;
; output_clock_frequency14             ; 0 MHz                  ; String                                                                  ;
; phase_shift14                        ; 0 ps                   ; String                                                                  ;
; duty_cycle14                         ; 50                     ; Signed Integer                                                          ;
; output_clock_frequency15             ; 0 MHz                  ; String                                                                  ;
; phase_shift15                        ; 0 ps                   ; String                                                                  ;
; duty_cycle15                         ; 50                     ; Signed Integer                                                          ;
; output_clock_frequency16             ; 0 MHz                  ; String                                                                  ;
; phase_shift16                        ; 0 ps                   ; String                                                                  ;
; duty_cycle16                         ; 50                     ; Signed Integer                                                          ;
; output_clock_frequency17             ; 0 MHz                  ; String                                                                  ;
; phase_shift17                        ; 0 ps                   ; String                                                                  ;
; duty_cycle17                         ; 50                     ; Signed Integer                                                          ;
; clock_name_0                         ;                        ; String                                                                  ;
; clock_name_1                         ;                        ; String                                                                  ;
; clock_name_2                         ;                        ; String                                                                  ;
; clock_name_3                         ;                        ; String                                                                  ;
; clock_name_4                         ;                        ; String                                                                  ;
; clock_name_5                         ;                        ; String                                                                  ;
; clock_name_6                         ;                        ; String                                                                  ;
; clock_name_7                         ;                        ; String                                                                  ;
; clock_name_8                         ;                        ; String                                                                  ;
; clock_name_global_0                  ; false                  ; String                                                                  ;
; clock_name_global_1                  ; false                  ; String                                                                  ;
; clock_name_global_2                  ; false                  ; String                                                                  ;
; clock_name_global_3                  ; false                  ; String                                                                  ;
; clock_name_global_4                  ; false                  ; String                                                                  ;
; clock_name_global_5                  ; false                  ; String                                                                  ;
; clock_name_global_6                  ; false                  ; String                                                                  ;
; clock_name_global_7                  ; false                  ; String                                                                  ;
; clock_name_global_8                  ; false                  ; String                                                                  ;
; m_cnt_hi_div                         ; 1                      ; Signed Integer                                                          ;
; m_cnt_lo_div                         ; 1                      ; Signed Integer                                                          ;
; m_cnt_bypass_en                      ; false                  ; String                                                                  ;
; m_cnt_odd_div_duty_en                ; false                  ; String                                                                  ;
; n_cnt_hi_div                         ; 1                      ; Signed Integer                                                          ;
; n_cnt_lo_div                         ; 1                      ; Signed Integer                                                          ;
; n_cnt_bypass_en                      ; false                  ; String                                                                  ;
; n_cnt_odd_div_duty_en                ; false                  ; String                                                                  ;
; c_cnt_hi_div0                        ; 1                      ; Signed Integer                                                          ;
; c_cnt_lo_div0                        ; 1                      ; Signed Integer                                                          ;
; c_cnt_bypass_en0                     ; false                  ; String                                                                  ;
; c_cnt_in_src0                        ; ph_mux_clk             ; String                                                                  ;
; c_cnt_odd_div_duty_en0               ; false                  ; String                                                                  ;
; c_cnt_prst0                          ; 1                      ; Signed Integer                                                          ;
; c_cnt_ph_mux_prst0                   ; 0                      ; Signed Integer                                                          ;
; c_cnt_hi_div1                        ; 1                      ; Signed Integer                                                          ;
; c_cnt_lo_div1                        ; 1                      ; Signed Integer                                                          ;
; c_cnt_bypass_en1                     ; false                  ; String                                                                  ;
; c_cnt_in_src1                        ; ph_mux_clk             ; String                                                                  ;
; c_cnt_odd_div_duty_en1               ; false                  ; String                                                                  ;
; c_cnt_prst1                          ; 1                      ; Signed Integer                                                          ;
; c_cnt_ph_mux_prst1                   ; 0                      ; Signed Integer                                                          ;
; c_cnt_hi_div2                        ; 1                      ; Signed Integer                                                          ;
; c_cnt_lo_div2                        ; 1                      ; Signed Integer                                                          ;
; c_cnt_bypass_en2                     ; false                  ; String                                                                  ;
; c_cnt_in_src2                        ; ph_mux_clk             ; String                                                                  ;
; c_cnt_odd_div_duty_en2               ; false                  ; String                                                                  ;
; c_cnt_prst2                          ; 1                      ; Signed Integer                                                          ;
; c_cnt_ph_mux_prst2                   ; 0                      ; Signed Integer                                                          ;
; c_cnt_hi_div3                        ; 1                      ; Signed Integer                                                          ;
; c_cnt_lo_div3                        ; 1                      ; Signed Integer                                                          ;
; c_cnt_bypass_en3                     ; false                  ; String                                                                  ;
; c_cnt_in_src3                        ; ph_mux_clk             ; String                                                                  ;
; c_cnt_odd_div_duty_en3               ; false                  ; String                                                                  ;
; c_cnt_prst3                          ; 1                      ; Signed Integer                                                          ;
; c_cnt_ph_mux_prst3                   ; 0                      ; Signed Integer                                                          ;
; c_cnt_hi_div4                        ; 1                      ; Signed Integer                                                          ;
; c_cnt_lo_div4                        ; 1                      ; Signed Integer                                                          ;
; c_cnt_bypass_en4                     ; false                  ; String                                                                  ;
; c_cnt_in_src4                        ; ph_mux_clk             ; String                                                                  ;
; c_cnt_odd_div_duty_en4               ; false                  ; String                                                                  ;
; c_cnt_prst4                          ; 1                      ; Signed Integer                                                          ;
; c_cnt_ph_mux_prst4                   ; 0                      ; Signed Integer                                                          ;
; c_cnt_hi_div5                        ; 1                      ; Signed Integer                                                          ;
; c_cnt_lo_div5                        ; 1                      ; Signed Integer                                                          ;
; c_cnt_bypass_en5                     ; false                  ; String                                                                  ;
; c_cnt_in_src5                        ; ph_mux_clk             ; String                                                                  ;
; c_cnt_odd_div_duty_en5               ; false                  ; String                                                                  ;
; c_cnt_prst5                          ; 1                      ; Signed Integer                                                          ;
; c_cnt_ph_mux_prst5                   ; 0                      ; Signed Integer                                                          ;
; c_cnt_hi_div6                        ; 1                      ; Signed Integer                                                          ;
; c_cnt_lo_div6                        ; 1                      ; Signed Integer                                                          ;
; c_cnt_bypass_en6                     ; false                  ; String                                                                  ;
; c_cnt_in_src6                        ; ph_mux_clk             ; String                                                                  ;
; c_cnt_odd_div_duty_en6               ; false                  ; String                                                                  ;
; c_cnt_prst6                          ; 1                      ; Signed Integer                                                          ;
; c_cnt_ph_mux_prst6                   ; 0                      ; Signed Integer                                                          ;
; c_cnt_hi_div7                        ; 1                      ; Signed Integer                                                          ;
; c_cnt_lo_div7                        ; 1                      ; Signed Integer                                                          ;
; c_cnt_bypass_en7                     ; false                  ; String                                                                  ;
; c_cnt_in_src7                        ; ph_mux_clk             ; String                                                                  ;
; c_cnt_odd_div_duty_en7               ; false                  ; String                                                                  ;
; c_cnt_prst7                          ; 1                      ; Signed Integer                                                          ;
; c_cnt_ph_mux_prst7                   ; 0                      ; Signed Integer                                                          ;
; c_cnt_hi_div8                        ; 1                      ; Signed Integer                                                          ;
; c_cnt_lo_div8                        ; 1                      ; Signed Integer                                                          ;
; c_cnt_bypass_en8                     ; false                  ; String                                                                  ;
; c_cnt_in_src8                        ; ph_mux_clk             ; String                                                                  ;
; c_cnt_odd_div_duty_en8               ; false                  ; String                                                                  ;
; c_cnt_prst8                          ; 1                      ; Signed Integer                                                          ;
; c_cnt_ph_mux_prst8                   ; 0                      ; Signed Integer                                                          ;
; c_cnt_hi_div9                        ; 1                      ; Signed Integer                                                          ;
; c_cnt_lo_div9                        ; 1                      ; Signed Integer                                                          ;
; c_cnt_bypass_en9                     ; false                  ; String                                                                  ;
; c_cnt_in_src9                        ; ph_mux_clk             ; String                                                                  ;
; c_cnt_odd_div_duty_en9               ; false                  ; String                                                                  ;
; c_cnt_prst9                          ; 1                      ; Signed Integer                                                          ;
; c_cnt_ph_mux_prst9                   ; 0                      ; Signed Integer                                                          ;
; c_cnt_hi_div10                       ; 1                      ; Signed Integer                                                          ;
; c_cnt_lo_div10                       ; 1                      ; Signed Integer                                                          ;
; c_cnt_bypass_en10                    ; false                  ; String                                                                  ;
; c_cnt_in_src10                       ; ph_mux_clk             ; String                                                                  ;
; c_cnt_odd_div_duty_en10              ; false                  ; String                                                                  ;
; c_cnt_prst10                         ; 1                      ; Signed Integer                                                          ;
; c_cnt_ph_mux_prst10                  ; 0                      ; Signed Integer                                                          ;
; c_cnt_hi_div11                       ; 1                      ; Signed Integer                                                          ;
; c_cnt_lo_div11                       ; 1                      ; Signed Integer                                                          ;
; c_cnt_bypass_en11                    ; false                  ; String                                                                  ;
; c_cnt_in_src11                       ; ph_mux_clk             ; String                                                                  ;
; c_cnt_odd_div_duty_en11              ; false                  ; String                                                                  ;
; c_cnt_prst11                         ; 1                      ; Signed Integer                                                          ;
; c_cnt_ph_mux_prst11                  ; 0                      ; Signed Integer                                                          ;
; c_cnt_hi_div12                       ; 1                      ; Signed Integer                                                          ;
; c_cnt_lo_div12                       ; 1                      ; Signed Integer                                                          ;
; c_cnt_bypass_en12                    ; false                  ; String                                                                  ;
; c_cnt_in_src12                       ; ph_mux_clk             ; String                                                                  ;
; c_cnt_odd_div_duty_en12              ; false                  ; String                                                                  ;
; c_cnt_prst12                         ; 1                      ; Signed Integer                                                          ;
; c_cnt_ph_mux_prst12                  ; 0                      ; Signed Integer                                                          ;
; c_cnt_hi_div13                       ; 1                      ; Signed Integer                                                          ;
; c_cnt_lo_div13                       ; 1                      ; Signed Integer                                                          ;
; c_cnt_bypass_en13                    ; false                  ; String                                                                  ;
; c_cnt_in_src13                       ; ph_mux_clk             ; String                                                                  ;
; c_cnt_odd_div_duty_en13              ; false                  ; String                                                                  ;
; c_cnt_prst13                         ; 1                      ; Signed Integer                                                          ;
; c_cnt_ph_mux_prst13                  ; 0                      ; Signed Integer                                                          ;
; c_cnt_hi_div14                       ; 1                      ; Signed Integer                                                          ;
; c_cnt_lo_div14                       ; 1                      ; Signed Integer                                                          ;
; c_cnt_bypass_en14                    ; false                  ; String                                                                  ;
; c_cnt_in_src14                       ; ph_mux_clk             ; String                                                                  ;
; c_cnt_odd_div_duty_en14              ; false                  ; String                                                                  ;
; c_cnt_prst14                         ; 1                      ; Signed Integer                                                          ;
; c_cnt_ph_mux_prst14                  ; 0                      ; Signed Integer                                                          ;
; c_cnt_hi_div15                       ; 1                      ; Signed Integer                                                          ;
; c_cnt_lo_div15                       ; 1                      ; Signed Integer                                                          ;
; c_cnt_bypass_en15                    ; false                  ; String                                                                  ;
; c_cnt_in_src15                       ; ph_mux_clk             ; String                                                                  ;
; c_cnt_odd_div_duty_en15              ; false                  ; String                                                                  ;
; c_cnt_prst15                         ; 1                      ; Signed Integer                                                          ;
; c_cnt_ph_mux_prst15                  ; 0                      ; Signed Integer                                                          ;
; c_cnt_hi_div16                       ; 1                      ; Signed Integer                                                          ;
; c_cnt_lo_div16                       ; 1                      ; Signed Integer                                                          ;
; c_cnt_bypass_en16                    ; false                  ; String                                                                  ;
; c_cnt_in_src16                       ; ph_mux_clk             ; String                                                                  ;
; c_cnt_odd_div_duty_en16              ; false                  ; String                                                                  ;
; c_cnt_prst16                         ; 1                      ; Signed Integer                                                          ;
; c_cnt_ph_mux_prst16                  ; 0                      ; Signed Integer                                                          ;
; c_cnt_hi_div17                       ; 1                      ; Signed Integer                                                          ;
; c_cnt_lo_div17                       ; 1                      ; Signed Integer                                                          ;
; c_cnt_bypass_en17                    ; false                  ; String                                                                  ;
; c_cnt_in_src17                       ; ph_mux_clk             ; String                                                                  ;
; c_cnt_odd_div_duty_en17              ; false                  ; String                                                                  ;
; c_cnt_prst17                         ; 1                      ; Signed Integer                                                          ;
; c_cnt_ph_mux_prst17                  ; 0                      ; Signed Integer                                                          ;
; pll_vco_div                          ; 1                      ; Signed Integer                                                          ;
; pll_slf_rst                          ; false                  ; String                                                                  ;
; pll_bw_sel                           ; low                    ; String                                                                  ;
; pll_output_clk_frequency             ; 0 MHz                  ; String                                                                  ;
; pll_cp_current                       ; 0                      ; Signed Integer                                                          ;
; pll_bwctrl                           ; 0                      ; Signed Integer                                                          ;
; pll_fractional_division              ; 1                      ; Signed Integer                                                          ;
; pll_fractional_cout                  ; 24                     ; Signed Integer                                                          ;
; pll_dsm_out_sel                      ; 1st_order              ; String                                                                  ;
; mimic_fbclk_type                     ; gclk                   ; String                                                                  ;
; pll_fbclk_mux_1                      ; glb                    ; String                                                                  ;
; pll_fbclk_mux_2                      ; fb_1                   ; String                                                                  ;
; pll_m_cnt_in_src                     ; ph_mux_clk             ; String                                                                  ;
; pll_vcoph_div                        ; 1                      ; Signed Integer                                                          ;
; refclk1_frequency                    ; 0 MHz                  ; String                                                                  ;
; pll_clkin_0_src                      ; clk_0                  ; String                                                                  ;
; pll_clkin_1_src                      ; clk_0                  ; String                                                                  ;
; pll_clk_loss_sw_en                   ; false                  ; String                                                                  ;
; pll_auto_clk_sw_en                   ; false                  ; String                                                                  ;
; pll_manu_clk_sw_en                   ; false                  ; String                                                                  ;
; pll_clk_sw_dly                       ; 0                      ; Signed Integer                                                          ;
; pll_extclk_0_cnt_src                 ; pll_extclk_cnt_src_vss ; String                                                                  ;
; pll_extclk_1_cnt_src                 ; pll_extclk_cnt_src_vss ; String                                                                  ;
+--------------------------------------+------------------------+-------------------------------------------------------------------------+
Note: In order to hide this table in the UI and the text report file, please set the "Show Parameter Settings in Synthesis Report" option in "Analysis and Synthesis Settings -> More Settings" to "Off".


+------------------------------------------------------------------------------------------------------------------+
; Parameter Settings for User Entity Instance: coprocessador:C0|porta_estimulo:u_estimulo|mov_continuo:u_scroll_bg ;
+----------------+----------------------+--------------------------------------------------------------------------+
; Parameter Name ; Value                ; Type                                                                     ;
+----------------+----------------------+--------------------------------------------------------------------------+
; WIDTH          ; 8                    ; Signed Integer                                                           ;
; X_INIT         ; 00000000             ; Signed Binary                                                            ;
; Y_INIT         ; 00000000             ; Signed Binary                                                            ;
; PERIODO_NORMAL ; 00011000011010100000 ; Unsigned Binary                                                          ;
; DIV_RAPIDO     ; 2                    ; Signed Integer                                                           ;
+----------------+----------------------+--------------------------------------------------------------------------+
Note: In order to hide this table in the UI and the text report file, please set the "Show Parameter Settings in Synthesis Report" option in "Analysis and Synthesis Settings -> More Settings" to "Off".


+--------------------------------------------------------------------------------------------------------------------+
; Parameter Settings for User Entity Instance: coprocessador:C0|porta_estimulo:u_estimulo|mov_continuo:u_move_sprite ;
+----------------+----------------------+----------------------------------------------------------------------------+
; Parameter Name ; Value                ; Type                                                                       ;
+----------------+----------------------+----------------------------------------------------------------------------+
; WIDTH          ; 9                    ; Signed Integer                                                             ;
; X_INIT         ; 010010110            ; Unsigned Binary                                                            ;
; Y_INIT         ; 001100100            ; Unsigned Binary                                                            ;
; PERIODO_NORMAL ; 00011000011010100000 ; Unsigned Binary                                                            ;
; DIV_RAPIDO     ; 2                    ; Signed Integer                                                             ;
+----------------+----------------------+----------------------------------------------------------------------------+
Note: In order to hide this table in the UI and the text report file, please set the "Show Parameter Settings in Synthesis Report" option in "Analysis and Synthesis Settings -> More Settings" to "Off".


+----------------------------------------------------------------------------------------------------------------+
; Parameter Settings for User Entity Instance: coprocessador:C0|ram_tilemap:ramA|altsyncram:altsyncram_component ;
+------------------------------------+----------------------+----------------------------------------------------+
; Parameter Name                     ; Value                ; Type                                               ;
+------------------------------------+----------------------+----------------------------------------------------+
; BYTE_SIZE_BLOCK                    ; 8                    ; Untyped                                            ;
; AUTO_CARRY_CHAINS                  ; ON                   ; AUTO_CARRY                                         ;
; IGNORE_CARRY_BUFFERS               ; OFF                  ; IGNORE_CARRY                                       ;
; AUTO_CASCADE_CHAINS                ; ON                   ; AUTO_CASCADE                                       ;
; IGNORE_CASCADE_BUFFERS             ; OFF                  ; IGNORE_CASCADE                                     ;
; WIDTH_BYTEENA                      ; 1                    ; Untyped                                            ;
; OPERATION_MODE                     ; DUAL_PORT            ; Untyped                                            ;
; WIDTH_A                            ; 8                    ; Signed Integer                                     ;
; WIDTHAD_A                          ; 11                   ; Signed Integer                                     ;
; NUMWORDS_A                         ; 2048                 ; Signed Integer                                     ;
; OUTDATA_REG_A                      ; UNREGISTERED         ; Untyped                                            ;
; ADDRESS_ACLR_A                     ; NONE                 ; Untyped                                            ;
; OUTDATA_ACLR_A                     ; NONE                 ; Untyped                                            ;
; WRCONTROL_ACLR_A                   ; NONE                 ; Untyped                                            ;
; INDATA_ACLR_A                      ; NONE                 ; Untyped                                            ;
; BYTEENA_ACLR_A                     ; NONE                 ; Untyped                                            ;
; WIDTH_B                            ; 8                    ; Signed Integer                                     ;
; WIDTHAD_B                          ; 11                   ; Signed Integer                                     ;
; NUMWORDS_B                         ; 2048                 ; Signed Integer                                     ;
; INDATA_REG_B                       ; CLOCK1               ; Untyped                                            ;
; WRCONTROL_WRADDRESS_REG_B          ; CLOCK1               ; Untyped                                            ;
; RDCONTROL_REG_B                    ; CLOCK1               ; Untyped                                            ;
; ADDRESS_REG_B                      ; CLOCK0               ; Untyped                                            ;
; OUTDATA_REG_B                      ; CLOCK0               ; Untyped                                            ;
; BYTEENA_REG_B                      ; CLOCK1               ; Untyped                                            ;
; INDATA_ACLR_B                      ; NONE                 ; Untyped                                            ;
; WRCONTROL_ACLR_B                   ; NONE                 ; Untyped                                            ;
; ADDRESS_ACLR_B                     ; NONE                 ; Untyped                                            ;
; OUTDATA_ACLR_B                     ; NONE                 ; Untyped                                            ;
; RDCONTROL_ACLR_B                   ; NONE                 ; Untyped                                            ;
; BYTEENA_ACLR_B                     ; NONE                 ; Untyped                                            ;
; WIDTH_BYTEENA_A                    ; 1                    ; Signed Integer                                     ;
; WIDTH_BYTEENA_B                    ; 1                    ; Untyped                                            ;
; RAM_BLOCK_TYPE                     ; M10K                 ; Untyped                                            ;
; BYTE_SIZE                          ; 8                    ; Untyped                                            ;
; READ_DURING_WRITE_MODE_MIXED_PORTS ; DONT_CARE            ; Untyped                                            ;
; READ_DURING_WRITE_MODE_PORT_A      ; NEW_DATA_NO_NBE_READ ; Untyped                                            ;
; READ_DURING_WRITE_MODE_PORT_B      ; NEW_DATA_NO_NBE_READ ; Untyped                                            ;
; INIT_FILE                          ; tilemap_a.mif        ; Untyped                                            ;
; INIT_FILE_LAYOUT                   ; PORT_A               ; Untyped                                            ;
; MAXIMUM_DEPTH                      ; 0                    ; Untyped                                            ;
; CLOCK_ENABLE_INPUT_A               ; BYPASS               ; Untyped                                            ;
; CLOCK_ENABLE_INPUT_B               ; BYPASS               ; Untyped                                            ;
; CLOCK_ENABLE_OUTPUT_A              ; NORMAL               ; Untyped                                            ;
; CLOCK_ENABLE_OUTPUT_B              ; BYPASS               ; Untyped                                            ;
; CLOCK_ENABLE_CORE_A                ; USE_INPUT_CLKEN      ; Untyped                                            ;
; CLOCK_ENABLE_CORE_B                ; USE_INPUT_CLKEN      ; Untyped                                            ;
; ENABLE_ECC                         ; FALSE                ; Untyped                                            ;
; ECC_PIPELINE_STAGE_ENABLED         ; FALSE                ; Untyped                                            ;
; WIDTH_ECCSTATUS                    ; 3                    ; Untyped                                            ;
; DEVICE_FAMILY                      ; Cyclone V            ; Untyped                                            ;
; CBXI_PARAMETER                     ; altsyncram_j422      ; Untyped                                            ;
+------------------------------------+----------------------+----------------------------------------------------+
Note: In order to hide this table in the UI and the text report file, please set the "Show Parameter Settings in Synthesis Report" option in "Analysis and Synthesis Settings -> More Settings" to "Off".


+-----------------------------------------------------------------------------------------------------------------+
; Parameter Settings for User Entity Instance: coprocessador:C0|ram_tilemapB:ramB|altsyncram:altsyncram_component ;
+------------------------------------+----------------------+-----------------------------------------------------+
; Parameter Name                     ; Value                ; Type                                                ;
+------------------------------------+----------------------+-----------------------------------------------------+
; BYTE_SIZE_BLOCK                    ; 8                    ; Untyped                                             ;
; AUTO_CARRY_CHAINS                  ; ON                   ; AUTO_CARRY                                          ;
; IGNORE_CARRY_BUFFERS               ; OFF                  ; IGNORE_CARRY                                        ;
; AUTO_CASCADE_CHAINS                ; ON                   ; AUTO_CASCADE                                        ;
; IGNORE_CASCADE_BUFFERS             ; OFF                  ; IGNORE_CASCADE                                      ;
; WIDTH_BYTEENA                      ; 1                    ; Untyped                                             ;
; OPERATION_MODE                     ; DUAL_PORT            ; Untyped                                             ;
; WIDTH_A                            ; 8                    ; Signed Integer                                      ;
; WIDTHAD_A                          ; 11                   ; Signed Integer                                      ;
; NUMWORDS_A                         ; 2048                 ; Signed Integer                                      ;
; OUTDATA_REG_A                      ; UNREGISTERED         ; Untyped                                             ;
; ADDRESS_ACLR_A                     ; NONE                 ; Untyped                                             ;
; OUTDATA_ACLR_A                     ; NONE                 ; Untyped                                             ;
; WRCONTROL_ACLR_A                   ; NONE                 ; Untyped                                             ;
; INDATA_ACLR_A                      ; NONE                 ; Untyped                                             ;
; BYTEENA_ACLR_A                     ; NONE                 ; Untyped                                             ;
; WIDTH_B                            ; 8                    ; Signed Integer                                      ;
; WIDTHAD_B                          ; 11                   ; Signed Integer                                      ;
; NUMWORDS_B                         ; 2048                 ; Signed Integer                                      ;
; INDATA_REG_B                       ; CLOCK1               ; Untyped                                             ;
; WRCONTROL_WRADDRESS_REG_B          ; CLOCK1               ; Untyped                                             ;
; RDCONTROL_REG_B                    ; CLOCK1               ; Untyped                                             ;
; ADDRESS_REG_B                      ; CLOCK0               ; Untyped                                             ;
; OUTDATA_REG_B                      ; CLOCK0               ; Untyped                                             ;
; BYTEENA_REG_B                      ; CLOCK1               ; Untyped                                             ;
; INDATA_ACLR_B                      ; NONE                 ; Untyped                                             ;
; WRCONTROL_ACLR_B                   ; NONE                 ; Untyped                                             ;
; ADDRESS_ACLR_B                     ; NONE                 ; Untyped                                             ;
; OUTDATA_ACLR_B                     ; NONE                 ; Untyped                                             ;
; RDCONTROL_ACLR_B                   ; NONE                 ; Untyped                                             ;
; BYTEENA_ACLR_B                     ; NONE                 ; Untyped                                             ;
; WIDTH_BYTEENA_A                    ; 1                    ; Signed Integer                                      ;
; WIDTH_BYTEENA_B                    ; 1                    ; Untyped                                             ;
; RAM_BLOCK_TYPE                     ; M10K                 ; Untyped                                             ;
; BYTE_SIZE                          ; 8                    ; Untyped                                             ;
; READ_DURING_WRITE_MODE_MIXED_PORTS ; DONT_CARE            ; Untyped                                             ;
; READ_DURING_WRITE_MODE_PORT_A      ; NEW_DATA_NO_NBE_READ ; Untyped                                             ;
; READ_DURING_WRITE_MODE_PORT_B      ; NEW_DATA_NO_NBE_READ ; Untyped                                             ;
; INIT_FILE                          ; tilemap_b.mif        ; Untyped                                             ;
; INIT_FILE_LAYOUT                   ; PORT_A               ; Untyped                                             ;
; MAXIMUM_DEPTH                      ; 0                    ; Untyped                                             ;
; CLOCK_ENABLE_INPUT_A               ; BYPASS               ; Untyped                                             ;
; CLOCK_ENABLE_INPUT_B               ; BYPASS               ; Untyped                                             ;
; CLOCK_ENABLE_OUTPUT_A              ; NORMAL               ; Untyped                                             ;
; CLOCK_ENABLE_OUTPUT_B              ; BYPASS               ; Untyped                                             ;
; CLOCK_ENABLE_CORE_A                ; USE_INPUT_CLKEN      ; Untyped                                             ;
; CLOCK_ENABLE_CORE_B                ; USE_INPUT_CLKEN      ; Untyped                                             ;
; ENABLE_ECC                         ; FALSE                ; Untyped                                             ;
; ECC_PIPELINE_STAGE_ENABLED         ; FALSE                ; Untyped                                             ;
; WIDTH_ECCSTATUS                    ; 3                    ; Untyped                                             ;
; DEVICE_FAMILY                      ; Cyclone V            ; Untyped                                             ;
; CBXI_PARAMETER                     ; altsyncram_k422      ; Untyped                                             ;
+------------------------------------+----------------------+-----------------------------------------------------+
Note: In order to hide this table in the UI and the text report file, please set the "Show Parameter Settings in Synthesis Report" option in "Analysis and Synthesis Settings -> More Settings" to "Off".


+----------------------------------------------------------------------------------------------------------------+
; Parameter Settings for User Entity Instance: coprocessador:C0|ram_sprites:rspt|altsyncram:altsyncram_component ;
+------------------------------------+----------------------+----------------------------------------------------+
; Parameter Name                     ; Value                ; Type                                               ;
+------------------------------------+----------------------+----------------------------------------------------+
; BYTE_SIZE_BLOCK                    ; 8                    ; Untyped                                            ;
; AUTO_CARRY_CHAINS                  ; ON                   ; AUTO_CARRY                                         ;
; IGNORE_CARRY_BUFFERS               ; OFF                  ; IGNORE_CARRY                                       ;
; AUTO_CASCADE_CHAINS                ; ON                   ; AUTO_CASCADE                                       ;
; IGNORE_CASCADE_BUFFERS             ; OFF                  ; IGNORE_CASCADE                                     ;
; WIDTH_BYTEENA                      ; 1                    ; Untyped                                            ;
; OPERATION_MODE                     ; DUAL_PORT            ; Untyped                                            ;
; WIDTH_A                            ; 8                    ; Signed Integer                                     ;
; WIDTHAD_A                          ; 14                   ; Signed Integer                                     ;
; NUMWORDS_A                         ; 16384                ; Signed Integer                                     ;
; OUTDATA_REG_A                      ; UNREGISTERED         ; Untyped                                            ;
; ADDRESS_ACLR_A                     ; NONE                 ; Untyped                                            ;
; OUTDATA_ACLR_A                     ; NONE                 ; Untyped                                            ;
; WRCONTROL_ACLR_A                   ; NONE                 ; Untyped                                            ;
; INDATA_ACLR_A                      ; NONE                 ; Untyped                                            ;
; BYTEENA_ACLR_A                     ; NONE                 ; Untyped                                            ;
; WIDTH_B                            ; 8                    ; Signed Integer                                     ;
; WIDTHAD_B                          ; 14                   ; Signed Integer                                     ;
; NUMWORDS_B                         ; 16384                ; Signed Integer                                     ;
; INDATA_REG_B                       ; CLOCK1               ; Untyped                                            ;
; WRCONTROL_WRADDRESS_REG_B          ; CLOCK1               ; Untyped                                            ;
; RDCONTROL_REG_B                    ; CLOCK1               ; Untyped                                            ;
; ADDRESS_REG_B                      ; CLOCK0               ; Untyped                                            ;
; OUTDATA_REG_B                      ; CLOCK0               ; Untyped                                            ;
; BYTEENA_REG_B                      ; CLOCK1               ; Untyped                                            ;
; INDATA_ACLR_B                      ; NONE                 ; Untyped                                            ;
; WRCONTROL_ACLR_B                   ; NONE                 ; Untyped                                            ;
; ADDRESS_ACLR_B                     ; NONE                 ; Untyped                                            ;
; OUTDATA_ACLR_B                     ; NONE                 ; Untyped                                            ;
; RDCONTROL_ACLR_B                   ; NONE                 ; Untyped                                            ;
; BYTEENA_ACLR_B                     ; NONE                 ; Untyped                                            ;
; WIDTH_BYTEENA_A                    ; 1                    ; Signed Integer                                     ;
; WIDTH_BYTEENA_B                    ; 1                    ; Untyped                                            ;
; RAM_BLOCK_TYPE                     ; M10K                 ; Untyped                                            ;
; BYTE_SIZE                          ; 8                    ; Untyped                                            ;
; READ_DURING_WRITE_MODE_MIXED_PORTS ; DONT_CARE            ; Untyped                                            ;
; READ_DURING_WRITE_MODE_PORT_A      ; NEW_DATA_NO_NBE_READ ; Untyped                                            ;
; READ_DURING_WRITE_MODE_PORT_B      ; NEW_DATA_NO_NBE_READ ; Untyped                                            ;
; INIT_FILE                          ; padroes_sprites.mif  ; Untyped                                            ;
; INIT_FILE_LAYOUT                   ; PORT_A               ; Untyped                                            ;
; MAXIMUM_DEPTH                      ; 0                    ; Untyped                                            ;
; CLOCK_ENABLE_INPUT_A               ; BYPASS               ; Untyped                                            ;
; CLOCK_ENABLE_INPUT_B               ; BYPASS               ; Untyped                                            ;
; CLOCK_ENABLE_OUTPUT_A              ; NORMAL               ; Untyped                                            ;
; CLOCK_ENABLE_OUTPUT_B              ; BYPASS               ; Untyped                                            ;
; CLOCK_ENABLE_CORE_A                ; USE_INPUT_CLKEN      ; Untyped                                            ;
; CLOCK_ENABLE_CORE_B                ; USE_INPUT_CLKEN      ; Untyped                                            ;
; ENABLE_ECC                         ; FALSE                ; Untyped                                            ;
; ECC_PIPELINE_STAGE_ENABLED         ; FALSE                ; Untyped                                            ;
; WIDTH_ECCSTATUS                    ; 3                    ; Untyped                                            ;
; DEVICE_FAMILY                      ; Cyclone V            ; Untyped                                            ;
; CBXI_PARAMETER                     ; altsyncram_kt22      ; Untyped                                            ;
+------------------------------------+----------------------+----------------------------------------------------+
Note: In order to hide this table in the UI and the text report file, please set the "Show Parameter Settings in Synthesis Report" option in "Analysis and Synthesis Settings -> More Settings" to "Off".


+----------------------------------------------------------------------------------------------------------------------+
; Parameter Settings for User Entity Instance: coprocessador:C0|ram_padrao_tiles:ramtp|altsyncram:altsyncram_component ;
+------------------------------------+----------------------+----------------------------------------------------------+
; Parameter Name                     ; Value                ; Type                                                     ;
+------------------------------------+----------------------+----------------------------------------------------------+
; BYTE_SIZE_BLOCK                    ; 8                    ; Untyped                                                  ;
; AUTO_CARRY_CHAINS                  ; ON                   ; AUTO_CARRY                                               ;
; IGNORE_CARRY_BUFFERS               ; OFF                  ; IGNORE_CARRY                                             ;
; AUTO_CASCADE_CHAINS                ; ON                   ; AUTO_CASCADE                                             ;
; IGNORE_CASCADE_BUFFERS             ; OFF                  ; IGNORE_CASCADE                                           ;
; WIDTH_BYTEENA                      ; 1                    ; Untyped                                                  ;
; OPERATION_MODE                     ; DUAL_PORT            ; Untyped                                                  ;
; WIDTH_A                            ; 8                    ; Signed Integer                                           ;
; WIDTHAD_A                          ; 14                   ; Signed Integer                                           ;
; NUMWORDS_A                         ; 16384                ; Signed Integer                                           ;
; OUTDATA_REG_A                      ; UNREGISTERED         ; Untyped                                                  ;
; ADDRESS_ACLR_A                     ; NONE                 ; Untyped                                                  ;
; OUTDATA_ACLR_A                     ; NONE                 ; Untyped                                                  ;
; WRCONTROL_ACLR_A                   ; NONE                 ; Untyped                                                  ;
; INDATA_ACLR_A                      ; NONE                 ; Untyped                                                  ;
; BYTEENA_ACLR_A                     ; NONE                 ; Untyped                                                  ;
; WIDTH_B                            ; 8                    ; Signed Integer                                           ;
; WIDTHAD_B                          ; 14                   ; Signed Integer                                           ;
; NUMWORDS_B                         ; 16384                ; Signed Integer                                           ;
; INDATA_REG_B                       ; CLOCK1               ; Untyped                                                  ;
; WRCONTROL_WRADDRESS_REG_B          ; CLOCK1               ; Untyped                                                  ;
; RDCONTROL_REG_B                    ; CLOCK1               ; Untyped                                                  ;
; ADDRESS_REG_B                      ; CLOCK0               ; Untyped                                                  ;
; OUTDATA_REG_B                      ; CLOCK0               ; Untyped                                                  ;
; BYTEENA_REG_B                      ; CLOCK1               ; Untyped                                                  ;
; INDATA_ACLR_B                      ; NONE                 ; Untyped                                                  ;
; WRCONTROL_ACLR_B                   ; NONE                 ; Untyped                                                  ;
; ADDRESS_ACLR_B                     ; NONE                 ; Untyped                                                  ;
; OUTDATA_ACLR_B                     ; NONE                 ; Untyped                                                  ;
; RDCONTROL_ACLR_B                   ; NONE                 ; Untyped                                                  ;
; BYTEENA_ACLR_B                     ; NONE                 ; Untyped                                                  ;
; WIDTH_BYTEENA_A                    ; 1                    ; Signed Integer                                           ;
; WIDTH_BYTEENA_B                    ; 1                    ; Untyped                                                  ;
; RAM_BLOCK_TYPE                     ; M10K                 ; Untyped                                                  ;
; BYTE_SIZE                          ; 8                    ; Untyped                                                  ;
; READ_DURING_WRITE_MODE_MIXED_PORTS ; DONT_CARE            ; Untyped                                                  ;
; READ_DURING_WRITE_MODE_PORT_A      ; NEW_DATA_NO_NBE_READ ; Untyped                                                  ;
; READ_DURING_WRITE_MODE_PORT_B      ; NEW_DATA_NO_NBE_READ ; Untyped                                                  ;
; INIT_FILE                          ; padroes_tiles.mif    ; Untyped                                                  ;
; INIT_FILE_LAYOUT                   ; PORT_A               ; Untyped                                                  ;
; MAXIMUM_DEPTH                      ; 0                    ; Untyped                                                  ;
; CLOCK_ENABLE_INPUT_A               ; BYPASS               ; Untyped                                                  ;
; CLOCK_ENABLE_INPUT_B               ; BYPASS               ; Untyped                                                  ;
; CLOCK_ENABLE_OUTPUT_A              ; NORMAL               ; Untyped                                                  ;
; CLOCK_ENABLE_OUTPUT_B              ; BYPASS               ; Untyped                                                  ;
; CLOCK_ENABLE_CORE_A                ; USE_INPUT_CLKEN      ; Untyped                                                  ;
; CLOCK_ENABLE_CORE_B                ; USE_INPUT_CLKEN      ; Untyped                                                  ;
; ENABLE_ECC                         ; FALSE                ; Untyped                                                  ;
; ECC_PIPELINE_STAGE_ENABLED         ; FALSE                ; Untyped                                                  ;
; WIDTH_ECCSTATUS                    ; 3                    ; Untyped                                                  ;
; DEVICE_FAMILY                      ; Cyclone V            ; Untyped                                                  ;
; CBXI_PARAMETER                     ; altsyncram_bm22      ; Untyped                                                  ;
+------------------------------------+----------------------+----------------------------------------------------------+
Note: In order to hide this table in the UI and the text report file, please set the "Show Parameter Settings in Synthesis Report" option in "Analysis and Synthesis Settings -> More Settings" to "Off".


+--------------------------------------------------------------------------------+
; Parameter Settings for User Entity Instance: coprocessador:C0|vga_driver:u_vga ;
+----------------+------------+--------------------------------------------------+
; Parameter Name ; Value      ; Type                                             ;
+----------------+------------+--------------------------------------------------+
; H_ACTIVE       ; 1001111111 ; Unsigned Binary                                  ;
; H_FRONT        ; 0000001111 ; Unsigned Binary                                  ;
; H_PULSE        ; 0001011111 ; Unsigned Binary                                  ;
; H_BACK         ; 0000101111 ; Unsigned Binary                                  ;
; V_ACTIVE       ; 0111011111 ; Unsigned Binary                                  ;
; V_FRONT        ; 0000001001 ; Unsigned Binary                                  ;
; V_PULSE        ; 0000000001 ; Unsigned Binary                                  ;
; V_BACK         ; 0000100000 ; Unsigned Binary                                  ;
; LOW            ; 0          ; Unsigned Binary                                  ;
; HIGH           ; 1          ; Unsigned Binary                                  ;
; H_ACTIVE_STATE ; 00000000   ; Unsigned Binary                                  ;
; H_FRONT_STATE  ; 00000001   ; Unsigned Binary                                  ;
; H_PULSE_STATE  ; 00000010   ; Unsigned Binary                                  ;
; H_BACK_STATE   ; 00000011   ; Unsigned Binary                                  ;
; V_ACTIVE_STATE ; 00000000   ; Unsigned Binary                                  ;
; V_FRONT_STATE  ; 00000001   ; Unsigned Binary                                  ;
; V_PULSE_STATE  ; 00000010   ; Unsigned Binary                                  ;
; V_BACK_STATE   ; 00000011   ; Unsigned Binary                                  ;
+----------------+------------+--------------------------------------------------+
Note: In order to hide this table in the UI and the text report file, please set the "Show Parameter Settings in Synthesis Report" option in "Analysis and Synthesis Settings -> More Settings" to "Off".


+---------------------------------------------------------------------------------------------------------------------+
; altsyncram Parameter Settings by Entity Instance                                                                    ;
+-------------------------------------------+-------------------------------------------------------------------------+
; Name                                      ; Value                                                                   ;
+-------------------------------------------+-------------------------------------------------------------------------+
; Number of entity instances                ; 4                                                                       ;
; Entity Instance                           ; coprocessador:C0|ram_tilemap:ramA|altsyncram:altsyncram_component       ;
;     -- OPERATION_MODE                     ; DUAL_PORT                                                               ;
;     -- WIDTH_A                            ; 8                                                                       ;
;     -- NUMWORDS_A                         ; 2048                                                                    ;
;     -- OUTDATA_REG_A                      ; UNREGISTERED                                                            ;
;     -- WIDTH_B                            ; 8                                                                       ;
;     -- NUMWORDS_B                         ; 2048                                                                    ;
;     -- ADDRESS_REG_B                      ; CLOCK0                                                                  ;
;     -- OUTDATA_REG_B                      ; CLOCK0                                                                  ;
;     -- RAM_BLOCK_TYPE                     ; M10K                                                                    ;
;     -- READ_DURING_WRITE_MODE_MIXED_PORTS ; DONT_CARE                                                               ;
; Entity Instance                           ; coprocessador:C0|ram_tilemapB:ramB|altsyncram:altsyncram_component      ;
;     -- OPERATION_MODE                     ; DUAL_PORT                                                               ;
;     -- WIDTH_A                            ; 8                                                                       ;
;     -- NUMWORDS_A                         ; 2048                                                                    ;
;     -- OUTDATA_REG_A                      ; UNREGISTERED                                                            ;
;     -- WIDTH_B                            ; 8                                                                       ;
;     -- NUMWORDS_B                         ; 2048                                                                    ;
;     -- ADDRESS_REG_B                      ; CLOCK0                                                                  ;
;     -- OUTDATA_REG_B                      ; CLOCK0                                                                  ;
;     -- RAM_BLOCK_TYPE                     ; M10K                                                                    ;
;     -- READ_DURING_WRITE_MODE_MIXED_PORTS ; DONT_CARE                                                               ;
; Entity Instance                           ; coprocessador:C0|ram_sprites:rspt|altsyncram:altsyncram_component       ;
;     -- OPERATION_MODE                     ; DUAL_PORT                                                               ;
;     -- WIDTH_A                            ; 8                                                                       ;
;     -- NUMWORDS_A                         ; 16384                                                                   ;
;     -- OUTDATA_REG_A                      ; UNREGISTERED                                                            ;
;     -- WIDTH_B                            ; 8                                                                       ;
;     -- NUMWORDS_B                         ; 16384                                                                   ;
;     -- ADDRESS_REG_B                      ; CLOCK0                                                                  ;
;     -- OUTDATA_REG_B                      ; CLOCK0                                                                  ;
;     -- RAM_BLOCK_TYPE                     ; M10K                                                                    ;
;     -- READ_DURING_WRITE_MODE_MIXED_PORTS ; DONT_CARE                                                               ;
; Entity Instance                           ; coprocessador:C0|ram_padrao_tiles:ramtp|altsyncram:altsyncram_component ;
;     -- OPERATION_MODE                     ; DUAL_PORT                                                               ;
;     -- WIDTH_A                            ; 8                                                                       ;
;     -- NUMWORDS_A                         ; 16384                                                                   ;
;     -- OUTDATA_REG_A                      ; UNREGISTERED                                                            ;
;     -- WIDTH_B                            ; 8                                                                       ;
;     -- NUMWORDS_B                         ; 16384                                                                   ;
;     -- ADDRESS_REG_B                      ; CLOCK0                                                                  ;
;     -- OUTDATA_REG_B                      ; CLOCK0                                                                  ;
;     -- RAM_BLOCK_TYPE                     ; M10K                                                                    ;
;     -- READ_DURING_WRITE_MODE_MIXED_PORTS ; DONT_CARE                                                               ;
+-------------------------------------------+-------------------------------------------------------------------------+


+--------------------------------------------------------------------------------+
; Port Connectivity Checks: "coprocessador:C0|rasterizador_multi:u_rasterizador" ;
+-------------+-------+----------+-----------------------------------------------+
; Port        ; Type  ; Severity ; Details                                       ;
+-------------+-------+----------+-----------------------------------------------+
; logico_x[9] ; Input ; Info     ; Stuck at GND                                  ;
; logico_y[9] ; Input ; Info     ; Stuck at GND                                  ;
+-------------+-------+----------+-----------------------------------------------+


+---------------------------------------------------------------------+
; Port Connectivity Checks: "coprocessador:C0|ram_padrao_tiles:ramtp" ;
+-----------+-------+----------+--------------------------------------+
; Port      ; Type  ; Severity ; Details                              ;
+-----------+-------+----------+--------------------------------------+
; data      ; Input ; Info     ; Stuck at GND                         ;
; wraddress ; Input ; Info     ; Stuck at GND                         ;
; wren      ; Input ; Info     ; Stuck at GND                         ;
+-----------+-------+----------+--------------------------------------+


+--------------------------------------------------------------------------------------------------------------------------------------------------------------------------------------+
; Port Connectivity Checks: "coprocessador:C0|ram_sprites:rspt"                                                                                                                        ;
+-----------+-------+----------+-------------------------------------------------------------------------------------------------------------------------------------------------------+
; Port      ; Type  ; Severity ; Details                                                                                                                                               ;
+-----------+-------+----------+-------------------------------------------------------------------------------------------------------------------------------------------------------+
; data      ; Input ; Info     ; Stuck at GND                                                                                                                                          ;
; rdaddress ; Input ; Warning  ; Input port expression (13 bits) is smaller than the input port (14 bits) it drives.  Extra input bit(s) "rdaddress[13..13]" will be connected to GND. ;
; wraddress ; Input ; Warning  ; Input port expression (13 bits) is smaller than the input port (14 bits) it drives.  Extra input bit(s) "wraddress[13..13]" will be connected to GND. ;
; wraddress ; Input ; Info     ; Stuck at GND                                                                                                                                          ;
; wren      ; Input ; Info     ; Stuck at GND                                                                                                                                          ;
+-----------+-------+----------+-------------------------------------------------------------------------------------------------------------------------------------------------------+


+----------------------------------------------------------------+
; Port Connectivity Checks: "coprocessador:C0|ram_tilemapB:ramB" ;
+-----------+-------+----------+---------------------------------+
; Port      ; Type  ; Severity ; Details                         ;
+-----------+-------+----------+---------------------------------+
; data      ; Input ; Info     ; Stuck at GND                    ;
; wraddress ; Input ; Info     ; Stuck at GND                    ;
; wren      ; Input ; Info     ; Stuck at GND                    ;
+-----------+-------+----------+---------------------------------+


+---------------------------------------------------------------+
; Port Connectivity Checks: "coprocessador:C0|ram_tilemap:ramA" ;
+-----------+-------+----------+--------------------------------+
; Port      ; Type  ; Severity ; Details                        ;
+-----------+-------+----------+--------------------------------+
; data      ; Input ; Info     ; Stuck at GND                   ;
; wraddress ; Input ; Info     ; Stuck at GND                   ;
; wren      ; Input ; Info     ; Stuck at GND                   ;
+-----------+-------+----------+--------------------------------+


+--------------------------------------------------------------------------------------------------------------------------+
; Port Connectivity Checks: "coprocessador:C0|banco_registradores:u_regs"                                                  ;
+----------------+--------+----------+-------------------------------------------------------------------------------------+
; Port           ; Type   ; Severity ; Details                                                                             ;
+----------------+--------+----------+-------------------------------------------------------------------------------------+
; sprite_sel     ; Output ; Info     ; Connected to dangling logic. Logic that only feeds a dangling port will be removed. ;
; ovr_spr1_x     ; Output ; Info     ; Connected to dangling logic. Logic that only feeds a dangling port will be removed. ;
; ovr_prioridade ; Output ; Info     ; Connected to dangling logic. Logic that only feeds a dangling port will be removed. ;
; status         ; Output ; Info     ; Connected to dangling logic. Logic that only feeds a dangling port will be removed. ;
+----------------+--------+----------+-------------------------------------------------------------------------------------+


+---------------------------------------------------------------------------------------------------+
; Port Connectivity Checks: "coprocessador:C0|porta_estimulo:u_estimulo|mov_continuo:u_move_sprite" ;
+----------------+--------+----------+--------------------------------------------------------------+
; Port           ; Type   ; Severity ; Details                                                      ;
+----------------+--------+----------+--------------------------------------------------------------+
; reinit_x[2..1] ; Input  ; Info     ; Stuck at VCC                                                 ;
; reinit_x[6..5] ; Input  ; Info     ; Stuck at GND                                                 ;
; reinit_x[8]    ; Input  ; Info     ; Stuck at GND                                                 ;
; reinit_x[7]    ; Input  ; Info     ; Stuck at VCC                                                 ;
; reinit_x[4]    ; Input  ; Info     ; Stuck at VCC                                                 ;
; reinit_x[3]    ; Input  ; Info     ; Stuck at GND                                                 ;
; reinit_x[0]    ; Input  ; Info     ; Stuck at GND                                                 ;
; reinit_y[6..5] ; Input  ; Info     ; Stuck at VCC                                                 ;
; reinit_y[8..7] ; Input  ; Info     ; Stuck at GND                                                 ;
; reinit_y[4..3] ; Input  ; Info     ; Stuck at GND                                                 ;
; reinit_y[1..0] ; Input  ; Info     ; Stuck at GND                                                 ;
; reinit_y[2]    ; Input  ; Info     ; Stuck at VCC                                                 ;
; end_x[15..3]   ; Input  ; Info     ; Stuck at GND                                                 ;
; end_x[1..0]    ; Input  ; Info     ; Stuck at GND                                                 ;
; end_x[2]       ; Input  ; Info     ; Stuck at VCC                                                 ;
; end_y[15..3]   ; Input  ; Info     ; Stuck at GND                                                 ;
; end_y[2]       ; Input  ; Info     ; Stuck at VCC                                                 ;
; end_y[1]       ; Input  ; Info     ; Stuck at GND                                                 ;
; end_y[0]       ; Input  ; Info     ; Stuck at VCC                                                 ;
; x_local        ; Output ; Info     ; Explicitly unconnected                                       ;
; y_local        ; Output ; Info     ; Explicitly unconnected                                       ;
+----------------+--------+----------+--------------------------------------------------------------+


+-------------------------------------------------------------------------------------------------+
; Port Connectivity Checks: "coprocessador:C0|porta_estimulo:u_estimulo|mov_continuo:u_scroll_bg" ;
+--------------+--------+----------+--------------------------------------------------------------+
; Port         ; Type   ; Severity ; Details                                                      ;
+--------------+--------+----------+--------------------------------------------------------------+
; reinit_x     ; Input  ; Info     ; Stuck at GND                                                 ;
; reinit_y     ; Input  ; Info     ; Stuck at GND                                                 ;
; end_x[15..1] ; Input  ; Info     ; Stuck at GND                                                 ;
; end_x[0]     ; Input  ; Info     ; Stuck at VCC                                                 ;
; end_y[15..2] ; Input  ; Info     ; Stuck at GND                                                 ;
; end_y[1]     ; Input  ; Info     ; Stuck at VCC                                                 ;
; end_y[0]     ; Input  ; Info     ; Stuck at GND                                                 ;
; x_local      ; Output ; Info     ; Explicitly unconnected                                       ;
; y_local      ; Output ; Info     ; Explicitly unconnected                                       ;
+--------------+--------+----------+--------------------------------------------------------------+


+-------------------------------------------------------------------------------------------------------------------------+
; Port Connectivity Checks: "coprocessador:C0|porta_estimulo:u_estimulo"                                                  ;
+---------------+--------+----------+-------------------------------------------------------------------------------------+
; Port          ; Type   ; Severity ; Details                                                                             ;
+---------------+--------+----------+-------------------------------------------------------------------------------------+
; cenario_ativo ; Output ; Info     ; Connected to dangling logic. Logic that only feeds a dangling port will be removed. ;
+---------------+--------+----------+-------------------------------------------------------------------------------------+


+------------------------------------------------------------------------------------------------------------------------------------------------------------------------+
; Port Connectivity Checks: "coprocessador:C0|meu_pll:u_pll"                                                                                                             ;
+------+-------+----------+----------------------------------------------------------------------------------------------------------------------------------------------+
; Port ; Type  ; Severity ; Details                                                                                                                                      ;
+------+-------+----------+----------------------------------------------------------------------------------------------------------------------------------------------+
; rst  ; Input ; Warning  ; Declared by entity but not connected by instance. If a default value exists, it will be used.  Otherwise, the port will be connected to GND. ;
+------+-------+----------+----------------------------------------------------------------------------------------------------------------------------------------------+


+-----------------------------------------------------+
; Post-Synthesis Netlist Statistics for Top Partition ;
+-----------------------+-----------------------------+
; Type                  ; Count                       ;
+-----------------------+-----------------------------+
; arriav_ff             ; 1612                        ;
;     CLR               ; 58                          ;
;     CLR SCLR          ; 10                          ;
;     ENA               ; 331                         ;
;     ENA CLR SCLR      ; 10                          ;
;     ENA SCLR          ; 1011                        ;
;     ENA SLD           ; 18                          ;
;     SCLR              ; 120                         ;
;     SCLR SLD          ; 1                           ;
;     plain             ; 53                          ;
; arriav_io_obuf        ; 96                          ;
; arriav_lcell_comb     ; 3872                        ;
;     arith             ; 668                         ;
;         0 data inputs ; 83                          ;
;         1 data inputs ; 294                         ;
;         2 data inputs ; 3                           ;
;         3 data inputs ; 33                          ;
;         4 data inputs ; 10                          ;
;         5 data inputs ; 245                         ;
;     extend            ; 28                          ;
;         7 data inputs ; 28                          ;
;     normal            ; 2912                        ;
;         0 data inputs ; 2                           ;
;         1 data inputs ; 5                           ;
;         2 data inputs ; 103                         ;
;         3 data inputs ; 144                         ;
;         4 data inputs ; 248                         ;
;         5 data inputs ; 921                         ;
;         6 data inputs ; 1489                        ;
;     shared            ; 264                         ;
;         0 data inputs ; 48                          ;
;         2 data inputs ; 216                         ;
; arriav_mac            ; 24                          ;
; boundary_port         ; 241                         ;
; generic_pll           ; 2                           ;
; stratixv_ram_block    ; 40                          ;
;                       ;                             ;
; Max LUT depth         ; 137.20                      ;
; Average LUT depth     ; 41.48                       ;
+-----------------------+-----------------------------+


+-------------------------------+
; Elapsed Time Per Partition    ;
+----------------+--------------+
; Partition Name ; Elapsed Time ;
+----------------+--------------+
; Top            ; 00:00:25     ;
+----------------+--------------+


+-------------------------------+
; Analysis & Synthesis Messages ;
+-------------------------------+
Info: *******************************************************************
Info: Running Quartus Prime Analysis & Synthesis
    Info: Version 25.1std.0 Build 1129 10/21/2025 SC Lite Edition
    Info: Processing started: Mon Aug 31 17:33:36 2026
Info: Command: quartus_map --read_settings_files=on --write_settings_files=off coprocessador -c coprocessador
Warning (125092): Tcl Script File meu_pll.sip not found
    Info (125063): set_global_assignment -name SIP_FILE meu_pll.sip
Warning (18236): Number of processors has not been specified which may cause overloading on shared machines.  Set the global assignment NUM_PARALLEL_PROCESSORS in your QSF to an appropriate value for best performance.
Info (20030): Parallel compilation is enabled and will use 2 of the 2 processors detected
Warning (10259): Verilog HDL error at mov_continuo.v(59): constant value overflow File: C:/Users/junio/Downloads/PBLSD1/coprocessador_grafico_versao_final_com_esp_V_e_H/coprocessador_grafico/Modulo_VGA/mov_continuo.v Line: 59
Warning (10259): Verilog HDL error at mov_continuo.v(62): constant value overflow File: C:/Users/junio/Downloads/PBLSD1/coprocessador_grafico_versao_final_com_esp_V_e_H/coprocessador_grafico/Modulo_VGA/mov_continuo.v Line: 62
Warning (10259): Verilog HDL error at mov_continuo.v(65): constant value overflow File: C:/Users/junio/Downloads/PBLSD1/coprocessador_grafico_versao_final_com_esp_V_e_H/coprocessador_grafico/Modulo_VGA/mov_continuo.v Line: 65
Warning (10259): Verilog HDL error at mov_continuo.v(68): constant value overflow File: C:/Users/junio/Downloads/PBLSD1/coprocessador_grafico_versao_final_com_esp_V_e_H/coprocessador_grafico/Modulo_VGA/mov_continuo.v Line: 68
Warning (10259): Verilog HDL error at mov_continuo.v(76): constant value overflow File: C:/Users/junio/Downloads/PBLSD1/coprocessador_grafico_versao_final_com_esp_V_e_H/coprocessador_grafico/Modulo_VGA/mov_continuo.v Line: 76
Warning (10259): Verilog HDL error at mov_continuo.v(79): constant value overflow File: C:/Users/junio/Downloads/PBLSD1/coprocessador_grafico_versao_final_com_esp_V_e_H/coprocessador_grafico/Modulo_VGA/mov_continuo.v Line: 79
Warning (10259): Verilog HDL error at mov_continuo.v(82): constant value overflow File: C:/Users/junio/Downloads/PBLSD1/coprocessador_grafico_versao_final_com_esp_V_e_H/coprocessador_grafico/Modulo_VGA/mov_continuo.v Line: 82
Warning (10259): Verilog HDL error at mov_continuo.v(85): constant value overflow File: C:/Users/junio/Downloads/PBLSD1/coprocessador_grafico_versao_final_com_esp_V_e_H/coprocessador_grafico/Modulo_VGA/mov_continuo.v Line: 85
Info (12021): Found 1 design units, including 1 entities, in source file modulo_vga/mov_continuo.v
    Info (12023): Found entity 1: mov_continuo File: C:/Users/junio/Downloads/PBLSD1/coprocessador_grafico_versao_final_com_esp_V_e_H/coprocessador_grafico/Modulo_VGA/mov_continuo.v Line: 1
Info (12021): Found 1 design units, including 1 entities, in source file modulo_vga/vga_driver.v
    Info (12023): Found entity 1: vga_driver File: C:/Users/junio/Downloads/PBLSD1/coprocessador_grafico_versao_final_com_esp_V_e_H/coprocessador_grafico/Modulo_VGA/vga_driver.v Line: 1
Info (12021): Found 1 design units, including 1 entities, in source file motores/motor_background.v
    Info (12023): Found entity 1: motor_background File: C:/Users/junio/Downloads/PBLSD1/coprocessador_grafico_versao_final_com_esp_V_e_H/coprocessador_grafico/Motores/motor_background.v Line: 1
Info (12021): Found 1 design units, including 1 entities, in source file motores/motor_sprites.v
    Info (12023): Found entity 1: motor_sprites File: C:/Users/junio/Downloads/PBLSD1/coprocessador_grafico_versao_final_com_esp_V_e_H/coprocessador_grafico/Motores/motor_sprites.v Line: 1
Info (12021): Found 1 design units, including 1 entities, in source file motores/rasterizador_multi.v
    Info (12023): Found entity 1: rasterizador_multi File: C:/Users/junio/Downloads/PBLSD1/coprocessador_grafico_versao_final_com_esp_V_e_H/coprocessador_grafico/Motores/rasterizador_multi.v Line: 1
Info (12021): Found 1 design units, including 1 entities, in source file pllpara100.v
    Info (12023): Found entity 1: pllpara100 File: C:/Users/junio/Downloads/PBLSD1/coprocessador_grafico_versao_final_com_esp_V_e_H/coprocessador_grafico/pllpara100.v Line: 8
Info (12021): Found 1 design units, including 1 entities, in source file pllpara100/pllpara100_0002.v
    Info (12023): Found entity 1: pllpara100_0002 File: C:/Users/junio/Downloads/PBLSD1/coprocessador_grafico_versao_final_com_esp_V_e_H/coprocessador_grafico/pllpara100/pllpara100_0002.v Line: 2
Info (12021): Found 1 design units, including 1 entities, in source file de1_soc_golden_top.v
    Info (12023): Found entity 1: DE1_SOC_golden_top File: C:/Users/junio/Downloads/PBLSD1/coprocessador_grafico_versao_final_com_esp_V_e_H/coprocessador_grafico/DE1_SOC_golden_top.v Line: 54
Info (12021): Found 1 design units, including 1 entities, in source file banco_registradores.v
    Info (12023): Found entity 1: banco_registradores File: C:/Users/junio/Downloads/PBLSD1/coprocessador_grafico_versao_final_com_esp_V_e_H/coprocessador_grafico/banco_registradores.v Line: 29
Info (12021): Found 1 design units, including 1 entities, in source file compositor.v
    Info (12023): Found entity 1: compositor File: C:/Users/junio/Downloads/PBLSD1/coprocessador_grafico_versao_final_com_esp_V_e_H/coprocessador_grafico/compositor.v Line: 1
Info (12021): Found 1 design units, including 1 entities, in source file coprocessador.v
    Info (12023): Found entity 1: coprocessador File: C:/Users/junio/Downloads/PBLSD1/coprocessador_grafico_versao_final_com_esp_V_e_H/coprocessador_grafico/coprocessador.v Line: 1
Info (12021): Found 1 design units, including 1 entities, in source file debounce_edge.v
    Info (12023): Found entity 1: debounce_edge File: C:/Users/junio/Downloads/PBLSD1/coprocessador_grafico_versao_final_com_esp_V_e_H/coprocessador_grafico/debounce_edge.v Line: 1
Info (12021): Found 1 design units, including 1 entities, in source file porta_estimulo.v
    Info (12023): Found entity 1: porta_estimulo File: C:/Users/junio/Downloads/PBLSD1/coprocessador_grafico_versao_final_com_esp_V_e_H/coprocessador_grafico/porta_estimulo.v Line: 1
Info (12021): Found 1 design units, including 1 entities, in source file ram_sdp_mif.v
    Info (12023): Found entity 1: ram_sdp_mif File: C:/Users/junio/Downloads/PBLSD1/coprocessador_grafico_versao_final_com_esp_V_e_H/coprocessador_grafico/ram_sdp_mif.v Line: 14
Warning (12019): Can't analyze file -- file vga_driver.v is missing
Info (12021): Found 1 design units, including 1 entities, in source file meu_pll.v
    Info (12023): Found entity 1: meu_pll File: C:/Users/junio/Downloads/PBLSD1/coprocessador_grafico_versao_final_com_esp_V_e_H/coprocessador_grafico/meu_pll.v Line: 8
Info (12021): Found 1 design units, including 1 entities, in source file meu_pll/meu_pll_0002.v
    Info (12023): Found entity 1: meu_pll_0002 File: C:/Users/junio/Downloads/PBLSD1/coprocessador_grafico_versao_final_com_esp_V_e_H/coprocessador_grafico/meu_pll/meu_pll_0002.v Line: 2
Info (12021): Found 1 design units, including 1 entities, in source file ram_tilemap.v
    Info (12023): Found entity 1: ram_tilemap File: C:/Users/junio/Downloads/PBLSD1/coprocessador_grafico_versao_final_com_esp_V_e_H/coprocessador_grafico/ram_tilemap.v Line: 40
Info (12021): Found 1 design units, including 1 entities, in source file ram_sprites.v
    Info (12023): Found entity 1: ram_sprites File: C:/Users/junio/Downloads/PBLSD1/coprocessador_grafico_versao_final_com_esp_V_e_H/coprocessador_grafico/ram_sprites.v Line: 40
Info (12021): Found 1 design units, including 1 entities, in source file ram_padrao_tiles.v
    Info (12023): Found entity 1: ram_padrao_tiles File: C:/Users/junio/Downloads/PBLSD1/coprocessador_grafico_versao_final_com_esp_V_e_H/coprocessador_grafico/ram_padrao_tiles.v Line: 40
Info (12021): Found 1 design units, including 1 entities, in source file ram_tilemapb.v
    Info (12023): Found entity 1: ram_tilemapB File: C:/Users/junio/Downloads/PBLSD1/coprocessador_grafico_versao_final_com_esp_V_e_H/coprocessador_grafico/ram_tilemapB.v Line: 40
Info (12021): Found 1 design units, including 1 entities, in source file ram_padrao_sprite.v
    Info (12023): Found entity 1: ram_padrao_sprite File: C:/Users/junio/Downloads/PBLSD1/coprocessador_grafico_versao_final_com_esp_V_e_H/coprocessador_grafico/ram_padrao_sprite.v Line: 40
Info (12127): Elaborating entity "DE1_SOC_golden_top" for the top level hierarchy
Warning (10034): Output port "DRAM_ADDR" at DE1_SOC_golden_top.v(100) has no driver File: C:/Users/junio/Downloads/PBLSD1/coprocessador_grafico_versao_final_com_esp_V_e_H/coprocessador_grafico/DE1_SOC_golden_top.v Line: 100
Warning (10034): Output port "DRAM_BA" at DE1_SOC_golden_top.v(101) has no driver File: C:/Users/junio/Downloads/PBLSD1/coprocessador_grafico_versao_final_com_esp_V_e_H/coprocessador_grafico/DE1_SOC_golden_top.v Line: 101
Warning (10034): Output port "ADC_CONVST" at DE1_SOC_golden_top.v(59) has no driver File: C:/Users/junio/Downloads/PBLSD1/coprocessador_grafico_versao_final_com_esp_V_e_H/coprocessador_grafico/DE1_SOC_golden_top.v Line: 59
Warning (10034): Output port "ADC_DIN" at DE1_SOC_golden_top.v(60) has no driver File: C:/Users/junio/Downloads/PBLSD1/coprocessador_grafico_versao_final_com_esp_V_e_H/coprocessador_grafico/DE1_SOC_golden_top.v Line: 60
Warning (10034): Output port "ADC_SCLK" at DE1_SOC_golden_top.v(62) has no driver File: C:/Users/junio/Downloads/PBLSD1/coprocessador_grafico_versao_final_com_esp_V_e_H/coprocessador_grafico/DE1_SOC_golden_top.v Line: 62
Warning (10034): Output port "AUD_DACDAT" at DE1_SOC_golden_top.v(72) has no driver File: C:/Users/junio/Downloads/PBLSD1/coprocessador_grafico_versao_final_com_esp_V_e_H/coprocessador_grafico/DE1_SOC_golden_top.v Line: 72
Warning (10034): Output port "AUD_XCK" at DE1_SOC_golden_top.v(74) has no driver File: C:/Users/junio/Downloads/PBLSD1/coprocessador_grafico_versao_final_com_esp_V_e_H/coprocessador_grafico/DE1_SOC_golden_top.v Line: 74
Warning (10034): Output port "DRAM_CAS_N" at DE1_SOC_golden_top.v(102) has no driver File: C:/Users/junio/Downloads/PBLSD1/coprocessador_grafico_versao_final_com_esp_V_e_H/coprocessador_grafico/DE1_SOC_golden_top.v Line: 102
Warning (10034): Output port "DRAM_CKE" at DE1_SOC_golden_top.v(103) has no driver File: C:/Users/junio/Downloads/PBLSD1/coprocessador_grafico_versao_final_com_esp_V_e_H/coprocessador_grafico/DE1_SOC_golden_top.v Line: 103
Warning (10034): Output port "DRAM_CLK" at DE1_SOC_golden_top.v(104) has no driver File: C:/Users/junio/Downloads/PBLSD1/coprocessador_grafico_versao_final_com_esp_V_e_H/coprocessador_grafico/DE1_SOC_golden_top.v Line: 104
Warning (10034): Output port "DRAM_CS_N" at DE1_SOC_golden_top.v(105) has no driver File: C:/Users/junio/Downloads/PBLSD1/coprocessador_grafico_versao_final_com_esp_V_e_H/coprocessador_grafico/DE1_SOC_golden_top.v Line: 105
Warning (10034): Output port "DRAM_LDQM" at DE1_SOC_golden_top.v(107) has no driver File: C:/Users/junio/Downloads/PBLSD1/coprocessador_grafico_versao_final_com_esp_V_e_H/coprocessador_grafico/DE1_SOC_golden_top.v Line: 107
Warning (10034): Output port "DRAM_RAS_N" at DE1_SOC_golden_top.v(108) has no driver File: C:/Users/junio/Downloads/PBLSD1/coprocessador_grafico_versao_final_com_esp_V_e_H/coprocessador_grafico/DE1_SOC_golden_top.v Line: 108
Warning (10034): Output port "DRAM_UDQM" at DE1_SOC_golden_top.v(109) has no driver File: C:/Users/junio/Downloads/PBLSD1/coprocessador_grafico_versao_final_com_esp_V_e_H/coprocessador_grafico/DE1_SOC_golden_top.v Line: 109
Warning (10034): Output port "DRAM_WE_N" at DE1_SOC_golden_top.v(110) has no driver File: C:/Users/junio/Downloads/PBLSD1/coprocessador_grafico_versao_final_com_esp_V_e_H/coprocessador_grafico/DE1_SOC_golden_top.v Line: 110
Warning (10034): Output port "FAN_CTRL" at DE1_SOC_golden_top.v(115) has no driver File: C:/Users/junio/Downloads/PBLSD1/coprocessador_grafico_versao_final_com_esp_V_e_H/coprocessador_grafico/DE1_SOC_golden_top.v Line: 115
Warning (10034): Output port "FPGA_I2C_SCLK" at DE1_SOC_golden_top.v(120) has no driver File: C:/Users/junio/Downloads/PBLSD1/coprocessador_grafico_versao_final_com_esp_V_e_H/coprocessador_grafico/DE1_SOC_golden_top.v Line: 120
Warning (10034): Output port "IRDA_TXD" at DE1_SOC_golden_top.v(200) has no driver File: C:/Users/junio/Downloads/PBLSD1/coprocessador_grafico_versao_final_com_esp_V_e_H/coprocessador_grafico/DE1_SOC_golden_top.v Line: 200
Warning (10034): Output port "TD_RESET_N" at DE1_SOC_golden_top.v(231) has no driver File: C:/Users/junio/Downloads/PBLSD1/coprocessador_grafico_versao_final_com_esp_V_e_H/coprocessador_grafico/DE1_SOC_golden_top.v Line: 231
Info (12128): Elaborating entity "coprocessador" for hierarchy "coprocessador:C0" File: C:/Users/junio/Downloads/PBLSD1/coprocessador_grafico_versao_final_com_esp_V_e_H/coprocessador_grafico/DE1_SOC_golden_top.v Line: 281
Info (10008): Verilog HDL or VHDL information: EDA Netlist Writer cannot regroup multidimensional array "poly_vx" into its bus
Info (10008): Verilog HDL or VHDL information: EDA Netlist Writer cannot regroup multidimensional array "poly_vy" into its bus
Info (12128): Elaborating entity "meu_pll" for hierarchy "coprocessador:C0|meu_pll:u_pll" File: C:/Users/junio/Downloads/PBLSD1/coprocessador_grafico_versao_final_com_esp_V_e_H/coprocessador_grafico/coprocessador.v Line: 20
Info (12128): Elaborating entity "meu_pll_0002" for hierarchy "coprocessador:C0|meu_pll:u_pll|meu_pll_0002:meu_pll_inst" File: C:/Users/junio/Downloads/PBLSD1/coprocessador_grafico_versao_final_com_esp_V_e_H/coprocessador_grafico/meu_pll.v Line: 20
Info (12128): Elaborating entity "altera_pll" for hierarchy "coprocessador:C0|meu_pll:u_pll|meu_pll_0002:meu_pll_inst|altera_pll:altera_pll_i" File: C:/Users/junio/Downloads/PBLSD1/coprocessador_grafico_versao_final_com_esp_V_e_H/coprocessador_grafico/meu_pll/meu_pll_0002.v Line: 85
Info (10008): Verilog HDL or VHDL information: EDA Netlist Writer cannot regroup multidimensional array "wire_to_nowhere_64" into its bus
Info (12130): Elaborated megafunction instantiation "coprocessador:C0|meu_pll:u_pll|meu_pll_0002:meu_pll_inst|altera_pll:altera_pll_i" File: C:/Users/junio/Downloads/PBLSD1/coprocessador_grafico_versao_final_com_esp_V_e_H/coprocessador_grafico/meu_pll/meu_pll_0002.v Line: 85
Info (12133): Instantiated megafunction "coprocessador:C0|meu_pll:u_pll|meu_pll_0002:meu_pll_inst|altera_pll:altera_pll_i" with the following parameter: File: C:/Users/junio/Downloads/PBLSD1/coprocessador_grafico_versao_final_com_esp_V_e_H/coprocessador_grafico/meu_pll/meu_pll_0002.v Line: 85
    Info (12134): Parameter "fractional_vco_multiplier" = "false"
    Info (12134): Parameter "reference_clock_frequency" = "50.0 MHz"
    Info (12134): Parameter "operation_mode" = "direct"
    Info (12134): Parameter "number_of_clocks" = "1"
    Info (12134): Parameter "output_clock_frequency0" = "25.000000 MHz"
    Info (12134): Parameter "phase_shift0" = "0 ps"
    Info (12134): Parameter "duty_cycle0" = "50"
    Info (12134): Parameter "output_clock_frequency1" = "0 MHz"
    Info (12134): Parameter "phase_shift1" = "0 ps"
    Info (12134): Parameter "duty_cycle1" = "50"
    Info (12134): Parameter "output_clock_frequency2" = "0 MHz"
    Info (12134): Parameter "phase_shift2" = "0 ps"
    Info (12134): Parameter "duty_cycle2" = "50"
    Info (12134): Parameter "output_clock_frequency3" = "0 MHz"
    Info (12134): Parameter "phase_shift3" = "0 ps"
    Info (12134): Parameter "duty_cycle3" = "50"
    Info (12134): Parameter "output_clock_frequency4" = "0 MHz"
    Info (12134): Parameter "phase_shift4" = "0 ps"
    Info (12134): Parameter "duty_cycle4" = "50"
    Info (12134): Parameter "output_clock_frequency5" = "0 MHz"
    Info (12134): Parameter "phase_shift5" = "0 ps"
    Info (12134): Parameter "duty_cycle5" = "50"
    Info (12134): Parameter "output_clock_frequency6" = "0 MHz"
    Info (12134): Parameter "phase_shift6" = "0 ps"
    Info (12134): Parameter "duty_cycle6" = "50"
    Info (12134): Parameter "output_clock_frequency7" = "0 MHz"
    Info (12134): Parameter "phase_shift7" = "0 ps"
    Info (12134): Parameter "duty_cycle7" = "50"
    Info (12134): Parameter "output_clock_frequency8" = "0 MHz"
    Info (12134): Parameter "phase_shift8" = "0 ps"
    Info (12134): Parameter "duty_cycle8" = "50"
    Info (12134): Parameter "output_clock_frequency9" = "0 MHz"
    Info (12134): Parameter "phase_shift9" = "0 ps"
    Info (12134): Parameter "duty_cycle9" = "50"
    Info (12134): Parameter "output_clock_frequency10" = "0 MHz"
    Info (12134): Parameter "phase_shift10" = "0 ps"
    Info (12134): Parameter "duty_cycle10" = "50"
    Info (12134): Parameter "output_clock_frequency11" = "0 MHz"
    Info (12134): Parameter "phase_shift11" = "0 ps"
    Info (12134): Parameter "duty_cycle11" = "50"
    Info (12134): Parameter "output_clock_frequency12" = "0 MHz"
    Info (12134): Parameter "phase_shift12" = "0 ps"
    Info (12134): Parameter "duty_cycle12" = "50"
    Info (12134): Parameter "output_clock_frequency13" = "0 MHz"
    Info (12134): Parameter "phase_shift13" = "0 ps"
    Info (12134): Parameter "duty_cycle13" = "50"
    Info (12134): Parameter "output_clock_frequency14" = "0 MHz"
    Info (12134): Parameter "phase_shift14" = "0 ps"
    Info (12134): Parameter "duty_cycle14" = "50"
    Info (12134): Parameter "output_clock_frequency15" = "0 MHz"
    Info (12134): Parameter "phase_shift15" = "0 ps"
    Info (12134): Parameter "duty_cycle15" = "50"
    Info (12134): Parameter "output_clock_frequency16" = "0 MHz"
    Info (12134): Parameter "phase_shift16" = "0 ps"
    Info (12134): Parameter "duty_cycle16" = "50"
    Info (12134): Parameter "output_clock_frequency17" = "0 MHz"
    Info (12134): Parameter "phase_shift17" = "0 ps"
    Info (12134): Parameter "duty_cycle17" = "50"
    Info (12134): Parameter "pll_type" = "General"
    Info (12134): Parameter "pll_subtype" = "General"
Info (12128): Elaborating entity "pllpara100" for hierarchy "coprocessador:C0|pllpara100:pllmhz" File: C:/Users/junio/Downloads/PBLSD1/coprocessador_grafico_versao_final_com_esp_V_e_H/coprocessador_grafico/coprocessador.v Line: 27
Info (12128): Elaborating entity "pllpara100_0002" for hierarchy "coprocessador:C0|pllpara100:pllmhz|pllpara100_0002:pllpara100_inst" File: C:/Users/junio/Downloads/PBLSD1/coprocessador_grafico_versao_final_com_esp_V_e_H/coprocessador_grafico/pllpara100.v Line: 20
Info (12128): Elaborating entity "altera_pll" for hierarchy "coprocessador:C0|pllpara100:pllmhz|pllpara100_0002:pllpara100_inst|altera_pll:altera_pll_i" File: C:/Users/junio/Downloads/PBLSD1/coprocessador_grafico_versao_final_com_esp_V_e_H/coprocessador_grafico/pllpara100/pllpara100_0002.v Line: 85
Info (10008): Verilog HDL or VHDL information: EDA Netlist Writer cannot regroup multidimensional array "wire_to_nowhere_64" into its bus
Info (12130): Elaborated megafunction instantiation "coprocessador:C0|pllpara100:pllmhz|pllpara100_0002:pllpara100_inst|altera_pll:altera_pll_i" File: C:/Users/junio/Downloads/PBLSD1/coprocessador_grafico_versao_final_com_esp_V_e_H/coprocessador_grafico/pllpara100/pllpara100_0002.v Line: 85
Info (12133): Instantiated megafunction "coprocessador:C0|pllpara100:pllmhz|pllpara100_0002:pllpara100_inst|altera_pll:altera_pll_i" with the following parameter: File: C:/Users/junio/Downloads/PBLSD1/coprocessador_grafico_versao_final_com_esp_V_e_H/coprocessador_grafico/pllpara100/pllpara100_0002.v Line: 85
    Info (12134): Parameter "fractional_vco_multiplier" = "false"
    Info (12134): Parameter "reference_clock_frequency" = "50.0 MHz"
    Info (12134): Parameter "operation_mode" = "direct"
    Info (12134): Parameter "number_of_clocks" = "1"
    Info (12134): Parameter "output_clock_frequency0" = "100.000000 MHz"
    Info (12134): Parameter "phase_shift0" = "0 ps"
    Info (12134): Parameter "duty_cycle0" = "50"
    Info (12134): Parameter "output_clock_frequency1" = "0 MHz"
    Info (12134): Parameter "phase_shift1" = "0 ps"
    Info (12134): Parameter "duty_cycle1" = "50"
    Info (12134): Parameter "output_clock_frequency2" = "0 MHz"
    Info (12134): Parameter "phase_shift2" = "0 ps"
    Info (12134): Parameter "duty_cycle2" = "50"
    Info (12134): Parameter "output_clock_frequency3" = "0 MHz"
    Info (12134): Parameter "phase_shift3" = "0 ps"
    Info (12134): Parameter "duty_cycle3" = "50"
    Info (12134): Parameter "output_clock_frequency4" = "0 MHz"
    Info (12134): Parameter "phase_shift4" = "0 ps"
    Info (12134): Parameter "duty_cycle4" = "50"
    Info (12134): Parameter "output_clock_frequency5" = "0 MHz"
    Info (12134): Parameter "phase_shift5" = "0 ps"
    Info (12134): Parameter "duty_cycle5" = "50"
    Info (12134): Parameter "output_clock_frequency6" = "0 MHz"
    Info (12134): Parameter "phase_shift6" = "0 ps"
    Info (12134): Parameter "duty_cycle6" = "50"
    Info (12134): Parameter "output_clock_frequency7" = "0 MHz"
    Info (12134): Parameter "phase_shift7" = "0 ps"
    Info (12134): Parameter "duty_cycle7" = "50"
    Info (12134): Parameter "output_clock_frequency8" = "0 MHz"
    Info (12134): Parameter "phase_shift8" = "0 ps"
    Info (12134): Parameter "duty_cycle8" = "50"
    Info (12134): Parameter "output_clock_frequency9" = "0 MHz"
    Info (12134): Parameter "phase_shift9" = "0 ps"
    Info (12134): Parameter "duty_cycle9" = "50"
    Info (12134): Parameter "output_clock_frequency10" = "0 MHz"
    Info (12134): Parameter "phase_shift10" = "0 ps"
    Info (12134): Parameter "duty_cycle10" = "50"
    Info (12134): Parameter "output_clock_frequency11" = "0 MHz"
    Info (12134): Parameter "phase_shift11" = "0 ps"
    Info (12134): Parameter "duty_cycle11" = "50"
    Info (12134): Parameter "output_clock_frequency12" = "0 MHz"
    Info (12134): Parameter "phase_shift12" = "0 ps"
    Info (12134): Parameter "duty_cycle12" = "50"
    Info (12134): Parameter "output_clock_frequency13" = "0 MHz"
    Info (12134): Parameter "phase_shift13" = "0 ps"
    Info (12134): Parameter "duty_cycle13" = "50"
    Info (12134): Parameter "output_clock_frequency14" = "0 MHz"
    Info (12134): Parameter "phase_shift14" = "0 ps"
    Info (12134): Parameter "duty_cycle14" = "50"
    Info (12134): Parameter "output_clock_frequency15" = "0 MHz"
    Info (12134): Parameter "phase_shift15" = "0 ps"
    Info (12134): Parameter "duty_cycle15" = "50"
    Info (12134): Parameter "output_clock_frequency16" = "0 MHz"
    Info (12134): Parameter "phase_shift16" = "0 ps"
    Info (12134): Parameter "duty_cycle16" = "50"
    Info (12134): Parameter "output_clock_frequency17" = "0 MHz"
    Info (12134): Parameter "phase_shift17" = "0 ps"
    Info (12134): Parameter "duty_cycle17" = "50"
    Info (12134): Parameter "pll_type" = "General"
    Info (12134): Parameter "pll_subtype" = "General"
Info (12128): Elaborating entity "debounce_edge" for hierarchy "coprocessador:C0|debounce_edge:u_db0" File: C:/Users/junio/Downloads/PBLSD1/coprocessador_grafico_versao_final_com_esp_V_e_H/coprocessador_grafico/coprocessador.v Line: 31
Info (12128): Elaborating entity "porta_estimulo" for hierarchy "coprocessador:C0|porta_estimulo:u_estimulo" File: C:/Users/junio/Downloads/PBLSD1/coprocessador_grafico_versao_final_com_esp_V_e_H/coprocessador_grafico/coprocessador.v Line: 63
Warning (10036): Verilog HDL or VHDL warning at porta_estimulo.v(88): object "last_confirmed_poly" assigned a value but never read File: C:/Users/junio/Downloads/PBLSD1/coprocessador_grafico_versao_final_com_esp_V_e_H/coprocessador_grafico/porta_estimulo.v Line: 88
Warning (10230): Verilog HDL assignment warning at porta_estimulo.v(406): truncated value with size 10 to match size of target (9) File: C:/Users/junio/Downloads/PBLSD1/coprocessador_grafico_versao_final_com_esp_V_e_H/coprocessador_grafico/porta_estimulo.v Line: 406
Warning (10230): Verilog HDL assignment warning at porta_estimulo.v(410): truncated value with size 10 to match size of target (9) File: C:/Users/junio/Downloads/PBLSD1/coprocessador_grafico_versao_final_com_esp_V_e_H/coprocessador_grafico/porta_estimulo.v Line: 410
Warning (10230): Verilog HDL assignment warning at porta_estimulo.v(414): truncated value with size 10 to match size of target (9) File: C:/Users/junio/Downloads/PBLSD1/coprocessador_grafico_versao_final_com_esp_V_e_H/coprocessador_grafico/porta_estimulo.v Line: 414
Warning (10230): Verilog HDL assignment warning at porta_estimulo.v(418): truncated value with size 10 to match size of target (9) File: C:/Users/junio/Downloads/PBLSD1/coprocessador_grafico_versao_final_com_esp_V_e_H/coprocessador_grafico/porta_estimulo.v Line: 418
Warning (10230): Verilog HDL assignment warning at porta_estimulo.v(422): truncated value with size 10 to match size of target (9) File: C:/Users/junio/Downloads/PBLSD1/coprocessador_grafico_versao_final_com_esp_V_e_H/coprocessador_grafico/porta_estimulo.v Line: 422
Warning (10230): Verilog HDL assignment warning at porta_estimulo.v(426): truncated value with size 10 to match size of target (9) File: C:/Users/junio/Downloads/PBLSD1/coprocessador_grafico_versao_final_com_esp_V_e_H/coprocessador_grafico/porta_estimulo.v Line: 426
Warning (10230): Verilog HDL assignment warning at porta_estimulo.v(498): truncated value with size 5 to match size of target (4) File: C:/Users/junio/Downloads/PBLSD1/coprocessador_grafico_versao_final_com_esp_V_e_H/coprocessador_grafico/porta_estimulo.v Line: 498
Warning (10030): Net "poly_base_ctrl.data_a" at porta_estimulo.v(25) has no driver or initial value, using a default initial value '0' File: C:/Users/junio/Downloads/PBLSD1/coprocessador_grafico_versao_final_com_esp_V_e_H/coprocessador_grafico/porta_estimulo.v Line: 25
Warning (10030): Net "poly_base_ctrl.waddr_a" at porta_estimulo.v(25) has no driver or initial value, using a default initial value '0' File: C:/Users/junio/Downloads/PBLSD1/coprocessador_grafico_versao_final_com_esp_V_e_H/coprocessador_grafico/porta_estimulo.v Line: 25
Warning (10030): Net "poly_base_ctrl.we_a" at porta_estimulo.v(25) has no driver or initial value, using a default initial value '0' File: C:/Users/junio/Downloads/PBLSD1/coprocessador_grafico_versao_final_com_esp_V_e_H/coprocessador_grafico/porta_estimulo.v Line: 25
Info (10008): Verilog HDL or VHDL information: EDA Netlist Writer cannot regroup multidimensional array "poly_base_vx" into its bus
Info (10008): Verilog HDL or VHDL information: EDA Netlist Writer cannot regroup multidimensional array "poly_base_vy" into its bus
Info (12128): Elaborating entity "mov_continuo" for hierarchy "coprocessador:C0|porta_estimulo:u_estimulo|mov_continuo:u_scroll_bg" File: C:/Users/junio/Downloads/PBLSD1/coprocessador_grafico_versao_final_com_esp_V_e_H/coprocessador_grafico/porta_estimulo.v Line: 129
Info (10264): Verilog HDL Case Statement information at mov_continuo.v(57): all case item expressions in this case statement are onehot File: C:/Users/junio/Downloads/PBLSD1/coprocessador_grafico_versao_final_com_esp_V_e_H/coprocessador_grafico/Modulo_VGA/mov_continuo.v Line: 57
Info (10264): Verilog HDL Case Statement information at mov_continuo.v(74): all case item expressions in this case statement are onehot File: C:/Users/junio/Downloads/PBLSD1/coprocessador_grafico_versao_final_com_esp_V_e_H/coprocessador_grafico/Modulo_VGA/mov_continuo.v Line: 74
Info (12128): Elaborating entity "mov_continuo" for hierarchy "coprocessador:C0|porta_estimulo:u_estimulo|mov_continuo:u_move_sprite" File: C:/Users/junio/Downloads/PBLSD1/coprocessador_grafico_versao_final_com_esp_V_e_H/coprocessador_grafico/porta_estimulo.v Line: 150
Info (10264): Verilog HDL Case Statement information at mov_continuo.v(57): all case item expressions in this case statement are onehot File: C:/Users/junio/Downloads/PBLSD1/coprocessador_grafico_versao_final_com_esp_V_e_H/coprocessador_grafico/Modulo_VGA/mov_continuo.v Line: 57
Info (10264): Verilog HDL Case Statement information at mov_continuo.v(74): all case item expressions in this case statement are onehot File: C:/Users/junio/Downloads/PBLSD1/coprocessador_grafico_versao_final_com_esp_V_e_H/coprocessador_grafico/Modulo_VGA/mov_continuo.v Line: 74
Info (12128): Elaborating entity "banco_registradores" for hierarchy "coprocessador:C0|banco_registradores:u_regs" File: C:/Users/junio/Downloads/PBLSD1/coprocessador_grafico_versao_final_com_esp_V_e_H/coprocessador_grafico/coprocessador.v Line: 123
Warning (10230): Verilog HDL assignment warning at banco_registradores.v(72): truncated value with size 8 to match size of target (2) File: C:/Users/junio/Downloads/PBLSD1/coprocessador_grafico_versao_final_com_esp_V_e_H/coprocessador_grafico/banco_registradores.v Line: 72
Warning (10230): Verilog HDL assignment warning at banco_registradores.v(108): truncated value with size 9 to match size of target (8) File: C:/Users/junio/Downloads/PBLSD1/coprocessador_grafico_versao_final_com_esp_V_e_H/coprocessador_grafico/banco_registradores.v Line: 108
Warning (10230): Verilog HDL assignment warning at banco_registradores.v(116): truncated value with size 9 to match size of target (8) File: C:/Users/junio/Downloads/PBLSD1/coprocessador_grafico_versao_final_com_esp_V_e_H/coprocessador_grafico/banco_registradores.v Line: 116
Warning (10230): Verilog HDL assignment warning at banco_registradores.v(117): truncated value with size 9 to match size of target (8) File: C:/Users/junio/Downloads/PBLSD1/coprocessador_grafico_versao_final_com_esp_V_e_H/coprocessador_grafico/banco_registradores.v Line: 117
Info (10008): Verilog HDL or VHDL information: EDA Netlist Writer cannot regroup multidimensional array "poly_vx" into its bus
Info (10008): Verilog HDL or VHDL information: EDA Netlist Writer cannot regroup multidimensional array "poly_vy" into its bus
Info (10008): Verilog HDL or VHDL information: EDA Netlist Writer cannot regroup multidimensional array "poly_vx" into its bus
Info (10008): Verilog HDL or VHDL information: EDA Netlist Writer cannot regroup multidimensional array "poly_vy" into its bus
Info (12128): Elaborating entity "ram_tilemap" for hierarchy "coprocessador:C0|ram_tilemap:ramA" File: C:/Users/junio/Downloads/PBLSD1/coprocessador_grafico_versao_final_com_esp_V_e_H/coprocessador_grafico/coprocessador.v Line: 144
Info (12128): Elaborating entity "altsyncram" for hierarchy "coprocessador:C0|ram_tilemap:ramA|altsyncram:altsyncram_component" File: C:/Users/junio/Downloads/PBLSD1/coprocessador_grafico_versao_final_com_esp_V_e_H/coprocessador_grafico/ram_tilemap.v Line: 89
Info (12130): Elaborated megafunction instantiation "coprocessador:C0|ram_tilemap:ramA|altsyncram:altsyncram_component" File: C:/Users/junio/Downloads/PBLSD1/coprocessador_grafico_versao_final_com_esp_V_e_H/coprocessador_grafico/ram_tilemap.v Line: 89
Info (12133): Instantiated megafunction "coprocessador:C0|ram_tilemap:ramA|altsyncram:altsyncram_component" with the following parameter: File: C:/Users/junio/Downloads/PBLSD1/coprocessador_grafico_versao_final_com_esp_V_e_H/coprocessador_grafico/ram_tilemap.v Line: 89
    Info (12134): Parameter "address_aclr_b" = "NONE"
    Info (12134): Parameter "address_reg_b" = "CLOCK0"
    Info (12134): Parameter "clock_enable_input_a" = "BYPASS"
    Info (12134): Parameter "clock_enable_input_b" = "BYPASS"
    Info (12134): Parameter "clock_enable_output_b" = "BYPASS"
    Info (12134): Parameter "init_file" = "tilemap_a.mif"
    Info (12134): Parameter "intended_device_family" = "Cyclone V"
    Info (12134): Parameter "lpm_type" = "altsyncram"
    Info (12134): Parameter "numwords_a" = "2048"
    Info (12134): Parameter "numwords_b" = "2048"
    Info (12134): Parameter "operation_mode" = "DUAL_PORT"
    Info (12134): Parameter "outdata_aclr_b" = "NONE"
    Info (12134): Parameter "outdata_reg_b" = "CLOCK0"
    Info (12134): Parameter "power_up_uninitialized" = "FALSE"
    Info (12134): Parameter "ram_block_type" = "M10K"
    Info (12134): Parameter "read_during_write_mode_mixed_ports" = "DONT_CARE"
    Info (12134): Parameter "widthad_a" = "11"
    Info (12134): Parameter "widthad_b" = "11"
    Info (12134): Parameter "width_a" = "8"
    Info (12134): Parameter "width_b" = "8"
    Info (12134): Parameter "width_byteena_a" = "1"
Info (12021): Found 1 design units, including 1 entities, in source file db/altsyncram_j422.tdf
    Info (12023): Found entity 1: altsyncram_j422 File: C:/Users/junio/Downloads/PBLSD1/coprocessador_grafico_versao_final_com_esp_V_e_H/coprocessador_grafico/db/altsyncram_j422.tdf Line: 28
Info (12128): Elaborating entity "altsyncram_j422" for hierarchy "coprocessador:C0|ram_tilemap:ramA|altsyncram:altsyncram_component|altsyncram_j422:auto_generated" File: c:/altera_lite/25.1std/quartus/libraries/megafunctions/altsyncram.tdf Line: 792
Critical Warning (127005): Memory depth (2048) in the design file differs from memory depth (1200) in the Memory Initialization File "C:/Users/junio/Downloads/PBLSD1/coprocessador_grafico_versao_final_com_esp_V_e_H/coprocessador_grafico/tilemap_a.mif" -- setting initial value for remaining addresses to 0 File: C:/Users/junio/Downloads/PBLSD1/coprocessador_grafico_versao_final_com_esp_V_e_H/coprocessador_grafico/ram_tilemap.v Line: 89
Info (12128): Elaborating entity "ram_tilemapB" for hierarchy "coprocessador:C0|ram_tilemapB:ramB" File: C:/Users/junio/Downloads/PBLSD1/coprocessador_grafico_versao_final_com_esp_V_e_H/coprocessador_grafico/coprocessador.v Line: 153
Info (12128): Elaborating entity "altsyncram" for hierarchy "coprocessador:C0|ram_tilemapB:ramB|altsyncram:altsyncram_component" File: C:/Users/junio/Downloads/PBLSD1/coprocessador_grafico_versao_final_com_esp_V_e_H/coprocessador_grafico/ram_tilemapB.v Line: 89
Info (12130): Elaborated megafunction instantiation "coprocessador:C0|ram_tilemapB:ramB|altsyncram:altsyncram_component" File: C:/Users/junio/Downloads/PBLSD1/coprocessador_grafico_versao_final_com_esp_V_e_H/coprocessador_grafico/ram_tilemapB.v Line: 89
Info (12133): Instantiated megafunction "coprocessador:C0|ram_tilemapB:ramB|altsyncram:altsyncram_component" with the following parameter: File: C:/Users/junio/Downloads/PBLSD1/coprocessador_grafico_versao_final_com_esp_V_e_H/coprocessador_grafico/ram_tilemapB.v Line: 89
    Info (12134): Parameter "address_aclr_b" = "NONE"
    Info (12134): Parameter "address_reg_b" = "CLOCK0"
    Info (12134): Parameter "clock_enable_input_a" = "BYPASS"
    Info (12134): Parameter "clock_enable_input_b" = "BYPASS"
    Info (12134): Parameter "clock_enable_output_b" = "BYPASS"
    Info (12134): Parameter "init_file" = "tilemap_b.mif"
    Info (12134): Parameter "intended_device_family" = "Cyclone V"
    Info (12134): Parameter "lpm_type" = "altsyncram"
    Info (12134): Parameter "numwords_a" = "2048"
    Info (12134): Parameter "numwords_b" = "2048"
    Info (12134): Parameter "operation_mode" = "DUAL_PORT"
    Info (12134): Parameter "outdata_aclr_b" = "NONE"
    Info (12134): Parameter "outdata_reg_b" = "CLOCK0"
    Info (12134): Parameter "power_up_uninitialized" = "FALSE"
    Info (12134): Parameter "ram_block_type" = "M10K"
    Info (12134): Parameter "read_during_write_mode_mixed_ports" = "DONT_CARE"
    Info (12134): Parameter "widthad_a" = "11"
    Info (12134): Parameter "widthad_b" = "11"
    Info (12134): Parameter "width_a" = "8"
    Info (12134): Parameter "width_b" = "8"
    Info (12134): Parameter "width_byteena_a" = "1"
Info (12021): Found 1 design units, including 1 entities, in source file db/altsyncram_k422.tdf
    Info (12023): Found entity 1: altsyncram_k422 File: C:/Users/junio/Downloads/PBLSD1/coprocessador_grafico_versao_final_com_esp_V_e_H/coprocessador_grafico/db/altsyncram_k422.tdf Line: 28
Info (12128): Elaborating entity "altsyncram_k422" for hierarchy "coprocessador:C0|ram_tilemapB:ramB|altsyncram:altsyncram_component|altsyncram_k422:auto_generated" File: c:/altera_lite/25.1std/quartus/libraries/megafunctions/altsyncram.tdf Line: 792
Critical Warning (127005): Memory depth (2048) in the design file differs from memory depth (1200) in the Memory Initialization File "C:/Users/junio/Downloads/PBLSD1/coprocessador_grafico_versao_final_com_esp_V_e_H/coprocessador_grafico/tilemap_b.mif" -- setting initial value for remaining addresses to 0 File: C:/Users/junio/Downloads/PBLSD1/coprocessador_grafico_versao_final_com_esp_V_e_H/coprocessador_grafico/ram_tilemapB.v Line: 89
Info (12128): Elaborating entity "ram_sprites" for hierarchy "coprocessador:C0|ram_sprites:rspt" File: C:/Users/junio/Downloads/PBLSD1/coprocessador_grafico_versao_final_com_esp_V_e_H/coprocessador_grafico/coprocessador.v Line: 162
Info (12128): Elaborating entity "altsyncram" for hierarchy "coprocessador:C0|ram_sprites:rspt|altsyncram:altsyncram_component" File: C:/Users/junio/Downloads/PBLSD1/coprocessador_grafico_versao_final_com_esp_V_e_H/coprocessador_grafico/ram_sprites.v Line: 89
Info (12130): Elaborated megafunction instantiation "coprocessador:C0|ram_sprites:rspt|altsyncram:altsyncram_component" File: C:/Users/junio/Downloads/PBLSD1/coprocessador_grafico_versao_final_com_esp_V_e_H/coprocessador_grafico/ram_sprites.v Line: 89
Info (12133): Instantiated megafunction "coprocessador:C0|ram_sprites:rspt|altsyncram:altsyncram_component" with the following parameter: File: C:/Users/junio/Downloads/PBLSD1/coprocessador_grafico_versao_final_com_esp_V_e_H/coprocessador_grafico/ram_sprites.v Line: 89
    Info (12134): Parameter "address_aclr_b" = "NONE"
    Info (12134): Parameter "address_reg_b" = "CLOCK0"
    Info (12134): Parameter "clock_enable_input_a" = "BYPASS"
    Info (12134): Parameter "clock_enable_input_b" = "BYPASS"
    Info (12134): Parameter "clock_enable_output_b" = "BYPASS"
    Info (12134): Parameter "init_file" = "padroes_sprites.mif"
    Info (12134): Parameter "intended_device_family" = "Cyclone V"
    Info (12134): Parameter "lpm_type" = "altsyncram"
    Info (12134): Parameter "numwords_a" = "16384"
    Info (12134): Parameter "numwords_b" = "16384"
    Info (12134): Parameter "operation_mode" = "DUAL_PORT"
    Info (12134): Parameter "outdata_aclr_b" = "NONE"
    Info (12134): Parameter "outdata_reg_b" = "CLOCK0"
    Info (12134): Parameter "power_up_uninitialized" = "FALSE"
    Info (12134): Parameter "ram_block_type" = "M10K"
    Info (12134): Parameter "read_during_write_mode_mixed_ports" = "DONT_CARE"
    Info (12134): Parameter "widthad_a" = "14"
    Info (12134): Parameter "widthad_b" = "14"
    Info (12134): Parameter "width_a" = "8"
    Info (12134): Parameter "width_b" = "8"
    Info (12134): Parameter "width_byteena_a" = "1"
Info (12021): Found 1 design units, including 1 entities, in source file db/altsyncram_kt22.tdf
    Info (12023): Found entity 1: altsyncram_kt22 File: C:/Users/junio/Downloads/PBLSD1/coprocessador_grafico_versao_final_com_esp_V_e_H/coprocessador_grafico/db/altsyncram_kt22.tdf Line: 34
Info (12128): Elaborating entity "altsyncram_kt22" for hierarchy "coprocessador:C0|ram_sprites:rspt|altsyncram:altsyncram_component|altsyncram_kt22:auto_generated" File: c:/altera_lite/25.1std/quartus/libraries/megafunctions/altsyncram.tdf Line: 792
Critical Warning (127005): Memory depth (16384) in the design file differs from memory depth (8192) in the Memory Initialization File "C:/Users/junio/Downloads/PBLSD1/coprocessador_grafico_versao_final_com_esp_V_e_H/coprocessador_grafico/padroes_sprites.mif" -- setting initial value for remaining addresses to 0 File: C:/Users/junio/Downloads/PBLSD1/coprocessador_grafico_versao_final_com_esp_V_e_H/coprocessador_grafico/ram_sprites.v Line: 89
Info (12021): Found 1 design units, including 1 entities, in source file db/decode_5la.tdf
    Info (12023): Found entity 1: decode_5la File: C:/Users/junio/Downloads/PBLSD1/coprocessador_grafico_versao_final_com_esp_V_e_H/coprocessador_grafico/db/decode_5la.tdf Line: 23
Info (12128): Elaborating entity "decode_5la" for hierarchy "coprocessador:C0|ram_sprites:rspt|altsyncram:altsyncram_component|altsyncram_kt22:auto_generated|decode_5la:decode2" File: C:/Users/junio/Downloads/PBLSD1/coprocessador_grafico_versao_final_com_esp_V_e_H/coprocessador_grafico/db/altsyncram_kt22.tdf Line: 46
Info (12021): Found 1 design units, including 1 entities, in source file db/decode_u0a.tdf
    Info (12023): Found entity 1: decode_u0a File: C:/Users/junio/Downloads/PBLSD1/coprocessador_grafico_versao_final_com_esp_V_e_H/coprocessador_grafico/db/decode_u0a.tdf Line: 23
Info (12128): Elaborating entity "decode_u0a" for hierarchy "coprocessador:C0|ram_sprites:rspt|altsyncram:altsyncram_component|altsyncram_kt22:auto_generated|decode_u0a:rden_decode_b" File: C:/Users/junio/Downloads/PBLSD1/coprocessador_grafico_versao_final_com_esp_V_e_H/coprocessador_grafico/db/altsyncram_kt22.tdf Line: 47
Info (12021): Found 1 design units, including 1 entities, in source file db/mux_lfb.tdf
    Info (12023): Found entity 1: mux_lfb File: C:/Users/junio/Downloads/PBLSD1/coprocessador_grafico_versao_final_com_esp_V_e_H/coprocessador_grafico/db/mux_lfb.tdf Line: 23
Info (12128): Elaborating entity "mux_lfb" for hierarchy "coprocessador:C0|ram_sprites:rspt|altsyncram:altsyncram_component|altsyncram_kt22:auto_generated|mux_lfb:mux3" File: C:/Users/junio/Downloads/PBLSD1/coprocessador_grafico_versao_final_com_esp_V_e_H/coprocessador_grafico/db/altsyncram_kt22.tdf Line: 49
Info (12128): Elaborating entity "ram_padrao_tiles" for hierarchy "coprocessador:C0|ram_padrao_tiles:ramtp" File: C:/Users/junio/Downloads/PBLSD1/coprocessador_grafico_versao_final_com_esp_V_e_H/coprocessador_grafico/coprocessador.v Line: 171
Info (12128): Elaborating entity "altsyncram" for hierarchy "coprocessador:C0|ram_padrao_tiles:ramtp|altsyncram:altsyncram_component" File: C:/Users/junio/Downloads/PBLSD1/coprocessador_grafico_versao_final_com_esp_V_e_H/coprocessador_grafico/ram_padrao_tiles.v Line: 89
Info (12130): Elaborated megafunction instantiation "coprocessador:C0|ram_padrao_tiles:ramtp|altsyncram:altsyncram_component" File: C:/Users/junio/Downloads/PBLSD1/coprocessador_grafico_versao_final_com_esp_V_e_H/coprocessador_grafico/ram_padrao_tiles.v Line: 89
Info (12133): Instantiated megafunction "coprocessador:C0|ram_padrao_tiles:ramtp|altsyncram:altsyncram_component" with the following parameter: File: C:/Users/junio/Downloads/PBLSD1/coprocessador_grafico_versao_final_com_esp_V_e_H/coprocessador_grafico/ram_padrao_tiles.v Line: 89
    Info (12134): Parameter "address_aclr_b" = "NONE"
    Info (12134): Parameter "address_reg_b" = "CLOCK0"
    Info (12134): Parameter "clock_enable_input_a" = "BYPASS"
    Info (12134): Parameter "clock_enable_input_b" = "BYPASS"
    Info (12134): Parameter "clock_enable_output_b" = "BYPASS"
    Info (12134): Parameter "init_file" = "padroes_tiles.mif"
    Info (12134): Parameter "intended_device_family" = "Cyclone V"
    Info (12134): Parameter "lpm_type" = "altsyncram"
    Info (12134): Parameter "numwords_a" = "16384"
    Info (12134): Parameter "numwords_b" = "16384"
    Info (12134): Parameter "operation_mode" = "DUAL_PORT"
    Info (12134): Parameter "outdata_aclr_b" = "NONE"
    Info (12134): Parameter "outdata_reg_b" = "CLOCK0"
    Info (12134): Parameter "power_up_uninitialized" = "FALSE"
    Info (12134): Parameter "ram_block_type" = "M10K"
    Info (12134): Parameter "read_during_write_mode_mixed_ports" = "DONT_CARE"
    Info (12134): Parameter "widthad_a" = "14"
    Info (12134): Parameter "widthad_b" = "14"
    Info (12134): Parameter "width_a" = "8"
    Info (12134): Parameter "width_b" = "8"
    Info (12134): Parameter "width_byteena_a" = "1"
Info (12021): Found 1 design units, including 1 entities, in source file db/altsyncram_bm22.tdf
    Info (12023): Found entity 1: altsyncram_bm22 File: C:/Users/junio/Downloads/PBLSD1/coprocessador_grafico_versao_final_com_esp_V_e_H/coprocessador_grafico/db/altsyncram_bm22.tdf Line: 34
Info (12128): Elaborating entity "altsyncram_bm22" for hierarchy "coprocessador:C0|ram_padrao_tiles:ramtp|altsyncram:altsyncram_component|altsyncram_bm22:auto_generated" File: c:/altera_lite/25.1std/quartus/libraries/megafunctions/altsyncram.tdf Line: 792
Critical Warning (127004): Memory depth (16384) in the design file differs from memory depth (93184) in the Memory Initialization File "C:/Users/junio/Downloads/PBLSD1/coprocessador_grafico_versao_final_com_esp_V_e_H/coprocessador_grafico/padroes_tiles.mif" -- truncated remaining initial content value to fit RAM File: C:/Users/junio/Downloads/PBLSD1/coprocessador_grafico_versao_final_com_esp_V_e_H/coprocessador_grafico/ram_padrao_tiles.v Line: 89
Info (12128): Elaborating entity "motor_background" for hierarchy "coprocessador:C0|motor_background:u_motor_bg" File: C:/Users/junio/Downloads/PBLSD1/coprocessador_grafico_versao_final_com_esp_V_e_H/coprocessador_grafico/coprocessador.v Line: 322
Warning (10230): Verilog HDL assignment warning at motor_background.v(27): truncated value with size 6 to match size of target (5) File: C:/Users/junio/Downloads/PBLSD1/coprocessador_grafico_versao_final_com_esp_V_e_H/coprocessador_grafico/Motores/motor_background.v Line: 27
Warning (10230): Verilog HDL assignment warning at motor_background.v(42): truncated value with size 32 to match size of target (11) File: C:/Users/junio/Downloads/PBLSD1/coprocessador_grafico_versao_final_com_esp_V_e_H/coprocessador_grafico/Motores/motor_background.v Line: 42
Info (12128): Elaborating entity "motor_sprites" for hierarchy "coprocessador:C0|motor_sprites:u_motor_sprites" File: C:/Users/junio/Downloads/PBLSD1/coprocessador_grafico_versao_final_com_esp_V_e_H/coprocessador_grafico/coprocessador.v Line: 344
Warning (10027): Verilog HDL or VHDL warning at the motor_sprites.v(36): index expression is not wide enough to address all of the elements in the array File: C:/Users/junio/Downloads/PBLSD1/coprocessador_grafico_versao_final_com_esp_V_e_H/coprocessador_grafico/Motores/motor_sprites.v Line: 36
Warning (10230): Verilog HDL assignment warning at motor_sprites.v(44): truncated value with size 9 to match size of target (4) File: C:/Users/junio/Downloads/PBLSD1/coprocessador_grafico_versao_final_com_esp_V_e_H/coprocessador_grafico/Motores/motor_sprites.v Line: 44
Warning (10230): Verilog HDL assignment warning at motor_sprites.v(45): truncated value with size 9 to match size of target (4) File: C:/Users/junio/Downloads/PBLSD1/coprocessador_grafico_versao_final_com_esp_V_e_H/coprocessador_grafico/Motores/motor_sprites.v Line: 45
Warning (10230): Verilog HDL assignment warning at motor_sprites.v(57): truncated value with size 32 to match size of target (13) File: C:/Users/junio/Downloads/PBLSD1/coprocessador_grafico_versao_final_com_esp_V_e_H/coprocessador_grafico/Motores/motor_sprites.v Line: 57
Info (12128): Elaborating entity "rasterizador_multi" for hierarchy "coprocessador:C0|rasterizador_multi:u_rasterizador" File: C:/Users/junio/Downloads/PBLSD1/coprocessador_grafico_versao_final_com_esp_V_e_H/coprocessador_grafico/coprocessador.v Line: 362
Info (10008): Verilog HDL or VHDL information: EDA Netlist Writer cannot regroup multidimensional array "poly_vx" into its bus
Info (10008): Verilog HDL or VHDL information: EDA Netlist Writer cannot regroup multidimensional array "poly_vy" into its bus
Info (10008): Verilog HDL or VHDL information: EDA Netlist Writer cannot regroup multidimensional array "poly_vx" into its bus
Info (10008): Verilog HDL or VHDL information: EDA Netlist Writer cannot regroup multidimensional array "poly_vy" into its bus
Info (12128): Elaborating entity "compositor" for hierarchy "coprocessador:C0|compositor:u_compositor" File: C:/Users/junio/Downloads/PBLSD1/coprocessador_grafico_versao_final_com_esp_V_e_H/coprocessador_grafico/coprocessador.v Line: 377
Info (12128): Elaborating entity "vga_driver" for hierarchy "coprocessador:C0|vga_driver:u_vga" File: C:/Users/junio/Downloads/PBLSD1/coprocessador_grafico_versao_final_com_esp_V_e_H/coprocessador_grafico/coprocessador.v Line: 396
Warning (14284): Synthesized away the following node(s):
    Warning (14285): Synthesized away the following RAM node(s):
        Warning (14320): Synthesized away node "coprocessador:C0|ram_sprites:rspt|altsyncram:altsyncram_component|altsyncram_kt22:auto_generated|ram_block1a8" File: C:/Users/junio/Downloads/PBLSD1/coprocessador_grafico_versao_final_com_esp_V_e_H/coprocessador_grafico/db/altsyncram_kt22.tdf Line: 330
        Warning (14320): Synthesized away node "coprocessador:C0|ram_sprites:rspt|altsyncram:altsyncram_component|altsyncram_kt22:auto_generated|ram_block1a9" File: C:/Users/junio/Downloads/PBLSD1/coprocessador_grafico_versao_final_com_esp_V_e_H/coprocessador_grafico/db/altsyncram_kt22.tdf Line: 365
        Warning (14320): Synthesized away node "coprocessador:C0|ram_sprites:rspt|altsyncram:altsyncram_component|altsyncram_kt22:auto_generated|ram_block1a10" File: C:/Users/junio/Downloads/PBLSD1/coprocessador_grafico_versao_final_com_esp_V_e_H/coprocessador_grafico/db/altsyncram_kt22.tdf Line: 400
        Warning (14320): Synthesized away node "coprocessador:C0|ram_sprites:rspt|altsyncram:altsyncram_component|altsyncram_kt22:auto_generated|ram_block1a11" File: C:/Users/junio/Downloads/PBLSD1/coprocessador_grafico_versao_final_com_esp_V_e_H/coprocessador_grafico/db/altsyncram_kt22.tdf Line: 435
        Warning (14320): Synthesized away node "coprocessador:C0|ram_sprites:rspt|altsyncram:altsyncram_component|altsyncram_kt22:auto_generated|ram_block1a12" File: C:/Users/junio/Downloads/PBLSD1/coprocessador_grafico_versao_final_com_esp_V_e_H/coprocessador_grafico/db/altsyncram_kt22.tdf Line: 470
        Warning (14320): Synthesized away node "coprocessador:C0|ram_sprites:rspt|altsyncram:altsyncram_component|altsyncram_kt22:auto_generated|ram_block1a13" File: C:/Users/junio/Downloads/PBLSD1/coprocessador_grafico_versao_final_com_esp_V_e_H/coprocessador_grafico/db/altsyncram_kt22.tdf Line: 505
        Warning (14320): Synthesized away node "coprocessador:C0|ram_sprites:rspt|altsyncram:altsyncram_component|altsyncram_kt22:auto_generated|ram_block1a14" File: C:/Users/junio/Downloads/PBLSD1/coprocessador_grafico_versao_final_com_esp_V_e_H/coprocessador_grafico/db/altsyncram_kt22.tdf Line: 540
        Warning (14320): Synthesized away node "coprocessador:C0|ram_sprites:rspt|altsyncram:altsyncram_component|altsyncram_kt22:auto_generated|ram_block1a15" File: C:/Users/junio/Downloads/PBLSD1/coprocessador_grafico_versao_final_com_esp_V_e_H/coprocessador_grafico/db/altsyncram_kt22.tdf Line: 575
Info (276014): Found 1 instances of uninferred RAM logic
    Info (276004): RAM logic "coprocessador:C0|porta_estimulo:u_estimulo|poly_base_ctrl" is uninferred due to inappropriate RAM size File: C:/Users/junio/Downloads/PBLSD1/coprocessador_grafico_versao_final_com_esp_V_e_H/coprocessador_grafico/porta_estimulo.v Line: 25
Critical Warning (127005): Memory depth (8) in the design file differs from memory depth (6) in the Memory Initialization File "C:/Users/junio/Downloads/PBLSD1/coprocessador_grafico_versao_final_com_esp_V_e_H/coprocessador_grafico/db/coprocessador.ram0_porta_estimulo_b4efca9b.hdl.mif" -- setting initial value for remaining addresses to 0
Warning (12241): 2 hierarchies have connectivity warnings - see the Connectivity Checks report folder
Warning (13039): The following bidirectional pins have no drivers
    Warning (13040): bidirectional pin "AUD_ADCLRCK" has no driver File: C:/Users/junio/Downloads/PBLSD1/coprocessador_grafico_versao_final_com_esp_V_e_H/coprocessador_grafico/DE1_SOC_golden_top.v Line: 70
    Warning (13040): bidirectional pin "AUD_BCLK" has no driver File: C:/Users/junio/Downloads/PBLSD1/coprocessador_grafico_versao_final_com_esp_V_e_H/coprocessador_grafico/DE1_SOC_golden_top.v Line: 71
    Warning (13040): bidirectional pin "AUD_DACLRCK" has no driver File: C:/Users/junio/Downloads/PBLSD1/coprocessador_grafico_versao_final_com_esp_V_e_H/coprocessador_grafico/DE1_SOC_golden_top.v Line: 73
    Warning (13040): bidirectional pin "DRAM_DQ[0]" has no driver File: C:/Users/junio/Downloads/PBLSD1/coprocessador_grafico_versao_final_com_esp_V_e_H/coprocessador_grafico/DE1_SOC_golden_top.v Line: 106
    Warning (13040): bidirectional pin "DRAM_DQ[1]" has no driver File: C:/Users/junio/Downloads/PBLSD1/coprocessador_grafico_versao_final_com_esp_V_e_H/coprocessador_grafico/DE1_SOC_golden_top.v Line: 106
    Warning (13040): bidirectional pin "DRAM_DQ[2]" has no driver File: C:/Users/junio/Downloads/PBLSD1/coprocessador_grafico_versao_final_com_esp_V_e_H/coprocessador_grafico/DE1_SOC_golden_top.v Line: 106
    Warning (13040): bidirectional pin "DRAM_DQ[3]" has no driver File: C:/Users/junio/Downloads/PBLSD1/coprocessador_grafico_versao_final_com_esp_V_e_H/coprocessador_grafico/DE1_SOC_golden_top.v Line: 106
    Warning (13040): bidirectional pin "DRAM_DQ[4]" has no driver File: C:/Users/junio/Downloads/PBLSD1/coprocessador_grafico_versao_final_com_esp_V_e_H/coprocessador_grafico/DE1_SOC_golden_top.v Line: 106
    Warning (13040): bidirectional pin "DRAM_DQ[5]" has no driver File: C:/Users/junio/Downloads/PBLSD1/coprocessador_grafico_versao_final_com_esp_V_e_H/coprocessador_grafico/DE1_SOC_golden_top.v Line: 106
    Warning (13040): bidirectional pin "DRAM_DQ[6]" has no driver File: C:/Users/junio/Downloads/PBLSD1/coprocessador_grafico_versao_final_com_esp_V_e_H/coprocessador_grafico/DE1_SOC_golden_top.v Line: 106
    Warning (13040): bidirectional pin "DRAM_DQ[7]" has no driver File: C:/Users/junio/Downloads/PBLSD1/coprocessador_grafico_versao_final_com_esp_V_e_H/coprocessador_grafico/DE1_SOC_golden_top.v Line: 106
    Warning (13040): bidirectional pin "DRAM_DQ[8]" has no driver File: C:/Users/junio/Downloads/PBLSD1/coprocessador_grafico_versao_final_com_esp_V_e_H/coprocessador_grafico/DE1_SOC_golden_top.v Line: 106
    Warning (13040): bidirectional pin "DRAM_DQ[9]" has no driver File: C:/Users/junio/Downloads/PBLSD1/coprocessador_grafico_versao_final_com_esp_V_e_H/coprocessador_grafico/DE1_SOC_golden_top.v Line: 106
    Warning (13040): bidirectional pin "DRAM_DQ[10]" has no driver File: C:/Users/junio/Downloads/PBLSD1/coprocessador_grafico_versao_final_com_esp_V_e_H/coprocessador_grafico/DE1_SOC_golden_top.v Line: 106
    Warning (13040): bidirectional pin "DRAM_DQ[11]" has no driver File: C:/Users/junio/Downloads/PBLSD1/coprocessador_grafico_versao_final_com_esp_V_e_H/coprocessador_grafico/DE1_SOC_golden_top.v Line: 106
    Warning (13040): bidirectional pin "DRAM_DQ[12]" has no driver File: C:/Users/junio/Downloads/PBLSD1/coprocessador_grafico_versao_final_com_esp_V_e_H/coprocessador_grafico/DE1_SOC_golden_top.v Line: 106
    Warning (13040): bidirectional pin "DRAM_DQ[13]" has no driver File: C:/Users/junio/Downloads/PBLSD1/coprocessador_grafico_versao_final_com_esp_V_e_H/coprocessador_grafico/DE1_SOC_golden_top.v Line: 106
    Warning (13040): bidirectional pin "DRAM_DQ[14]" has no driver File: C:/Users/junio/Downloads/PBLSD1/coprocessador_grafico_versao_final_com_esp_V_e_H/coprocessador_grafico/DE1_SOC_golden_top.v Line: 106
    Warning (13040): bidirectional pin "DRAM_DQ[15]" has no driver File: C:/Users/junio/Downloads/PBLSD1/coprocessador_grafico_versao_final_com_esp_V_e_H/coprocessador_grafico/DE1_SOC_golden_top.v Line: 106
    Warning (13040): bidirectional pin "FPGA_I2C_SDAT" has no driver File: C:/Users/junio/Downloads/PBLSD1/coprocessador_grafico_versao_final_com_esp_V_e_H/coprocessador_grafico/DE1_SOC_golden_top.v Line: 121
    Warning (13040): bidirectional pin "GPIO_0[0]" has no driver File: C:/Users/junio/Downloads/PBLSD1/coprocessador_grafico_versao_final_com_esp_V_e_H/coprocessador_grafico/DE1_SOC_golden_top.v Line: 126
    Warning (13040): bidirectional pin "GPIO_0[1]" has no driver File: C:/Users/junio/Downloads/PBLSD1/coprocessador_grafico_versao_final_com_esp_V_e_H/coprocessador_grafico/DE1_SOC_golden_top.v Line: 126
    Warning (13040): bidirectional pin "GPIO_0[2]" has no driver File: C:/Users/junio/Downloads/PBLSD1/coprocessador_grafico_versao_final_com_esp_V_e_H/coprocessador_grafico/DE1_SOC_golden_top.v Line: 126
    Warning (13040): bidirectional pin "GPIO_0[3]" has no driver File: C:/Users/junio/Downloads/PBLSD1/coprocessador_grafico_versao_final_com_esp_V_e_H/coprocessador_grafico/DE1_SOC_golden_top.v Line: 126
    Warning (13040): bidirectional pin "GPIO_0[4]" has no driver File: C:/Users/junio/Downloads/PBLSD1/coprocessador_grafico_versao_final_com_esp_V_e_H/coprocessador_grafico/DE1_SOC_golden_top.v Line: 126
    Warning (13040): bidirectional pin "GPIO_0[5]" has no driver File: C:/Users/junio/Downloads/PBLSD1/coprocessador_grafico_versao_final_com_esp_V_e_H/coprocessador_grafico/DE1_SOC_golden_top.v Line: 126
    Warning (13040): bidirectional pin "GPIO_0[6]" has no driver File: C:/Users/junio/Downloads/PBLSD1/coprocessador_grafico_versao_final_com_esp_V_e_H/coprocessador_grafico/DE1_SOC_golden_top.v Line: 126
    Warning (13040): bidirectional pin "GPIO_0[7]" has no driver File: C:/Users/junio/Downloads/PBLSD1/coprocessador_grafico_versao_final_com_esp_V_e_H/coprocessador_grafico/DE1_SOC_golden_top.v Line: 126
    Warning (13040): bidirectional pin "GPIO_0[8]" has no driver File: C:/Users/junio/Downloads/PBLSD1/coprocessador_grafico_versao_final_com_esp_V_e_H/coprocessador_grafico/DE1_SOC_golden_top.v Line: 126
    Warning (13040): bidirectional pin "GPIO_0[9]" has no driver File: C:/Users/junio/Downloads/PBLSD1/coprocessador_grafico_versao_final_com_esp_V_e_H/coprocessador_grafico/DE1_SOC_golden_top.v Line: 126
    Warning (13040): bidirectional pin "GPIO_0[10]" has no driver File: C:/Users/junio/Downloads/PBLSD1/coprocessador_grafico_versao_final_com_esp_V_e_H/coprocessador_grafico/DE1_SOC_golden_top.v Line: 126
    Warning (13040): bidirectional pin "GPIO_0[11]" has no driver File: C:/Users/junio/Downloads/PBLSD1/coprocessador_grafico_versao_final_com_esp_V_e_H/coprocessador_grafico/DE1_SOC_golden_top.v Line: 126
    Warning (13040): bidirectional pin "GPIO_0[12]" has no driver File: C:/Users/junio/Downloads/PBLSD1/coprocessador_grafico_versao_final_com_esp_V_e_H/coprocessador_grafico/DE1_SOC_golden_top.v Line: 126
    Warning (13040): bidirectional pin "GPIO_0[13]" has no driver File: C:/Users/junio/Downloads/PBLSD1/coprocessador_grafico_versao_final_com_esp_V_e_H/coprocessador_grafico/DE1_SOC_golden_top.v Line: 126
    Warning (13040): bidirectional pin "GPIO_0[14]" has no driver File: C:/Users/junio/Downloads/PBLSD1/coprocessador_grafico_versao_final_com_esp_V_e_H/coprocessador_grafico/DE1_SOC_golden_top.v Line: 126
    Warning (13040): bidirectional pin "GPIO_0[15]" has no driver File: C:/Users/junio/Downloads/PBLSD1/coprocessador_grafico_versao_final_com_esp_V_e_H/coprocessador_grafico/DE1_SOC_golden_top.v Line: 126
    Warning (13040): bidirectional pin "GPIO_0[16]" has no driver File: C:/Users/junio/Downloads/PBLSD1/coprocessador_grafico_versao_final_com_esp_V_e_H/coprocessador_grafico/DE1_SOC_golden_top.v Line: 126
    Warning (13040): bidirectional pin "GPIO_0[17]" has no driver File: C:/Users/junio/Downloads/PBLSD1/coprocessador_grafico_versao_final_com_esp_V_e_H/coprocessador_grafico/DE1_SOC_golden_top.v Line: 126
    Warning (13040): bidirectional pin "GPIO_0[18]" has no driver File: C:/Users/junio/Downloads/PBLSD1/coprocessador_grafico_versao_final_com_esp_V_e_H/coprocessador_grafico/DE1_SOC_golden_top.v Line: 126
    Warning (13040): bidirectional pin "GPIO_0[19]" has no driver File: C:/Users/junio/Downloads/PBLSD1/coprocessador_grafico_versao_final_com_esp_V_e_H/coprocessador_grafico/DE1_SOC_golden_top.v Line: 126
    Warning (13040): bidirectional pin "GPIO_0[20]" has no driver File: C:/Users/junio/Downloads/PBLSD1/coprocessador_grafico_versao_final_com_esp_V_e_H/coprocessador_grafico/DE1_SOC_golden_top.v Line: 126
    Warning (13040): bidirectional pin "GPIO_0[21]" has no driver File: C:/Users/junio/Downloads/PBLSD1/coprocessador_grafico_versao_final_com_esp_V_e_H/coprocessador_grafico/DE1_SOC_golden_top.v Line: 126
    Warning (13040): bidirectional pin "GPIO_0[22]" has no driver File: C:/Users/junio/Downloads/PBLSD1/coprocessador_grafico_versao_final_com_esp_V_e_H/coprocessador_grafico/DE1_SOC_golden_top.v Line: 126
    Warning (13040): bidirectional pin "GPIO_0[23]" has no driver File: C:/Users/junio/Downloads/PBLSD1/coprocessador_grafico_versao_final_com_esp_V_e_H/coprocessador_grafico/DE1_SOC_golden_top.v Line: 126
    Warning (13040): bidirectional pin "GPIO_0[24]" has no driver File: C:/Users/junio/Downloads/PBLSD1/coprocessador_grafico_versao_final_com_esp_V_e_H/coprocessador_grafico/DE1_SOC_golden_top.v Line: 126
    Warning (13040): bidirectional pin "GPIO_0[25]" has no driver File: C:/Users/junio/Downloads/PBLSD1/coprocessador_grafico_versao_final_com_esp_V_e_H/coprocessador_grafico/DE1_SOC_golden_top.v Line: 126
    Warning (13040): bidirectional pin "GPIO_0[26]" has no driver File: C:/Users/junio/Downloads/PBLSD1/coprocessador_grafico_versao_final_com_esp_V_e_H/coprocessador_grafico/DE1_SOC_golden_top.v Line: 126
    Warning (13040): bidirectional pin "GPIO_0[27]" has no driver File: C:/Users/junio/Downloads/PBLSD1/coprocessador_grafico_versao_final_com_esp_V_e_H/coprocessador_grafico/DE1_SOC_golden_top.v Line: 126
    Warning (13040): bidirectional pin "GPIO_0[28]" has no driver File: C:/Users/junio/Downloads/PBLSD1/coprocessador_grafico_versao_final_com_esp_V_e_H/coprocessador_grafico/DE1_SOC_golden_top.v Line: 126
    Warning (13040): bidirectional pin "GPIO_0[29]" has no driver File: C:/Users/junio/Downloads/PBLSD1/coprocessador_grafico_versao_final_com_esp_V_e_H/coprocessador_grafico/DE1_SOC_golden_top.v Line: 126
    Warning (13040): bidirectional pin "GPIO_0[30]" has no driver File: C:/Users/junio/Downloads/PBLSD1/coprocessador_grafico_versao_final_com_esp_V_e_H/coprocessador_grafico/DE1_SOC_golden_top.v Line: 126
    Warning (13040): bidirectional pin "GPIO_0[31]" has no driver File: C:/Users/junio/Downloads/PBLSD1/coprocessador_grafico_versao_final_com_esp_V_e_H/coprocessador_grafico/DE1_SOC_golden_top.v Line: 126
    Warning (13040): bidirectional pin "GPIO_0[32]" has no driver File: C:/Users/junio/Downloads/PBLSD1/coprocessador_grafico_versao_final_com_esp_V_e_H/coprocessador_grafico/DE1_SOC_golden_top.v Line: 126
    Warning (13040): bidirectional pin "GPIO_0[33]" has no driver File: C:/Users/junio/Downloads/PBLSD1/coprocessador_grafico_versao_final_com_esp_V_e_H/coprocessador_grafico/DE1_SOC_golden_top.v Line: 126
    Warning (13040): bidirectional pin "GPIO_0[34]" has no driver File: C:/Users/junio/Downloads/PBLSD1/coprocessador_grafico_versao_final_com_esp_V_e_H/coprocessador_grafico/DE1_SOC_golden_top.v Line: 126
    Warning (13040): bidirectional pin "GPIO_0[35]" has no driver File: C:/Users/junio/Downloads/PBLSD1/coprocessador_grafico_versao_final_com_esp_V_e_H/coprocessador_grafico/DE1_SOC_golden_top.v Line: 126
    Warning (13040): bidirectional pin "GPIO_1[0]" has no driver File: C:/Users/junio/Downloads/PBLSD1/coprocessador_grafico_versao_final_com_esp_V_e_H/coprocessador_grafico/DE1_SOC_golden_top.v Line: 127
    Warning (13040): bidirectional pin "GPIO_1[1]" has no driver File: C:/Users/junio/Downloads/PBLSD1/coprocessador_grafico_versao_final_com_esp_V_e_H/coprocessador_grafico/DE1_SOC_golden_top.v Line: 127
    Warning (13040): bidirectional pin "GPIO_1[2]" has no driver File: C:/Users/junio/Downloads/PBLSD1/coprocessador_grafico_versao_final_com_esp_V_e_H/coprocessador_grafico/DE1_SOC_golden_top.v Line: 127
    Warning (13040): bidirectional pin "GPIO_1[3]" has no driver File: C:/Users/junio/Downloads/PBLSD1/coprocessador_grafico_versao_final_com_esp_V_e_H/coprocessador_grafico/DE1_SOC_golden_top.v Line: 127
    Warning (13040): bidirectional pin "GPIO_1[4]" has no driver File: C:/Users/junio/Downloads/PBLSD1/coprocessador_grafico_versao_final_com_esp_V_e_H/coprocessador_grafico/DE1_SOC_golden_top.v Line: 127
    Warning (13040): bidirectional pin "GPIO_1[5]" has no driver File: C:/Users/junio/Downloads/PBLSD1/coprocessador_grafico_versao_final_com_esp_V_e_H/coprocessador_grafico/DE1_SOC_golden_top.v Line: 127
    Warning (13040): bidirectional pin "GPIO_1[6]" has no driver File: C:/Users/junio/Downloads/PBLSD1/coprocessador_grafico_versao_final_com_esp_V_e_H/coprocessador_grafico/DE1_SOC_golden_top.v Line: 127
    Warning (13040): bidirectional pin "GPIO_1[7]" has no driver File: C:/Users/junio/Downloads/PBLSD1/coprocessador_grafico_versao_final_com_esp_V_e_H/coprocessador_grafico/DE1_SOC_golden_top.v Line: 127
    Warning (13040): bidirectional pin "GPIO_1[8]" has no driver File: C:/Users/junio/Downloads/PBLSD1/coprocessador_grafico_versao_final_com_esp_V_e_H/coprocessador_grafico/DE1_SOC_golden_top.v Line: 127
    Warning (13040): bidirectional pin "GPIO_1[9]" has no driver File: C:/Users/junio/Downloads/PBLSD1/coprocessador_grafico_versao_final_com_esp_V_e_H/coprocessador_grafico/DE1_SOC_golden_top.v Line: 127
    Warning (13040): bidirectional pin "GPIO_1[10]" has no driver File: C:/Users/junio/Downloads/PBLSD1/coprocessador_grafico_versao_final_com_esp_V_e_H/coprocessador_grafico/DE1_SOC_golden_top.v Line: 127
    Warning (13040): bidirectional pin "GPIO_1[11]" has no driver File: C:/Users/junio/Downloads/PBLSD1/coprocessador_grafico_versao_final_com_esp_V_e_H/coprocessador_grafico/DE1_SOC_golden_top.v Line: 127
    Warning (13040): bidirectional pin "GPIO_1[12]" has no driver File: C:/Users/junio/Downloads/PBLSD1/coprocessador_grafico_versao_final_com_esp_V_e_H/coprocessador_grafico/DE1_SOC_golden_top.v Line: 127
    Warning (13040): bidirectional pin "GPIO_1[13]" has no driver File: C:/Users/junio/Downloads/PBLSD1/coprocessador_grafico_versao_final_com_esp_V_e_H/coprocessador_grafico/DE1_SOC_golden_top.v Line: 127
    Warning (13040): bidirectional pin "GPIO_1[14]" has no driver File: C:/Users/junio/Downloads/PBLSD1/coprocessador_grafico_versao_final_com_esp_V_e_H/coprocessador_grafico/DE1_SOC_golden_top.v Line: 127
    Warning (13040): bidirectional pin "GPIO_1[15]" has no driver File: C:/Users/junio/Downloads/PBLSD1/coprocessador_grafico_versao_final_com_esp_V_e_H/coprocessador_grafico/DE1_SOC_golden_top.v Line: 127
    Warning (13040): bidirectional pin "GPIO_1[16]" has no driver File: C:/Users/junio/Downloads/PBLSD1/coprocessador_grafico_versao_final_com_esp_V_e_H/coprocessador_grafico/DE1_SOC_golden_top.v Line: 127
    Warning (13040): bidirectional pin "GPIO_1[17]" has no driver File: C:/Users/junio/Downloads/PBLSD1/coprocessador_grafico_versao_final_com_esp_V_e_H/coprocessador_grafico/DE1_SOC_golden_top.v Line: 127
    Warning (13040): bidirectional pin "GPIO_1[18]" has no driver File: C:/Users/junio/Downloads/PBLSD1/coprocessador_grafico_versao_final_com_esp_V_e_H/coprocessador_grafico/DE1_SOC_golden_top.v Line: 127
    Warning (13040): bidirectional pin "GPIO_1[19]" has no driver File: C:/Users/junio/Downloads/PBLSD1/coprocessador_grafico_versao_final_com_esp_V_e_H/coprocessador_grafico/DE1_SOC_golden_top.v Line: 127
    Warning (13040): bidirectional pin "GPIO_1[20]" has no driver File: C:/Users/junio/Downloads/PBLSD1/coprocessador_grafico_versao_final_com_esp_V_e_H/coprocessador_grafico/DE1_SOC_golden_top.v Line: 127
    Warning (13040): bidirectional pin "GPIO_1[21]" has no driver File: C:/Users/junio/Downloads/PBLSD1/coprocessador_grafico_versao_final_com_esp_V_e_H/coprocessador_grafico/DE1_SOC_golden_top.v Line: 127
    Warning (13040): bidirectional pin "GPIO_1[22]" has no driver File: C:/Users/junio/Downloads/PBLSD1/coprocessador_grafico_versao_final_com_esp_V_e_H/coprocessador_grafico/DE1_SOC_golden_top.v Line: 127
    Warning (13040): bidirectional pin "GPIO_1[23]" has no driver File: C:/Users/junio/Downloads/PBLSD1/coprocessador_grafico_versao_final_com_esp_V_e_H/coprocessador_grafico/DE1_SOC_golden_top.v Line: 127
    Warning (13040): bidirectional pin "GPIO_1[24]" has no driver File: C:/Users/junio/Downloads/PBLSD1/coprocessador_grafico_versao_final_com_esp_V_e_H/coprocessador_grafico/DE1_SOC_golden_top.v Line: 127
    Warning (13040): bidirectional pin "GPIO_1[25]" has no driver File: C:/Users/junio/Downloads/PBLSD1/coprocessador_grafico_versao_final_com_esp_V_e_H/coprocessador_grafico/DE1_SOC_golden_top.v Line: 127
    Warning (13040): bidirectional pin "GPIO_1[26]" has no driver File: C:/Users/junio/Downloads/PBLSD1/coprocessador_grafico_versao_final_com_esp_V_e_H/coprocessador_grafico/DE1_SOC_golden_top.v Line: 127
    Warning (13040): bidirectional pin "GPIO_1[27]" has no driver File: C:/Users/junio/Downloads/PBLSD1/coprocessador_grafico_versao_final_com_esp_V_e_H/coprocessador_grafico/DE1_SOC_golden_top.v Line: 127
    Warning (13040): bidirectional pin "GPIO_1[28]" has no driver File: C:/Users/junio/Downloads/PBLSD1/coprocessador_grafico_versao_final_com_esp_V_e_H/coprocessador_grafico/DE1_SOC_golden_top.v Line: 127
    Warning (13040): bidirectional pin "GPIO_1[29]" has no driver File: C:/Users/junio/Downloads/PBLSD1/coprocessador_grafico_versao_final_com_esp_V_e_H/coprocessador_grafico/DE1_SOC_golden_top.v Line: 127
    Warning (13040): bidirectional pin "GPIO_1[30]" has no driver File: C:/Users/junio/Downloads/PBLSD1/coprocessador_grafico_versao_final_com_esp_V_e_H/coprocessador_grafico/DE1_SOC_golden_top.v Line: 127
    Warning (13040): bidirectional pin "GPIO_1[31]" has no driver File: C:/Users/junio/Downloads/PBLSD1/coprocessador_grafico_versao_final_com_esp_V_e_H/coprocessador_grafico/DE1_SOC_golden_top.v Line: 127
    Warning (13040): bidirectional pin "GPIO_1[32]" has no driver File: C:/Users/junio/Downloads/PBLSD1/coprocessador_grafico_versao_final_com_esp_V_e_H/coprocessador_grafico/DE1_SOC_golden_top.v Line: 127
    Warning (13040): bidirectional pin "GPIO_1[33]" has no driver File: C:/Users/junio/Downloads/PBLSD1/coprocessador_grafico_versao_final_com_esp_V_e_H/coprocessador_grafico/DE1_SOC_golden_top.v Line: 127
    Warning (13040): bidirectional pin "GPIO_1[34]" has no driver File: C:/Users/junio/Downloads/PBLSD1/coprocessador_grafico_versao_final_com_esp_V_e_H/coprocessador_grafico/DE1_SOC_golden_top.v Line: 127
    Warning (13040): bidirectional pin "GPIO_1[35]" has no driver File: C:/Users/junio/Downloads/PBLSD1/coprocessador_grafico_versao_final_com_esp_V_e_H/coprocessador_grafico/DE1_SOC_golden_top.v Line: 127
    Warning (13040): bidirectional pin "PS2_CLK" has no driver File: C:/Users/junio/Downloads/PBLSD1/coprocessador_grafico_versao_final_com_esp_V_e_H/coprocessador_grafico/DE1_SOC_golden_top.v Line: 215
    Warning (13040): bidirectional pin "PS2_CLK2" has no driver File: C:/Users/junio/Downloads/PBLSD1/coprocessador_grafico_versao_final_com_esp_V_e_H/coprocessador_grafico/DE1_SOC_golden_top.v Line: 216
    Warning (13040): bidirectional pin "PS2_DAT" has no driver File: C:/Users/junio/Downloads/PBLSD1/coprocessador_grafico_versao_final_com_esp_V_e_H/coprocessador_grafico/DE1_SOC_golden_top.v Line: 217
    Warning (13040): bidirectional pin "PS2_DAT2" has no driver File: C:/Users/junio/Downloads/PBLSD1/coprocessador_grafico_versao_final_com_esp_V_e_H/coprocessador_grafico/DE1_SOC_golden_top.v Line: 218
Warning (13024): Output pins are stuck at VCC or GND
    Warning (13410): Pin "ADC_CONVST" is stuck at GND File: C:/Users/junio/Downloads/PBLSD1/coprocessador_grafico_versao_final_com_esp_V_e_H/coprocessador_grafico/DE1_SOC_golden_top.v Line: 59
    Warning (13410): Pin "ADC_DIN" is stuck at GND File: C:/Users/junio/Downloads/PBLSD1/coprocessador_grafico_versao_final_com_esp_V_e_H/coprocessador_grafico/DE1_SOC_golden_top.v Line: 60
    Warning (13410): Pin "ADC_SCLK" is stuck at GND File: C:/Users/junio/Downloads/PBLSD1/coprocessador_grafico_versao_final_com_esp_V_e_H/coprocessador_grafico/DE1_SOC_golden_top.v Line: 62
    Warning (13410): Pin "AUD_DACDAT" is stuck at GND File: C:/Users/junio/Downloads/PBLSD1/coprocessador_grafico_versao_final_com_esp_V_e_H/coprocessador_grafico/DE1_SOC_golden_top.v Line: 72
    Warning (13410): Pin "AUD_XCK" is stuck at GND File: C:/Users/junio/Downloads/PBLSD1/coprocessador_grafico_versao_final_com_esp_V_e_H/coprocessador_grafico/DE1_SOC_golden_top.v Line: 74
    Warning (13410): Pin "DRAM_ADDR[0]" is stuck at GND File: C:/Users/junio/Downloads/PBLSD1/coprocessador_grafico_versao_final_com_esp_V_e_H/coprocessador_grafico/DE1_SOC_golden_top.v Line: 100
    Warning (13410): Pin "DRAM_ADDR[1]" is stuck at GND File: C:/Users/junio/Downloads/PBLSD1/coprocessador_grafico_versao_final_com_esp_V_e_H/coprocessador_grafico/DE1_SOC_golden_top.v Line: 100
    Warning (13410): Pin "DRAM_ADDR[2]" is stuck at GND File: C:/Users/junio/Downloads/PBLSD1/coprocessador_grafico_versao_final_com_esp_V_e_H/coprocessador_grafico/DE1_SOC_golden_top.v Line: 100
    Warning (13410): Pin "DRAM_ADDR[3]" is stuck at GND File: C:/Users/junio/Downloads/PBLSD1/coprocessador_grafico_versao_final_com_esp_V_e_H/coprocessador_grafico/DE1_SOC_golden_top.v Line: 100
    Warning (13410): Pin "DRAM_ADDR[4]" is stuck at GND File: C:/Users/junio/Downloads/PBLSD1/coprocessador_grafico_versao_final_com_esp_V_e_H/coprocessador_grafico/DE1_SOC_golden_top.v Line: 100
    Warning (13410): Pin "DRAM_ADDR[5]" is stuck at GND File: C:/Users/junio/Downloads/PBLSD1/coprocessador_grafico_versao_final_com_esp_V_e_H/coprocessador_grafico/DE1_SOC_golden_top.v Line: 100
    Warning (13410): Pin "DRAM_ADDR[6]" is stuck at GND File: C:/Users/junio/Downloads/PBLSD1/coprocessador_grafico_versao_final_com_esp_V_e_H/coprocessador_grafico/DE1_SOC_golden_top.v Line: 100
    Warning (13410): Pin "DRAM_ADDR[7]" is stuck at GND File: C:/Users/junio/Downloads/PBLSD1/coprocessador_grafico_versao_final_com_esp_V_e_H/coprocessador_grafico/DE1_SOC_golden_top.v Line: 100
    Warning (13410): Pin "DRAM_ADDR[8]" is stuck at GND File: C:/Users/junio/Downloads/PBLSD1/coprocessador_grafico_versao_final_com_esp_V_e_H/coprocessador_grafico/DE1_SOC_golden_top.v Line: 100
    Warning (13410): Pin "DRAM_ADDR[9]" is stuck at GND File: C:/Users/junio/Downloads/PBLSD1/coprocessador_grafico_versao_final_com_esp_V_e_H/coprocessador_grafico/DE1_SOC_golden_top.v Line: 100
    Warning (13410): Pin "DRAM_ADDR[10]" is stuck at GND File: C:/Users/junio/Downloads/PBLSD1/coprocessador_grafico_versao_final_com_esp_V_e_H/coprocessador_grafico/DE1_SOC_golden_top.v Line: 100
    Warning (13410): Pin "DRAM_ADDR[11]" is stuck at GND File: C:/Users/junio/Downloads/PBLSD1/coprocessador_grafico_versao_final_com_esp_V_e_H/coprocessador_grafico/DE1_SOC_golden_top.v Line: 100
    Warning (13410): Pin "DRAM_ADDR[12]" is stuck at GND File: C:/Users/junio/Downloads/PBLSD1/coprocessador_grafico_versao_final_com_esp_V_e_H/coprocessador_grafico/DE1_SOC_golden_top.v Line: 100
    Warning (13410): Pin "DRAM_BA[0]" is stuck at GND File: C:/Users/junio/Downloads/PBLSD1/coprocessador_grafico_versao_final_com_esp_V_e_H/coprocessador_grafico/DE1_SOC_golden_top.v Line: 101
    Warning (13410): Pin "DRAM_BA[1]" is stuck at GND File: C:/Users/junio/Downloads/PBLSD1/coprocessador_grafico_versao_final_com_esp_V_e_H/coprocessador_grafico/DE1_SOC_golden_top.v Line: 101
    Warning (13410): Pin "DRAM_CAS_N" is stuck at GND File: C:/Users/junio/Downloads/PBLSD1/coprocessador_grafico_versao_final_com_esp_V_e_H/coprocessador_grafico/DE1_SOC_golden_top.v Line: 102
    Warning (13410): Pin "DRAM_CKE" is stuck at GND File: C:/Users/junio/Downloads/PBLSD1/coprocessador_grafico_versao_final_com_esp_V_e_H/coprocessador_grafico/DE1_SOC_golden_top.v Line: 103
    Warning (13410): Pin "DRAM_CLK" is stuck at GND File: C:/Users/junio/Downloads/PBLSD1/coprocessador_grafico_versao_final_com_esp_V_e_H/coprocessador_grafico/DE1_SOC_golden_top.v Line: 104
    Warning (13410): Pin "DRAM_CS_N" is stuck at GND File: C:/Users/junio/Downloads/PBLSD1/coprocessador_grafico_versao_final_com_esp_V_e_H/coprocessador_grafico/DE1_SOC_golden_top.v Line: 105
    Warning (13410): Pin "DRAM_LDQM" is stuck at GND File: C:/Users/junio/Downloads/PBLSD1/coprocessador_grafico_versao_final_com_esp_V_e_H/coprocessador_grafico/DE1_SOC_golden_top.v Line: 107
    Warning (13410): Pin "DRAM_RAS_N" is stuck at GND File: C:/Users/junio/Downloads/PBLSD1/coprocessador_grafico_versao_final_com_esp_V_e_H/coprocessador_grafico/DE1_SOC_golden_top.v Line: 108
    Warning (13410): Pin "DRAM_UDQM" is stuck at GND File: C:/Users/junio/Downloads/PBLSD1/coprocessador_grafico_versao_final_com_esp_V_e_H/coprocessador_grafico/DE1_SOC_golden_top.v Line: 109
    Warning (13410): Pin "DRAM_WE_N" is stuck at GND File: C:/Users/junio/Downloads/PBLSD1/coprocessador_grafico_versao_final_com_esp_V_e_H/coprocessador_grafico/DE1_SOC_golden_top.v Line: 110
    Warning (13410): Pin "FAN_CTRL" is stuck at GND File: C:/Users/junio/Downloads/PBLSD1/coprocessador_grafico_versao_final_com_esp_V_e_H/coprocessador_grafico/DE1_SOC_golden_top.v Line: 115
    Warning (13410): Pin "FPGA_I2C_SCLK" is stuck at GND File: C:/Users/junio/Downloads/PBLSD1/coprocessador_grafico_versao_final_com_esp_V_e_H/coprocessador_grafico/DE1_SOC_golden_top.v Line: 120
    Warning (13410): Pin "HEX0[0]" is stuck at VCC File: C:/Users/junio/Downloads/PBLSD1/coprocessador_grafico_versao_final_com_esp_V_e_H/coprocessador_grafico/DE1_SOC_golden_top.v Line: 133
    Warning (13410): Pin "HEX0[1]" is stuck at VCC File: C:/Users/junio/Downloads/PBLSD1/coprocessador_grafico_versao_final_com_esp_V_e_H/coprocessador_grafico/DE1_SOC_golden_top.v Line: 133
    Warning (13410): Pin "HEX0[2]" is stuck at VCC File: C:/Users/junio/Downloads/PBLSD1/coprocessador_grafico_versao_final_com_esp_V_e_H/coprocessador_grafico/DE1_SOC_golden_top.v Line: 133
    Warning (13410): Pin "HEX0[3]" is stuck at VCC File: C:/Users/junio/Downloads/PBLSD1/coprocessador_grafico_versao_final_com_esp_V_e_H/coprocessador_grafico/DE1_SOC_golden_top.v Line: 133
    Warning (13410): Pin "HEX0[4]" is stuck at VCC File: C:/Users/junio/Downloads/PBLSD1/coprocessador_grafico_versao_final_com_esp_V_e_H/coprocessador_grafico/DE1_SOC_golden_top.v Line: 133
    Warning (13410): Pin "HEX0[5]" is stuck at VCC File: C:/Users/junio/Downloads/PBLSD1/coprocessador_grafico_versao_final_com_esp_V_e_H/coprocessador_grafico/DE1_SOC_golden_top.v Line: 133
    Warning (13410): Pin "HEX0[6]" is stuck at VCC File: C:/Users/junio/Downloads/PBLSD1/coprocessador_grafico_versao_final_com_esp_V_e_H/coprocessador_grafico/DE1_SOC_golden_top.v Line: 133
    Warning (13410): Pin "HEX1[0]" is stuck at VCC File: C:/Users/junio/Downloads/PBLSD1/coprocessador_grafico_versao_final_com_esp_V_e_H/coprocessador_grafico/DE1_SOC_golden_top.v Line: 134
    Warning (13410): Pin "HEX1[1]" is stuck at VCC File: C:/Users/junio/Downloads/PBLSD1/coprocessador_grafico_versao_final_com_esp_V_e_H/coprocessador_grafico/DE1_SOC_golden_top.v Line: 134
    Warning (13410): Pin "HEX1[2]" is stuck at VCC File: C:/Users/junio/Downloads/PBLSD1/coprocessador_grafico_versao_final_com_esp_V_e_H/coprocessador_grafico/DE1_SOC_golden_top.v Line: 134
    Warning (13410): Pin "HEX1[3]" is stuck at VCC File: C:/Users/junio/Downloads/PBLSD1/coprocessador_grafico_versao_final_com_esp_V_e_H/coprocessador_grafico/DE1_SOC_golden_top.v Line: 134
    Warning (13410): Pin "HEX1[4]" is stuck at VCC File: C:/Users/junio/Downloads/PBLSD1/coprocessador_grafico_versao_final_com_esp_V_e_H/coprocessador_grafico/DE1_SOC_golden_top.v Line: 134
    Warning (13410): Pin "HEX1[5]" is stuck at VCC File: C:/Users/junio/Downloads/PBLSD1/coprocessador_grafico_versao_final_com_esp_V_e_H/coprocessador_grafico/DE1_SOC_golden_top.v Line: 134
    Warning (13410): Pin "HEX1[6]" is stuck at VCC File: C:/Users/junio/Downloads/PBLSD1/coprocessador_grafico_versao_final_com_esp_V_e_H/coprocessador_grafico/DE1_SOC_golden_top.v Line: 134
    Warning (13410): Pin "HEX2[0]" is stuck at VCC File: C:/Users/junio/Downloads/PBLSD1/coprocessador_grafico_versao_final_com_esp_V_e_H/coprocessador_grafico/DE1_SOC_golden_top.v Line: 135
    Warning (13410): Pin "HEX2[1]" is stuck at VCC File: C:/Users/junio/Downloads/PBLSD1/coprocessador_grafico_versao_final_com_esp_V_e_H/coprocessador_grafico/DE1_SOC_golden_top.v Line: 135
    Warning (13410): Pin "HEX2[2]" is stuck at VCC File: C:/Users/junio/Downloads/PBLSD1/coprocessador_grafico_versao_final_com_esp_V_e_H/coprocessador_grafico/DE1_SOC_golden_top.v Line: 135
    Warning (13410): Pin "HEX2[3]" is stuck at VCC File: C:/Users/junio/Downloads/PBLSD1/coprocessador_grafico_versao_final_com_esp_V_e_H/coprocessador_grafico/DE1_SOC_golden_top.v Line: 135
    Warning (13410): Pin "HEX2[4]" is stuck at VCC File: C:/Users/junio/Downloads/PBLSD1/coprocessador_grafico_versao_final_com_esp_V_e_H/coprocessador_grafico/DE1_SOC_golden_top.v Line: 135
    Warning (13410): Pin "HEX2[5]" is stuck at VCC File: C:/Users/junio/Downloads/PBLSD1/coprocessador_grafico_versao_final_com_esp_V_e_H/coprocessador_grafico/DE1_SOC_golden_top.v Line: 135
    Warning (13410): Pin "HEX2[6]" is stuck at VCC File: C:/Users/junio/Downloads/PBLSD1/coprocessador_grafico_versao_final_com_esp_V_e_H/coprocessador_grafico/DE1_SOC_golden_top.v Line: 135
    Warning (13410): Pin "IRDA_TXD" is stuck at GND File: C:/Users/junio/Downloads/PBLSD1/coprocessador_grafico_versao_final_com_esp_V_e_H/coprocessador_grafico/DE1_SOC_golden_top.v Line: 200
    Warning (13410): Pin "LEDR[3]" is stuck at GND File: C:/Users/junio/Downloads/PBLSD1/coprocessador_grafico_versao_final_com_esp_V_e_H/coprocessador_grafico/DE1_SOC_golden_top.v Line: 210
    Warning (13410): Pin "LEDR[4]" is stuck at GND File: C:/Users/junio/Downloads/PBLSD1/coprocessador_grafico_versao_final_com_esp_V_e_H/coprocessador_grafico/DE1_SOC_golden_top.v Line: 210
    Warning (13410): Pin "LEDR[5]" is stuck at GND File: C:/Users/junio/Downloads/PBLSD1/coprocessador_grafico_versao_final_com_esp_V_e_H/coprocessador_grafico/DE1_SOC_golden_top.v Line: 210
    Warning (13410): Pin "LEDR[6]" is stuck at GND File: C:/Users/junio/Downloads/PBLSD1/coprocessador_grafico_versao_final_com_esp_V_e_H/coprocessador_grafico/DE1_SOC_golden_top.v Line: 210
    Warning (13410): Pin "LEDR[7]" is stuck at GND File: C:/Users/junio/Downloads/PBLSD1/coprocessador_grafico_versao_final_com_esp_V_e_H/coprocessador_grafico/DE1_SOC_golden_top.v Line: 210
    Warning (13410): Pin "LEDR[8]" is stuck at GND File: C:/Users/junio/Downloads/PBLSD1/coprocessador_grafico_versao_final_com_esp_V_e_H/coprocessador_grafico/DE1_SOC_golden_top.v Line: 210
    Warning (13410): Pin "LEDR[9]" is stuck at GND File: C:/Users/junio/Downloads/PBLSD1/coprocessador_grafico_versao_final_com_esp_V_e_H/coprocessador_grafico/DE1_SOC_golden_top.v Line: 210
    Warning (13410): Pin "TD_RESET_N" is stuck at GND File: C:/Users/junio/Downloads/PBLSD1/coprocessador_grafico_versao_final_com_esp_V_e_H/coprocessador_grafico/DE1_SOC_golden_top.v Line: 231
    Warning (13410): Pin "VGA_B[0]" is stuck at GND File: C:/Users/junio/Downloads/PBLSD1/coprocessador_grafico_versao_final_com_esp_V_e_H/coprocessador_grafico/DE1_SOC_golden_top.v Line: 237
    Warning (13410): Pin "VGA_B[1]" is stuck at GND File: C:/Users/junio/Downloads/PBLSD1/coprocessador_grafico_versao_final_com_esp_V_e_H/coprocessador_grafico/DE1_SOC_golden_top.v Line: 237
    Warning (13410): Pin "VGA_B[2]" is stuck at GND File: C:/Users/junio/Downloads/PBLSD1/coprocessador_grafico_versao_final_com_esp_V_e_H/coprocessador_grafico/DE1_SOC_golden_top.v Line: 237
    Warning (13410): Pin "VGA_B[3]" is stuck at GND File: C:/Users/junio/Downloads/PBLSD1/coprocessador_grafico_versao_final_com_esp_V_e_H/coprocessador_grafico/DE1_SOC_golden_top.v Line: 237
    Warning (13410): Pin "VGA_B[4]" is stuck at GND File: C:/Users/junio/Downloads/PBLSD1/coprocessador_grafico_versao_final_com_esp_V_e_H/coprocessador_grafico/DE1_SOC_golden_top.v Line: 237
    Warning (13410): Pin "VGA_B[5]" is stuck at GND File: C:/Users/junio/Downloads/PBLSD1/coprocessador_grafico_versao_final_com_esp_V_e_H/coprocessador_grafico/DE1_SOC_golden_top.v Line: 237
    Warning (13410): Pin "VGA_G[0]" is stuck at GND File: C:/Users/junio/Downloads/PBLSD1/coprocessador_grafico_versao_final_com_esp_V_e_H/coprocessador_grafico/DE1_SOC_golden_top.v Line: 240
    Warning (13410): Pin "VGA_G[1]" is stuck at GND File: C:/Users/junio/Downloads/PBLSD1/coprocessador_grafico_versao_final_com_esp_V_e_H/coprocessador_grafico/DE1_SOC_golden_top.v Line: 240
    Warning (13410): Pin "VGA_G[2]" is stuck at GND File: C:/Users/junio/Downloads/PBLSD1/coprocessador_grafico_versao_final_com_esp_V_e_H/coprocessador_grafico/DE1_SOC_golden_top.v Line: 240
    Warning (13410): Pin "VGA_G[3]" is stuck at GND File: C:/Users/junio/Downloads/PBLSD1/coprocessador_grafico_versao_final_com_esp_V_e_H/coprocessador_grafico/DE1_SOC_golden_top.v Line: 240
    Warning (13410): Pin "VGA_G[4]" is stuck at GND File: C:/Users/junio/Downloads/PBLSD1/coprocessador_grafico_versao_final_com_esp_V_e_H/coprocessador_grafico/DE1_SOC_golden_top.v Line: 240
    Warning (13410): Pin "VGA_R[0]" is stuck at GND File: C:/Users/junio/Downloads/PBLSD1/coprocessador_grafico_versao_final_com_esp_V_e_H/coprocessador_grafico/DE1_SOC_golden_top.v Line: 242
    Warning (13410): Pin "VGA_R[1]" is stuck at GND File: C:/Users/junio/Downloads/PBLSD1/coprocessador_grafico_versao_final_com_esp_V_e_H/coprocessador_grafico/DE1_SOC_golden_top.v Line: 242
    Warning (13410): Pin "VGA_R[2]" is stuck at GND File: C:/Users/junio/Downloads/PBLSD1/coprocessador_grafico_versao_final_com_esp_V_e_H/coprocessador_grafico/DE1_SOC_golden_top.v Line: 242
    Warning (13410): Pin "VGA_R[3]" is stuck at GND File: C:/Users/junio/Downloads/PBLSD1/coprocessador_grafico_versao_final_com_esp_V_e_H/coprocessador_grafico/DE1_SOC_golden_top.v Line: 242
    Warning (13410): Pin "VGA_R[4]" is stuck at GND File: C:/Users/junio/Downloads/PBLSD1/coprocessador_grafico_versao_final_com_esp_V_e_H/coprocessador_grafico/DE1_SOC_golden_top.v Line: 242
    Warning (13410): Pin "VGA_SYNC_N" is stuck at GND File: C:/Users/junio/Downloads/PBLSD1/coprocessador_grafico_versao_final_com_esp_V_e_H/coprocessador_grafico/DE1_SOC_golden_top.v Line: 243
Info (286030): Timing-Driven Synthesis is running
Info (17049): 17 registers lost all their fanouts during netlist optimizations.
Info (16010): Generating hard_block partition "hard_block:auto_generated_inst"
    Info (16011): Adding 8 node(s), including 0 DDIO, 2 PLL, 0 transceiver and 0 LCELL
Warning: RST port on the PLL is not properly connected on instance coprocessador:C0|meu_pll:u_pll|meu_pll_0002:meu_pll_inst|altera_pll:altera_pll_i|general[0].gpll. The reset port on the PLL should be connected. If the PLL loses lock for any reason, you might need to manually reset the PLL in order to re-establish lock to the reference clock. File: c:/altera_lite/25.1std/quartus/libraries/megafunctions/altera_pll.v Line: 749
    Info: Must be connected
Warning (21074): Design contains 17 input pin(s) that do not drive logic
    Warning (15610): No output dependent on input pin "ADC_DOUT" File: C:/Users/junio/Downloads/PBLSD1/coprocessador_grafico_versao_final_com_esp_V_e_H/coprocessador_grafico/DE1_SOC_golden_top.v Line: 61
    Warning (15610): No output dependent on input pin "AUD_ADCDAT" File: C:/Users/junio/Downloads/PBLSD1/coprocessador_grafico_versao_final_com_esp_V_e_H/coprocessador_grafico/DE1_SOC_golden_top.v Line: 69
    Warning (15610): No output dependent on input pin "CLOCK2_50" File: C:/Users/junio/Downloads/PBLSD1/coprocessador_grafico_versao_final_com_esp_V_e_H/coprocessador_grafico/DE1_SOC_golden_top.v Line: 80
    Warning (15610): No output dependent on input pin "CLOCK3_50" File: C:/Users/junio/Downloads/PBLSD1/coprocessador_grafico_versao_final_com_esp_V_e_H/coprocessador_grafico/DE1_SOC_golden_top.v Line: 85
    Warning (15610): No output dependent on input pin "CLOCK4_50" File: C:/Users/junio/Downloads/PBLSD1/coprocessador_grafico_versao_final_com_esp_V_e_H/coprocessador_grafico/DE1_SOC_golden_top.v Line: 90
    Warning (15610): No output dependent on input pin "IRDA_RXD" File: C:/Users/junio/Downloads/PBLSD1/coprocessador_grafico_versao_final_com_esp_V_e_H/coprocessador_grafico/DE1_SOC_golden_top.v Line: 199
    Warning (15610): No output dependent on input pin "TD_CLK27" File: C:/Users/junio/Downloads/PBLSD1/coprocessador_grafico_versao_final_com_esp_V_e_H/coprocessador_grafico/DE1_SOC_golden_top.v Line: 228
    Warning (15610): No output dependent on input pin "TD_DATA[0]" File: C:/Users/junio/Downloads/PBLSD1/coprocessador_grafico_versao_final_com_esp_V_e_H/coprocessador_grafico/DE1_SOC_golden_top.v Line: 229
    Warning (15610): No output dependent on input pin "TD_DATA[1]" File: C:/Users/junio/Downloads/PBLSD1/coprocessador_grafico_versao_final_com_esp_V_e_H/coprocessador_grafico/DE1_SOC_golden_top.v Line: 229
    Warning (15610): No output dependent on input pin "TD_DATA[2]" File: C:/Users/junio/Downloads/PBLSD1/coprocessador_grafico_versao_final_com_esp_V_e_H/coprocessador_grafico/DE1_SOC_golden_top.v Line: 229
    Warning (15610): No output dependent on input pin "TD_DATA[3]" File: C:/Users/junio/Downloads/PBLSD1/coprocessador_grafico_versao_final_com_esp_V_e_H/coprocessador_grafico/DE1_SOC_golden_top.v Line: 229
    Warning (15610): No output dependent on input pin "TD_DATA[4]" File: C:/Users/junio/Downloads/PBLSD1/coprocessador_grafico_versao_final_com_esp_V_e_H/coprocessador_grafico/DE1_SOC_golden_top.v Line: 229
    Warning (15610): No output dependent on input pin "TD_DATA[5]" File: C:/Users/junio/Downloads/PBLSD1/coprocessador_grafico_versao_final_com_esp_V_e_H/coprocessador_grafico/DE1_SOC_golden_top.v Line: 229
    Warning (15610): No output dependent on input pin "TD_DATA[6]" File: C:/Users/junio/Downloads/PBLSD1/coprocessador_grafico_versao_final_com_esp_V_e_H/coprocessador_grafico/DE1_SOC_golden_top.v Line: 229
    Warning (15610): No output dependent on input pin "TD_DATA[7]" File: C:/Users/junio/Downloads/PBLSD1/coprocessador_grafico_versao_final_com_esp_V_e_H/coprocessador_grafico/DE1_SOC_golden_top.v Line: 229
    Warning (15610): No output dependent on input pin "TD_HS" File: C:/Users/junio/Downloads/PBLSD1/coprocessador_grafico_versao_final_com_esp_V_e_H/coprocessador_grafico/DE1_SOC_golden_top.v Line: 230
    Warning (15610): No output dependent on input pin "TD_VS" File: C:/Users/junio/Downloads/PBLSD1/coprocessador_grafico_versao_final_com_esp_V_e_H/coprocessador_grafico/DE1_SOC_golden_top.v Line: 232
Info (21057): Implemented 5464 device resources after synthesis - the final resource count might be different
    Info (21058): Implemented 32 input pins
    Info (21059): Implemented 113 output pins
    Info (21060): Implemented 96 bidirectional pins
    Info (21061): Implemented 5157 logic cells
    Info (21064): Implemented 40 RAM segments
    Info (21065): Implemented 2 PLLs
    Info (21062): Implemented 24 DSP elements
Info: Quartus Prime Analysis & Synthesis was successful. 0 errors, 261 warnings
    Info: Peak virtual memory: 4960 megabytes
    Info: Processing ended: Mon Aug 31 17:34:15 2026
    Info: Elapsed time: 00:00:39
    Info: Total CPU time (on all processors): 00:00:49


